date,o,h,l,c,last,value,vol,ntr,mcap,bp,net,nrp,pcb,pcs,float,pe,jdate,jy,rawpct,gap,sym
2026-10-05,8740.0,8740.0,8740.0,8740.0,8740.0,589774186160.0,67479884.0,725.0,174800000000000.0,1.69,98917012640.0,0.16772014605122915,3306341086.013072,1956505641.923077,,,1405-07-13,1405,0.029446407538280317,False,فجر
2026-10-05,3500.0,3510.0,3420.0,3510.0,3510.0,306832885270.0,87445473.0,1152.0,596700000000000.0,7.352,84172032360.0,0.2743253295223951,1858848865.7142856,252824691.2546125,,,1405-07-13,1405,0.029325513196480912,False,فجهان
2026-10-05,3620.0,3840.0,3620.0,3650.0,3670.0,230130748670.0,63057866.0,999.0,454425000000000.0,0.476,-113472470200.0,-0.4930782646638665,443071345.3744494,930650720.0,,,1405-07-13,1405,-0.02144772117962468,False,فخاس
2026-10-05,3040.0,3190.0,3020.0,3110.0,3080.0,2675126100350.0,860115892.0,9026.0,761950000000000.0,0.664,-808366460770.0,-0.30217882464091594,796592311.8842846,1200530898.6005256,,,1405-07-13,1405,0.0,False,فخوز
2026-10-05,8010.0,8370.0,8010.0,8300.0,8370.0,248271724520.0,29912839.0,999.0,41500000000000.0,0.697,-21023285800.0,-0.08467853453970925,610457429.3939394,875882824.8031496,,,1405-07-13,1405,0.02091020910209096,False,فرآور
2026-10-05,7010.0,7400.0,6980.0,7270.0,7400.0,754464054890.0,103821604.0,2894.0,114866000000000.0,1.66,-50197467070.0,-0.06653394120587856,1060573766.9775476,638720844.375,,,1405-07-13,1405,0.011126564673157091,False,فرابورس
2026-10-05,2939.0,3029.0,2853.0,2982.0,3029.0,171282760268.0,57447213.0,1098.0,26838000000000.0,1.899,2248371342.0,0.013126664577813049,643078475.221374,338570650.0325866,,,1405-07-13,1405,0.013940836450186955,False,فروی
2026-10-05,9420.0,9420.0,9420.0,9420.0,9420.0,173669456160.0,18436248.0,676.0,40506000000000.0,0.257,17776434900.0,0.10235786587379385,308089185.7223796,1197092732.368421,,,1405-07-13,1405,-0.029866117404737436,False,فزرین
2026-10-05,13990.0,14000.0,13530.0,13970.0,14000.0,266696276290.0,19096628.0,892.0,97790000000000.0,2.745,46053949040.0,0.1726831348403301,1774223792.2972972,646361708.119403,,,1405-07-13,1405,0.02720588235294108,False,فسازان
2026-10-05,2477.0,2629.0,2477.0,2531.0,2566.0,262207995348.0,103584028.0,1899.0,28048845720000.0,1.0,-21304312850.0,-0.08124966907178065,472113372.13163066,472220251.3808664,,,1405-07-13,1405,-0.008617312965139012,False,فسرب
2026-10-05,9790.0,10100.0,9580.0,10020.0,10100.0,506109995910.0,50521243.0,1105.0,125250000000000.0,1.149,135651261000.0,0.2680272314244559,1218767184.265928,1060361297.979094,,,1405-07-13,1405,0.021406727828746197,False,فسپا
2026-10-05,4110.0,4280.0,4060.0,4210.0,4280.0,200740229340.0,47713258.0,2079.0,210500000000000.0,4.948,-45385694500.0,-0.22609167404670458,610223786.6197183,123321632.24331927,,,1405-07-13,1405,0.012019230769230838,False,فصبا
2026-10-05,28000.0,29620.0,28000.0,29200.0,29620.0,13354023777700.0,457365471.0,31710.0,4.2048e+16,0.834,-2846324720800.0,-0.21314360137302604,954630760.3891592,1145162316.017763,,,1405-07-13,1405,0.015299026425591,False,فملی
2026-10-05,3960.0,3960.0,3960.0,3960.0,3960.0,19225118880.0,4854828.0,44.0,34848000000000.0,0.169,-12501244800.0,-0.6502557866107718,276793704.0,1639738080.0,,,1405-07-13,1405,-0.02941176470588236,False,فن آوا
2026-10-05,3690.0,3800.0,3590.0,3770.0,3800.0,15928799718890.0,4227500464.0,39838.0,7294950000000000.0,2.229,3108551207840.0,0.1951528842536429,2629907660.6889715,1180107927.4992137,,,1405-07-13,1405,0.021680216802167918,False,فولاد
2026-10-05,6320.0,6600.0,6320.0,6360.0,6320.0,298953750940.0,47041713.0,1094.0,368880000000000.0,0.461,-73160612760.0,-0.24472217702558055,421500526.5230769,913688190.7826086,,,1405-07-13,1405,-0.02304147465437789,False,فولاژ
2026-10-05,2692.0,2692.0,2692.0,2692.0,2692.0,97253792472.0,36126966.0,173.0,128183194944124.0,12.398,80760000000.0,0.8304046345879141,2493686986.4615383,201143810.6341464,,,1405-07-13,1405,0.02983932670237177,False,قاسم
2026-10-05,5830.0,6010.0,5770.0,5960.0,6010.0,245336144450.0,41158426.0,1313.0,56322000000000.0,1.078,-13152092920.0,-0.053608460137354215,547020480.40201,507398338.72527474,,,1405-07-13,1405,0.020547945205479534,False,قچار
2026-10-05,3520.0,3590.0,3420.0,3550.0,3560.0,94428823780.0,26597458.0,318.0,36702983352500.0,2.046,1995760300.0,0.021135075288555075,1202178758.6538465,587548884.9514563,,,1405-07-13,1405,0.017191977077363862,False,قشرین
2026-10-05,3800.0,3800.0,3650.0,3650.0,3650.0,16548827400.0,4528797.0,289.0,48011910200000.0,0.131,-4106250000.0,-0.24812936292996807,72231738.6627907,551003635.0,,,1405-07-13,1405,-0.0292553191489362,False,قشهد
2026-10-05,2252.0,2289.0,2242.0,2258.0,2269.0,102552426116.0,45417810.0,759.0,68171225512790.0,0.694,-593763680.0,-0.00578985502818214,334293938.6885246,481471431.8309859,,,1405-07-13,1405,-0.022933794893985282,False,قصفها
2026-10-05,5890.0,5910.0,5750.0,5890.0,5910.0,128294121020.0,21778440.0,470.0,23560000000000.0,2.149,43755231480.0,0.34105406492616225,1004012698.4,467122033.2571429,,,1405-07-13,1405,0.026132404181184565,False,کاذر
2026-10-05,12600.0,13250.0,12600.0,13130.0,13250.0,1370798619960.0,104419275.0,3579.0,814060000000000.0,1.269,199013261330.0,0.1451805235518892,1380386655.6493506,1088015697.1284635,,,1405-07-13,1405,0.02020202020202011,False,کالا
2026-10-05,5500.0,5600.0,5500.0,5510.0,5500.0,1516202052870.0,275326793.0,5309.0,234560700000000.0,0.497,-115301918380.0,-0.07604653889087304,772133615.8374792,1552455471.6940453,,,1405-07-13,1405,-0.02821869488536155,False,کاما
2026-10-05,3820.0,3860.0,3640.0,3690.0,3680.0,209939697140.0,56841948.0,1259.0,15707056950000.0,1.054,8674001820.0,0.04131663491071758,612890024.4545455,581320439.1891892,,,1405-07-13,1405,-0.016000000000000014,False,کایزد
2026-10-05,8390.0,8560.0,8150.0,8350.0,8350.0,131962439170.0,15801418.0,777.0,29225000000000.0,0.796,-4034962150.0,-0.030576595699341225,493230745.7364341,619285351.6509434,,,1405-07-13,1405,-0.0011961722488038617,False,کتوکا
2026-10-05,2532.0,2681.0,2529.0,2643.0,2681.0,168595029511.0,63791186.0,779.0,58161117785562.0,1.014,-66817349982.0,-0.3963186232464848,399840152.3426967,394253991.7114286,,,1405-07-13,1405,0.015366884364195199,False,کحافظ
2026-10-05,1944.0,2023.0,1944.0,1971.0,2011.0,427186585273.0,216747074.0,2151.0,96776100000000.0,0.895,-6829412508.0,-0.01598695451458421,557186402.6039326,622756375.25,,,1405-07-13,1405,-0.01646706586826352,False,کرازی
2026-10-05,1479.0,1479.0,1453.0,1479.0,1479.0,530419960796.0,358659204.0,1471.0,63035243262000.0,3.222,280808317644.0,0.529407523092818,1592963852.0,494353752.6178218,,,1405-07-13,1405,0.029944289693593307,False,کرمان
2026-10-05,5460.0,5460.0,5200.0,5240.0,5200.0,145928845370.0,27855239.0,1237.0,15458000000000.0,1.056,-27806416320.0,-0.19054777175477078,349566430.6508876,330974761.63265306,,,1405-07-13,1405,-0.02238805970149249,False,کرومیت
2026-10-05,5880.0,6150.0,5850.0,5990.0,6010.0,174215790660.0,29097779.0,1315.0,89850000000000.0,2.32,-33190374360.0,-0.19051300823112197,441782915.4587156,190439779.30882356,,,1405-07-13,1405,-0.0066334991708125735,False,کزغال
2026-10-05,2935.0,2935.0,2782.0,2812.0,2812.0,595165408690.0,211647235.0,2769.0,49965269456000.0,0.685,-50478217624.0,-0.08481376250529417,663064901.8604652,967650722.9477124,,,1405-07-13,1405,-0.019525801952580246,False,کسرا
2026-10-05,6300.0,6680.0,6300.0,6590.0,6680.0,123168663500.0,18692928.0,606.0,108735000000000.0,1.364,-32129426380.0,-0.2608571487828152,480956288.4137932,352484734.25605536,,,1405-07-13,1405,0.015408320493066174,False,کهمدا
2026-10-05,1742.0,1824.0,1742.0,1796.0,1766.0,79562980051.0,44309445.0,663.0,71840000000000.0,1.518,4523100280.0,0.05684930701565835,423992067.81456953,279341323.7558685,,,1405-07-13,1405,0.0011148272017837968,False,کوثر
2026-10-05,2900.0,3010.0,2870.0,2980.0,3010.0,912051578300.0,306007196.0,5442.0,1703070000000000.0,1.068,36596351900.0,0.04012530954467841,541434112.3738062,506791202.70415,,,1405-07-13,1405,0.017064846416382284,False,کچاد
2026-10-05,2950.0,3120.0,2950.0,3060.0,3070.0,2323688150970.0,758703286.0,8058.0,2004300000000000.0,0.928,-274138230420.0,-0.1179754823406763,793471779.792,855390510.2432432,,,1405-07-13,1405,0.00990099009900991,False,کگل
2026-10-05,7140.0,7520.0,7140.0,7500.0,7520.0,428656879290.0,57152265.0,916.0,1575000000000000.0,1.947,-75095850000.0,-0.17518871999531185,1177379770.408163,604695452.3809524,,,1405-07-13,1405,0.025991792065663377,False,کگهر
2026-10-05,18470.0,19000.0,18470.0,18540.0,18590.0,649531035390.0,35029258.0,3052.0,177985090986300.0,0.514,-243121750020.0,-0.3743035155726187,350921140.8547008,682989644.7491639,,,1405-07-13,1405,-0.02626050420168069,False,سرود
2026-10-05,27800.0,28940.0,27400.0,28860.0,28940.0,745781750030.0,25842644.0,1127.0,577200000000000.0,0.886,-126176324040.0,-0.16918666088962944,464904221.0526316,524680984.2857143,,,1405-07-13,1405,0.027046263345195776,False,سفارس
2026-10-05,1432.0,1462.0,1412.0,1458.0,1462.0,114138722709.0,78302744.0,507.0,27350622000000.0,3.327,-8229376278.0,-0.07209977545465472,1276223916.2727273,383652094.406639,,,1405-07-13,1405,0.026760563380281654,False,سلیم
2026-10-05,4110.0,4290.0,4100.0,4170.0,4200.0,614025056270.0,147422323.0,2454.0,104250000000000.0,1.027,-26368290270.0,-0.042943345716506556,959527833.4020618,934206851.9329072,,,1405-07-13,1405,-0.011848341232227444,False,سمگا
2026-10-05,6410.0,6580.0,6370.0,6400.0,6390.0,1261195202260.0,197177224.0,4183.0,800000000000000.0,1.149,-356634432000.0,-0.2827749672381631,570139012.2905028,496014244.3579767,,,1405-07-13,1405,-0.024390243902439046,False,سیسکو
2026-10-05,29560.0,30650.0,29560.0,29820.0,29970.0,854261809330.0,28651581.0,3638.0,506940000000000.0,0.545,-337544358900.0,-0.3951298714439043,524389722.3157895,961930932.0440636,,,1405-07-13,1405,-0.02133245815556284,False,شاراک
2026-10-05,14550.0,14840.0,14550.0,14550.0,14550.0,2033822841280.0,139764936.0,6323.0,923197500000000.0,0.432,-315271640700.0,-0.15501430817916356,571173934.9051769,1322508776.7807586,,,1405-07-13,1405,-0.030000000000000027,False,شبهرن
2026-10-05,8170.0,8220.0,7820.0,8120.0,8220.0,183249376230.0,22561897.0,738.0,45419220000000.0,0.932,-21990153640.0,-0.12000124689319386,729468099.5475113,782917109.5726496,,,1405-07-13,1405,0.016270337922402955,False,شدوص
2026-10-05,3510.0,3600.0,3510.0,3520.0,3510.0,5091359921470.0,1447269238.0,17393.0,5758767365120000.0,0.24,-2088897585280.0,-0.41028283552911426,319233165.3830228,1329993938.4850802,,,1405-07-13,1405,-0.024930747922437657,False,شستا
2026-10-05,25290.0,25290.0,25290.0,25290.0,25290.0,204605077950.0,8090355.0,408.0,1416240000000000.0,6.299,107917488000.0,0.5274428625196299,2145667504.8387096,340630445.91078067,,,1405-07-13,1405,0.029723127035830688,False,شسپا
2026-10-05,2399.0,2409.0,2349.0,2402.0,2385.0,155605658470.0,64793284.0,848.0,28678568508000.0,1.677,11018214200.0,0.07080857025597341,805372885.25,480312306.916388,,,1405-07-13,1405,0.02693458743052579,False,شفارس
2026-10-05,3540.0,3740.0,3540.0,3710.0,3740.0,536667930630.0,144674834.0,2349.0,153403806850000.0,1.193,48378021580.0,0.09014516951517589,946109897.5849732,792900018.4323432,,,1405-07-13,1405,0.019230769230769162,False,شلرد
2026-10-05,2804.0,2877.0,2804.0,2815.0,2811.0,376733032984.0,133851511.0,1508.0,90643000000000.0,0.55,-121921433360.0,-0.32362820003941106,390347610.3113208,710163427.2678186,,,1405-07-13,1405,-0.02595155709342556,False,شپاکسا
2026-10-05,2704.0,2704.0,2704.0,2704.0,2704.0,61755363488.0,22838522.0,163.0,27040000000000.0,0.283,-20261355920.0,-0.32809062688032087,545973783.7894737,1929855109.0,,,1405-07-13,1405,-0.02978112665949051,False,شپترو
2026-10-05,11660.0,12310.0,11610.0,11960.0,11960.0,2284309784960.0,191022933.0,10744.0,2793530353120000.0,0.805,175362052840.0,0.07676806972267587,560971788.9895014,697173993.6392549,,,1405-07-13,1405,0.0,False,شپدیس
2026-10-05,11550.0,11900.0,11390.0,11850.0,11850.0,389042870790.0,32830053.0,1246.0,75663766800000.0,0.437,-208893755250.0,-0.53694276629672,627301877.4881517,1433842232.7731092,,,1405-07-13,1405,0.025086505190311525,False,شکربن
2026-10-05,1440.0,1456.0,1414.0,1453.0,1456.0,61514213311.0,42346295.0,551.0,11416927158000.0,2.135,14133331000.0,0.22975716081331518,455771604.7037037,213494755.11261263,,,1405-07-13,1405,0.02758132956152748,False,شلعاب
2026-10-05,10490.0,11020.0,10490.0,10610.0,10690.0,4262478446730.0,401791239.0,15335.0,1220150000000000.0,0.473,-932879019270.0,-0.2188583545767057,748402469.0618448,1581955257.2901878,,,1405-07-13,1405,-0.018501387604070274,False,صبا
2026-10-05,6040.0,6100.0,5850.0,5930.0,6000.0,415688585390.0,70082810.0,3574.0,118600000000000.0,1.295,204724793820.0,0.49249558687767847,275177238.08,212503639.7344229,,,1405-07-13,1405,-0.016583747927031545,False,عالیس
2026-10-05,4510.0,4510.0,4510.0,4510.0,4510.0,33571768010.0,7443851.0,169.0,21738200000000.0,10.574,20148334800.0,0.6001570961052284,1239183385.0,117188671.94174758,,,1405-07-13,1405,0.029680365296803624,False,غدشت
2026-10-05,5410.0,5580.0,5380.0,5410.0,5380.0,978338314060.0,180912039.0,5078.0,232630000000000.0,0.79,-298548177460.0,-0.3051584233894069,473729114.6004481,599917338.8488746,,,1405-07-13,1405,-0.023465703971119134,False,غزر
2026-10-05,2374.0,2519.0,2373.0,2469.0,2517.0,135268854278.0,54776027.0,1158.0,27603420000000.0,1.436,0.0,0.0,393145379.8343023,273769252.354251,,,1405-07-13,1405,0.009403107113654885,False,غشهداب
2026-10-05,6040.0,6210.0,6040.0,6050.0,6140.0,401160121100.0,66312319.0,1462.0,355242199950000.0,0.727,-13012031450.0,-0.03243600439226211,580976177.0386266,799287126.6197183,,,1405-07-13,1405,-0.02733118971061088,False,غصینو
2026-10-05,2467.0,2524.0,2461.0,2463.0,2461.0,140183263267.0,56926772.0,466.0,86205000000000.0,1.007,-1704925545.0,-0.012162119109416893,887857140.3269231,881827920.981132,,,1405-07-13,1405,-0.0291683090264091,False,غمارگ
2026-10-05,1114.0,1147.0,1113.0,1118.0,1130.0,41738614082.0,37337011.0,281.0,20534801186796.0,0.615,0.0,0.0,321098294.6,521784728.725,,,1405-07-13,1405,-0.025283347863993,False,غناب
2026-10-05,2600.0,2600.0,2465.0,2558.0,2540.0,130349584578.0,50958198.0,1320.0,34055192704568.0,0.776,2770789788.0,0.021256606202239063,317155889.25547445,408911156.0769231,,,1405-07-13,1405,0.009072978303747536,False,غپاک
2026-10-05,2005.0,2059.0,2005.0,2019.0,2005.0,285469058927.0,141400791.0,2207.0,222372670234311.0,0.527,-48315750165.0,-0.169250392132183,248575141.40092695,471878091.9102334,,,1405-07-13,1405,-0.023222060957910018,False,غپینو
2026-10-05,5410.0,5430.0,5170.0,5370.0,5430.0,126610218180.0,23598840.0,614.0,24165000000000.0,1.028,-20976782670.0,-0.16568001360030513,396068929.0697674,385399328.9839572,,,1405-07-13,1405,0.017045454545454586,False,غچین
2026-10-05,29510.0,30170.0,29510.0,29540.0,29510.0,1636086799400.0,55376773.0,5274.0,1299760000000000.0,0.472,195314521640.0,0.1193790706652162,445205125.4476671,943044183.1877728,,,1405-07-13,1405,-0.028928336620644313,False,غکورش
2026-10-05,1848.0,1848.0,1800.0,1847.0,1848.0,688200173129.0,372653347.0,1526.0,33479599325000.0,1.7,-27968029423.0,-0.040639381556443636,2118964282.530547,1246762107.6043558,,,1405-07-13,1405,0.028969359331476374,False,فاذر
2026-10-05,3058.0,3101.0,3050.0,3089.0,3101.0,169416916154.0,54837045.0,668.0,82847122094000.0,7.558,772250000.0,0.004558281531331999,2688756063.5714283,355737092.8375527,,,1405-07-13,1405,0.02590501494520092,False,فاراک
2026-10-05,12400.0,12960.0,12390.0,12570.0,12610.0,1016089699650.0,80839675.0,4302.0,1.57125e+16,0.679,-353716657500.0,-0.34811558233671736,474356801.1764706,698340998.0226904,,,1405-07-13,1405,-0.01566170712607673,False,فارس
2026-10-05,1418.0,1468.0,1413.0,1422.0,1438.0,143605861822.0,101011283.0,1004.0,20619000000000.0,0.892,-3624261354.0,-0.025237558606711234,453825959.3941369,508714700.66903913,,,1405-07-13,1405,-0.02335164835164838,False,فالوم
2026-10-05,15400.0,15740.0,15390.0,15470.0,15450.0,535905148220.0,34645464.0,2840.0,959140000000000.0,0.582,-74433874060.0,-0.1388937469759917,364971587.72209567,626791949.3333333,,,1405-07-13,1405,-0.024590163934426257,False,فایرا
2026-10-05,11950.0,12470.0,11950.0,12120.0,12220.0,872319624110.0,71990198.0,5541.0,297949980373680.0,0.583,-194799584760.0,-0.22331216606384136,268321533.34649557,460360979.6259352,,,1405-07-13,1405,-0.01543460601137292,False,فباهنر
2026-10-05,2326.0,2326.0,2326.0,2326.0,2326.0,77927061556.0,33502606.0,201.0,69754823501604.0,0.226,-23143700000.0,-0.2969918220690056,489137156.75,2164640598.7777777,,,1405-07-13,1405,-0.029620358781810574,False,وسدید
2026-10-05,1596.0,1608.0,1562.0,1596.0,1608.0,25493756285.0,15974955.0,106.0,22344000000000.0,4.66,7489600272.0,0.29378174750994723,1106696220.0,237502244.0,,,1405-07-13,1405,0.02176696542893719,False,وسرمد
2026-10-05,3200.0,3330.0,3190.0,3230.0,3280.0,184175947240.0,56956575.0,666.0,252373895590000.0,1.134,14686648500.0,0.07974248928858121,547812550.0869565,483117947.6,,,1405-07-13,1405,-0.015243902439024404,False,وسینا
2026-10-05,21050.0,21290.0,21050.0,21090.0,21050.0,1474848383710.0,69942037.0,4457.0,4555440000000000.0,0.706,75548998710.0,0.05122492558859205,320059644.41348976,453533110.8919599,,,1405-07-13,1405,-0.028110599078341014,False,وغدیر
2026-10-05,3500.0,3520.0,3320.0,3500.0,3520.0,349269008090.0,99849737.0,1062.0,36050000000000.0,0.521,1352729000.0,0.003873029008206269,957799924.632353,1838076953.9007092,,,1405-07-13,1405,0.023391812865497075,False,ولبهمن
2026-10-05,1797.0,1797.0,1790.0,1797.0,1797.0,577384993466.0,321306135.0,1225.0,35273313000000.0,2.636,104226000000.0,0.1805138706053632,2767260214.3990383,1049808740.7461025,,,1405-07-13,1405,0.029799426934097317,False,ولساپا
2026-10-05,3500.0,3680.0,3490.0,3590.0,3630.0,2817339776000.0,785503935.0,14336.0,2046300000000000.0,0.541,-310948406450.0,-0.11036950853385459,470674141.5234568,869481835.1450981,,,1405-07-13,1405,0.0,False,ومعادن
2026-10-05,5740.0,5850.0,5740.0,5740.0,5740.0,832528505830.0,144981918.0,2727.0,516600000000000.0,0.472,-408793983360.0,-0.4910270104835,403585997.4567901,854469966.6666666,,,1405-07-13,1405,-0.02876480541455162,False,ومهان
2026-10-05,3670.0,3840.0,3670.0,3700.0,3670.0,1627773785400.0,439762460.0,5721.0,1102653934900000.0,0.57,-74753449500.0,-0.045923733488330204,517376447.1498944,908010516.704036,,,1405-07-13,1405,-0.021164021164021163,False,ونوین
2026-10-05,4130.0,4210.0,4080.0,4090.0,4090.0,626866536390.0,153119677.0,2869.0,64417500000000.0,0.426,-141076476340.0,-0.22505025894735334,588979908.4489281,1382130781.2272727,,,1405-07-13,1405,-0.02619047619047621,False,ونیرو
2026-10-05,5480.0,5780.0,5480.0,5560.0,5630.0,223176605530.0,40159452.0,1569.0,667200000000000.0,0.648,1833671320.0,0.008216234473346325,336015946.1512605,518575436.2303665,,,1405-07-13,1405,-0.014184397163120588,False,ونیکی
2026-10-05,2869.0,2955.0,2810.0,2947.0,2955.0,581267502841.0,197230016.0,828.0,236279506001000.0,1.27,30110114923.0,0.05180078840780529,2605666938.484042,2052478881.75,,,1405-07-13,1405,0.027187173231090878,False,وهور
2026-10-05,4810.0,4880.0,4640.0,4850.0,4880.0,176431181440.0,36394148.0,537.0,33950000000000.0,2.746,109252913900.0,0.6192381245100617,1370006752.3809524,498960133.07086617,,,1405-07-13,1405,0.02320675105485237,False,وکادو
2026-10-05,6410.0,6410.0,6340.0,6410.0,6410.0,135402738730.0,21126709.0,282.0,606697801630000.0,6.295,38935230990.0,0.2875512811276207,989299913.6,157160667.0149254,,,1405-07-13,1405,0.028892455858748,False,وکار
2026-10-05,7410.0,7830.0,7400.0,7790.0,7830.0,1656682613080.0,212538057.0,3362.0,779000000000000.0,1.574,594143923200.0,0.3586347309430652,1879955510.10596,1194243830.578871,,,1405-07-13,1405,0.02365308804205002,False,وکغدیر
2026-10-05,1780.0,1847.0,1741.0,1820.0,1847.0,2215018424992.0,1217334060.0,5568.0,290199000000000.0,0.963,-507640160300.0,-0.22918101022199552,1520211330.6412826,1579415809.8907957,,,1405-07-13,1405,0.01449275362318847,False,وگردش
2026-10-05,2527.0,2648.0,2527.0,2568.0,2615.0,96487760608.0,37571847.0,1323.0,7447200000000.0,2.593,-7129407432.0,-0.07388924136155033,364357357.322449,140520349.819242,,,1405-07-13,1405,-0.014203454894433754,False,آواک
2026-10-05,5430.0,5480.0,5190.0,5440.0,5380.0,476439265590.0,87560090.0,2088.0,65280000000000.0,1.622,2487984000.0,0.005222038105778283,984529797.6888888,606818767.1625345,,,1405-07-13,1405,0.02063789868667909,False,الکتروماد
2026-10-05,2468.0,2510.0,2467.0,2508.0,2510.0,369050312803.0,147120917.0,559.0,384578232324000.0,10.641,294837578244.0,0.7989088967427188,3765226168.468085,353854380.7904192,,,1405-07-13,1405,0.02913418137053747,False,انتخاب
2026-10-05,3770.0,3830.0,3760.0,3830.0,3830.0,593781545900.0,155127566.0,1795.0,344700000000000.0,5.511,276684726690.0,0.46597057217503535,2700225180.761421,489941715.77735126,,,1405-07-13,1405,0.029569892473118253,False,بترانس
2026-10-05,10100.0,10110.0,10000.0,10100.0,10110.0,91567816070.0,9061953.0,364.0,63125000000000.0,0.478,25685198900.0,0.2805046576666705,561507517.1779141,1175723685.7142856,,,1405-07-13,1405,0.02851323828920571,False,بتهران
2026-10-05,2890.0,3010.0,2890.0,2910.0,2930.0,481975671010.0,165586199.0,2437.0,106346916358620.0,1.598,121452519510.0,0.2519889007166922,903100622.4503312,565131753.3595285,,,1405-07-13,1405,-0.02020202020202022,False,بجهرم
2026-10-05,4980.0,5000.0,4860.0,4980.0,5000.0,848778744050.0,170270118.0,4589.0,86353200000000.0,1.157,219780631860.0,0.25893748329665184,526489802.17142856,455146233.4279313,,,1405-07-13,1405,0.024691358024691468,False,برکت
2026-10-05,10670.0,10880.0,10670.0,10680.0,10670.0,339010562690.0,31744016.0,1983.0,416520000000000.0,0.423,15333596400.0,0.04523043848053028,400480845.07462686,946459885.925926,,,1405-07-13,1405,-0.029090909090909056,False,بفجر
2026-10-05,1950.0,2013.0,1902.0,1948.0,1987.0,36591516681.0,18786258.0,545.0,46752000000000.0,1.119,0.0,0.0,228722691.15,204444863.5977654,,,1405-07-13,1405,-0.006122448979591799,False,بنو
2026-10-05,5080.0,5270.0,4980.0,5200.0,5270.0,804942154080.0,154686679.0,2720.0,166400000000000.0,2.519,115548586400.0,0.14354893182611989,1749722083.8709676,694531605.1779935,,,1405-07-13,1405,0.015625,False,بورس
2026-10-05,3240.0,3300.0,3170.0,3230.0,3210.0,44653761260.0,13810491.0,510.0,57102613273970.0,1.113,-631054790.0,-0.01413217548070888,265328409.44785276,238476008.3152174,,,1405-07-13,1405,-0.006153846153846176,False,بکام
2026-10-05,3370.0,3400.0,3220.0,3370.0,3400.0,1259894303920.0,374008568.0,3842.0,1840185388452040.0,1.493,114547634520.0,0.09091844781232813,1404634182.6010544,940507163.9835165,,,1405-07-13,1405,0.01812688821752273,False,پارس
2026-10-05,12000.0,12190.0,11610.0,11860.0,12180.0,274440980240.0,23147824.0,1298.0,50998000000000.0,1.123,-112958387760.0,-0.4115944625369627,578532232.1509434,515027909.6324952,,,1405-07-13,1405,0.0016891891891892552,False,پاسا
2026-10-05,2771.0,2783.0,2636.0,2770.0,2783.0,206701235759.0,74631263.0,913.0,52076000000000.0,1.996,59926567800.0,0.28991876889343043,905726948.9427311,453811369.5015576,,,1405-07-13,1405,0.025166543301258226,False,پتایر
2026-10-05,2369.0,2419.0,2369.0,2373.0,2372.0,700145808355.0,295061580.0,3950.0,237300000000000.0,0.513,-84266347683.0,-0.1203554269374042,394898528.9502653,769845220.0906003,,,1405-07-13,1405,-0.02825552825552824,False,پترول
2026-10-05,14700.0,15100.0,14580.0,14630.0,14690.0,986682989690.0,67424779.0,3837.0,146300000000000.0,0.473,62314012530.0,0.06315504896823859,479824651.1336982,1013569331.3786764,,,1405-07-13,1405,-0.02661343978709252,False,پخش
2026-10-05,2005.0,2008.0,1954.0,1959.0,1954.0,166807070482.0,85165005.0,1319.0,13713000000000.0,0.481,-7540994190.0,-0.045207880986158445,345187345.32391304,716927469.9956896,,,1405-07-13,1405,-0.027308838133068503,False,پلاست
2026-10-05,3300.0,3360.0,3300.0,3300.0,3300.0,354340246040.0,107307895.0,2352.0,111107132400000.0,0.424,-6674104800.0,-0.018835299897733287,312373091.84123486,736031723.6040609,,,1405-07-13,1405,-0.02941176470588236,False,پکویر
2026-10-05,7010.0,7350.0,7010.0,7080.0,7190.0,781830021080.0,110471380.0,1739.0,49560000000000.0,2.263,-36930582720.0,-0.04723607654383115,1942632558.778626,858333825.6603774,,,1405-07-13,1405,-0.01939058171745156,False,پی پاد
2026-10-05,14100.0,14100.0,13640.0,14070.0,14100.0,213516678540.0,15176674.0,1001.0,132187650000000.0,1.776,8442000000.0,0.039537894921021284,743093489.7826086,418408091.8723404,,,1405-07-13,1405,0.027757487216946597,False,پیزد
2026-10-05,49830.0,51500.0,48800.0,51240.0,51500.0,410874202460.0,8019190.0,1550.0,1761569712000000.0,2.1,-166031024880.0,-0.4040921135616045,780008265.75,371433393.86973184,,,1405-07-13,1405,0.024799999999999933,False,آریا
2026-10-05,4030.0,4120.0,4000.0,4010.0,4000.0,191778535200.0,47863713.0,936.0,160400000000000.0,0.691,-16894246290.0,-0.08809247746303571,546654851.6981132,791412817.966805,,,1405-07-13,1405,-0.02669902912621358,False,آسیا
2026-10-05,1024.0,1036.0,1013.0,1032.0,1036.0,1443760116744.0,1398807632.0,2998.0,991247694256608.0,3.948,522671279376.0,0.3620208601929938,2747969586.5454545,695987931.475862,,,1405-07-13,1405,0.025844930417495027,False,اخابر
2026-10-05,14070.0,14930.0,14070.0,14780.0,14930.0,342370003660.0,23164280.0,945.0,620760000000000.0,1.341,-32118063280.0,-0.09381097332316453,518842632.5405406,387020997.8851964,,,1405-07-13,1405,0.0193103448275862,False,ارفع
2026-10-05,4790.0,4790.0,4660.0,4780.0,4790.0,286964664660.0,60027681.0,1176.0,54970000000000.0,2.091,35734625140.0,0.12452622061444016,1037233737.0566038,496125135.2282158,,,1405-07-13,1405,0.025751072961373467,False,اسیاتک
2026-10-05,50440.0,52000.0,50440.0,50520.0,50440.0,7712332713100.0,152647991.0,14639.0,5127780000000000.0,0.373,-1434220110600.0,-0.18596450178606339,717529031.9433198,1921735650.9875877,,,1405-07-13,1405,-0.028274668205424125,False,تاپیکو
2026-10-05,2022.0,2031.0,1972.0,1981.0,1972.0,114019941632.0,57556649.0,673.0,233559900000000.0,0.384,-34471228463.0,-0.3023263121310488,305955743.1,797340710.9720279,,,1405-07-13,1405,-0.02509842519685035,False,تجلی
2026-10-05,14750.0,14880.0,14600.0,14830.0,14880.0,323627710810.0,21818538.0,1103.0,111225000000000.0,1.516,31143000000.0,0.09623094364216506,1103750617.3626373,728250454.2857143,,,1405-07-13,1405,0.02629757785467124,False,توسن
2026-10-05,550.0,561.0,535.0,551.0,551.0,159663558763.0,289850783.0,978.0,46071331081000.0,1.446,-2757755000.0,-0.017272288187522692,588398408.4904944,406993634.1937985,,,1405-07-13,1405,0.0018181818181817189,False,تپکو
2026-10-05,3920.0,4010.0,3920.0,3930.0,3920.0,145937850240.0,37172083.0,1390.0,10038988500000.0,0.539,-6791040000.0,-0.04653378125573244,248298121.5508021,460840019.5268139,,,1405-07-13,1405,-0.027227722772277252,False,تکنو
2026-10-05,847.0,862.0,847.0,848.0,856.0,1080104015440.0,1273499767.0,5449.0,69797618176000.0,0.618,-180120876512.0,-0.16676252836503389,544225107.9165643,881261603.9768786,,,1405-07-13,1405,-0.02863688430698741,False,ثاخت
2026-10-05,1894.0,1950.0,1860.0,1909.0,1939.0,77603762172.0,40654069.0,1208.0,101129275000000.0,4.902,-10307380149.0,-0.1328206244196622,445325947.7837838,90841025.53158522,,,1405-07-13,1405,0.00473684210526315,False,ثامید
2026-10-05,2050.0,2125.0,2003.0,2106.0,2125.0,950944090589.0,451530691.0,5946.0,84790874844000.0,0.869,-2743985322.0,-0.0028855380133866945,450513312.4311024,518164241.6376975,,,1405-07-13,1405,0.02034883720930236,False,ثبهساز
2026-10-05,6060.0,6060.0,6060.0,6060.0,6060.0,25582374840.0,4221514.0,185.0,24240000000000.0,5.12,0.0,0.0,1023294993.6,199862303.4375,,,1405-07-13,1405,0.028862478777589073,False,ثشرق
2026-10-05,13900.0,14430.0,13600.0,14310.0,14420.0,767506784010.0,53622788.0,3777.0,57955500000000.0,0.976,13733049420.0,0.017893065841384236,754712854.6843853,772885021.25,,,1405-07-13,1405,0.021413276231263323,False,ثفارس
2026-10-05,3290.0,3350.0,3290.0,3290.0,3320.0,564220310240.0,171388241.0,1699.0,51982000000000.0,0.272,-267483790560.0,-0.47407685562794,811465482.2190201,2984034309.1847825,,,1405-07-13,1405,-0.029498525073746285,False,ثمسکن
2026-10-05,4600.0,4860.0,4580.0,4810.0,4860.0,601997592140.0,125079945.0,1564.0,96200000000000.0,1.328,-22060343500.0,-0.03664523544285152,1277891409.3594308,962494519.0151516,,,1405-07-13,1405,0.019067796610169552,False,چدن
2026-10-05,3320.0,3410.0,3290.0,3400.0,3410.0,68137987880.0,20047788.0,371.0,289000000000000.0,1.459,-12056712800.0,-0.17694553618509345,570935387.654321,391291806.7114094,,,1405-07-13,1405,0.024096385542168752,False,لوتوس
2026-10-05,1522.0,1522.0,1485.0,1520.0,1520.0,113254930558.0,74517688.0,394.0,13825084000000.0,2.577,25171972160.0,0.22225939335249476,546034640.0,211915227.30158728,,,1405-07-13,1405,0.018084393837910273,False,لکما
2026-10-05,3180.0,3320.0,3160.0,3280.0,3250.0,305197597540.0,93015169.0,2112.0,76752000000000.0,1.105,46254461600.0,0.15155578540862455,493936969.5462185,447000063.6823105,,,1405-07-13,1405,0.015479876160990669,False,مادیرا
2026-10-05,11030.0,11270.0,11030.0,11040.0,11030.0,1767547135150.0,160126324.0,6683.0,670277260800000.0,0.346,-245363293440.0,-0.13881570033445115,501860073.4950071,1448524530.0668151,,,1405-07-13,1405,-0.02902374670184693,False,مبین
2026-10-05,3920.0,4020.0,3810.0,3940.0,4000.0,32127556770.0,8148352.0,882.0,23640000000000.0,2.978,-18371715680.0,-0.5718366887193582,109255701.26582278,36688744.67391304,,,1405-07-13,1405,0.005102040816326481,False,مهر
2026-10-05,4540.0,4800.0,4540.0,4580.0,4630.0,278780265800.0,60804443.0,1649.0,36334752160000.0,2.636,-38517465660.0,-0.13816424756418322,794591221.6556292,301389626.1904762,,,1405-07-13,1405,-0.021367521367521403,False,مهرمام
2026-10-05,12550.0,12940.0,12550.0,12700.0,12930.0,362432586140.0,28549127.0,1959.0,463550000000000.0,3.696,-34279001800.0,-0.09458035262524311,1014031048.7309644,274376457.6787808,,,1405-07-13,1405,-0.017788089713843824,False,مهرگان
2026-10-05,5950.0,6220.0,5940.0,6200.0,6220.0,380394529870.0,61326908.0,891.0,1798000000000000.0,3.902,230594845400.0,0.6061991624296119,2063573713.6612024,528917784.8920863,,,1405-07-13,1405,0.026490066225165476,False,میدکو
2026-10-05,2448.0,2522.0,2448.0,2451.0,2448.0,179431166397.0,73196656.0,1009.0,19608000000000.0,0.36,-15686400000.0,-0.087422939475816,388880294.1947743,1080753035.2771084,,,1405-07-13,1405,-0.028537455410225898,False,میهن
2026-10-05,6450.0,6590.0,6380.0,6420.0,6380.0,237448616430.0,36970070.0,2314.0,64200000000000.0,1.311,-70787221740.0,-0.29811595790396245,283422951.19453925,216125064.90875912,,,1405-07-13,1405,-0.022831050228310557,False,نان
2026-10-05,2475.0,2488.0,2400.0,2478.0,2487.0,237351817585.0,95769353.0,1126.0,15977515323966.0,1.598,8673000000.0,0.03654069342398881,984715588.1078838,616289640.7924528,,,1405-07-13,1405,0.025662251655629076,False,نطرین
2026-10-05,47120.0,49240.0,47110.0,47470.0,47110.0,2661685906290.0,56067420.0,12279.0,4557120000000000.0,0.507,-179663743950.0,-0.0674999794398825,370445313.7266535,731018952.4764891,,,1405-07-13,1405,-0.022446457990115354,False,نوری
2026-10-05,453.0,464.0,447.0,456.0,451.0,166795021366.0,365806189.0,1376.0,32558400000000.0,0.862,538282920.0,0.0032272121529265574,351173941.44,407522890.3529412,,,1405-07-13,1405,-0.008695652173912993,False,های وب
2026-10-05,4260.0,4350.0,4260.0,4270.0,4340.0,649483786160.0,152193469.0,2155.0,596092000000000.0,0.822,-22649096260.0,-0.034872458316334946,840760302.0034246,1023213371.7729084,,,1405-07-13,1405,-0.02733485193621865,False,هرمز
2026-10-05,26180.0,26180.0,25910.0,26180.0,26180.0,424071585260.0,16199733.0,492.0,418880000000000.0,5.906,272219640000.0,0.6419190756039479,6216877205.0,1052643426.153846,,,1405-07-13,1405,0.029897718332021928,False,واحیا
2026-10-05,2685.0,2830.0,2685.0,2726.0,2776.0,1133454935881.0,415742822.0,3477.0,196272000000000.0,0.997,-5604656000.0,-0.004944754151733144,1125929601.6599789,1129462580.3709168,,,1405-07-13,1405,-0.015173410404624277,False,کویر
2026-10-05,1717.0,1788.0,1703.0,1738.0,1740.0,286018258610.0,164549190.0,1522.0,48664000000000.0,1.287,54236179206.0,0.1896248843328345,631314802.9977528,490690277.3333334,,,1405-07-13,1405,-0.009686609686609726,False,کیسون
2026-10-05,3900.0,4010.0,3870.0,3890.0,3890.0,352152029300.0,90444149.0,1632.0,120590000000000.0,0.598,-121951787860.0,-0.34630437343329545,474894266.4414414,794283632.8400954,,,1405-07-13,1405,-0.022613065326633208,False,والبر
2026-10-05,2723.0,2838.0,2723.0,2735.0,2723.0,45746959942.0,16724110.0,290.0,18051000000000.0,0.37,-16742485745.0,-0.3659802917227037,294862549.8913043,797633460.6363636,,,1405-07-13,1405,-0.02565016031350198,False,والماس
2026-10-05,14140.0,14590.0,14000.0,14210.0,14220.0,2078039392690.0,146285985.0,6001.0,714052500000000.0,0.553,-447101393760.0,-0.21515539856115623,1117132818.857546,2021090279.5024877,,,1405-07-13,1405,-0.01524601524601521,False,وبانک
2026-10-05,907.0,920.0,881.0,888.0,881.0,983535585622.0,1107628211.0,4533.0,694730327136000.0,0.682,24746696976.0,0.025160957404860837,523891565.153558,767698011.6870877,,,1405-07-13,1405,-0.022026431718061623,False,وبصادر
2026-10-05,1458.0,1478.0,1419.0,1447.0,1448.0,7698181347035.0,5319449139.0,28785.0,4893754000000000.0,0.717,-1091342236091.0,-0.14176624151772377,699525356.1990774,976018001.9776684,,,1405-07-13,1405,-0.006181318681318659,False,وبملت
2026-10-05,2122.0,2195.0,2122.0,2137.0,2141.0,208650422866.0,97629312.0,1261.0,106850000000000.0,0.698,-1834319594.0,-0.008791353349799063,544424124.8736559,780000358.9580153,,,1405-07-13,1405,-0.022862368541380906,False,وبهمن
2026-10-05,3740.0,3850.0,3660.0,3710.0,3660.0,15586629830.0,4201748.0,320.0,44520000000000.0,0.882,-408203880.0,-0.026189361295686844,129745993.16239315,147061180.0,,,1405-07-13,1405,-0.01591511936339518,False,وبوعلی
2026-10-05,876.0,890.0,872.0,873.0,872.0,6700926029353.0,7673973740.0,16594.0,1388596532499603.0,0.408,-1351528667892.0,-0.2016928200627362,687191832.4994012,1685187960.8836555,,,1405-07-13,1405,-0.027839643652561197,False,وتجارت
2026-10-05,3800.0,3880.0,3660.0,3820.0,3880.0,608605888470.0,159489512.0,1712.0,76973000000000.0,1.398,-53451884800.0,-0.08782676246260934,3108454958.607595,2222807217.3877554,,,1405-07-13,1405,0.013262599469495928,False,وتوکا
2026-10-05,1582.0,1640.0,1582.0,1591.0,1600.0,109881797896.0,69050286.0,747.0,13364400000000.0,1.448,-30318364879.0,-0.2759179906001854,479160482.81325305,330900617.54819274,,,1405-07-13,1405,-0.023926380368098132,False,وحکمت
2026-10-05,10040.0,10040.0,10040.0,10040.0,10040.0,426871503280.0,42517082.0,669.0,803200000000000.0,4.429,198583107760.0,0.46520582009837835,2784050357.583893,628605800.9302325,,,1405-07-13,1405,0.029743589743589816,False,وخارزم
2026-10-05,7110.0,7270.0,7070.0,7190.0,7230.0,160797763040.0,22369162.0,500.0,862800000000000.0,0.607,-70146847920.0,-0.4362426851830662,428603880.9,706295225.0625,,,1405-07-13,1405,0.011251758087201136,False,وخاور
2026-10-05,1790.0,1795.0,1790.0,1795.0,1795.0,126178664000.0,70301600.0,344.0,34175818135000.0,4.136,72589800000.0,0.5752937754991605,3410577621.6216216,824639569.2307692,,,1405-07-13,1405,0.02983362019506597,False,ورازی
2026-10-05,7250.0,7420.0,7110.0,7240.0,7190.0,280260890000.0,38700697.0,1346.0,181000000000000.0,1.17,-28889192800.0,-0.10307964411302625,713027244.4970413,609237926.5011287,,,1405-07-13,1405,-0.009575923392612817,False,ورنا
2026-10-05,2078.0,2126.0,2078.0,2079.0,2078.0,175440571978.0,84376694.0,726.0,64122028083729.0,0.451,-15569745345.0,-0.0887465491559867,575941380.1544118,1275746672.2,,,1405-07-13,1405,-0.02941176470588236,False,وساخت
2026-10-05,9140.0,9290.0,8960.0,9010.0,8970.0,1308773957920.0,145211226.0,3917.0,234260000000000.0,0.781,-157049570850.0,-0.11999747542317754,1102175995.5,1411089302.0484583,,,1405-07-13,1405,-0.023835319609967542,False,وساپا
2026-10-05,7260.0,7620.0,7260.0,7330.0,7320.0,364446848770.0,49691452.0,2088.0,378961000000000.0,0.576,53493079240.0,0.1467788222632133,304023259.31491715,527733262.9523809,,,1405-07-13,1405,-0.020053475935828846,False,وسپه
2026-10-05,2072.0,2125.0,2072.0,2076.0,2072.0,5304474032259.0,2554876405.0,13065.0,1038000000000000.0,0.673,-666134218476.0,-0.12557969261889582,773361317.8564992,1148803180.2109437,,,1405-07-13,1405,-0.028089887640449396,False,وپارس
2026-10-05,8300.0,8560.0,8250.0,8550.0,8560.0,1148642624530.0,134361919.0,2041.0,4014085113450000.0,6.508,820800000000.0,0.714582571176874,3329838862.173913,511691743.29173166,,,1405-07-13,1405,0.027644230769230838,False,وپاسار
2026-10-05,9620.0,10200.0,9620.0,9890.0,10060.0,315327220360.0,31891070.0,1400.0,490000050000000.0,0.548,-159974340070.0,-0.5073280381166012,393206930.1393728,717959813.2105263,,,1405-07-13,1405,-0.0020181634712411745,False,وپست
2026-10-05,2723.0,2879.0,2723.0,2862.0,2879.0,245478099558.0,85771747.0,808.0,32913000000000.0,2.087,34245987948.0,0.13950730435693542,1313569083.9661016,629383301.3142858,,,1405-07-13,1405,0.023605150214592197,False,حآفرین
2026-10-05,9000.0,9030.0,8850.0,9020.0,9030.0,329986794440.0,36571100.0,816.0,51014166960240.0,1.011,131976283340.0,0.39994413583721955,1128243871.9863014,1115654956.3841808,,,1405-07-13,1405,0.02850627137970352,False,حسیر
2026-10-05,1255.0,1280.0,1240.0,1251.0,1240.0,38993265793.0,31158609.0,341.0,13773510000000.0,1.081,267631434.0,0.006863529600745694,410309682.7263158,379527337.5,,,1405-07-13,1405,-0.021126760563380254,False,حشکوه
2026-10-05,5520.0,5700.0,5490.0,5510.0,5510.0,1102219226690.0,199978954.0,3254.0,99180000000000.0,0.56,-346592152370.0,-0.3144493799212952,800326463.0627306,1428735769.1117475,,,1405-07-13,1405,-0.024778761061946875,False,حفاری
2026-10-05,3170.0,3210.0,3160.0,3160.0,3160.0,45134803180.0,14261732.0,424.0,14079989393360.0,0.651,-6048240000.0,-0.1340039077135065,255025053.0718954,391887592.34782606,,,1405-07-13,1405,-0.027692307692307683,False,خاذین
2026-10-05,1609.0,1638.0,1561.0,1586.0,1569.0,584058586491.0,368232247.0,3197.0,176997600000000.0,0.824,131290666.0,0.0002247902334400885,595867859.4565884,722705506.4956629,,,1405-07-13,1405,-0.01429459291485391,False,خاور
2026-10-05,8940.0,8940.0,8590.0,8630.0,8730.0,312840206630.0,36238800.0,1480.0,43150000000000.0,1.1,-34665053040.0,-0.11080753785909235,670817757.4936062,609763441.9301848,,,1405-07-13,1405,-0.024858757062146908,False,خبرنا
2026-10-05,1790.0,1810.0,1755.0,1764.0,1755.0,110113596381.0,62432095.0,644.0,17378922708000.0,0.738,0.0,0.0,564770336.3076923,764793163.75,,,1405-07-13,1405,-0.02487562189054726,False,خبنیان
2026-10-05,2500.0,2564.0,2490.0,2504.0,2530.0,1193383700758.0,476566631.0,4426.0,337133469368000.0,0.635,192417959432.0,0.1612372946855082,516232919.1127098,813453223.4160583,,,1405-07-13,1405,-0.024542267238021,False,خبهمن
2026-10-05,1602.0,1667.0,1602.0,1641.0,1641.0,25849478778.0,15747550.0,327.0,25320630000000.0,1.098,961868868.0,0.03721037767379001,246111710.0,224142889.02702704,,,1405-07-13,1405,0.003056234718826323,False,ختراک
2026-10-05,1783.0,1783.0,1739.0,1743.0,1742.0,135713771477.0,77858903.0,708.0,125496000000000.0,0.419,-18999581958.0,-0.13999745015722256,340985518.3830508,813539523.0,,,1405-07-13,1405,-0.02734375,False,خدیزل
2026-10-05,1990.0,1990.0,1876.0,1901.0,1876.0,52746018473.0,27752903.0,526.0,26994200000000.0,0.507,-6390720968.0,-0.12116025347527087,193601908.9489362,381523305.6691176,,,1405-07-13,1405,-0.016554578375582052,False,خریخت
2026-10-05,1670.0,1727.0,1652.0,1685.0,1667.0,1042732639311.0,618880689.0,4411.0,154769676147250.0,1.297,110231454785.0,0.10571401587451694,891784988.1805682,687415113.4023905,,,1405-07-13,1405,-0.010569583088667067,False,خزامیا
2026-10-05,2000.0,2097.0,1990.0,2050.0,2044.0,63099978729.0,30775694.0,536.0,18450000000000.0,1.108,-508508650.0,-0.008058776884599732,401288844.4805195,362249945.9302325,,,1405-07-13,1405,0.0029354207436398383,False,خزر
2026-10-05,687.0,700.0,673.0,683.0,676.0,2036435055803.0,2982314390.0,10964.0,1107241916158000.0,0.73,-85293970929.0,-0.04188396319634518,574834210.9138943,787946977.2243071,,,1405-07-13,1405,-0.01443001443001446,False,خساپا
2026-10-05,2277.0,2409.0,2276.0,2341.0,2351.0,72751609768.0,31079481.0,431.0,20915896259000.0,1.342,11236800000.0,0.154454314287112,542963171.7985075,404738585.66447365,,,1405-07-13,1405,-0.000426985482493647,False,خفنر
2026-10-05,1931.0,1931.0,1931.0,1931.0,1931.0,208510382189.0,107980519.0,549.0,219300351474157.0,0.387,-43935320806.0,-0.2107104708396521,719663988.420354,1861075515.216216,,,1405-07-13,1405,-0.029648241206030157,False,خپارس
2026-10-05,2081.0,2081.0,2040.0,2081.0,2081.0,197961885266.0,95133463.0,419.0,23307200000000.0,2.38,70899670000.0,0.3581480844392475,1823545543.298077,766123009.6967742,,,1405-07-13,1405,0.029688273132112863,False,خکار
2026-10-05,821.0,862.0,821.0,859.0,862.0,773463864449.0,900237098.0,1480.0,47870327820868.0,1.507,46386000000.0,0.059971773901867344,2985728444.718147,1980702090.414169,,,1405-07-13,1405,0.02628434886499398,False,خکاوه
2026-10-05,2663.0,2663.0,2663.0,2663.0,2663.0,60029268773.0,22541971.0,331.0,31956000000000.0,11.436,6657500.0,0.00011090423281974766,2609968207.521739,228222856.5513308,,,1405-07-13,1405,0.029775715390564672,False,چکاپا
2026-10-05,6730.0,6730.0,6730.0,6730.0,6730.0,32470749210.0,4824777.0,136.0,25574000000000.0,12.196,16686496600.0,0.5138931809698147,2319339229.285714,190171718.19277108,,,1405-07-13,1405,0.02905198776758411,False,خلنت
2026-10-05,3770.0,3990.0,3770.0,3930.0,3990.0,204610992780.0,52087329.0,905.0,26046933964380.0,2.017,3930000000.0,0.019207179177443214,1112517407.4456522,551574733.4340659,,,1405-07-13,1405,0.012886597938144284,False,خمهر
2026-10-05,2544.0,2630.0,2544.0,2548.0,2545.0,363797992949.0,142786532.0,968.0,36729420000000.0,0.463,-178711081276.0,-0.4912371281307566,698524536.8301888,1509626902.6390042,,,1405-07-13,1405,-0.02822273073989323,False,خموتور
2026-10-05,706.0,726.0,697.0,703.0,698.0,10033182962082.0,14278802852.0,27627.0,1802313485804000.0,0.355,-4127658373355.0,-0.4114006879924837,805913897.1531055,2271512401.516577,,,1405-07-13,1405,-0.02089136490250698,False,خودرو
2026-10-05,2998.0,2998.0,2918.0,2993.0,2998.0,208412229722.0,69624235.0,925.0,12188852726900.0,0.922,10170214000.0,0.04879854706015092,692310084.2358804,750814853.6174242,,,1405-07-13,1405,0.028169014084507005,False,خکمک
2026-10-05,4120.0,4270.0,4030.0,4190.0,4200.0,3266646614480.0,780282037.0,12966.0,246408649930000.0,1.28,121506011120.0,0.03719594601430185,1213976926.6880424,948177226.4329456,,,1405-07-13,1405,0.009638554216867545,False,خگستر
2026-10-05,5400.0,5690.0,5390.0,5560.0,5550.0,312308469270.0,56203289.0,2210.0,38920000000000.0,1.589,-36136074640.0,-0.11570635508049346,476743462.7464789,300025768.797654,,,1405-07-13,1405,0.0018018018018017834,False,خیمن
2026-10-05,5040.0,5040.0,5040.0,5040.0,5040.0,205700322240.0,40813556.0,569.0,87847159680000.0,4.589,59189760000.0,0.28774753172695855,2000476583.2258065,435926330.7216495,,,1405-07-13,1405,0.02857142857142847,False,درازک
2026-10-05,3300.0,3460.0,3270.0,3420.0,3440.0,168951149380.0,49408909.0,1054.0,20520000000000.0,1.231,33215734260.0,0.19659963475769046,591347154.893617,480374688.5611511,,,1405-07-13,1405,0.017857142857142794,False,دسانکو
2026-10-05,9680.0,10010.0,9680.0,9720.0,9680.0,817957703990.0,84151305.0,4106.0,99485658000000.0,0.356,-214167340440.0,-0.26183180303246867,407222092.2061856,1144220545.531915,,,1405-07-13,1405,-0.025075225677031132,False,دلقما
2026-10-05,640.0,653.0,638.0,640.0,638.0,3312414220685.0,5177892158.0,15943.0,426934122131840.0,0.511,-309803876480.0,-0.09352812053075091,544092517.9365388,1064383661.679808,,,1405-07-13,1405,-0.025875190258751957,False,ذوب
2026-10-05,9620.0,9820.0,9620.0,9780.0,9820.0,55960053120.0,5720215.0,309.0,97800000000000.0,2.596,-13797858720.0,-0.24656621912799215,768859685.882353,296143590.5027933,,,1405-07-13,1405,0.02515723270440251,False,رتاپ
2026-10-05,7740.0,8100.0,7740.0,7910.0,7870.0,386115969460.0,48816959.0,1698.0,96028673510000.0,0.298,-153243665190.0,-0.396885074202753,355731452.7330508,1193862122.2304833,,,1405-07-13,1405,-0.005031446540880502,False,زفکا
2026-10-05,1514.0,1550.0,1514.0,1517.0,1514.0,205054670647.0,135169716.0,2260.0,28613691925000.0,1.331,-19346945725.0,-0.0943501831192405,267662469.3166421,201089762.391,,,1405-07-13,1405,-0.027564102564102577,False,زملارد
2026-10-05,15000.0,15030.0,14600.0,14940.0,15030.0,204400904610.0,13678987.0,1129.0,31374000000000.0,0.638,34332642900.0,0.16796717688459942,453848021.8791946,711128366.5822785,,,1405-07-13,1405,0.023287671232876672,False,ساینا
2026-10-05,6670.0,7070.0,6670.0,6910.0,7060.0,273209866080.0,39535397.0,968.0,64263000000000.0,0.734,-162336706010.0,-0.5941831762490793,409850845.21276593,558015535.920746,,,1405-07-13,1405,0.005822416302765587,False,سخزر
2026-10-05,7950.0,8350.0,7870.0,8300.0,8350.0,729358139440.0,87881861.0,1594.0,124500000000000.0,4.171,421502742900.0,0.5779091506727122,2091430807.692308,501383047.7669903,,,1405-07-13,1405,0.023427866831072786,False,سرچشمه
2026-10-05,34770.0,36910.0,34770.0,36160.0,35900.0,1252590710520.0,34637728.0,3366.0,4393440000000000.0,0.612,-244748851520.0,-0.19539411354758895,530832927.8538813,867733952.5818181,,,1405-07-13,1405,0.008928571428571397,False,پارسان
2026-10-05,1848.0,1908.0,1848.0,1855.0,1881.0,111459940194.0,60079951.0,648.0,92750000000000.0,0.499,-48244348425.0,-0.4328402504166877,294303822.5125628,590114967.4309393,,,1405-07-13,1405,-0.026246719160105014,False,پارسیان
2026-10-05,14500.0,14500.0,13720.0,14390.0,14100.0,408929796110.0,28410005.0,1244.0,1151200000000000.0,0.825,58198196500.0,0.14231830757655278,785075318.5538461,951455468.7439612,,,1405-07-13,1405,0.022017045454545414,False,پاکشو
2026-10-05,9030.0,9320.0,8860.0,9020.0,9150.0,48458075570.0,5373453.0,824.0,27060000000000.0,5.099,4027565300.0,0.0831144293830239,391764483.4782609,76826498.68913858,,,1405-07-13,1405,-0.004415011037527616,False,پتوسعه
2026-10-05,6130.0,6230.0,6060.0,6210.0,6230.0,64959031190.0,10466720.0,260.0,7021864350000.0,1.814,0.0,0.0,1101666630.5084746,607461039.2523364,,,1405-07-13,1405,0.026446280991735627,False,پدرخش
2026-10-05,6600.0,6900.0,6570.0,6580.0,6570.0,72902792190.0,11076584.0,348.0,65800000000000.0,0.511,-5371510620.0,-0.07368045116846436,540099296.8000001,1056288735.0724638,,,1405-07-13,1405,-0.028064992614475592,False,پرداخت
2026-10-05,2208.0,2237.0,2159.0,2214.0,2211.0,44521574000.0,20108736.0,249.0,22140000000000.0,0.574,-24867158706.0,-0.5585417691207414,254588310.30508476,443198544.6,,,1405-07-13,1405,-0.002702702702702675,False,پردیس
2026-10-05,24220.0,24220.0,23000.0,23310.0,23210.0,15766129310.0,676478.0,216.0,20046600000000.0,0.725,-6030903060.0,-0.382522744893052,159523650.0,220062168.5294118,,,1405-07-13,1405,-0.010191082802547768,False,پسهند
2026-10-05,133500.0,133500.0,133500.0,131800.0,133500.0,947983500.0,7101.0,4.0,7946612128000.0,1.0,0.0,0.0,311970600.0,311970600.0,,,1405-07-13,1405,0.01619121048573624,False,پشاهن
2026-10-05,5600.0,5850.0,5600.0,5730.0,5820.0,25009478840.0,4363561.0,244.0,8366878288590.0,1.788,-108761130.0,-0.004348796338212699,508049865.3061224,284127324.20454544,,,1405-07-13,1405,0.0052631578947368585,False,پلاسک
2026-10-05,7810.0,8160.0,7700.0,8090.0,8160.0,157128681110.0,19423701.0,535.0,159316370000000.0,0.912,-83403774100.0,-0.5307991737142634,414561226.8918919,454507190.7968127,,,1405-07-13,1405,0.020176544766708604,False,پکرمان
2026-10-05,794.0,794.0,794.0,794.0,794.0,1673747236.0,2107994.0,24.0,2705952000000.0,9.0,0.0,0.0,836873618.0,92985957.55555557,,,1405-07-13,1405,0.019255455712451797,False,داراب
2026-10-05,9790.0,10230.0,9650.0,10030.0,10230.0,2437096097170.0,242917202.0,7411.0,519554000000000.0,0.58,-418801245800.0,-0.17184437096523175,877104940.9000552,1512613635.0941975,,,1405-07-13,1405,0.0090543259557343,False,دارو
2026-10-05,114000.0,114000.0,107800.0,113200.0,114000.0,182949666300.0,1616270.0,625.0,84900000000000.0,0.962,4528000000.0,0.024749976819170617,1136408472.0496893,1181680556.291391,,,1405-07-13,1405,0.02258355916892496,False,داسوه
2026-10-05,15510.0,16100.0,15510.0,15610.0,15510.0,1468643874630.0,94110116.0,4818.0,218540000000000.0,0.437,-573637154160.0,-0.3905896889431539,611937522.6536964,1400594099.6601443,,,1405-07-13,1405,-0.023153942428035035,False,دالبر
2026-10-05,18070.0,18560.0,18050.0,18510.0,18560.0,493321224510.0,26645881.0,1469.0,168996300000000.0,0.986,-11027388030.0,-0.022353362235636928,1184670124.117647,1201081819.9678457,,,1405-07-13,1405,0.0271920088790234,False,دامین
2026-10-05,16440.0,16440.0,16440.0,16440.0,16440.0,45742442280.0,2782387.0,137.0,34524000000000.0,9.661,29597096400.0,0.6470379569772285,1572386751.1111112,162751213.6708861,,,1405-07-13,1405,0.029430181590482052,False,داوه
2026-10-05,16630.0,17160.0,16170.0,16620.0,16800.0,190382696210.0,11455331.0,848.0,30248400000000.0,0.722,-78113069280.0,-0.41029500492963944,465789085.6431536,645316064.1355932,,,1405-07-13,1405,-0.0029994001199760145,False,دبالک
2026-10-05,56590.0,57620.0,56590.0,56610.0,56600.0,444871129060.0,7858262.0,1230.0,158508000000000.0,0.608,-43761964230.0,-0.09836998036367921,515937065.9840425,849122503.7142857,,,1405-07-13,1405,-0.029653753856702103,False,دتماد
2026-10-05,7580.0,7580.0,7580.0,7580.0,7580.0,79018035940.0,10424543.0,194.0,227400000000000.0,5.721,33049315440.0,0.4182502772543602,2192686741.142857,383287021.9298245,,,1405-07-13,1405,0.029891304347826164,False,دتوزیع
2026-10-05,8850.0,9380.0,8840.0,9240.0,9380.0,303344276710.0,32843344.0,955.0,27720000000000.0,1.877,-4261414080.0,-0.014048111031525912,1234835910.0,657790373.7556561,,,1405-07-13,1405,0.014270032930845167,False,دتولید
2026-10-05,59790.0,60490.0,56970.0,59010.0,60490.0,1482771379250.0,25127264.0,4317.0,133834680000000.0,0.74,-168218095710.0,-0.11344843720620391,944791919.5388165,1277323933.299817,,,1405-07-13,1405,0.004767580452920139,False,دجابر
2026-10-05,6110.0,6110.0,6110.0,6110.0,6110.0,10010153530.0,1638323.0,30.0,39592800000000.0,1.43,-1833000000.0,-0.183114074575038,1022144191.25,715010966.4285715,,,1405-07-13,1405,0.028619528619528545,False,دحاوی
2026-10-05,12240.0,12240.0,12240.0,12240.0,12240.0,129232722960.0,10558229.0,502.0,34524021600000.0,0.25,-55789920000.0,-0.43170118776548605,414931090.1694915,1656829781.5384614,,,1405-07-13,1405,-0.029341792228390173,False,ددام
2026-10-05,23370.0,24090.0,23370.0,23410.0,23370.0,1009562861290.0,43127273.0,2665.0,337104000000000.0,0.452,-423482475510.0,-0.41947113126653873,576264560.443038,1273523881.536232,,,1405-07-13,1405,-0.02822748028227484,False,ددانا
2026-10-05,58200.0,60460.0,58100.0,59120.0,58850.0,65616356000.0,1109809.0,445.0,144844000000000.0,0.699,-4703114240.0,-0.07167594372354356,313962854.8453608,449396630.6849315,,,1405-07-13,1405,-0.01219715956558065,False,دپارس
2026-10-05,13250.0,13450.0,13070.0,13200.0,13220.0,100413816970.0,7607942.0,472.0,171600000000000.0,2.441,7114734000.0,0.07085413357133535,837624516.6666667,343188588.3870968,,,1405-07-13,1405,0.0007581501137225999,False,دماوند
2026-10-05,16280.0,16280.0,16270.0,16280.0,16280.0,97808577600.0,6007920.0,227.0,25224720400000.0,1.441,46398000000.0,0.4743755725571455,1526681549.2063494,1059211438.2978724,,,1405-07-13,1405,0.029728020240354258,False,دهدشت
2026-10-05,1734.0,1770.0,1734.0,1735.0,1734.0,2897068082909.0,1669452589.0,7181.0,234225000000000.0,1.539,-591445716705.0,-0.20415319895109899,1854268243.9365208,1205207083.835384,,,1405-07-13,1405,-0.029099048684946838,False,دی
2026-10-05,20020.0,21240.0,20020.0,20580.0,21240.0,1200651483530.0,58331385.0,2242.0,36632400000000.0,1.823,77547436260.0,0.06458779864412033,2613351540.420561,1433838874.710744,,,1405-07-13,1405,-0.002423654871546277,False,دیران
2026-10-05,4690.0,4930.0,4690.0,4850.0,4930.0,34465628860.0,7103104.0,276.0,291000000000000.0,1.574,-5115023400.0,-0.1484094029091219,444470166.6666666,282377495.08196723,,,1405-07-13,1405,0.01041666666666674,False,رانفور
2026-10-05,24010.0,25040.0,24010.0,25030.0,25040.0,21196206320.0,846941.0,101.0,5006000000000.0,2.048,0.0,0.0,1009473010.9523808,492998447.2093024,,,1405-07-13,1405,0.029194078947368363,False,رتکو
2026-10-05,53720.0,53720.0,53720.0,53330.0,53720.0,4262252240.0,79342.0,29.0,24020424496300.0,3.42,-1599900000.0,-0.37536492678340405,657852215.0,192332220.9090909,,,1405-07-13,1405,0.0026320736980636195,False,رفاه
2026-10-05,12450.0,12580.0,12080.0,12090.0,12080.0,1939610084860.0,160451897.0,4839.0,2176200000000000.0,0.255,-568369083360.0,-0.2930326501169046,627607430.89701,2456923362.4675326,,,1405-07-13,1405,-0.028915662650602414,False,رمپنا
2026-10-05,12470.0,13090.0,12470.0,12880.0,12550.0,198380760390.0,15398374.0,814.0,72772000000000.0,1.162,24513821360.0,0.12356955035260413,901345650.093458,775917731.6129032,,,1405-07-13,1405,0.013375295043273061,False,رنیک
2026-10-05,62600.0,62620.0,60870.0,62570.0,62620.0,58462055530.0,934394.0,793.0,20022400000000.0,7.609,1832675300.0,0.031348116028174146,529934145.131579,69641883.56884058,,,1405-07-13,1405,0.029111842105263186,False,رپویا
2026-10-05,2558.0,2558.0,2485.0,2492.0,2485.0,45282864397.0,18171886.0,315.0,24920000000000.0,0.394,-5079740148.0,-0.11217797760020971,281902533.5492958,716030157.3333333,,,1405-07-13,1405,-0.02694260054666142,False,رکیش
2026-10-05,18860.0,18860.0,18330.0,18760.0,18860.0,290408874220.0,15482650.0,1055.0,18760000000000.0,1.406,84648984560.0,0.2914820863768576,888537141.9354839,631779898.807947,,,1405-07-13,1405,0.024017467248908186,False,ریشمک
2026-10-05,163300.0,163300.0,159700.0,160100.0,160000.0,207120329000.0,1294065.0,1202.0,384240000000000.0,0.604,-48897742000.0,-0.23608374048111908,324024380.0865801,536748663.7837838,,,1405-07-13,1405,-0.027339003645200477,False,زاگرس
2026-10-05,48250.0,50050.0,48220.0,48410.0,48220.0,61774045110.0,1276006.0,624.0,7261500000000.0,0.406,0.0,0.0,243194686.8503937,599722820.0,,,1405-07-13,1405,-0.02615167974250654,False,بالاس
2026-10-05,26300.0,27180.0,26020.0,26580.0,26200.0,12242824980.0,460539.0,203.0,17011200000000.0,1.018,877140000.0,0.07164522905725636,167686666.02739725,164695458.26086956,,,1405-07-13,1405,-0.0011273957158962622,False,بالبر
2026-10-05,29790.0,30100.0,29790.0,30680.0,30100.0,360803900.0,12106.0,8.0,15485246728640.0,1.0,0.0,0.0,74282416.0,74282416.0,,,1405-07-13,1405,-0.0009768804949528143,False,بایکا
2026-10-05,247300.0,257300.0,247300.0,251900.0,257300.0,8593473900.0,34108.0,36.0,2267115869700.0,1.692,0.0,0.0,660908092.3076923,390536600.0,,,1405-07-13,1405,-0.0015854141894570128,False,بتک
2026-10-05,8140.0,8140.0,8140.0,8140.0,8140.0,106979844180.0,13142487.0,148.0,40700000000000.0,21.664,71200229980.0,0.6655480808160587,1915574846.842105,88423011.1111111,,,1405-07-13,1405,0.029077117572692712,False,بخاور
2026-10-05,7260.0,7460.0,7260.0,7360.0,7380.0,23114743300.0,3139760.0,192.0,44160000000000.0,1.113,0.0,0.0,325473712.6760563,292514349.3670886,,,1405-07-13,1405,-0.00540540540540535,False,بزاگرس
2026-10-05,6970.0,6970.0,6900.0,6970.0,6970.0,104062180420.0,14931267.0,502.0,29274000000000.0,7.137,45305000000.0,0.43536470038535446,990449791.098901,138779972.10526317,,,1405-07-13,1405,0.02954209748892178,False,بزندگی
2026-10-05,15130.0,15130.0,14680.0,14960.0,14980.0,30593763270.0,2044455.0,199.0,179520000000000.0,0.072,-28322047600.0,-0.9257457917173718,57758800.0,796995968.4210526,,,1405-07-13,1405,-0.011235955056179803,False,بساما
2026-10-05,4660.0,4920.0,4660.0,4900.0,4920.0,20370202540.0,4156331.0,193.0,117600000000000.0,1.913,3630900000.0,0.17824565037437276,581046340.0,303740398.1818182,,,1405-07-13,1405,0.025104602510460206,False,بسویچ
2026-10-05,13060.0,13100.0,12670.0,13050.0,13060.0,111278219460.0,8524583.0,334.0,1350675000000000.0,0.506,-91746406800.0,-0.8244776672849183,557125752.8571428,1101443645.049505,,,1405-07-13,1405,0.0007668711656441118,False,بپاس
2026-10-05,3000.0,3050.0,3000.0,3020.0,3010.0,1898443720.0,629566.0,13.0,9060000000000.0,1.077,-1316487460.0,-0.693456143119165,292400930.0,271612760.0,,,1405-07-13,1405,0.006666666666666599,False,بپردیس
2026-10-05,6250.0,6390.0,6100.0,6160.0,6110.0,92749238620.0,15045589.0,1124.0,61243625520000.0,2.867,-12542764080.0,-0.13523306785717742,411061927.9581152,143394633.57480314,,,1405-07-13,1405,-0.019108280254777066,False,بپویا
2026-10-05,18370.0,18370.0,17710.0,17970.0,17870.0,12680749000.0,705531.0,1071.0,53910000000000.0,12.629,-2630933790.0,-0.20747463655340864,171682901.37931037,13594537.872570194,,,1405-07-13,1405,-0.015342465753424683,False,بپیوند
2026-10-05,17140.0,17470.0,16640.0,16990.0,17000.0,11983113140.0,705112.0,188.0,84950000000000.0,0.917,1650867330.0,0.13776614730352116,166607768.73239437,181755075.89285716,,,1405-07-13,1405,-0.00932944606413999,False,ساراب
2026-10-05,83300.0,86690.0,83300.0,84750.0,85000.0,26354111980.0,310958.0,224.0,122040000000000.0,0.904,0.0,0.0,280358409.5744681,310043417.64705884,,,1405-07-13,1405,-0.010507880910682998,False,ساربیل
2026-10-05,58210.0,58810.0,56480.0,57810.0,57190.0,57807133320.0,999891.0,315.0,77465400000000.0,1.686,25371826230.0,0.4389047643921465,538179120.0,319202671.51898736,,,1405-07-13,1405,0.01243432574430825,False,ساروج
2026-10-05,226000.0,235000.0,224600.0,227300.0,225100.0,293891121000.0,1292804.0,1135.0,227300000000000.0,0.374,-117267934100.0,-0.39901829528221777,359002903.7280702,958953099.658703,,,1405-07-13,1405,-0.018142548596112307,False,ساروم
2026-10-05,9650.0,9800.0,9290.0,9700.0,9610.0,460453869590.0,47455211.0,992.0,1532600000000000.0,0.538,-140874496800.0,-0.30594703640005955,652792272.4137931,1213912705.1470587,,,1405-07-13,1405,0.018907563025210017,False,سامان
2026-10-05,11540.0,11610.0,10960.0,11310.0,11330.0,124758646280.0,11027781.0,1147.0,194318109555180.0,1.266,12338644500.0,0.09890011528586137,341533315.7565789,269874582.5663717,,,1405-07-13,1405,0.001771479185119551,False,ساوه
2026-10-05,384400.0,399900.0,384400.0,390200.0,394900.0,1156976322000.0,2964999.0,4712.0,234120000000000.0,0.607,-112065440000.0,-0.09686061665140974,509412050.48669696,839166894.1066417,,,1405-07-13,1405,-0.015143866733972722,False,سباقر
2026-10-05,56180.0,59080.0,55970.0,58630.0,59080.0,84046612940.0,1433606.0,268.0,117260000000000.0,0.76,-46222953920.0,-0.5499680748943219,499285563.3333333,656950908.9000001,,,1405-07-13,1405,0.022140864714086383,False,سبجنو
2026-10-05,13000.0,13160.0,12990.0,13160.0,13160.0,89776022830.0,6824340.0,376.0,49452616139640.0,5.749,25371953600.0,0.28261391850744344,1871006550.0,325436165.65656567,,,1405-07-13,1405,0.029733959311424085,False,سبزوا
2026-10-05,5590.0,5810.0,5550.0,5710.0,5730.0,65513224620.0,11475181.0,549.0,42254000000000.0,0.791,-1533135000.0,-0.023401916313732504,328154607.74358976,414704326.0126582,,,1405-07-13,1405,0.005281690140845008,False,سبهان
2026-10-05,14610.0,15350.0,14570.0,15230.0,15350.0,205827190310.0,13516552.0,877.0,258909999984770.0,1.154,-60052027070.0,-0.2917594462595276,606609026.791444,525720954.7878788,,,1405-07-13,1405,0.021462105969148215,False,ستران
2026-10-05,10390.0,10800.0,10350.0,10450.0,10650.0,200813430660.0,19219308.0,1208.0,104500000000000.0,0.451,-54469297850.0,-0.2712433011625737,326979674.3792325,724804704.0,,,1405-07-13,1405,-0.019699812382739212,False,سجام
2026-10-05,11880.0,12600.0,11880.0,12170.0,12150.0,65807801610.0,5406580.0,646.0,64501000000000.0,0.717,-6106492220.0,-0.09279283110214202,245874429.1525424,342956457.21925133,,,1405-07-13,1405,-0.005718954248365993,False,سخاش
2026-10-05,6380.0,6500.0,6380.0,6390.0,6380.0,46758496560.0,7318829.0,264.0,18306077789340.0,1.0,0.0,0.0,640648182.3287672,640648182.3287672,,,1405-07-13,1405,-0.0273972602739726,False,سخواف
2026-10-05,14010.0,14490.0,13880.0,14090.0,14440.0,921051170.0,65374.0,34.0,183170000000000.0,1.232,-306527950.0,-0.332802302395425,47276285.38461538,38379985.83333333,,,1405-07-13,1405,-0.014685314685314643,False,سپ
2026-10-05,20870.0,22120.0,20870.0,20980.0,20950.0,342301878250.0,16313982.0,1177.0,141615000000000.0,0.574,-68118031840.0,-0.19899987750067216,374077481.0410959,651771695.6050955,,,1405-07-13,1405,-0.024639702463970292,False,سپاها
2026-10-05,45040.0,46430.0,45040.0,45170.0,45160.0,1059334367650.0,23451643.0,3597.0,406530000000000.0,0.935,82340844700.0,0.07772885239498346,753283781.1561866,805362150.6341463,,,1405-07-13,1405,-0.027137626534568193,False,سپید
2026-10-05,10590.0,10590.0,10000.0,10230.0,10200.0,39563572850.0,3868922.0,949.0,160611000000000.0,2.207,-25883833470.0,-0.6542339734617775,120133671.84210524,54441639.69738652,,,1405-07-13,1405,-0.006796116504854344,False,سپیدار
2026-10-05,10220.0,10510.0,10220.0,10240.0,10220.0,307268620150.0,29994417.0,1590.0,51137945600000.0,0.675,1107599360.0,0.0036046614830349444,352266164.8440367,521523116.06557375,,,1405-07-13,1405,-0.02754036087369416,False,تلیسه
2026-10-05,2493.0,2515.0,2428.0,2485.0,2488.0,8095139453.0,3257849.0,102.0,52185000000000.0,1.593,-2899117795.0,-0.35813067975322005,192468035.92592597,120832160.67164178,,,1405-07-13,1405,0.01139601139601143,False,تماوند
2026-10-05,8550.0,8550.0,8550.0,8550.0,8550.0,3289227750.0,384705.0,34.0,3036712050000.0,11.5,0.0,0.0,1644613875.0,143009902.17391306,,,1405-07-13,1405,0.028880866425992746,False,تمحرکه
2026-10-05,2214.0,2214.0,2166.0,2185.0,2170.0,10468872927.0,4792069.0,204.0,170430000000000.0,2.969,-2403500000.0,-0.2295853638457293,237269728.38235292,79928784.46564886,,,1405-07-13,1405,-0.013098464317976566,False,تملت
2026-10-05,3171.0,3250.0,3115.0,3209.0,3200.0,93373381604.0,29094143.0,416.0,123546500000000.0,0.738,-26377325364.0,-0.282492985804747,476707513.9343065,645677850.5140845,,,1405-07-13,1405,0.015185068016450476,False,تنوین
2026-10-05,3520.0,3550.0,3460.0,3470.0,3480.0,113549434600.0,32768763.0,721.0,49968000000000.0,0.78,-26522580650.0,-0.2335773907059155,451401282.259887,578372867.4456522,,,1405-07-13,1405,-0.0252808988764045,False,توریل
2026-10-05,2670.0,2720.0,2661.0,2704.0,2710.0,4390709643.0,1623777.0,539.0,135200000000000.0,10.901,-266544096.0,-0.06070638180890524,108530234.5263158,9956219.972789116,,,1405-07-13,1405,0.005578281889178083,False,تکاردان
2026-10-05,8950.0,8950.0,8600.0,8880.0,8950.0,67598060760.0,7614322.0,604.0,7104000000000.0,0.862,925296000.0,0.013688203324133348,346078409.0721649,401296456.7272728,,,1405-07-13,1405,0.021864211737629535,False,تکشا
2026-10-05,8370.0,8650.0,8340.0,8390.0,8370.0,25861553370.0,3080699.0,246.0,14456200733390.0,0.728,-3800300840.0,-0.14694789541947767,262689990.24096388,360613662.39436615,,,1405-07-13,1405,-0.023282887077997638,False,تکمبا
2026-10-05,2320.0,2352.0,2255.0,2278.0,2280.0,54609587426.0,23968758.0,560.0,72896000000000.0,0.611,-4955121546.0,-0.09073720896929598,258571401.96875,423262253.6744186,,,1405-07-13,1405,-0.019793459552495674,False,تکیمیا
2026-10-05,28260.0,29550.0,28250.0,28790.0,29230.0,771513438550.0,26799396.0,3134.0,921280000000000.0,0.512,-357999273920.0,-0.4640220844277606,411716865.9968847,804032948.1782945,,,1405-07-13,1405,-0.011332417582417542,False,تیپیکو
2026-10-05,18460.0,19460.0,18460.0,18540.0,19250.0,22846246790.0,1232384.0,113.0,2966400000000.0,1.724,0.0,0.0,787875840.0,456967987.2,,,1405-07-13,1405,-0.02574881765633208,False,ثاصفا
2026-10-05,12990.0,12990.0,12990.0,12990.0,12990.0,21360743010.0,1644399.0,85.0,41568000000000.0,2.19,0.0,0.0,1017178238.5714288,464363978.4782609,,,1405-07-13,1405,0.029318541996830483,False,ثالوند
2026-10-05,29780.0,29780.0,29780.0,29780.0,29780.0,39258437960.0,1318282.0,170.0,20846000000000.0,5.649,9142460000.0,0.23287885293131516,1635768248.3333333,289576711.15384614,,,1405-07-13,1405,0.029737206085753698,False,ثامان
2026-10-05,8090.0,8090.0,8090.0,8090.0,8090.0,146654346950.0,18127855.0,186.0,37375800000000.0,24.084,126735246030.0,0.8641765393644201,3071915045.3488374,127550021.90476193,,,1405-07-13,1405,0.029262086513994978,False,ثباغ
2026-10-05,4190.0,4200.0,4190.0,4190.0,4190.0,119900622380.0,28615602.0,414.0,100560000000000.0,0.792,38257038020.0,0.3190728893696006,740121968.9308176,934380647.5294116,,,1405-07-13,1405,-0.0187353629976581,False,فاسمین
2026-10-05,9750.0,10190.0,9750.0,9860.0,10170.0,54805567840.0,5560669.0,270.0,4437000000000.0,0.977,-558381660.0,-0.010188411178042088,678372683.5,694027801.7721518,,,1405-07-13,1405,-0.018905472636815968,False,فافزا
2026-10-05,14900.0,15820.0,14900.0,15700.0,15820.0,159748806200.0,10176644.0,460.0,109900000000000.0,1.401,10574782100.0,0.0661963137725157,802011649.5049505,572588573.1707317,,,1405-07-13,1405,0.02213541666666674,False,فافق
2026-10-05,7150.0,7300.0,6900.0,7080.0,7000.0,57846897210.0,8174752.0,253.0,88500000000000.0,1.052,-1550951880.0,-0.02681132359389341,611110711.8072289,580812677.3333334,,,1405-07-13,1405,-0.00421940928270037,False,فاما
2026-10-05,7490.0,7490.0,7490.0,7490.0,7490.0,4491775470.0,599703.0,36.0,42311010000000.0,9.333,0.0,0.0,1497258490.0,160420552.5,,,1405-07-13,1405,0.009433962264151052,False,فاهواز
2026-10-05,16280.0,16740.0,16110.0,16640.0,16740.0,60476099620.0,3633501.0,285.0,4704316597760.0,0.483,1850334720.0,0.03059613188725017,643206985.5319148,1332070952.7272727,,,1405-07-13,1405,0.02337023370233693,False,فبستم
2026-10-05,2336.0,2470.0,2336.0,2350.0,2398.0,13973773027.0,5945112.0,107.0,11750000000000.0,1.484,0.0,0.0,450677845.1612904,303717678.2608696,,,1405-07-13,1405,-0.02408637873754149,False,فبیرا
2026-10-05,7530.0,7600.0,7320.0,7410.0,7540.0,183113684990.0,24727756.0,1314.0,20007000000000.0,2.189,3748578210.0,0.020471316549632614,596009057.4915254,272269135.68037975,,,1405-07-13,1405,-0.017241379310344862,False,فتوسا
2026-10-05,19900.0,19900.0,19050.0,19330.0,19470.0,60717495330.0,3141682.0,279.0,23196000000000.0,1.309,-6096643340.0,-0.1004099939706785,874816225.5737704,668094753.9325842,,,1405-07-13,1405,-0.015282730514518561,False,فجام
2026-10-05,5470.0,5470.0,5470.0,5470.0,5470.0,12826280270.0,2344841.0,52.0,11539659690000.0,1.235,0.0,0.0,754487074.7058824,610775250.9523809,,,1405-07-13,1405,0.01862197392923659,False,فجوش
2026-10-05,52280.0,52280.0,50900.0,52220.0,52280.0,509346423610.0,9753316.0,1329.0,53749168704000.0,1.143,-53003822200.0,-0.10406242145440947,1163491122.5531917,1018206545.6074768,,,1405-07-13,1405,0.028762805358550025,False,فپنتا
2026-10-05,4610.0,4610.0,4610.0,4610.0,4610.0,37038915920.0,8034472.0,179.0,23050000000000.0,7.287,8009773580.0,0.21625291618416245,1782795796.0,244656126.9026549,,,1405-07-13,1405,0.029017857142857206,False,ناما
2026-10-05,8670.0,9000.0,8550.0,8700.0,8670.0,22776975060.0,2618307.0,631.0,13050000000000.0,10.896,8032840500.0,0.35267371891305044,290200998.59154934,26634386.440677963,,,1405-07-13,1405,-0.006849315068493178,False,نبابک
2026-10-05,2179.0,2179.0,2179.0,2132.0,2179.0,1871876487.0,859053.0,32.0,8610178453812.0,6.667,0.0,0.0,610500332.0,91575049.8,,,1405-07-13,1405,0.007561436672967936,False,نتوس
2026-10-05,25050.0,26590.0,25050.0,26150.0,26210.0,89899123010.0,3437855.0,717.0,33995000000000.0,3.084,-37031119600.0,-0.41191858563381994,505663766.2790698,163988194.50101835,,,1405-07-13,1405,0.012780790085205274,False,نخریس
2026-10-05,8940.0,9450.0,8940.0,9220.0,9450.0,135367116890.0,14681430.0,775.0,18440000000000.0,0.527,14803678100.0,0.10935948434234248,405139130.69908816,769396726.6233766,,,1405-07-13,1405,0.004357298474945592,False,نمرینو
2026-10-05,9440.0,9640.0,9440.0,9450.0,9440.0,128826763940.0,13628563.0,922.0,47250000000000.0,0.726,-57970968300.0,-0.4499916517890607,293854572.8215768,404999749.5283019,,,1405-07-13,1405,-0.02877697841726623,False,نوین
2026-10-05,3890.0,3950.0,3770.0,3940.0,3950.0,115651250040.0,29381606.0,1111.0,47063150280000.0,3.696,31829605200.0,0.27522058939260213,570263682.955665,154290298.6029412,,,1405-07-13,1405,0.02604166666666674,False,نیان
2026-10-05,12430.0,13190.0,12430.0,12660.0,13170.0,123846339580.0,9781328.0,382.0,3798000000000.0,2.46,68396510880.0,0.5522691353814173,1567488765.5696204,637185075.8620689,,,1405-07-13,1405,-0.011709601873536313,False,نیرو
2026-10-05,14170.0,14610.0,13850.0,14540.0,14610.0,119236912940.0,8202124.0,690.0,38898774760000.0,1.285,31752786420.0,0.26629997068087463,609088284.3523315,474040068.83977896,,,1405-07-13,1405,0.02466525722339674,False,درهآور
2026-10-05,33210.0,33210.0,33210.0,33210.0,33210.0,7039756170.0,211977.0,58.0,46483372800000.0,3.932,3985200000.0,0.5660991522665195,414103304.1176471,105329523.10344829,,,1405-07-13,1405,0.029767441860465205,False,دروز
2026-10-05,30440.0,30440.0,30440.0,30440.0,30440.0,327268019560.0,10751249.0,618.0,234388000000000.0,7.423,175248254800.0,0.535488481384814,2813321603.2142854,378980392.3035231,,,1405-07-13,1405,0.02976995940460081,False,دزاگرس
2026-10-05,5000.0,5190.0,4890.0,5130.0,5190.0,203662230030.0,39716735.0,919.0,54551470950000.0,2.084,-42680666340.0,-0.2095659383367894,859887761.4,412653438.82211536,,,1405-07-13,1405,0.017857142857142794,False,دزهراوی
2026-10-05,6920.0,7130.0,6920.0,6940.0,6920.0,893763920590.0,128794336.0,2652.0,100775740000000.0,0.69,-174383288500.0,-0.1951111300005089,924349786.436464,1339067514.095238,,,1405-07-13,1405,-0.02664796633941091,False,دسبحا
2026-10-05,20820.0,20960.0,19740.0,20400.0,20960.0,1672341045260.0,81986580.0,3981.0,204000000000000.0,0.75,39863354400.0,0.023836857029244544,1131670242.2535212,1508603672.3549488,,,1405-07-13,1405,0.002457002457002533,False,دسبحان
2026-10-05,94720.0,96300.0,94720.0,94780.0,94720.0,168731014190.0,1780282.0,547.0,227472000000000.0,0.201,-103635674520.0,-0.6142064339357362,161776336.6153846,804655120.0,,,1405-07-13,1405,-0.029291274068004913,False,دسینا
2026-10-05,492700.0,492700.0,464200.0,478600.0,484900.0,30018404200.0,62719.0,152.0,23930000000000.0,0.803,-4539521000.0,-0.15122459441065159,410782380.0,511808979.5918367,,,1405-07-13,1405,0.0002089864158829613,False,دشیری
2026-10-05,40720.0,40720.0,39620.0,39740.0,39620.0,146360453010.0,3683386.0,730.0,35766000000000.0,0.41,13776506840.0,0.0941272492444303,446550743.68627447,1087977530.4347827,,,1405-07-13,1405,-0.02693437806072474,False,دشیمی
2026-10-05,29680.0,29680.0,28970.0,29060.0,29250.0,2378734517270.0,81843727.0,5181.0,1627360000000000.0,0.224,-997894391300.0,-0.4195064157244637,412464348.5239085,1841187870.359712,,,1405-07-13,1405,-0.02679169457468189,False,دعبید
2026-10-05,19130.0,19130.0,19130.0,19130.0,19130.0,773904781290.0,40455033.0,1288.0,176110780000000.0,0.093,-434059298270.0,-0.5608691259750054,252850411.11413044,2731130826.735751,,,1405-07-13,1405,-0.029918864097363107,False,دفارا
2026-10-05,48830.0,48830.0,46870.0,47420.0,47430.0,43988471980.0,927579.0,359.0,331940000000000.0,0.779,1687914900.0,0.038371755690159805,217859673.7142857,279732421.5533981,,,1405-07-13,1405,-0.01842268681432413,False,دفرا
2026-10-05,24070.0,24680.0,24070.0,24100.0,24070.0,713392535990.0,29601601.0,1843.0,250399000000000.0,0.435,-206399485400.0,-0.2893210609690108,538931408.6725663,1240038182.7669904,,,1405-07-13,1405,-0.028617492946392598,False,دقاضی
2026-10-05,28070.0,29770.0,28070.0,28870.0,29470.0,276335069150.0,9570933.0,1007.0,266094790000000.0,0.634,-120631360710.0,-0.43654017957640756,486393569.9290781,767245081.6369047,,,1405-07-13,1405,-0.0020739716557206522,False,دلر
2026-10-05,20270.0,20750.0,20270.0,20270.0,20270.0,96282216290.0,4749974.0,406.0,68918000000000.0,0.173,-23776710000.0,-0.24694809608853469,287719297.53968257,1660034016.8965516,,,1405-07-13,1405,-0.029679272379128818,False,دکوثر
2026-10-05,173200.0,177100.0,169900.0,171500.0,173400.0,195370301300.0,1139006.0,1224.0,51450000000000.0,0.801,64786183000.0,0.33160712026807937,327132923.4913793,408467105.6338028,,,1405-07-13,1405,-0.02055968018275267,False,دکپسول
2026-10-05,83490.0,83630.0,81310.0,83530.0,83630.0,82900123770.0,992407.0,328.0,48113280000000.0,0.849,12529500000.0,0.15113970197152096,609527622.867647,718023027.6530613,,,1405-07-13,1405,0.028694581280788167,False,دکیمی
2026-10-05,1966.0,1966.0,1966.0,1966.0,1966.0,65784215904.0,33460944.0,119.0,7410083388948.0,37.103,64878000000.0,0.9862244173386142,1461871464.5333333,39400691.47826087,,,1405-07-13,1405,0.029858564693556744,False,وفردا
2026-10-05,4760.0,4990.0,4760.0,4800.0,4970.0,25368527900.0,5282662.0,130.0,4800000000000.0,0.828,30091200.0,0.0011861626389444537,487630338.4615384,588992706.9767442,,,1405-07-13,1405,-0.020408163265306145,False,ولانا
2026-10-05,3120.0,3170.0,3090.0,3090.0,3090.0,57627030650.0,18628327.0,451.0,16349786370000.0,0.442,-3708000000.0,-0.06434480413403011,292682230.59782606,661626786.5517242,,,1405-07-13,1405,-0.028301886792452824,False,ولتجار
2026-10-05,7680.0,8080.0,7620.0,7940.0,8080.0,275500531350.0,34686566.0,836.0,15880000000000.0,1.354,9411996600.0,0.034163261151909936,1273634651.1320755,940788987.1480144,,,1405-07-13,1405,0.01146496815286624,False,ولشرق
2026-10-05,3040.0,3160.0,3000.0,3130.0,3160.0,38935931750.0,12452214.0,257.0,18780000000000.0,8.149,5881820880.0,0.15106408439808303,1865882900.555556,228959267.19008267,,,1405-07-13,1405,0.019543973941368087,False,ولصنم
2026-10-05,3940.0,3940.0,3940.0,3940.0,3940.0,71185827860.0,18067469.0,186.0,9456000000000.0,12.815,65404000000.0,0.9187783856167125,1452771997.1428573,113369173.7254902,,,1405-07-13,1405,0.02872062663185382,False,ولغدر
2026-10-05,4050.0,4170.0,4050.0,4080.0,4050.0,1958900000.0,475000.0,14.0,22156848000000.0,1.147,-122400000.0,-0.062484047169329725,341700000.0,297840000.0,,,1405-07-13,1405,0.007407407407407307,False,ولقمان
2026-10-05,4280.0,4280.0,4280.0,4280.0,4280.0,62771734040.0,14666293.0,666.0,17120000000000.0,196.686,59920000000.0,0.9545697743799336,1012447323.2258064,5147534.368231047,,,1405-07-13,1405,0.028846153846153744,False,ولپارس
2026-10-05,5020.0,5310.0,5010.0,5190.0,5310.0,122463223480.0,23585936.0,878.0,15051000000000.0,4.959,13961100000.0,0.11400238866225866,987667292.7731092,199175592.00000003,,,1405-07-13,1405,0.005813953488372103,False,ولکار
2026-10-05,4370.0,4480.0,4330.0,4440.0,4460.0,51115781950.0,11524882.0,787.0,88800000000000.0,5.574,-6983826960.0,-0.1366276068481429,215868827.36842105,38724930.1986755,,,1405-07-13,1405,0.0183486238532109,False,وکبهمن
2026-10-05,11230.0,11530.0,11230.0,11230.0,11230.0,142827634070.0,12716308.0,539.0,8984000000000.0,0.412,-101616294580.0,-0.7114610225231185,376839855.5963303,914691274.6153848,,,1405-07-13,1405,-0.029386343993085595,False,وگستر
2026-10-05,61000.0,62590.0,60870.0,61410.0,61450.0,12345965010.0,201033.0,596.0,701986614450000.0,3.687,-267870420.0,-0.021697001391388197,103190844.6153846,27984578.775510203,,,1405-07-13,1405,-0.021042563366810096,False,نیشکر
2026-10-05,9780.0,9780.0,9500.0,9570.0,9500.0,1639922631210.0,171363857.0,3214.0,197620500000000.0,0.484,-441285925740.0,-0.2690894785776581,1005398704.8490752,2078745268.8575456,,,1405-07-13,1405,-0.022471910112359605,False,هجرت
2026-10-05,9590.0,9660.0,9350.0,9520.0,9600.0,125431865050.0,13173109.0,550.0,849184000000000.0,0.626,-69797622160.0,-0.5564584576030746,408899820.0,653166654.5833333,,,1405-07-13,1405,-0.007299270072992692,False,همراه
2026-10-05,1540.0,1562.0,1472.0,1552.0,1562.0,103053787748.0,66403423.0,349.0,5587200000000.0,1.112,-3077696704.0,-0.02986495471205744,1311790503.68,1179790517.2093024,,,1405-07-13,1405,0.02307185234014497,False,وآتوس
2026-10-05,7480.0,7500.0,7250.0,7450.0,7500.0,117652057360.0,15792461.0,579.0,13328050000000.0,2.3,0.0,0.0,1069580313.181818,465034918.7747036,,,1405-07-13,1405,0.021947873799725626,False,وآذر
2026-10-05,2876.0,3000.0,2869.0,2895.0,2872.0,21662516448.0,7481750.0,112.0,11580000000000.0,2.164,5847900000.0,0.2699547863720103,657137163.4615384,303720709.4594594,,,1405-07-13,1405,-0.02096719648292189,False,وآرین
2026-10-05,12550.0,13300.0,12540.0,12870.0,13240.0,15156316040.0,1177889.0,152.0,3861000000000.0,1.285,3031785900.0,0.20003448674457702,421095317.5,327774203.5135135,,,1405-07-13,1405,-0.0038699690402477227,False,وآفر
2026-10-05,9330.0,9530.0,9330.0,9330.0,9330.0,42140324560.0,4515876.0,218.0,261240000000000.0,1.05,-545394480.0,-0.012942341704641109,660122676.1904762,628852583.2835821,,,1405-07-13,1405,-0.02913631633714875,False,وآفری
2026-10-05,7120.0,7130.0,7070.0,7080.0,7070.0,185909049990.0,26271844.0,936.0,108324000000000.0,0.835,85273608600.0,0.4586845481948665,496022461.8518518,593997394.015748,,,1405-07-13,1405,-0.027472527472527486,False,واتی
2026-10-05,35050.0,35050.0,35050.0,34800.0,35050.0,57478424900.0,1639898.0,188.0,41158656000000.0,2.518,17400000000.0,0.30272228284390584,1783389075.0,708365185.7142857,,,1405-07-13,1405,0.02262709374081684,False,واحصا
2026-10-05,3590.0,3780.0,3590.0,3730.0,3730.0,13936658610.0,3737936.0,131.0,13055000000000.0,1.129,-995980870.0,-0.07146482509698213,277412019.78260875,245659531.7857143,,,1405-07-13,1405,0.013586956521739024,False,واعتبار
2026-10-05,5960.0,5960.0,5700.0,5780.0,5780.0,257208139700.0,44486977.0,921.0,2167500000000000.0,0.508,-49111359500.0,-0.19094014504082973,254821224.86842108,501966775.31428576,,,1405-07-13,1405,-0.010273972602739767,False,وامید
2026-10-05,264700.0,264700.0,264700.0,264700.0,264700.0,242948806900.0,917827.0,605.0,529338863564500.0,10.717,55587264700.0,0.22880237779015,3616718646.2962966,337477155.0724637,,,1405-07-13,1405,0.029961089494163318,False,آلومینا
2026-10-05,5130.0,5130.0,5130.0,5100.0,5130.0,1224787500.0,238750.0,10.0,2130938100000.0,10.0,0.0,0.0,1217625000.0,121762500.0,,,1405-07-13,1405,0.013916500994035852,False,آینده
2026-10-05,1456.0,1456.0,1400.0,1443.0,1456.0,16427774706.0,11385450.0,284.0,15571629450000.0,8.269,0.0,0.0,631892475.0,76414903.95348838,,,1405-07-13,1405,0.010504201680672232,False,استقلال
2026-10-05,2290.0,2380.0,2289.0,2351.0,2309.0,23458113893.0,9977442.0,178.0,17867600000000.0,1.468,1066291348.0,0.045455118551461456,657937022.6857142,448193968.2857143,,,1405-07-13,1405,-0.002545608824777279,False,اعتلا
2026-10-05,8410.0,8610.0,8410.0,8420.0,8410.0,220615905310.0,26211336.0,1276.0,17176800000000.0,0.52,2824952100.0,0.012804843313679032,407194555.5719557,783721212.3021582,,,1405-07-13,1405,-0.028835063437139596,False,افرا
2026-10-05,82980.0,83040.0,80720.0,82850.0,83040.0,648112169730.0,7823017.0,1264.0,2485500000000000.0,1.099,136830503250.0,0.21112163856914282,785929657.6227391,715061001.0683761,,,1405-07-13,1405,0.027533176237132473,False,افق
2026-10-05,3530.0,3590.0,3490.0,3540.0,3560.0,9944133820.0,2811820.0,101.0,123117660000000.0,0.773,-4579167000.0,-0.46048927768753617,122178852.0,158132621.7857143,,,1405-07-13,1405,-0.011173184357541888,False,امید
2026-10-05,2846.0,2846.0,2760.0,2803.0,2769.0,14120505208.0,5037486.0,904.0,89696000000000.0,8.098,-1380474697.0,-0.0977638318647331,105323075.375,13005730.407161804,,,1405-07-13,1405,-0.014762741652021072,False,امین
2026-10-05,21390.0,22550.0,21340.0,21790.0,21790.0,364250293570.0,16715293.0,1801.0,88249500000000.0,0.731,-97739393640.0,-0.26833030848667494,407139053.2568808,556587667.3853211,,,1405-07-13,1405,-0.009545454545454524,False,انرژی
2026-10-05,14510.0,14510.0,14320.0,14500.0,14510.0,87257520580.0,6017430.0,369.0,14500000000000.0,1.045,0.0,0.0,991508352.2727274,948399293.4782608,,,1405-07-13,1405,0.02909865152590485,False,اوان
2026-10-05,2386.0,2386.0,2386.0,2386.0,2386.0,6613882244.0,2771954.0,24.0,9818390000000.0,53.354,6489920000.0,0.9812572647309443,1322776448.8000002,24792448.8,,,1405-07-13,1405,0.029779887785930104,False,باران
2026-10-05,5700.0,6030.0,5700.0,5970.0,6030.0,259792272340.0,43526507.0,698.0,35820000000000.0,1.33,75629177880.0,0.291114039685604,1789342701.2686567,1345432328.6065574,,,1405-07-13,1405,0.018771331058020424,False,بازرگام
2026-10-05,6740.0,6760.0,6650.0,6730.0,6670.0,24316654530.0,3615589.0,202.0,78404500000000.0,1.711,7876839110.0,0.32392774673350594,347613056.71428573,203161418.0246913,,,1405-07-13,1405,0.0243531202435312,False,وصنا
2026-10-05,29000.0,29250.0,28310.0,28830.0,29130.0,733943958960.0,25453643.0,1387.0,1175399100000000.0,1.081,167432906190.0,0.22812764400602567,1193546902.902208,1104300848.3246074,,,1405-07-13,1405,0.0006942034015966492,False,وصندوق
2026-10-05,2854.0,2950.0,2812.0,2875.0,2930.0,26366722757.0,9172421.0,365.0,97750000000000.0,1.16,-450555625.0,-0.01708804044978945,210095196.72131148,181126177.95138887,,,1405-07-13,1405,-0.007936507936507908,False,وصنعت
2026-10-05,6050.0,6110.0,6050.0,6090.0,6110.0,8120700800.0,1332943.0,118.0,27405000000000.0,2.734,3017448840.0,0.37157493106998846,217330068.52941176,79486790.72727273,,,1405-07-13,1405,0.025252525252525304,False,وطوبی
2026-10-05,2078.0,2195.0,2070.0,2177.0,2195.0,28275706968.0,12988374.0,190.0,6884762500000.0,1.485,-108850000.0,-0.0038495942868267455,494155091.1929825,332655178.8,,,1405-07-13,1405,0.02110694183864914,False,وفتخار
2026-10-05,27050.0,27050.0,27050.0,27050.0,27050.0,105955553300.0,3917026.0,171.0,40575000000000.0,0.655,28132000000.0,0.2655075559876294,1341209535.443038,2047988244.736842,,,1405-07-13,1405,0.02969166349448038,False,ولملت
2026-10-05,3390.0,3390.0,3360.0,3390.0,3390.0,22590408090.0,6663965.0,491.0,40680000000000.0,34.754,14861760000.0,0.6578792176215176,508414423.1707317,14628927.506112467,,,1405-07-13,1405,0.027272727272727337,False,ولنوین
2026-10-05,4280.0,4410.0,4280.0,4320.0,4410.0,93128615140.0,21576403.0,328.0,17280000000000.0,1.924,-12214592640.0,-0.13115831929464253,1339830072.0,696273661.3533835,,,1405-07-13,1405,-0.020408163265306145,False,ولیز
2026-10-05,2980.0,3130.0,2980.0,3100.0,3130.0,60485306910.0,19498057.0,496.0,80600000000000.0,14.405,-2879466000.0,-0.047606040989170206,2395997505.263158,166334771.82130584,,,1405-07-13,1405,0.019736842105263053,False,ومدیر
2026-10-05,39250.0,39250.0,39250.0,39250.0,39250.0,28499896000.0,726112.0,75.0,40820000000000.0,2.82,6044500000.0,0.21208849323520337,3166655111.111111,1122769800.0,,,1405-07-13,1405,0.029913408554185228,False,ومشان
2026-10-05,3310.0,3320.0,3260.0,3310.0,3310.0,4249444750.0,1285612.0,85.0,24825000000000.0,2.144,105920000.0,0.0249256093987338,193426169.0909091,90205559.13043478,,,1405-07-13,1405,0.01846153846153853,False,ومعلم
2026-10-05,4700.0,4700.0,4700.0,4700.0,4700.0,761165000.0,161950.0,22.0,4700000000000.0,10.0,0.0,0.0,380582500.0,38058250.0,,,1405-07-13,1405,0.008583690987124415,False,وملت
2026-10-05,268800.0,283000.0,268600.0,276200.0,272900.0,116149748300.0,420494.0,543.0,68320870668000.0,0.919,-5537810000.0,-0.04767819199828606,502801175.75757575,547356472.9166666,,,1405-07-13,1405,-0.0010849909584086381,False,وملی
2026-10-05,43500.0,43800.0,43200.0,43650.0,43230.0,89466894060.0,2049513.0,723.0,873000000000000.0,0.562,-74122457850.0,-0.8284903441522244,96697327.11864407,172098073.34004024,,,1405-07-13,1405,-0.019761958230406496,False,ومپنا
2026-10-05,9650.0,9820.0,9600.0,9620.0,9600.0,170467671340.0,17720919.0,1394.0,57720000000000.0,0.3,-27898000000.0,-0.1636556643303766,211225541.8962963,704443143.7190082,,,1405-07-13,1405,-0.027300303336703746,False,ونفت
2026-10-05,1655.0,1655.0,1613.0,1637.0,1648.0,51249795320.0,31301238.0,1041.0,24555000000000.0,1.911,-3660094635.0,-0.07141676590407113,253085276.44148937,132403427.9224806,,,1405-07-13,1405,-0.015042117930204602,False,وهامون
2026-10-05,4700.0,4970.0,4690.0,4920.0,4950.0,61416170020.0,12471332.0,236.0,4889240160000.0,2.571,12916574400.0,0.21031227436998684,1180643119.0909092,459196739.2941177,,,1405-07-13,1405,0.01863354037267073,False,وهنر
2026-10-05,5780.0,5950.0,5720.0,5760.0,5890.0,22264852190.0,3867281.0,140.0,11819520000000.0,0.643,-8659382400.0,-0.3889261121566871,358319898.94736844,556888464.0,,,1405-07-13,1405,-0.022071307300509324,False,ویسا
2026-10-05,11900.0,11900.0,11900.0,11900.0,11900.0,1128786400.0,94856.0,7.0,28560000000000.0,,1128786400.0,1.0,161255200.0,,,,1405-07-13,1405,-0.029363784665579096,False,تاتمس
2026-10-05,38250.0,39020.0,37950.0,38900.0,39020.0,8845309127410.0,227378482.0,27686.0,3714950000000000.0,0.5,2668436253700.0,0.30167812286299894,996923145.2221044,1993272704.6799724,,,1405-07-13,1405,0.02665610979150168,False,تاصیکو
2026-10-05,2692.0,2696.0,2660.0,2695.0,2696.0,274116013864.0,101700778.0,532.0,26950000000000.0,1.179,-2420422620.0,-0.008829920535765813,1810599272.6056335,1535653960.5325446,,,1405-07-13,1405,0.02941176470588225,False,تاپکیش
2026-10-05,3460.0,3530.0,3380.0,3460.0,3480.0,157116205820.0,45376990.0,983.0,193068000000000.0,0.932,-16929212560.0,-0.10774962691878477,518216000.42105263,555964139.4957983,,,1405-07-13,1405,0.0028985507246377384,False,تایرا
2026-10-05,22470.0,22470.0,21700.0,21870.0,21980.0,54806243480.0,2505986.0,420.0,48802996919610.0,1.006,-21870000.0,-0.0003990421275265991,358065645.88235295,355882557.27272725,,,1405-07-13,1405,-0.022351363433169458,False,تبرک
2026-10-05,7240.0,7240.0,7240.0,7240.0,7240.0,1228396320.0,169668.0,5.0,6535686117480.0,0.2,0.0,0.0,245679264.0,1228396320.0,,,1405-07-13,1405,-0.029490616621983934,False,تشتاد
2026-10-05,1762.0,1858.0,1762.0,1809.0,1810.0,27714528567.0,15320845.0,196.0,54270000000000.0,1.251,833487705.0,0.03007403510346711,340001283.97058827,271787800.0609756,,,1405-07-13,1405,-0.0033057851239669533,False,تفارس
2026-10-05,295900.0,295900.0,295900.0,292400.0,295900.0,470185100.0,1589.0,3.0,3508800000000.0,2.0,0.0,0.0,464623600.0,232311800.0,,,1405-07-13,1405,0.00792830058600491,False,تفیرو
2026-10-05,26950.0,26950.0,26950.0,26950.0,26950.0,19870800950.0,737321.0,39.0,66366180353550.0,20.39,17921750000.0,0.9019138204391303,1806436450.0,88593225.0,,,1405-07-13,1405,0.011636636636636721,False,تپسی
2026-10-05,21200.0,21200.0,20000.0,20140.0,20000.0,31752266810.0,1576286.0,66.0,2537035800000.0,0.783,0.0,0.0,1380278262.6086955,1763688891.111111,,,1405-07-13,1405,-0.02280446385249879,False,تپولا
2026-10-05,8660.0,8660.0,8660.0,8660.0,8660.0,6413509400.0,740590.0,30.0,12990000000000.0,2.329,1732000000.0,0.2700549561835834,641350940.0,275382905.88235295,,,1405-07-13,1405,0.029726516052318575,False,غشوکو
2026-10-05,34780.0,34780.0,33910.0,34520.0,34780.0,227423431160.0,6587294.0,767.0,58831599683960.0,0.796,-13806481120.0,-0.06070826145563989,1186717385.895954,1490534618.2312925,,,1405-07-13,1405,0.02220906129700917,False,غفارس
2026-10-05,25870.0,25870.0,25870.0,25870.0,25870.0,36113924990.0,1395977.0,69.0,66589380000000.0,6.303,20988175780.0,0.5811657355386227,2394780356.428571,379962097.27272725,,,1405-07-13,1405,0.029856687898089262,False,غمایه
2026-10-05,20820.0,22100.0,20820.0,21510.0,22100.0,242483305910.0,11274040.0,743.0,107550000000000.0,0.347,-104990051880.0,-0.43297847448091153,277591124.5248869,799700434.6153846,,,1405-07-13,1405,0.002329916123019471,False,غمهرا
2026-10-05,9560.0,9820.0,9550.0,9590.0,9550.0,262639884830.0,27389499.0,1518.0,67130000000000.0,0.694,-654479140.0,-0.002491925932817201,355609532.2132472,512243108.0742459,,,1405-07-13,1405,-0.025406504065040636,False,غمینو
2026-10-05,19160.0,19160.0,19060.0,19160.0,19160.0,270362467220.0,14112094.0,788.0,19160000000000.0,2.258,57480000000.0,0.21260347485003248,1393751139.3814433,617123829.1014493,,,1405-07-13,1405,0.02955400322407309,False,غنوش
2026-10-05,5460.0,5650.0,5440.0,5590.0,5550.0,15452945670.0,2763138.0,148.0,2236000000000.0,0.649,0.0,0.0,270981428.42105263,417457876.2162162,,,1405-07-13,1405,0.0035906642728904536,False,غنیلی
2026-10-05,7180.0,7180.0,6850.0,7160.0,7180.0,838089994350.0,117109114.0,2168.0,50120000000000.0,0.722,-51313035000.0,-0.061226163474003774,924114185.9760956,1279402426.4383562,,,1405-07-13,1405,0.025787965616045794,False,غویتا
2026-10-05,4240.0,4240.0,4120.0,4210.0,4160.0,41303330380.0,9807494.0,345.0,15787500000000.0,1.062,-12777248960.0,-0.30935154241671103,288232299.7916667,271460065.3691275,,,1405-07-13,1405,0.02184466019417486,False,غگرجی
2026-10-05,3210.0,3270.0,3130.0,3160.0,3230.0,369584748960.0,116784037.0,2287.0,8335188880000.0,0.688,0.0,0.0,580582897.3501577,844242103.027523,,,1405-07-13,1405,-0.018633540372670843,False,غگز
2026-10-05,7300.0,7320.0,7000.0,7290.0,7290.0,283788360620.0,38907427.0,1207.0,109350000000000.0,2.747,54933044130.0,0.19357046219227003,1157690461.0344827,421402648.57988167,,,1405-07-13,1405,0.025316455696202445,False,غگل
2026-10-05,18450.0,18550.0,17990.0,18430.0,18550.0,169535461400.0,9199107.0,679.0,20549450000000.0,1.106,-2374263180.0,-0.014004522478033023,959042508.3766234,867438205.0289017,,,1405-07-13,1405,0.023320377568017747,False,غگلستا
2026-10-05,27690.0,27960.0,26780.0,27150.0,27600.0,180469579280.0,6646767.0,535.0,32037000000000.0,0.847,-4853496900.0,-0.026893712055868213,700371681.6568048,826955108.0536913,,,1405-07-13,1405,-0.016304347826086918,False,غگلپا
2026-10-05,42750.0,42750.0,42750.0,42750.0,42750.0,38587902750.0,902641.0,289.0,42750000000000.0,19.485,24367500000.0,0.6314802895060162,1130466750.0,58017501.12107623,,,1405-07-13,1405,0.029872319922910062,False,غگیلا
2026-10-05,14400.0,15280.0,14400.0,15230.0,15280.0,158996559360.0,10439219.0,1621.0,30460000000000.0,5.237,38799902310.0,0.2440298234513947,597704155.5263157,114139983.91263056,,,1405-07-13,1405,0.026280323450134757,False,شاروم
2026-10-05,42050.0,44010.0,42050.0,43700.0,44010.0,115039532810.0,2632440.0,358.0,218500000000000.0,1.399,-37378707600.0,-0.3249205441553288,689693725.5813954,492908366.1764706,,,1405-07-13,1405,0.022700678680084296,False,شاملا
2026-10-05,15850.0,16500.0,15820.0,16000.0,16040.0,225287163000.0,14082490.0,1010.0,160000000000000.0,0.976,24501392000.0,0.108756272100599,539006953.271028,552118364.3122677,,,1405-07-13,1405,-0.018404907975460127,False,شبصیر
2026-10-05,14240.0,14240.0,13550.0,14230.0,14240.0,330361243310.0,23222535.0,781.0,24368875000000.0,2.436,16114991180.0,0.0487799083770799,2686639618.292683,1102953269.719298,,,1405-07-13,1405,0.028922631959508394,False,شتوکا
2026-10-05,12730.0,12730.0,12490.0,12730.0,12730.0,173100840450.0,13601734.0,508.0,115843000000000.0,1.532,22003295800.0,0.12711258791580293,2277367236.9014087,1486061468.2978723,,,1405-07-13,1405,0.0299352750809061,False,شجم
2026-10-05,2990.0,3035.0,2860.0,3006.0,3035.0,182288073050.0,60632389.0,763.0,34268400000000.0,1.274,-61971133878.0,-0.3399626362883427,630883806.8076923,495027801.6666667,,,1405-07-13,1405,0.020020359687818123,False,شپارس
2026-10-05,49090.0,50550.0,49070.0,49890.0,50200.0,130214844630.0,2610152.0,494.0,119736000000000.0,1.152,-2562500070.0,-0.019679016453778647,924741011.1678832,802807568.9440993,,,1405-07-13,1405,-0.013641755634638209,False,شپاس
2026-10-05,5790.0,5790.0,5790.0,5790.0,5790.0,42247186620.0,7296578.0,158.0,161817333540000.0,0.256,-11580000000.0,-0.27410109232026303,348490757.0454545,1362812471.612903,,,1405-07-13,1405,-0.028523489932885893,False,شپلی
2026-10-05,76180.0,76180.0,76180.0,76180.0,76180.0,29027779560.0,381042.0,71.0,266630000000000.0,12.693,24453780000.0,0.8424268190908089,1814236222.5,142937486.25,,,1405-07-13,1405,0.02987697715289972,False,کخاک
2026-10-05,87000.0,88390.0,83300.0,86360.0,87000.0,130982170610.0,1516690.0,857.0,21590000000000.0,1.037,-30080137960.0,-0.22965062969954703,410167522.1138212,395714043.5045317,,,1405-07-13,1405,0.0061749970872655435,False,کدما
2026-10-05,9330.0,9890.0,9330.0,9530.0,9890.0,446100816420.0,46829168.0,1836.0,23825000000000.0,0.919,-286154451000.0,-0.6414569094412688,560887735.6521739,610527397.3529412,,,1405-07-13,1405,-0.008324661810613976,False,کربن
2026-10-05,26550.0,28100.0,26480.0,27260.0,28060.0,463919580540.0,17018406.0,1767.0,569537400880000.0,1.024,-35071734640.0,-0.07559873760701517,624511079.2960663,609982945.5434783,,,1405-07-13,1405,-0.0010993037742762501,False,کرماشا
2026-10-05,34790.0,34810.0,32820.0,34710.0,34810.0,300675771300.0,8661850.0,750.0,86775000000000.0,1.365,48291710610.0,0.160610581960782,1193537719.7058823,874394485.7142857,,,1405-07-13,1405,0.026923076923076827,False,کساوه
2026-10-05,3510.0,3550.0,3490.0,3500.0,3490.0,32813332420.0,9375615.0,426.0,12425000000000.0,0.716,0.0,0.0,186446889.20454544,260433750.0,,,1405-07-13,1405,-0.02506963788300831,False,کساپا
2026-10-05,16600.0,16630.0,15710.0,16480.0,16630.0,143201530020.0,8687804.0,469.0,16170986090880.0,1.185,13381792960.0,0.09344727642317127,935137588.5714288,788842076.7785234,,,1405-07-13,1405,0.020433436532507843,False,کسرام
2026-10-05,31060.0,31060.0,31060.0,31060.0,31060.0,105097659880.0,3383698.0,142.0,31060000000000.0,1.744,9318000000.0,0.0886603946333272,2694811791.794872,1544833223.8709676,,,1405-07-13,1405,0.02984084880636595,False,کسعدی
2026-10-05,136600.0,137200.0,133300.0,137100.0,137200.0,10732345800.0,78256.0,89.0,11516400000000.0,1.9,847963500.0,0.07901007997710995,447037400.0,235260335.7142857,,,1405-07-13,1405,0.028507126781695424,False,کشرق
2026-10-05,7740.0,7880.0,7740.0,7760.0,7800.0,58198517910.0,7499426.0,218.0,17879040000000.0,0.749,-11640000000.0,-0.20000509322248478,589310705.8227848,786426294.0540541,,,1405-07-13,1405,-0.02634880803011297,False,کصدف
2026-10-05,23020.0,23020.0,23020.0,23020.0,23020.0,23426395080.0,1017654.0,60.0,44889000000000.0,12.169,12137709360.0,0.5181210902723322,1905344937.7777777,156574846.25,,,1405-07-13,1405,0.02997762863534681,False,کطبس
2026-10-05,4830.0,4890.0,4830.0,4830.0,4830.0,294961545240.0,61060561.0,816.0,95234344065000.0,0.335,-17320380000.0,-0.0587208071001493,931200439.4237288,2781185806.0,,,1405-07-13,1405,-0.028169014084507005,False,کفرا
2026-10-05,6680.0,6680.0,6680.0,6680.0,6680.0,17889180280.0,2678021.0,152.0,16700000000000.0,14.0,0.0,0.0,1987686697.7777777,141977621.26984128,,,1405-07-13,1405,0.02927580893682591,False,کفپارس
2026-10-05,7820.0,8000.0,7820.0,7830.0,7930.0,717485352610.0,91626466.0,1950.0,172260000000000.0,1.058,168626911320.0,0.2350248833743923,889840773.2432432,840748418.8732394,,,1405-07-13,1405,-0.028535980148883366,False,حتاید
2026-10-05,2523.0,2633.0,2490.0,2615.0,2633.0,107005034729.0,40920213.0,396.0,15520025000000.0,0.745,-55281578545.0,-0.5166259576944733,462633333.1395349,621359772.5163399,,,1405-07-13,1405,0.02268283144309735,False,حتوکا
2026-10-05,13210.0,13210.0,12490.0,13180.0,13210.0,887616753340.0,67344870.0,2433.0,197700000000000.0,0.764,238821204600.0,0.26905891951829797,1244848546.7883213,1629984555.2941177,,,1405-07-13,1405,0.02727981293842552,False,حخزر
2026-10-05,28760.0,28760.0,28760.0,28760.0,28760.0,205777800.0,7155.0,4.0,5752000000000.0,0.333,0.0,0.0,68592600.0,205777800.0,,,1405-07-13,1405,-0.01976823449216092,False,حرهشا
2026-10-05,2837.0,2837.0,2764.0,2786.0,2820.0,57341504399.0,20581888.0,623.0,14125020000000.0,0.929,-2786000000.0,-0.04858609883365017,319035906.24561405,343360119.56886226,,,1405-07-13,1405,-0.02211302211302213,False,حریل
2026-10-05,18730.0,18730.0,18730.0,18730.0,18730.0,140571609340.0,7505158.0,467.0,168478560140000.0,0.192,-50194583190.0,-0.35707482773847,269349722.368421,1400478268.275862,,,1405-07-13,1405,-0.029533678756476722,False,حسینا
2026-10-05,9520.0,9900.0,9520.0,9770.0,9850.0,462594051060.0,47331859.0,912.0,192951042030000.0,0.703,-229745497080.0,-0.4966460259347374,1043723393.2242992,1485581322.0655737,,,1405-07-13,1405,0.008255933952528327,False,حفارس
2026-10-05,7900.0,8300.0,7820.0,8260.0,8300.0,785059403270.0,95070268.0,2574.0,958160000000000.0,1.613,151358817120.0,0.19279919008618537,1019495847.9624664,631934735.9543569,,,1405-07-13,1405,0.02481389578163773,False,حکشتی
2026-10-05,2167.0,2232.0,2167.0,2193.0,2232.0,64200286711.0,29272000.0,400.0,3903540000000.0,0.964,0.0,0.0,578319783.7837838,599939214.953271,,,1405-07-13,1405,-0.017913121361397222,False,حگردش
2026-10-05,2820.0,2923.0,2797.0,2839.0,2842.0,21447233125.0,7554515.0,110.0,62344440000000.0,2.062,9636707278.0,0.4493217013977881,425788136.2093024,206480537.5952381,,,1405-07-13,1405,0.0,False,حگهر
2026-10-05,30690.0,30910.0,30020.0,30830.0,30910.0,15446345390.0,501069.0,64.0,9249000000000.0,2.844,-1276331170.0,-0.08262997736838772,1417162610.0,498321202.2580645,,,1405-07-13,1405,0.027324225258247292,False,خبازرس
2026-10-05,10070.0,10160.0,9970.0,10150.0,10160.0,74573163040.0,7346787.0,231.0,54810000000000.0,5.478,15300769750.0,0.20517796384461903,1984261413.235294,362250821.5277778,,,1405-07-13,1405,0.028368794326241176,False,فرود
2026-10-05,3900.0,3970.0,3840.0,3960.0,3970.0,38048219610.0,9598225.0,296.0,35385768000000.0,1.17,5848920000.0,0.1537238814313078,395844281.25,338443484.21052635,,,1405-07-13,1405,0.02590673575129543,False,فروس
2026-10-05,15010.0,15910.0,15000.0,15670.0,15910.0,73450947170.0,4688649.0,349.0,25072000000000.0,1.736,17825502520.0,0.24268580878533005,855737906.5822785,492849426.7326733,,,1405-07-13,1405,0.014239482200647302,False,فروسیل
2026-10-05,2088.0,2212.0,2088.0,2120.0,2186.0,633577720662.0,298850049.0,2021.0,41976000000000.0,1.546,-162167246080.0,-0.2559547799606305,1230780846.0227273,795992117.486631,,,1405-07-13,1405,-0.014869888475836479,False,فروژ
2026-10-05,898.0,898.0,898.0,894.0,898.0,870510424.0,969388.0,13.0,3116484000000.0,13.0,0.0,0.0,866632872.0,66664067.07692307,,,1405-07-13,1405,0.014755959137343844,False,فسا
2026-10-05,88400.0,88400.0,85890.0,88240.0,88400.0,524763179590.0,5946667.0,1183.0,352960000000000.0,1.757,-178586377040.0,-0.34031804056742393,1071184110.8994708,609664278.4,,,1405-07-13,1405,0.028078760340207287,False,فسبزوار
2026-10-05,156400.0,156400.0,156400.0,156400.0,156400.0,2599368000.0,16620.0,14.0,15295920000000.0,0.182,0.0,0.0,236306181.81818184,1299684000.0,,,1405-07-13,1405,-0.02977667493796521,False,فسدید
2026-10-05,29030.0,29030.0,28510.0,29020.0,29030.0,1377330181080.0,47456725.0,2675.0,69648000000000.0,0.558,30361101260.0,0.02204344439486041,1245853439.1525424,2233381179.922027,,,1405-07-13,1405,0.029443064916637063,False,فسوژ
2026-10-05,9470.0,9470.0,9470.0,9470.0,9470.0,476190938380.0,50284154.0,430.0,397740000000000.0,1.595,308441375490.0,0.6477262598471877,2760606054.064516,1731196563.6231885,,,1405-07-13,1405,0.02934782608695663,False,فغدیر
2026-10-05,11980.0,12580.0,11980.0,12200.0,12060.0,8492921200.0,696012.0,101.0,4672600000000.0,1.2,0.0,0.0,242609897.14285716,202174914.2857143,,,1405-07-13,1405,-0.009740259740259716,False,فکمند
2026-10-05,4480.0,4740.0,4480.0,4580.0,4600.0,543975943350.0,118894212.0,2167.0,33663000000000.0,1.056,-120572434220.0,-0.2216503058526292,944238433.7193764,894146947.3891625,,,1405-07-13,1405,-0.006507592190889366,False,ختور
2026-10-05,5440.0,5750.0,5430.0,5730.0,5750.0,192756595660.0,33666651.0,1103.0,35533517760000.0,2.924,19378716750.0,0.10053464932625071,1114136969.1279068,381090358.2743362,,,1405-07-13,1405,0.025044722719141266,False,ختوقا
2026-10-05,51860.0,53600.0,51860.0,51930.0,52280.0,404266472240.0,7784376.0,1606.0,623160000000000.0,0.417,-39535555320.0,-0.09779578083964631,267116410.2094241,639844712.192691,,,1405-07-13,1405,-0.028619528619528656,False,خراسان
2026-10-05,20740.0,20750.0,20170.0,20740.0,20750.0,53754088760.0,2591216.0,216.0,20740000000000.0,3.406,2074000000.0,0.03858311149613096,1343545496.0,394410838.4732824,,,1405-07-13,1405,0.02928039702233254,False,خرینگ
2026-10-05,3250.0,3290.0,3110.0,3260.0,3250.0,102268530850.0,31371026.0,686.0,17530421800000.0,1.578,35678049620.0,0.34886635530464355,558849971.3661202,354210080.5319149,,,1405-07-13,1405,0.018750000000000044,False,خشرق
2026-10-05,2718.0,2878.0,2718.0,2757.0,2770.0,842932630347.0,305727356.0,1947.0,72291454149000.0,1.293,-55396059132.0,-0.06571825213267135,1704972623.0567684,1319043407.7160883,,,1405-07-13,1405,-0.016059957173447548,False,خصدرا
2026-10-05,6920.0,6920.0,6830.0,6840.0,6830.0,4148406460.0,606111.0,58.0,9579734640000.0,0.688,0.0,0.0,129556226.25,188445420.0,,,1405-07-13,1405,-0.02840909090909094,False,خعمرا
2026-10-05,26390.0,26390.0,24940.0,24960.0,24940.0,42375447750.0,1697671.0,175.0,2496000000000.0,0.576,7272545280.0,0.1716216740152321,651905664.0,1132300738.064516,,,1405-07-13,1405,-0.029171528588098017,False,خفناور
2026-10-05,14270.0,15140.0,14270.0,14830.0,15140.0,47917499350.0,3231743.0,261.0,4300700000000.0,2.445,-3094665080.0,-0.06458319240317369,1018910991.1363636,416754336.4347826,,,1405-07-13,1405,0.008843537414966018,False,خفولا
2026-10-05,6300.0,6300.0,6300.0,6300.0,6300.0,41137834500.0,6529815.0,91.0,35075531484000.0,9.39,31500000000.0,0.7657184774760081,2056891725.0,219041693.1818182,,,1405-07-13,1405,0.02941176470588225,False,خپویش
2026-10-05,23410.0,24760.0,23400.0,24460.0,24470.0,15239947460.0,623100.0,141.0,23288237560540.0,2.0,0.0,0.0,609641040.0,304820520.0,,,1405-07-13,1405,0.015359070153590615,False,خچرخش
2026-10-05,4600.0,4820.0,4600.0,4670.0,4690.0,30933570740.0,6619040.0,353.0,46700000000000.0,0.604,-2792660000.0,-0.09027926402265708,209768035.82089552,347208728.0898876,,,1405-07-13,1405,-0.00849256900212314,False,لخزر
2026-10-05,6300.0,6460.0,6180.0,6270.0,6240.0,26912407580.0,4290708.0,272.0,8884590000000.0,0.797,-804415920.0,-0.02989015076443042,258399240.0,324129387.4698795,,,1405-07-13,1405,-0.015698587127158548,False,لسرما
2026-10-05,3990.0,4200.0,3970.0,4170.0,4200.0,76466738270.0,18354561.0,630.0,25848408030000.0,6.653,5625772020.0,0.07357149196210903,1130868112.7272727,169979121.72413793,,,1405-07-13,1405,0.022058823529411686,False,لطیف
2026-10-05,3720.0,3820.0,3670.0,3740.0,3740.0,11094684470.0,2966096.0,125.0,56100000000000.0,0.842,-4313760880.0,-0.3888132998882842,161979934.28571427,192373892.17391303,,,1405-07-13,1405,0.005376344086021501,False,ما
2026-10-05,29350.0,30080.0,29350.0,29370.0,29350.0,1003989847950.0,34178598.0,4329.0,1909050000000000.0,0.448,-387519293040.0,-0.38597929434372025,648767134.8143235,1446682694.2079208,,,1405-07-13,1405,-0.029090909090909056,False,مارون
2026-10-05,18680.0,18680.0,18680.0,18680.0,18680.0,91401613600.0,4893020.0,470.0,168120000000000.0,11.427,14514360000.0,0.1587976341809353,2056246502.5641024,179943160.5479452,,,1405-07-13,1405,0.029768467475193017,False,محتشم
2026-10-05,9240.0,9760.0,9230.0,9250.0,9380.0,65678405360.0,7102540.0,349.0,53650000000000.0,0.534,-51106250000.0,-0.7781286667950247,228003828.125,426613603.8961039,,,1405-07-13,1405,-0.02733964248159837,False,مداران
2026-10-05,4880.0,5100.0,4880.0,4990.0,5020.0,7172243930.0,1436717.0,469.0,18712500000000.0,3.743,-2884314810.0,-0.40214956966752247,64377390.701754384,17201643.254593175,,,1405-07-13,1405,-0.005976095617529875,False,مدیریت
2026-10-05,3236.0,3236.0,3236.0,3236.0,3236.0,3861301988.0,1193233.0,23.0,4854000000000.0,7.5,0.0,0.0,1930650994.0,257420132.53333333,,,1405-07-13,1405,0.029917250159134268,False,معیار
2026-10-05,3630.0,3660.0,3460.0,3540.0,3530.0,107346535340.0,30360559.0,702.0,81420000000000.0,4.147,18749818860.0,0.1746662693920532,844736754.4954128,203684687.16666663,,,1405-07-13,1405,-0.005617977528089901,False,معین
2026-10-05,14400.0,14400.0,14400.0,14400.0,14400.0,28828281600.0,2001964.0,80.0,12080168020800.0,28.696,27093024000.0,0.939807109418551,1310376436.3636365,45664673.68421053,,,1405-07-13,1405,0.029306647605432445,False,مفاخر
2026-10-05,6720.0,6720.0,6720.0,6720.0,6720.0,66821973120.0,9943746.0,261.0,206016477401280.0,3.619,45696000000.0,0.6838469124211338,620142582.8571428,171340603.63636363,,,1405-07-13,1405,0.029096477794793296,False,ملت
2026-10-05,16560.0,16560.0,16560.0,16560.0,16560.0,52937683200.0,3196720.0,68.0,23018400000000.0,0.887,-2843732880.0,-0.05371849896143547,3130871895.0,3529178880.0,,,1405-07-13,1405,0.029850746268656803,False,ممسنی
2026-10-05,9350.0,9370.0,9210.0,9370.0,9370.0,148686041230.0,15869910.0,387.0,16866000000000.0,1.256,-11766939700.0,-0.07913950497745725,1347096989.3617022,1072822144.9612404,,,1405-07-13,1405,0.029670329670329565,False,ثتران
2026-10-05,15400.0,15700.0,15220.0,15270.0,15240.0,32713789310.0,2142545.0,237.0,3817500000000.0,1.105,0.0,0.0,380426304.0697674,344385917.368421,,,1405-07-13,1405,-0.026768642447418722,False,ثتوسا
2026-10-05,18020.0,18690.0,17980.0,18140.0,17980.0,112137135920.0,6181686.0,651.0,25396000000000.0,0.7,20754046560.0,0.1850773732513214,450344514.21686745,643533362.5352113,,,1405-07-13,1405,-0.021046950890447946,False,ثجنوب
2026-10-05,2241.0,2260.0,2240.0,2241.0,2257.0,16353844247.0,7297875.0,98.0,24209556615000.0,1.584,-2589341040.0,-0.1583322551500389,809717460.882353,511079308.59375,,,1405-07-13,1405,-0.029449978345604144,False,ثجوان
2026-10-05,5770.0,6090.0,5770.0,5870.0,5950.0,117286825110.0,19977837.0,644.0,11740000000000.0,0.829,-146750000.0,-0.0012512061765024957,603727593.7628866,728384491.8633541,,,1405-07-13,1405,-0.011784511784511786,False,ثرود
2026-10-05,104600.0,109200.0,104600.0,106700.0,106700.0,30646519500.0,287149.0,184.0,7042200000000.0,1.082,0.0,0.0,502275381.9672132,464224216.6666666,,,1405-07-13,1405,-0.00187090739008422,False,ثزاگرس
2026-10-05,11270.0,11570.0,11270.0,11300.0,11270.0,599023868540.0,52990133.0,3416.0,71081655600000.0,0.768,-528275000.0,-0.0008818930726209023,556344561.4299153,724507397.5520196,,,1405-07-13,1405,-0.0267011197243755,False,ثشاهد
2026-10-05,56600.0,56600.0,53840.0,53940.0,53840.0,8250224190.0,152941.0,25.0,7630727822400.0,0.529,0.0,0.0,485272796.47058827,916626393.3333334,,,1405-07-13,1405,-0.028108108108108154,False,ثعتما
2026-10-05,14650.0,14800.0,14470.0,14520.0,14470.0,18489569360.0,1273145.0,249.0,18876000000000.0,0.658,-2521543200.0,-0.136376524023056,217594826.08695653,330860116.98113203,,,1405-07-13,1405,-0.026156941649899346,False,ثعمرا
2026-10-05,19510.0,19510.0,19510.0,19510.0,19510.0,65057421680.0,3334568.0,165.0,46824000000000.0,4.0,0.0,0.0,2828583551.304348,707145887.826087,,,1405-07-13,1405,0.029551451187335154,False,ثغرب
2026-10-05,2679.0,2691.0,2600.0,2675.0,2691.0,67855804361.0,25365861.0,260.0,9362500000000.0,1.742,3477500000.0,0.05124837930590779,1384768942.3469388,794767631.7901233,,,1405-07-13,1405,0.023727516264829607,False,ثقزوی
2026-10-05,2278.0,2412.0,2275.0,2360.0,2412.0,28936510065.0,12263238.0,112.0,7814815849280.0,3.776,10128902880.0,0.3500388560074271,1315510985.4545455,348376644.4444444,,,1405-07-13,1405,0.0076857386848847575,False,ثنام
2026-10-05,75160.0,79800.0,75160.0,79550.0,79800.0,41479276410.0,521450.0,89.0,5928890138000.0,2.373,2031786550.0,0.048983172462241126,2612856465.3846154,1101218879.310345,,,1405-07-13,1405,0.02671657201858535,False,ثنظام
2026-10-05,6870.0,7070.0,6850.0,7070.0,7070.0,32891179670.0,4654208.0,131.0,8487436020000.0,3.151,6363000000.0,0.19345611996409126,1371052106.6666667,435118861.6393443,,,1405-07-13,1405,0.02911208151382816,False,ثنور
2026-10-05,4310.0,4460.0,4300.0,4320.0,4300.0,199333230230.0,46185701.0,919.0,19440000000000.0,0.455,-86400000000.0,-0.43344504024897224,487595811.724138,1072700152.2580644,,,1405-07-13,1405,-0.02483069977426633,False,ثپردیس
2026-10-05,1750.0,1799.0,1744.0,1748.0,1744.0,5384607716.0,3081060.0,27.0,34876109859892.0,0.714,0.0,0.0,384692348.5714286,538569288.0,,,1405-07-13,1405,-0.027267668336115714,False,خلیبل
2026-10-05,6080.0,6160.0,5990.0,6060.0,6060.0,153837219250.0,25403882.0,986.0,34748579340000.0,1.195,0.0,0.0,516602432.6174497,432436867.752809,,,1405-07-13,1405,-0.017828200972447306,False,خمحرکه
2026-10-05,5540.0,5700.0,5380.0,5540.0,5580.0,19797293550.0,3570406.0,213.0,35042821260000.0,1.452,0.0,0.0,319033052.2580645,219778324.88888887,,,1405-07-13,1405,0.0,False,خمحور
2026-10-05,4660.0,4660.0,4650.0,4660.0,4660.0,54131412660.0,11618101.0,281.0,12116000000000.0,2.792,5126000000.0,0.09469547806181343,984370012.0,352621227.7697841,,,1405-07-13,1405,0.028697571743929284,False,خنصیر
2026-10-05,8660.0,8670.0,8220.0,8660.0,8670.0,134818202830.0,15575536.0,900.0,54125000000000.0,2.624,-13795328040.0,-0.10232541118646508,776208567.948718,295797948.77192986,,,1405-07-13,1405,0.028503562945368266,False,خنور
2026-10-05,16670.0,17170.0,16670.0,17140.0,17170.0,217590811870.0,12697956.0,525.0,171400000000000.0,2.409,46021157100.0,0.2115032188376383,1994368100.3669727,827850076.5217391,,,1405-07-13,1405,0.028194361127774403,False,خودکفا
2026-10-05,19750.0,20640.0,19730.0,19880.0,19730.0,83321211600.0,4190604.0,303.0,22263139293360.0,1.032,3500927640.0,0.04201724354185939,936058511.4606742,906912271.3636364,,,1405-07-13,1405,-0.02213477619281845,False,خوساز
2026-10-05,10970.0,11610.0,10960.0,11410.0,11600.0,531263896370.0,46566324.0,3906.0,57050000000000.0,0.513,130821446280.0,0.2462456929105702,288655342.8959276,563087833.768546,,,1405-07-13,1405,0.010628875110717528,False,خکرمان
2026-10-05,68410.0,71520.0,68410.0,68650.0,70000.0,507779558420.0,7396705.0,1690.0,123570000000000.0,1.117,-60156553350.0,-0.1184698209143793,768129906.8080357,687548897.2789116,,,1405-07-13,1405,-0.026517300056721482,False,دابور
2026-10-05,3700.0,3810.0,3700.0,3720.0,3700.0,62208867460.0,16719457.0,732.0,44640000000000.0,2.959,-3720000000.0,-0.05979854885466195,408925734.5454545,138214177.86666667,,,1405-07-13,1405,-0.023622047244094446,False,داتام
2026-10-05,14890.0,15190.0,14880.0,14920.0,15000.0,103203780120.0,6914973.0,559.0,54309262505080.0,0.52,-33038907680.0,-0.32013272809953347,314864630.64220184,605234506.9047619,,,1405-07-13,1405,-0.027379400260756248,False,زبینا
2026-10-05,9460.0,9880.0,9460.0,9540.0,9720.0,222138413580.0,23282313.0,574.0,40068000000000.0,0.769,-20034925380.0,-0.0901911788110646,409032460.8,531959441.1764706,,,1405-07-13,1405,-0.021538461538461506,False,زدشت
2026-10-05,18450.0,18940.0,18450.0,18510.0,18500.0,59007854100.0,3188544.0,400.0,44512607370000.0,0.419,-28864494000.0,-0.48916359424092326,193304201.53846157,461093355.0,,,1405-07-13,1405,-0.02681388012618302,False,زشریف
2026-10-05,32690.0,34620.0,32690.0,33840.0,33690.0,118319573620.0,3496850.0,702.0,32486400000000.0,0.774,-23971037760.0,-0.202595707765026,397642723.4782609,513444838.2608696,,,1405-07-13,1405,0.004750593824228044,False,زشگزا
2026-10-05,23900.0,25290.0,23900.0,24850.0,24780.0,83773978430.0,3371649.0,1038.0,35751947973000.0,3.981,5388449150.0,0.06432127554384312,349908708.3333334,87900459.24608819,,,1405-07-13,1405,0.011807817589576608,False,زفارس
2026-10-05,52560.0,53990.0,52560.0,53100.0,53400.0,87731209220.0,1652315.0,927.0,47790000000000.0,1.758,814341600.0,0.009282233850874079,302769804.74452555,172210869.81132075,,,1405-07-13,1405,-0.019933554817275767,False,زفجر
2026-10-05,11130.0,11370.0,11130.0,11130.0,11130.0,125084701910.0,11233845.0,573.0,76764492163800.0,0.352,-53185228110.0,-0.4251937071270908,328070624.3835617,933079812.3134328,,,1405-07-13,1405,-0.02964254577157799,False,زقیام
2026-10-05,12870.0,13140.0,12870.0,12900.0,13020.0,107031932330.0,8300004.0,1107.0,14577000000000.0,0.611,-16002450000.0,-0.14951098846521219,208392681.00686496,340987425.477707,,,1405-07-13,1405,-0.02714932126696834,False,زماهان
2026-10-05,107700.0,113200.0,107700.0,108200.0,107700.0,144222190800.0,1332877.0,788.0,32460000000000.0,0.401,-60263829400.0,-0.417854069929993,263460635.2941177,656939646.3917526,,,1405-07-13,1405,-0.02522522522522519,False,زمگسا
2026-10-05,2805.0,2805.0,2805.0,2785.0,2805.0,6865268355.0,2447511.0,61.0,24368750000000.0,37.675,2095681865.0,0.3052585502318649,2785000000.0,73921662.44680852,,,1405-07-13,1405,0.02239353891336271,False,زنجان
2026-10-05,46400.0,48130.0,45380.0,48040.0,48130.0,220292640420.0,4585879.0,721.0,67032133600000.0,0.934,-1223194480.0,-0.005552588945631196,923280536.5581394,988754999.2079208,,,1405-07-13,1405,0.028033383265568146,False,زپارس
2026-10-05,14600.0,15200.0,14460.0,14980.0,15030.0,71978440710.0,4804088.0,821.0,35952000000000.0,1.288,17459339800.0,0.24256346244486462,347658155.7487923,269831180.3960396,,,1405-07-13,1405,0.006044325050369448,False,زکشت
2026-10-05,95520.0,97590.0,95000.0,97480.0,97590.0,225265424400.0,2310802.0,404.0,268070000000000.0,2.648,-37345075400.0,-0.16578254518850163,2406977784.6666665,908818712.4,,,1405-07-13,1405,0.028812664907651664,False,زکوثر
2026-10-05,11570.0,11570.0,11060.0,11220.0,11360.0,114203456180.0,10177485.0,563.0,62832000000000.0,0.82,2062864320.0,0.018063063842381866,394062699.3243243,480841155.38461536,,,1405-07-13,1405,-0.00883392226148405,False,زگلدشت
2026-10-05,76990.0,78410.0,75110.0,78050.0,78410.0,145879382670.0,1869148.0,581.0,230973449606200.0,0.809,-71233971550.0,-0.488307327918582,167394189.77272728,206840305.0,,,1405-07-13,1405,0.025220018389596754,False,سآبیک
2026-10-05,29660.0,29660.0,29660.0,29660.0,29660.0,9994559860.0,336971.0,78.0,6762480000000.0,2.692,0.0,0.0,768812296.9230769,285558853.14285713,,,1405-07-13,1405,0.029861111111111116,False,ساذری
2026-10-05,7440.0,7490.0,7350.0,7370.0,7350.0,13136986140.0,1782180.0,311.0,23584000000000.0,0.75,-73700000.0,-0.005610114771728,103658465.07936507,138259648.42105263,,,1405-07-13,1405,-0.026420079260237816,False,وتوس
2026-10-05,4230.0,4330.0,4160.0,4220.0,4310.0,67316963750.0,15951198.0,415.0,109720000000000.0,0.805,18899721540.0,0.2807571893793264,363999245.8181818,452309384.8351648,,,1405-07-13,1405,-0.014018691588784993,False,وتوسم
2026-10-05,1574.0,1656.0,1561.0,1624.0,1648.0,29039291831.0,17886659.0,116.0,32480000000000.0,3.906,15001786072.0,0.5166030273501817,1075849415.4074073,275414669.4901961,,,1405-07-13,1405,0.00995024875621886,False,وتوسکا
2026-10-05,8700.0,8800.0,8320.0,8570.0,8520.0,19400360140.0,2263824.0,235.0,85700000000000.0,0.959,-293308250.0,-0.015118701296438922,233091090.75949368,242954602.85714287,,,1405-07-13,1405,0.001168224299065379,False,وتوشه
2026-10-05,3040.0,3100.0,2990.0,3020.0,3020.0,68190486880.0,22576452.0,668.0,105700000000000.0,0.747,-7182671360.0,-0.10533245454956047,261546581.14537445,350282869.8947368,,,1405-07-13,1405,-0.01948051948051943,False,وتوصا
2026-10-05,5310.0,5310.0,5170.0,5170.0,5170.0,10651192170.0,2059233.0,81.0,5714349300000.0,0.553,0.0,0.0,280164068.68421054,506963552.85714287,,,1405-07-13,1405,-0.02819548872180455,False,وثخوز
2026-10-05,6420.0,6800.0,6420.0,6590.0,6800.0,541975379530.0,82262748.0,1337.0,21747000000000.0,1.062,55095200750.0,0.10165627965937946,1776216313.552632,1671981236.4482758,,,1405-07-13,1405,-0.00302571860816947,False,وثنو
2026-10-05,45940.0,45950.0,44640.0,45560.0,45570.0,24431971930.0,536269.0,119.0,14579200000000.0,1.829,5083493680.0,0.20806726917355295,842497091.0344827,460688618.09523815,,,1405-07-13,1405,0.021066786194531506,False,وثوق
2026-10-05,2886.0,3000.0,2886.0,2900.0,2886.0,15638819423.0,5392166.0,156.0,14500000000000.0,0.653,-6273599000.0,-0.401155536764714,243652591.8918919,372896217.0731707,,,1405-07-13,1405,-0.025210084033613467,False,وجامی
2026-10-05,2321.0,2441.0,2320.0,2375.0,2410.0,92566192037.0,38974817.0,338.0,20187500000000.0,1.007,5508019250.0,0.059503573916040185,1232619205.0,1224484804.5774648,,,1405-07-13,1405,-0.002938706968933724,False,وحافظ
2026-10-05,5420.0,5720.0,5420.0,5550.0,5720.0,14840172990.0,2675568.0,70.0,7492500000000.0,2.4,0.0,0.0,989960160.0,412483400.0,,,1405-07-13,1405,-0.0035906642728904536,False,ودانا
2026-10-05,6590.0,6950.0,6590.0,6930.0,6950.0,40638008350.0,5862189.0,241.0,138600000000000.0,1.4,14442300180.0,0.3553889761430693,282465190.0,201817218.35820892,,,1405-07-13,1405,0.026666666666666616,False,ودی
2026-10-05,8160.0,8400.0,8160.0,8170.0,8170.0,75362915850.0,9226218.0,509.0,21487100000000.0,0.647,-1634000000.0,-0.02168175131721632,384084380.5208334,593529142.2047244,,,1405-07-13,1405,-0.028537455410225898,False,ثنوسا
2026-10-05,357100.0,357100.0,356000.0,357100.0,357100.0,216370526200.0,605926.0,588.0,714200000000000.0,1.761,-31662628600.0,-0.14633522021725343,777878341.509434,441758670.9090909,,,1405-07-13,1405,0.02999711566195562,False,جم پیلن
2026-10-05,80460.0,80730.0,76030.0,79900.0,79900.0,426352037740.0,5336061.0,1063.0,1438200000000000.0,0.854,-66002593500.0,-0.15480773552734844,834589281.25,976702926.6666667,,,1405-07-13,1405,0.01939270221995404,False,جم
2026-10-05,660.0,660.0,660.0,660.0,660.0,3262022940.0,4942459.0,47.0,2186580000000.0,14.5,0.0,0.0,1631011470.0,112483549.6551724,,,1405-07-13,1405,0.0185185185185186,False,جهرم
2026-10-05,6730.0,6920.0,6730.0,6760.0,6790.0,180485758020.0,26716275.0,443.0,100794844800000.0,0.614,-53257449960.0,-0.2950784069848793,809630666.0,1319413420.0,,,1405-07-13,1405,-0.024531024531024515,False,جوین
2026-10-05,4410.0,4640.0,4410.0,4490.0,4510.0,13651838700.0,3039192.0,208.0,17062000000000.0,1.128,-317514840.0,-0.023258027506580486,168947737.4025974,149735849.66292134,,,1405-07-13,1405,-0.011013215859030812,False,حآسا
2026-10-05,10260.0,10260.0,10250.0,10150.0,10260.0,21118233300.0,2058608.0,77.0,30450000000000.0,0.894,-71050000.0,-0.0033643912817271507,718062799.9999999,803648892.3076923,,,1405-07-13,1405,0.01805416248746239,False,حبندر
2026-10-05,23400.0,23400.0,22360.0,22370.0,22360.0,18082639400.0,808190.0,126.0,42503000000000.0,0.136,0.0,0.0,205445571.59090903,1506600858.3333335,,,1405-07-13,1405,-0.02950108459869849,False,حپارسا
2026-10-05,16510.0,17530.0,16510.0,17110.0,17530.0,44983244070.0,2628813.0,232.0,23919780000000.0,0.705,-20656167270.0,-0.4591969231444539,368527623.6363636,523011516.627907,,,1405-07-13,1405,0.00528789659224449,False,حپترو
2026-10-05,11700.0,11700.0,11700.0,11700.0,11700.0,24429178800.0,2087964.0,139.0,35100000000000.0,0.16,0.0,0.0,301594800.0,1879167600.0,,,1405-07-13,1405,-0.02985074626865669,False,حپرتو
2026-10-05,26280.0,26280.0,26280.0,26280.0,26280.0,4191318360.0,159487.0,43.0,50720400000000.0,46.918,2628000000.0,0.6270103519409106,2095659180.0,44666238.85714286,,,1405-07-13,1405,0.029780564263322873,False,چافست
2026-10-05,235800.0,235800.0,235800.0,235800.0,235800.0,37642640400.0,159638.0,595.0,47160000000000.0,63.562,18761427000.0,0.498408900136559,2214272964.705882,34836187.08487085,,,1405-07-13,1405,0.029694323144104695,False,چخزر
2026-10-05,6580.0,6930.0,6580.0,6620.0,6580.0,65735058760.0,9924026.0,543.0,11916000000000.0,0.559,-5812360000.0,-0.08842100561925473,275966323.1336406,493962797.8947369,,,1405-07-13,1405,-0.02359882005899705,False,چفیبر
2026-10-05,16650.0,16650.0,16240.0,16260.0,16240.0,130373986000.0,8016498.0,552.0,27967200000000.0,0.758,0.0,0.0,686043460.4210526,905196232.5,,,1405-07-13,1405,-0.028673835125448077,False,چنوپا
2026-10-05,5140.0,5180.0,4970.0,5080.0,5180.0,82945293540.0,16316180.0,464.0,15023058600000.0,2.267,0.0,0.0,963792958.1395348,425057407.1794872,,,1405-07-13,1405,0.00994035785288272,False,چکارن
2026-10-05,16150.0,16150.0,16150.0,16150.0,16150.0,126707845050.0,7845687.0,210.0,11305000000000.0,9.353,114665000000.0,0.9049558056547502,2120217712.7118645,226692283.69565216,,,1405-07-13,1405,0.029974489795918435,False,چکاوه
2026-10-05,24810.0,26310.0,24800.0,25910.0,26310.0,118838933650.0,4585836.0,207.0,62184000000000.0,1.029,18446158120.0,0.155219821934173,1468659237.0149252,1427750192.142857,,,1405-07-13,1405,0.014090019569471535,False,کاریز
2026-10-05,15530.0,15530.0,15530.0,15530.0,15530.0,14182182360.0,913212.0,36.0,19101900000000.0,1.683,-1547036480.0,-0.10908310447081292,1403242484.4444444,833895225.8823528,,,1405-07-13,1405,0.02984084880636595,False,کازرو
2026-10-05,37020.0,39300.0,37020.0,38100.0,39000.0,756579084330.0,19857220.0,3627.0,302514000000000.0,0.638,-5277650100.0,-0.006975675391124118,562583579.4642857,881236142.9958391,,,1405-07-13,1405,-0.0015723270440252124,False,کاسپین
2026-10-05,13660.0,14250.0,13660.0,14060.0,14220.0,48197383690.0,3428081.0,755.0,78736000000000.0,3.284,-10916577680.0,-0.22649730844757396,351716736.2264151,107107892.71111111,,,1405-07-13,1405,0.004285714285714226,False,کانسار
2026-10-05,6890.0,7020.0,6890.0,6890.0,6890.0,2060534503290.0,298856838.0,3521.0,420290000000000.0,0.496,-1081609197630.0,-0.5249168096447906,771493284.5454545,1556290429.390244,,,1405-07-13,1405,-0.029577464788732355,False,کاوه
2026-10-05,16390.0,16400.0,15550.0,15580.0,15660.0,9268790360.0,594773.0,49.0,7680924420000.0,0.615,0.0,0.0,356406282.30769235,579160208.75,,,1405-07-13,1405,-0.02807236431690585,False,کایتا
2026-10-05,21900.0,23030.0,21900.0,22870.0,23000.0,71047500540.0,3106751.0,295.0,25566212910000.0,1.084,7318400000.0,0.10300714232557294,664031732.4299065,612817263.1730769,,,1405-07-13,1405,0.02280858676207509,False,کباده
2026-10-05,43670.0,46330.0,43670.0,46050.0,46330.0,39904303920.0,866495.0,377.0,55950750000000.0,1.796,-2080631100.0,-0.05214051858093406,325069043.1818182,181044142.8229665,,,1405-07-13,1405,0.023560791286952654,False,کبافق
2026-10-05,3590.0,3660.0,3520.0,3640.0,3660.0,65488119540.0,18004550.0,356.0,9814921480000.0,2.696,4368000000.0,0.06669912085858619,1057041322.5806452,392106166.6666667,,,1405-07-13,1405,0.022471910112359605,False,کترام
2026-10-05,18550.0,19300.0,18550.0,19190.0,19290.0,10255131550.0,534532.0,735.0,20533300000000.0,10.305,-1220637520.0,-0.11902699775703998,161375563.57142857,15660563.48091603,,,1405-07-13,1405,0.0047120418848167755,False,کتوسعه
2026-10-05,19450.0,20180.0,19220.0,19790.0,20160.0,188897839480.0,9544957.0,670.0,49672900000000.0,1.021,-27513957840.0,-0.14565522779795004,892463073.0722892,873944417.761194,,,1405-07-13,1405,-0.0005050505050504528,False,کپارس
2026-10-05,22680.0,22680.0,22300.0,22640.0,22680.0,164903170960.0,7284126.0,563.0,38714400000000.0,1.284,38706996720.0,0.23472560590959785,796945565.5172414,620879078.757764,,,1405-07-13,1405,0.028156221616712163,False,کپرور
2026-10-05,32900.0,33090.0,31180.0,32650.0,33090.0,277708224810.0,8504442.0,1521.0,195900000000000.0,0.725,-44726190200.0,-0.16105461129428333,536905300.9234828,740935221.641791,,,1405-07-13,1405,0.016184251478369216,False,کپشیر
2026-10-05,6350.0,6350.0,6350.0,6350.0,6350.0,17631765600.0,2776656.0,126.0,30861000000000.0,3.812,6069050600.0,0.3442111662373733,734656900.0,192711916.66666663,,,1405-07-13,1405,0.029173419773095732,False,لابسا
2026-10-05,223200.0,223200.0,223200.0,223200.0,223200.0,55849104000.0,250220.0,110.0,48546000000000.0,0.637,-11371816800.0,-0.20361681720086325,988384160.0,1551364000.0,,,1405-07-13,1405,0.029995385325334523,False,لازما
2026-10-05,4730.0,4740.0,4630.0,4650.0,4670.0,46755017610.0,10048558.0,432.0,66343168200000.0,0.614,-6162579900.0,-0.13180574438885342,225781798.265896,367665292.6829268,,,1405-07-13,1405,-0.02515723270440251,False,لبوتان
2026-10-05,35850.0,36220.0,34480.0,36020.0,36220.0,236785516310.0,6573713.0,1091.0,36020000000000.0,2.111,54750400000.0,0.2312236020733662,1195810985.9487178,566453150.031746,,,1405-07-13,1405,0.0241683252772249,False,لپارس
2026-10-05,137100.0,138000.0,137000.0,137900.0,138000.0,78030899400.0,565701.0,203.0,24822000000000.0,1.262,0.0,0.0,1529051616.6666667,1211701281.1320755,,,1405-07-13,1405,0.029104477611940238,False,لپیام
2026-10-05,11580.0,11580.0,11000.0,11360.0,11540.0,39651426820.0,3490100.0,209.0,6816000000000.0,1.53,10115807360.0,0.2551183695336187,792950720.0,518100502.45614034,,,1405-07-13,1405,0.0017636684303350414,False,کیا
2026-10-05,7370.0,7380.0,7290.0,7330.0,7380.0,22858219640.0,3116977.0,511.0,73300000000000.0,5.341,-820065740.0,-0.03587618602478351,295554762.5,55338067.6984127,,,1405-07-13,1405,-0.006775067750677488,False,کیانا
2026-10-05,6610.0,6610.0,6390.0,6410.0,6390.0,166966746490.0,26037570.0,691.0,32050000000000.0,1.027,78029885090.0,0.46733787853183917,480140941.3559322,467733033.8970588,,,1405-07-13,1405,-0.02583586626139822,False,کیمیا
2026-10-05,23880.0,23880.0,22880.0,23780.0,23100.0,2002272621340.0,84183883.0,3182.0,356700000000000.0,1.832,1297759970200.0,0.6481434927335158,1994756914.7183096,1088815504.4444444,,,1405-07-13,1405,0.02544200086244075,False,کیمیاتک
2026-10-05,6610.0,6810.0,6580.0,6670.0,6780.0,164253685030.0,24627291.0,2471.0,10005000000000.0,2.56,-29679238870.0,-0.18069146433201336,313543908.0046948,122467324.59114778,,,1405-07-13,1405,-0.016224188790560423,False,گدنا
2026-10-05,26800.0,27310.0,26500.0,26730.0,26550.0,150516250100.0,5631446.0,746.0,39708590451750.0,1.007,-22132333080.0,-0.14704281474788083,682958609.0425532,678056538.6486486,,,1405-07-13,1405,-0.02123764188941779,False,گشان
2026-10-05,17610.0,17800.0,17450.0,17470.0,17450.0,14272233840.0,817190.0,42.0,366870000000000.0,0.889,5133384800.0,0.3596763378142633,707772092.8571428,795904083.3333334,,,1405-07-13,1405,-0.02836484983314791,False,گنگین
2026-10-05,6700.0,6950.0,6670.0,6850.0,6950.0,22648027230.0,3304515.0,244.0,137000000000000.0,0.698,-13619560450.0,-0.6013574741714932,143702344.44444445,205876750.0,,,1405-07-13,1405,-0.0029112081513827937,False,گوهران
2026-10-05,280100.0,296000.0,279900.0,286300.0,296000.0,3588200500.0,12578.0,21.0,4382396104100.0,0.889,0.0,0.0,400120155.5555556,450135175.0,,,1405-07-13,1405,-0.007625649913344912,False,گپارس
2026-10-05,9320.0,9720.0,9310.0,9360.0,9700.0,4500180600.0,480793.0,57.0,3833856000000.0,1.25,0.0,0.0,281263905.0,225011124.0,,,1405-07-13,1405,-0.023983315954118845,False,گکیش
2026-10-05,8860.0,8990.0,8760.0,8940.0,8990.0,76090237640.0,8508088.0,356.0,36207000000000.0,1.405,9387000000.0,0.12336668002552449,633231412.8813559,450581425.6551724,,,1405-07-13,1405,0.02405498281786933,False,بشهاب
2026-10-05,3700.0,3820.0,3600.0,3760.0,3760.0,67819041540.0,18058521.0,377.0,97760000000000.0,0.635,-21530692480.0,-0.3174726742090729,181028802.01680672,285252449.8013245,,,1405-07-13,1405,0.013477088948786964,False,بموتو
2026-10-05,8300.0,8560.0,8090.0,8540.0,8560.0,105077325920.0,12304875.0,715.0,72342340000000.0,6.163,-16961900340.0,-0.1614230300542083,343857936.2790697,55795767.31107206,,,1405-07-13,1405,0.02644230769230771,False,بمولد
2026-10-05,7140.0,7300.0,7140.0,7150.0,7180.0,131591878080.0,18413683.0,363.0,112255000000000.0,1.186,24097101600.0,0.18311997633585259,804444904.5454545,678154924.5370371,,,1405-07-13,1405,-0.028532608695652217,False,بمپنا
2026-10-05,7070.0,7070.0,7070.0,7070.0,7070.0,12422739420.0,1757106.0,61.0,8024450000000.0,0.222,0.0,0.0,276060876.0,1242273942.0,,,1405-07-13,1405,-0.028846153846153855,False,بمیلا
2026-10-05,3750.0,3900.0,3710.0,3870.0,3900.0,76328652060.0,19711477.0,446.0,92106000000000.0,1.853,-1319604210.0,-0.017288451641497518,948982802.5,512105632.2794117,,,1405-07-13,1405,0.02110817941952514,False,بنیرو
2026-10-05,8990.0,8990.0,8990.0,8990.0,8990.0,15673507620.0,1743438.0,33.0,21576000000000.0,1.27,3330201660.0,0.21247328554270356,1306125635.0,1028608830.0,,,1405-07-13,1405,0.02978235967926679,False,بهامرز
2026-10-05,15080.0,15340.0,15080.0,15120.0,15200.0,289098969620.0,19126043.0,1616.0,80619840000000.0,0.59,-39872634480.0,-0.13792036177925412,400801474.6191248,678882137.8723404,,,1405-07-13,1405,-0.027027027027026973,False,بهپاک
2026-10-05,4890.0,4890.0,4760.0,4890.0,4890.0,10156679800.0,2077936.0,86.0,2934000000000.0,1.363,4389518280.0,0.4321804336098102,327777646.4516129,240482865.0,,,1405-07-13,1405,0.018750000000000044,False,بهیر
2026-10-05,60950.0,64600.0,60940.0,62400.0,63330.0,630846682190.0,10109233.0,3388.0,1253616000000000.0,1.199,-148928769600.0,-0.23607759825729774,482428504.109589,402206994.5109078,,,1405-07-13,1405,-0.006685768863419317,False,بوعلی
2026-10-05,12800.0,13110.0,12550.0,12980.0,13100.0,55062543680.0,4240858.0,382.0,9553929000000.0,1.539,649000000.0,0.011786596779322636,561697314.6938775,365082797.5838926,,,1405-07-13,1405,0.01963864886095834,False,بکاب
2026-10-05,5610.0,5690.0,5470.0,5670.0,5690.0,64774879050.0,11420074.0,256.0,34827975000000.0,3.106,23717383200.0,0.3661509453640578,1364428076.1702127,439247134.5652174,,,1405-07-13,1405,0.025316455696202445,False,بکابل
2026-10-05,25420.0,26000.0,25420.0,25490.0,25500.0,84153895130.0,3301695.0,1375.0,109607000000000.0,8.115,16573011730.0,0.19693695347551288,387347488.29545456,47733715.27289547,,,1405-07-13,1405,-0.02709923664122138,False,بگیلان
2026-10-05,31760.0,31760.0,31760.0,31760.0,31760.0,38348834320.0,1207457.0,386.0,57244224000000.0,6.728,5930862400.0,0.154655610924447,798934048.3333334,118747149.89010988,,,1405-07-13,1405,0.0298313878080414,False,بیوتیک
2026-10-05,19600.0,19700.0,19300.0,19470.0,19600.0,4178984370.0,214611.0,35.0,120714000000000.0,0.162,-3756152400.0,-0.8988194421028667,42232377.0,261154760.625,,,1405-07-13,1405,-0.008150789607743292,False,پارتا
2026-10-05,12430.0,12430.0,12230.0,12420.0,12430.0,23763752890.0,1912859.0,114.0,14407200000000.0,2.445,11004120000.0,0.4630632228392946,742428399.375,303656875.71428573,,,1405-07-13,1405,0.028997514498757315,False,فلامی
2026-10-05,2560.0,2574.0,2455.0,2486.0,2474.0,124379877546.0,50023288.0,858.0,28091800000000.0,0.415,24186420786.0,0.19445605883520042,303538182.365,731044001.2030075,,,1405-07-13,1405,-0.017391304347826098,False,فلوله
2026-10-05,30510.0,31430.0,30510.0,30550.0,30510.0,129537677900.0,4240211.0,591.0,12372750000000.0,0.585,-22178108550.0,-0.17120971218212644,606555579.0960453,1036307568.4,,,1405-07-13,1405,-0.02861685214626386,False,فماک
2026-10-05,3730.0,3940.0,3720.0,3830.0,3940.0,166789517220.0,43505908.0,965.0,8456597038890.0,0.785,-2282680000.0,-0.013685992009852044,568667638.8927335,724467946.2608696,,,1405-07-13,1405,0.0,False,فمراد
2026-10-05,10530.0,10530.0,9950.0,10520.0,10520.0,511774310820.0,48631355.0,1918.0,63120000000000.0,7.057,353437925720.0,0.6906128702585667,1387170822.1556883,196560158.99821112,,,1405-07-13,1405,0.02834799608993155,False,فن افزار
2026-10-05,8730.0,8740.0,8500.0,8730.0,8740.0,81264278220.0,9303626.0,611.0,56745000000000.0,1.825,52380.0,6.445636526567798e-07,592851496.2043796,324882410.40000004,,,1405-07-13,1405,0.028268551236749095,False,فنر
2026-10-05,5270.0,5280.0,5230.0,5280.0,5280.0,90011977130.0,17056118.0,533.0,17952000000000.0,1.803,15413745600.0,0.1712410513740706,656186946.4615384,364013320.0,,,1405-07-13,1405,0.029239766081871288,False,فنفت
2026-10-05,14980.0,14980.0,14980.0,14980.0,14980.0,119343967260.0,7966887.0,248.0,171477662860000.0,14.034,5218732400.0,0.0437284977181175,1773077740.0,126340791.29411764,,,1405-07-13,1405,0.02955326460481089,False,فنوال
2026-10-05,12750.0,12750.0,12480.0,12560.0,12700.0,230410894230.0,18343719.0,1158.0,79580160000000.0,0.597,-48218405200.0,-0.20927137738490603,556272960.4968944,931714338.0327868,,,1405-07-13,1405,-0.023328149300155476,False,فنورد
2026-10-05,5770.0,5770.0,5770.0,5770.0,5770.0,101503912820.0,17591666.0,233.0,18464000000000.0,1.85,11540000000.0,0.11369019852923538,1663998570.8196723,899639128.2,,,1405-07-13,1405,0.028520499108734443,False,فولای
2026-10-05,7640.0,7640.0,7640.0,7640.0,7640.0,8851994320.0,1158638.0,33.0,181450000000000.0,10.737,4564747200.0,0.5156744384354733,1770398864.0,164894120.0,,,1405-07-13,1405,0.029649595687331498,False,فوکا
2026-10-05,12360.0,13040.0,12360.0,12560.0,12490.0,561266737640.0,44685911.0,2861.0,44588000000000.0,1.19,-8024709600.0,-0.014297497182430752,746209613.7517053,627114527.0960451,,,1405-07-13,1405,-0.014128728414442682,False,فگستر
2026-10-05,118500.0,118500.0,118500.0,118500.0,118500.0,81291000.0,686.0,2.0,40669200000000.0,2.0,0.0,0.0,81291000.0,40645500.0,,,1405-07-13,1405,0.009369676320272635,False,قاروم
2026-10-05,27200.0,27200.0,27200.0,27200.0,27200.0,20825788800.0,765654.0,107.0,27200000000000.0,0.185,0.0,0.0,257108503.7037037,1388385920.0,,,1405-07-13,1405,-0.029957203994293913,False,آ س پ
2026-10-05,1135.0,1135.0,1135.0,1135.0,1135.0,41472104365.0,36539299.0,215.0,13463810380000.0,5.296,18121410000.0,0.4369541955361541,1120475121.25,211578041.57142857,,,1405-07-13,1405,0.029945553539020064,False,آباد
2026-10-05,11080.0,11080.0,10780.0,10850.0,10810.0,22601250950.0,2083387.0,1062.0,27125000000000.0,5.659,-8278550000.0,-0.36628724747645,144709080.3030303,25570982.97511312,,,1405-07-13,1405,-0.023402340234023433,False,آبادا
2026-10-05,14380.0,14380.0,14380.0,14380.0,14380.0,6173147060.0,429287.0,22.0,25921604534040.0,2.333,0.0,0.0,1028857843.3333333,440939075.7142857,,,1405-07-13,1405,0.029348604151753666,False,آبین
2026-10-05,35920.0,36450.0,34880.0,36290.0,36450.0,134202673190.0,3697597.0,916.0,72580000000000.0,2.738,12778108190.0,0.09521500493443338,556577954.9456521,203247699.59183672,,,1405-07-13,1405,0.02543091268719988,False,آردینه
2026-10-05,1964.0,1964.0,1964.0,1964.0,1964.0,2471536880.0,1258420.0,15.0,27496000000000.0,2.063,1473000000.0,0.5959854420622686,411922813.3333333,199707376.0,,,1405-07-13,1405,0.029889879391714835,False,آرمان
2026-10-05,8080.0,8160.0,8020.0,8060.0,8070.0,96607738130.0,11989389.0,263.0,1209000000000000.0,0.679,-44004150320.0,-0.45549301921121377,727587967.6,1071780649.3333333,,,1405-07-13,1405,0.012562814070351758,False,آریان
2026-10-05,10000.0,10480.0,10000.0,10330.0,10150.0,132494814380.0,12828910.0,961.0,103300000000000.0,1.103,73256403610.0,0.5529001565291298,371655132.8248588,337049210.46242774,,,1405-07-13,1405,0.014734774066797574,False,آپ
2026-10-05,6080.0,6200.0,6080.0,6100.0,6090.0,6590633920.0,1079999.0,117.0,30500000000000.0,2.77,317291500.0,0.048142789275117254,167414256.0,60438514.0625,,,1405-07-13,1405,-0.025559105431309903,False,اتکاسا
2026-10-05,3440.0,3530.0,3430.0,3520.0,3530.0,36914948970.0,10483166.0,174.0,95040000000000.0,1.968,8842049920.0,0.23952491244633028,927275044.102564,471063393.1034483,,,1405-07-13,1405,0.026239067055393583,False,اتکای
2026-10-05,16420.0,16790.0,16370.0,16600.0,16490.0,4739825880.0,285577.0,577.0,18260000000000.0,7.923,-1028087800.0,-0.21690412813223425,72790349.01960784,9186813.178294577,,,1405-07-13,1405,-0.016004742145821038,False,اخشان
2026-10-05,29000.0,29800.0,28960.0,29480.0,29580.0,102479298140.0,3476030.0,798.0,66919600000000.0,1.495,17703801280.0,0.17275490368615048,262244735.8928572,175380425.47008547,,,1405-07-13,1405,-0.007407407407407418,False,اردستان
2026-10-05,13900.0,14570.0,13900.0,14360.0,14570.0,100706607800.0,7011584.0,751.0,287200000000000.0,4.267,23600042520.0,0.23434452848286685,687238290.4918033,161077617.4331551,,,1405-07-13,1405,0.014840989399293347,False,اپال
2026-10-05,4850.0,4990.0,4850.0,4990.0,4990.0,50085411540.0,10046800.0,230.0,11227500000000.0,2.014,-9837485600.0,-0.19641419122898557,650774789.4736842,323055398.13084114,,,1405-07-13,1405,0.028865979381443196,False,اپرداز
2026-10-05,10010.0,10010.0,10010.0,10010.0,10010.0,25538823310.0,2551331.0,417.0,48901635142360.0,170.391,16501485000.0,0.6461333319745655,2816977913.75,16532433.726027396,,,1405-07-13,1405,0.029835390946502116,False,غانیزان
2026-10-05,19450.0,19450.0,18640.0,18760.0,18750.0,549382088040.0,29280949.0,1814.0,656600000000000.0,0.752,-20995741760.0,-0.03821701183397759,881260211.294964,1171964264.3119266,,,1405-07-13,1405,-0.02342529932326909,False,غبشهر
2026-10-05,5400.0,5400.0,5400.0,5400.0,5400.0,6021345600.0,1115064.0,50.0,12420000000000.0,7.2,0.0,0.0,1204269120.0,167259600.0,,,1405-07-13,1405,0.02857142857142847,False,غبهار
2026-10-05,91100.0,95690.0,90130.0,94730.0,95690.0,165393584410.0,1745967.0,444.0,34102800000000.0,1.536,-30065123210.0,-0.18177925895523556,1253389512.5742574,815924291.5625,,,1405-07-13,1405,0.019588849424173826,False,غبهنوش
2026-10-05,19880.0,21100.0,19880.0,20580.0,21090.0,660277662230.0,32083872.0,2998.0,41160000000000.0,0.733,-82634215440.0,-0.12515070578173723,618290312.6548673,843059997.477004,,,1405-07-13,1405,0.004392386530014614,False,غدانه
2026-10-05,14330.0,14330.0,13900.0,14330.0,14330.0,98247419280.0,6857782.0,349.0,71650000000000.0,2.851,49150438340.0,0.5002720549831831,1129563402.9885058,396141755.8064516,,,1405-07-13,1405,0.029454022988505857,False,غدیس
2026-10-05,8640.0,8900.0,8440.0,8890.0,8900.0,88612221280.0,9972497.0,627.0,53340000000000.0,1.787,12880152040.0,0.14535412671013906,433966137.1354166,242901194.10344827,,,1405-07-13,1405,0.02774566473988438,False,غسالم
2026-10-05,20550.0,21590.0,20550.0,21520.0,21590.0,144869326180.0,6731589.0,464.0,36888242184960.0,1.735,19596068960.0,0.1352672058103722,763222195.076923,439905062.98342544,,,1405-07-13,1405,0.026227944682880366,False,غشاذر
2026-10-05,22120.0,22150.0,21750.0,22130.0,22130.0,421945344380.0,19067643.0,1399.0,52293190000000.0,0.506,53512508740.0,0.12682331835804578,964475850.2097902,1906072121.693122,,,1405-07-13,1405,0.02882380288238018,False,غشان
2026-10-05,25370.0,25910.0,25370.0,25660.0,25800.0,48125313440.0,1875469.0,261.0,55055069600000.0,1.051,13872899380.0,0.28826616157619356,356644100.5217391,339264652.25,,,1405-07-13,1405,-0.01873804971319315,False,غشصفا
2026-10-05,9050.0,9520.0,9050.0,9470.0,9520.0,76745562210.0,8102152.0,390.0,17993000000000.0,1.538,1515200000.0,0.01974316112056012,853653875.7647058,555042026.875,,,1405-07-13,1405,0.023783783783783763,False,غشهد
2026-10-05,32800.0,33090.0,31910.0,33050.0,33090.0,151474561770.0,4583440.0,458.0,33050000000000.0,1.106,-17335617350.0,-0.1144457336428708,1374522973.026316,1242850645.9183674,,,1405-07-13,1405,0.028633675692499194,False,غپآذر
2026-10-05,8600.0,8730.0,8550.0,8570.0,8570.0,80630572640.0,9407606.0,690.0,27004070000000.0,0.861,-2571000000.0,-0.03188616818435633,279756929.82078856,325093481.5322581,,,1405-07-13,1405,-0.02724177071509648,False,غپونه
2026-10-05,91850.0,97080.0,91700.0,92210.0,94500.0,64404165430.0,698486.0,219.0,129094000000000.0,0.441,-9732396660.0,-0.15111439757072867,203521058.84210527,461379321.4285714,,,1405-07-13,1405,-0.02454247328890302,False,سخوز
2026-10-05,37700.0,39110.0,37550.0,38060.0,38730.0,81488235050.0,2140818.0,632.0,9515000000000.0,0.853,0.0,0.0,363747915.5357143,426594414.0314136,,,1405-07-13,1405,-0.01679152673727724,False,سدبیر
2026-10-05,41200.0,41210.0,40200.0,41210.0,41210.0,40677239430.0,987168.0,192.0,140114000000000.0,1.941,7417800000.0,0.1823575076367959,884373766.9565217,455662921.6438356,,,1405-07-13,1405,0.029992501874531285,False,سدشت
2026-10-05,34900.0,35660.0,33960.0,35410.0,35660.0,69853386120.0,1972720.0,356.0,22722501570050.0,1.218,6124690650.0,0.08767922344492353,566635605.1351352,465343127.21311474,,,1405-07-13,1405,0.02252382327461744,False,سدور
2026-10-05,25860.0,26990.0,25850.0,26170.0,26380.0,202571457240.0,7740204.0,1147.0,162254000000000.0,0.606,-50954507860.0,-0.25153843761725414,304646060.4166666,502309818.5449735,,,1405-07-13,1405,-0.017642642642642592,False,سشرق
2026-10-05,18340.0,19430.0,18340.0,19280.0,19300.0,68740064480.0,3565734.0,319.0,96400000000000.0,2.805,19032695440.0,0.276879220058596,964862260.9230767,343963397.7952756,,,1405-07-13,1405,0.021727609962904015,False,سشمال
2026-10-05,165900.0,166500.0,160100.0,162600.0,163600.0,268313173800.0,1649753.0,1743.0,178860000000000.0,0.699,-5142712800.0,-0.019166829295654955,396601259.5419848,567273100.2141328,,,1405-07-13,1405,-0.003065603923973037,False,سصوفی
2026-10-05,23220.0,24290.0,23200.0,23280.0,23400.0,148227863270.0,6367647.0,328.0,151320000000000.0,0.719,-9047259840.0,-0.06103616176076313,319062311.28712875,443790895.483871,,,1405-07-13,1405,-0.02634880803011297,False,سغدیر
2026-10-05,8500.0,8650.0,8380.0,8480.0,8480.0,49147282040.0,5796862.0,468.0,47912000000000.0,1.059,-1849208160.0,-0.037625847925729976,249837868.7179487,235976391.2138728,,,1405-07-13,1405,-0.017381228273464666,False,سغرب
2026-10-05,219500.0,224400.0,219300.0,219700.0,219500.0,8284294900.0,37715.0,156.0,51190100000000.0,0.545,-787404800.0,-0.09504789598931347,96135650.0,176297563.82978725,,,1405-07-13,1405,-0.027876106194690276,False,سفار
2026-10-05,14680.0,14680.0,14680.0,14680.0,14680.0,11518926240.0,784668.0,47.0,1775692800000.0,4.143,0.0,0.0,1645560891.4285712,397204353.1034483,,,1405-07-13,1405,0.019444444444444375,False,سفارود
2026-10-05,5180.0,5430.0,5180.0,5390.0,5430.0,30630693370.0,5682331.0,130.0,3557400000000.0,5.636,0.0,0.0,2784342190.0,493996195.0,,,1405-07-13,1405,0.02083333333333326,False,سفاسی
2026-10-05,61360.0,62410.0,58800.0,61100.0,62070.0,175080513430.0,2865322.0,995.0,97760000000000.0,0.724,6884320300.0,0.039320882519301395,515523035.6495468,711973063.0434783,,,1405-07-13,1405,0.008084474509156836,False,سفانو
2026-10-05,32950.0,34770.0,32950.0,34340.0,34770.0,167038783120.0,4863911.0,798.0,137360000000000.0,1.292,-929858520.0,-0.00556672230623228,618925656.4077669,479210984.1044776,,,1405-07-13,1405,0.01718009478672977,False,سقاین
2026-10-05,5350.0,5510.0,5230.0,5330.0,5240.0,40132963810.0,7531284.0,249.0,30313967334950.0,0.776,0.0,0.0,599130503.2835821,771956610.0,,,1405-07-13,1405,-0.005597014925373123,False,سکارون
2026-10-05,14800.0,15450.0,14770.0,14950.0,15150.0,72811574210.0,4871895.0,389.0,43355000000000.0,0.779,5561474750.0,0.07638174027057613,399291703.9007092,512511671.7171717,,,1405-07-13,1405,-0.017739816031537403,False,سکرد
2026-10-05,8500.0,8800.0,8400.0,8600.0,8440.0,13574349400.0,1578043.0,229.0,24431748600000.0,0.705,-623551600.0,-0.045936021066320866,187646640.57971016,266101368.62745097,,,1405-07-13,1405,-0.0011614401858304202,False,قتربت
2026-10-05,4150.0,4320.0,4150.0,4290.0,4320.0,59855417580.0,13964750.0,507.0,27725450610000.0,3.337,3432000000.0,0.057338168185243156,624049765.625,187009197.0198676,,,1405-07-13,1405,0.021428571428571352,False,قثابت
2026-10-05,13940.0,14280.0,13470.0,14040.0,14280.0,30251253490.0,2155340.0,166.0,9126000000000.0,1.698,0.0,0.0,703743572.0930232,414533884.9315069,,,1405-07-13,1405,0.012256669069935056,False,قجام
2026-10-05,24810.0,24810.0,24160.0,24160.0,24160.0,710938636890.0,29423232.0,1169.0,410720000000000.0,0.365,-28682848640.0,-0.04034504126189157,237028532.3976608,649388205.443787,,,1405-07-13,1405,-0.029718875502008024,False,قرن
2026-10-05,12350.0,12720.0,12350.0,12570.0,12530.0,11338626400.0,902216.0,142.0,50280000000000.0,1.616,-422062890.0,-0.0372234585663745,389956865.35714287,241294789.78723407,,,1405-07-13,1405,0.017813765182186136,False,قزوین
2026-10-05,5020.0,5180.0,4940.0,4980.0,4940.0,82432269320.0,16568348.0,756.0,12251263140000.0,0.448,0.0,0.0,239855735.58139536,535781643.1168831,,,1405-07-13,1405,-0.0216110019646365,False,قشکر
2026-10-05,15510.0,16380.0,15450.0,15870.0,16010.0,40758360290.0,2567736.0,474.0,12360696354720.0,1.328,-1242827310.0,-0.030492573821840563,337324137.244898,254078464.8888889,,,1405-07-13,1405,-0.003140703517587995,False,قشیر
2026-10-05,28130.0,28130.0,28130.0,28130.0,28130.0,12659934630.0,450051.0,89.0,50634000000000.0,0.118,-1687800000.0,-0.13331822393462076,185968383.5593221,1582491828.75,,,1405-07-13,1405,-0.030000000000000027,False,قلرست
2026-10-05,9430.0,9620.0,9410.0,9510.0,9500.0,27116235350.0,2851870.0,348.0,47550000000000.0,0.58,-3410057760.0,-0.12575704982587121,174293460.4477612,300734623.14606744,,,1405-07-13,1405,-0.01552795031055898,False,قمرو
2026-10-05,1920.0,1950.0,1919.0,1920.0,1920.0,46928025455.0,24442746.0,226.0,15037992960000.0,0.875,-15778590720.0,-0.3362295891850453,451470747.826087,515715080.4395605,,,1405-07-13,1405,-0.029322548028311468,False,قنقش
2026-10-05,3270.0,3440.0,3270.0,3340.0,3390.0,31970604350.0,9568415.0,373.0,13360000000000.0,1.164,-947517920.0,-0.029637160112051496,257118678.77192983,220868958.39416057,,,1405-07-13,1405,-0.008902077151335286,False,قنیشا
2026-10-05,11600.0,11630.0,11000.0,11560.0,11630.0,50532777780.0,4371119.0,292.0,86700000000000.0,0.736,-2312000000.0,-0.04575248188543179,433076751.3207547,588026044.3902439,,,1405-07-13,1405,0.023008849557522026,False,قهکمت
2026-10-05,22120.0,22800.0,22120.0,22230.0,22270.0,22522087080.0,1013064.0,175.0,56222537670000.0,0.477,-4685105880.0,-0.20802272291010074,227458785.00000003,477167895.9574468,,,1405-07-13,1405,-0.025000000000000022,False,قپیرا
2026-10-05,50230.0,50230.0,50230.0,50230.0,50230.0,6404375230.0,127501.0,25.0,75345000000000.0,0.662,-3013800000.0,-0.47058454443494563,847643807.5,1280875046.0,,,1405-07-13,1405,-0.029934337582077974,False,قیستو
2026-10-05,124800.0,124800.0,124800.0,121900.0,124800.0,1136928000.0,9110.0,14.0,11446410000000.0,6.0,0.0,0.0,555254500.0,92542416.66666666,,,1405-07-13,1405,0.005775577557755707,False,کابگن
2026-10-05,37940.0,39070.0,37940.0,39030.0,39070.0,8454950140.0,216645.0,39.0,7025400000000.0,3.5,0.0,0.0,1056956793.75,301987655.35714287,,,1405-07-13,1405,0.028729573010015885,False,کفرآور
2026-10-05,774.0,795.0,774.0,778.0,787.0,42897919586.0,55114659.0,265.0,19759184202000.0,0.895,-258440708.0,-0.0060245510853245135,532759549.925,595544509.75,,,1405-07-13,1405,-0.023839397741530766,False,کقزوی
2026-10-05,13240.0,13240.0,13010.0,13240.0,13240.0,199447391070.0,15068752.0,543.0,97503748265600.0,2.015,4326871720.0,0.021694300922098293,1373102495.9090908,681322502.4561404,,,1405-07-13,1405,0.029548989113530322,False,کلر
2026-10-05,8180.0,8390.0,7910.0,8270.0,8390.0,222871727800.0,26948940.0,771.0,44244500000000.0,0.55,-68675138560.0,-0.30813750688749314,449353675.3,817246771.2371135,,,1405-07-13,1405,0.014723926380368013,False,کلوند
2026-10-05,4540.0,4790.0,4530.0,4730.0,4750.0,67404347970.0,14235603.0,534.0,8987000000000.0,1.551,5542561970.0,0.08222855256261594,474479645.35714287,305952705.42713565,,,1405-07-13,1405,0.015021459227467782,False,کمرجان
2026-10-05,10590.0,10650.0,10120.0,10490.0,10650.0,283623923300.0,27044997.0,1378.0,47205000000000.0,0.768,-153454905650.0,-0.5410506415133565,562790388.2,732818135.785124,,,1405-07-13,1405,0.014506769825918697,False,کمنگنز
2026-10-05,19270.0,19300.0,18190.0,18530.0,18190.0,44588562660.0,2406899.0,157.0,23588690000000.0,1.589,5987320950.0,0.1342792992825304,822495742.5,517548245.1923077,,,1405-07-13,1405,-0.011733333333333373,False,کمینا
2026-10-05,6610.0,6970.0,6570.0,6760.0,6920.0,137113028910.0,20272666.0,627.0,468468000000000.0,0.47,-69987801000.0,-0.5104387347896712,291469190.6976744,619876995.3271028,,,1405-07-13,1405,-0.001477104874446078,False,کنور
2026-10-05,35350.0,35350.0,35350.0,35840.0,35350.0,646410100.0,18286.0,6.0,2688000000000.0,0.167,0.0,0.0,109228373.33333331,655370240.0,,,1405-07-13,1405,-0.006376490158026105,False,کهرام
2026-10-05,8030.0,8030.0,7570.0,7800.0,7710.0,86060547080.0,11036318.0,360.0,15600000000000.0,0.959,0.0,0.0,686420331.1475409,715754533.3333333,,,1405-07-13,1405,0.0,False,کورز
2026-10-05,49000.0,50030.0,47150.0,49680.0,50030.0,96607183790.0,1944600.0,522.0,42228000000000.0,1.277,-1397349360.0,-0.014464238632993278,753187954.5762712,590023058.8235294,,,1405-07-13,1405,0.0226430629888843,False,کگاز
2026-10-05,13900.0,13900.0,13530.0,13870.0,13900.0,254242156000.0,18332991.0,830.0,24133800000000.0,1.941,117353362630.0,0.4615810551496424,1050737955.247934,541206413.2015811,,,1405-07-13,1405,0.027407407407407325,False,کی بی سی
2026-10-05,4070.0,4130.0,4060.0,4120.0,4130.0,28440194330.0,6895543.0,145.0,49440000000000.0,4.03,13264669600.0,0.4664057300764583,1052208783.7037038,261120130.3448276,,,1405-07-13,1405,0.01728395061728394,False,وسالت
2026-10-05,3940.0,4060.0,3940.0,4050.0,4060.0,592787775000.0,146317015.0,2132.0,64800000000000.0,0.823,235619579700.0,0.39747712357934506,1067435529.2706336,1297628870.6477733,,,1405-07-13,1405,0.025316455696202445,False,وسبحان
2026-10-05,4740.0,4800.0,4740.0,4740.0,4750.0,158151732100.0,33346640.0,1403.0,355500000000000.0,1.676,-54725181780.0,-0.3460296074746563,334426834.36893207,199574587.87878788,,,1405-07-13,1405,-0.02868852459016391,False,وسپهر
2026-10-05,24780.0,26300.0,24780.0,25570.0,26300.0,74050888240.0,2895645.0,208.0,12785000000000.0,1.911,0.0,0.0,1645369836.6666665,860949333.139535,,,1405-07-13,1405,0.0011746280344557825,False,شلیا
2026-10-05,11900.0,12590.0,11900.0,12020.0,11900.0,136451480830.0,11356010.0,1499.0,48080000000000.0,4.227,24466938380.0,0.1793087054180268,444986289.8,105269689.36378466,,,1405-07-13,1405,-0.019575856443719397,False,شمس
2026-10-05,12400.0,12400.0,12140.0,12390.0,12400.0,51080421000.0,4123555.0,188.0,33675896100000.0,3.295,23419986870.0,0.4584924401856437,932651798.4,283080525.0,,,1405-07-13,1405,0.029069767441860517,False,شملی
2026-10-05,17460.0,18500.0,17460.0,17910.0,18330.0,423878154690.0,23666678.0,1810.0,605358000000000.0,0.703,-204988618440.0,-0.48360269613308293,368197065.0,523891282.1311476,,,1405-07-13,1405,-0.004446914952751513,False,شنفت
2026-10-05,2508.0,2553.0,2508.0,2551.0,2553.0,57737057394.0,22632224.0,669.0,127550000000000.0,23.725,30523750706.0,0.5286682779433094,831655314.8813559,35054655.71266541,,,1405-07-13,1405,0.029043969342476883,False,شهر
2026-10-05,48140.0,48140.0,46660.0,47600.0,47710.0,76980981970.0,1617127.0,467.0,47600000000000.0,0.848,-27423692800.0,-0.35623984129855857,384120561.2403101,452795560.00000006,,,1405-07-13,1405,0.01839965768078744,False,شوینده
2026-10-05,27450.0,27770.0,27110.0,27380.0,27110.0,2930017390.0,106999.0,64.0,81455500000000.0,0.129,-2740710620.0,-0.9353905643542956,47230500.0,366204077.5,,,1405-07-13,1405,-0.008330315103223462,False,شگامرن
2026-10-05,2397.0,2496.0,2352.0,2431.0,2496.0,1123243067707.0,462092037.0,2561.0,99633244647079.0,1.194,50770554978.0,0.04519997179385539,1572531113.2620904,1316673849.5502064,,,1405-07-13,1405,0.0028877887788778533,False,شگستر
2026-10-05,3260.0,3410.0,3250.0,3310.0,3330.0,100795466000.0,30457653.0,653.0,56270000000000.0,1.041,-2342731940.0,-0.023242433742009783,338689470.2803739,325314254.6956522,,,1405-07-13,1405,-0.011940298507462699,False,شگل
2026-10-05,13390.0,14210.0,13390.0,14040.0,14210.0,1006463755000.0,71665182.0,3107.0,477360000000000.0,2.049,-35391231720.0,-0.03516394062297852,1376431344.144869,671781148.2352941,,,1405-07-13,1405,0.017391304347825987,False,شگویا
2026-10-05,66450.0,68580.0,66450.0,66670.0,66500.0,452833190670.0,6792475.0,1354.0,1020051000000000.0,0.531,30186575920.0,0.06666157989730555,343217311.52272725,646144605.0802139,,,1405-07-13,1405,-0.0267153284671533,False,شیراز
2026-10-05,11110.0,11200.0,10970.0,10990.0,10970.0,620027770640.0,56439287.0,2507.0,598225813500000.0,0.43,-33817021280.0,-0.0545411397381341,261177573.95924303,607538503.1054131,,,1405-07-13,1405,-0.02743362831858409,False,شیران
2026-10-05,35000.0,35900.0,34390.0,34640.0,34700.0,653772508640.0,18874254.0,2031.0,29911882480000.0,0.486,-317389484960.0,-0.48547389308284694,875322823.0769231,1801719525.6657224,,,1405-07-13,1405,-0.022849083215796928,False,غاذر
2026-10-05,30410.0,30440.0,30410.0,30410.0,30410.0,49109533510.0,1614911.0,494.0,14049420000000.0,0.136,0.0,0.0,155409631.36075947,1142080081.627907,,,1405-07-13,1405,-0.02998405103668267,False,غالبر
2026-10-05,107700.0,113900.0,107600.0,109500.0,109300.0,450310793700.0,4112565.0,1738.0,657000000000000.0,0.321,-113796670500.0,-0.25270695726607895,229868216.57754013,716084778.7610619,,,1405-07-13,1405,-0.012623985572587926,False,شرانل
2026-10-05,18770.0,19010.0,18470.0,18550.0,18800.0,8886110060.0,479143.0,97.0,18550000000000.0,0.444,-3306797200.0,-0.37213101994822695,136129401.2195122,306486298.2758621,,,1405-07-13,1405,-0.02573529411764708,False,شرنگی
2026-10-05,4840.0,4840.0,4840.0,4840.0,4840.0,37640438000.0,7776950.0,94.0,188921116417440.0,18.486,36392444000.0,0.9668443284320974,1214207677.419355,65683894.7368421,,,1405-07-13,1405,0.029787234042553123,False,شساخت
2026-10-05,1850.0,1950.0,1850.0,1888.0,1890.0,14521646708.0,7690448.0,130.0,9440000000000.0,1.37,679680000.0,0.046804609261397546,321857809.8604651,235003675.42857143,,,1405-07-13,1405,-0.009963293130571538,False,شستان
2026-10-05,4120.0,4160.0,4120.0,4120.0,4120.0,118680761270.0,28798317.0,666.0,19776000000000.0,0.329,-51261942280.0,-0.43193135712517494,258188213.63984677,785755404.2384106,,,1405-07-13,1405,-0.028301886792452824,False,شسینا
2026-10-05,16640.0,17000.0,16640.0,16680.0,16920.0,310606957430.0,18622430.0,1173.0,33360000000000.0,0.637,-94834456920.0,-0.3053198090109504,617059583.5158502,968508252.0376176,,,1405-07-13,1405,-0.027405247813411027,False,شصدف
2026-10-05,85360.0,87490.0,85060.0,85320.0,85060.0,559508962660.0,6557967.0,1595.0,110916000000000.0,0.588,-175897589040.0,-0.3143785011123918,632517414.3609023,1076463977.8991597,,,1405-07-13,1405,-0.027027027027026973,False,شغدیر
2026-10-05,74730.0,74730.0,74730.0,74730.0,74730.0,14464738800.0,193560.0,75.0,202667760000000.0,9.024,2241900000.0,0.15499070055796652,1808092350.0,200374406.55737704,,,1405-07-13,1405,0.029906284454244814,False,شفا
2026-10-05,1955.0,1955.0,1955.0,1955.0,1955.0,22974941040.0,11751888.0,83.0,28197289530000.0,6.27,8169155180.0,0.355568058511109,1751661753.3333333,279364910.0,,,1405-07-13,1405,0.029489204844655115,False,شفارا
2026-10-05,3043.0,3043.0,3043.0,3043.0,3043.0,39692353389.0,13043823.0,243.0,15215000000000.0,66.797,26474100000.0,0.6669823716559171,3331759399.0,49878693.083333336,,,1405-07-13,1405,0.029780033840947517,False,شفام
2026-10-05,7370.0,7800.0,7360.0,7690.0,7690.0,231808338340.0,30145663.0,959.0,238005500000000.0,1.223,-65269782420.0,-0.28156788011769845,655481280.6896552,536033736.2162162,,,1405-07-13,1405,0.014511873350923521,False,شفن
2026-10-05,11620.0,12170.0,11480.0,12080.0,12170.0,836936650990.0,69290769.0,3141.0,210192000000000.0,1.145,228202434400.0,0.2726639275864699,1073748124.0310078,937602820.5287714,,,1405-07-13,1405,0.021996615905245376,False,شکام
2026-10-05,141000.0,144900.0,139200.0,141700.0,143300.0,25138807800.0,177426.0,87.0,510120000000000.0,0.768,-9315641400.0,-0.37056814603594684,463810668.75,603939570.0,,,1405-07-13,1405,-0.011165387299371998,False,شکبیر
2026-10-05,33360.0,34360.0,32360.0,33910.0,34360.0,235685492550.0,6949444.0,748.0,135640000000000.0,1.202,-35706009240.0,-0.1514985451742435,1234006093.75,1026741566.9832402,,,1405-07-13,1405,0.01648681055155876,False,شکلر
2026-10-05,49080.0,51840.0,49080.0,49290.0,49880.0,619587504420.0,12569273.0,1428.0,170474739030000.0,0.555,-247667216550.0,-0.39972919851223104,1238013241.6326532,2232274122.591241,,,1405-07-13,1405,-0.025696778019371425,False,وسنا
2026-10-05,3140.0,3280.0,3120.0,3210.0,3280.0,114744421090.0,35698683.0,633.0,109140000000000.0,2.038,1763291520.0,0.0153671220199626,870208216.8292683,426955719.3865031,,,1405-07-13,1405,0.0,False,وسکاب
2026-10-05,4580.0,4580.0,4580.0,4580.0,4580.0,18721693480.0,4087706.0,102.0,15205600000000.0,0.116,-10659354600.0,-0.5693584616897595,155044978.46153846,1337263820.0,,,1405-07-13,1405,-0.029661016949152574,False,وآوا
2026-10-05,11830.0,12200.0,11730.0,11790.0,11730.0,309956432390.0,26290300.0,867.0,74277000000000.0,0.915,8678229930.0,0.027998224986280306,1596812577.606383,1745643920.1197605,,,1405-07-13,1405,-0.02481389578163773,False,وامیر
2026-10-05,6140.0,6420.0,6140.0,6320.0,6370.0,66638831980.0,10544352.0,344.0,189600000000000.0,4.329,6136182800.0,0.09208118776514006,1013183974.4,234066055.6097561,,,1405-07-13,1405,0.006369426751592355,False,وامین
2026-10-05,3450.0,3530.0,3450.0,3490.0,3500.0,6487255570.0,1858169.0,65.0,7678000000000.0,1.826,-1077111720.0,-0.1660350372168242,361349863.5714285,197935800.32258067,,,1405-07-13,1405,-0.0028571428571428914,False,وایرا
2026-10-05,4770.0,4860.0,4740.0,4760.0,4750.0,29033835150.0,6105195.0,501.0,10138800000000.0,0.616,-114240000.0,-0.003934719592151435,143275882.17821783,232447745.6,,,1405-07-13,1405,-0.024590163934426257,False,وایران
2026-10-05,58360.0,60960.0,58360.0,58520.0,59190.0,212229497520.0,3626463.0,593.0,20584410000000.0,1.025,-585200000.0,-0.0027573923834261172,1188963004.269663,1159675490.4918032,,,1405-07-13,1405,-0.027260638297872286,False,وبرق
2026-10-05,7490.0,7560.0,7320.0,7520.0,7560.0,188261184420.0,25030966.0,729.0,451200000000000.0,1.458,62686080800.0,0.33297400626223045,674306968.3870968,462575430.79646015,,,1405-07-13,1405,0.02452316076294281,False,وبشهر
2026-10-05,2890.0,2890.0,2890.0,2890.0,2890.0,7097464300.0,2455870.0,105.0,46240000000000.0,0.069,0.0,0.0,98575893.05555557,1419492860.0,,,1405-07-13,1405,-0.026936026936026924,False,وبیمه
2026-10-05,2308.0,2308.0,2177.0,2297.0,2308.0,157602991002.0,68605387.0,883.0,29861000000000.0,6.913,1223487862.0,0.007763100523799538,1257500870.8421054,181906299.7969231,,,1405-07-13,1405,0.024988844265952714,False,وپایا
2026-10-05,72490.0,74640.0,72490.0,72500.0,72560.0,2918080574530.0,40246700.0,3983.0,131950000000000.0,0.41,-564688507500.0,-0.19351367896719282,1453459218.2410424,3545285809.002433,,,1405-07-13,1405,-0.029840760069583805,False,وپترو
2026-10-05,57450.0,59910.0,57370.0,58040.0,58410.0,550948440000.0,9492386.0,2085.0,487536000000000.0,0.41,-78837357120.0,-0.14309389299659328,494357081.9047619,1205115380.292683,,,1405-07-13,1405,-0.018599932363882354,False,وپخش
2026-10-05,2425.0,2568.0,2425.0,2430.0,2425.0,34296842266.0,14116649.0,135.0,6075000000000.0,0.492,0.0,0.0,581414526.6101695,1182877830.0,,,1405-07-13,1405,-0.028000000000000025,False,وپسا
2026-10-05,2900.0,2990.0,2886.0,2905.0,2886.0,19700672126.0,6782170.0,180.0,9876998559120.0,0.691,0.0,0.0,243237084.5679012,351825068.75,,,1405-07-13,1405,-0.02352941176470591,False,سلار
2026-10-05,88140.0,93520.0,88140.0,93310.0,93520.0,209240614850.0,2242450.0,404.0,230102460000000.0,1.253,-41070209880.0,-0.19628220797115478,430271452.85714287,343389563.92265195,,,1405-07-13,1405,0.027643171806167377,False,سمازن
2026-10-05,5930.0,5930.0,5930.0,5930.0,5930.0,8271098770.0,1394789.0,41.0,23720000000000.0,18.137,6523000000.0,0.7886497527583025,1378516461.6666667,76004294.34782608,,,1405-07-13,1405,0.02951388888888884,False,سمایه
2026-10-05,64790.0,64790.0,62950.0,63220.0,63860.0,6845433140.0,108285.0,109.0,126440000000000.0,0.711,-557473960.0,-0.08143735372163755,178867081.60000002,251457550.0,,,1405-07-13,1405,-0.01048677414305843,False,سمتاز
2026-10-05,3500.0,3500.0,3500.0,3500.0,3500.0,28447986000.0,8127996.0,92.0,7000000000000.0,8.594,21000000000.0,0.7381893396601081,2370665500.0,275851333.3333334,,,1405-07-13,1405,0.02941176470588225,False,سنوین
2026-10-05,6510.0,6750.0,6370.0,6620.0,6750.0,82663045120.0,12492533.0,780.0,22474900000000.0,1.064,3316090400.0,0.04011575420656364,300574505.17110264,282593300.2238806,,,1405-07-13,1405,0.009146341463414531,False,سنیر
2026-10-05,19350.0,20050.0,19290.0,19580.0,19950.0,34275883160.0,1750888.0,260.0,142855680000000.0,1.118,-7712268300.0,-0.22500567714036984,325240660.5555555,290930802.42990655,,,1405-07-13,1405,0.004617752693689026,False,سهرمز
2026-10-05,146300.0,151900.0,146300.0,149200.0,148500.0,41198254500.0,276141.0,346.0,108735318800000.0,0.714,-15578419600.0,-0.37813300075613643,232669111.1111111,326059282.14285713,,,1405-07-13,1405,-0.009953550099535469,False,سهگمت
2026-10-05,70630.0,73000.0,70630.0,71930.0,72160.0,30084801090.0,418248.0,179.0,107895000000000.0,0.754,-4871890830.0,-0.16193860864911572,420184232.85714287,556906036.6666666,,,1405-07-13,1405,-0.01140736668499176,False,سکرما
2026-10-05,29700.0,31400.0,29610.0,30670.0,31400.0,91421631610.0,2981167.0,1497.0,674740000000000.0,1.861,-36024644630.0,-0.3940494606755575,149072929.0909091,80101326.22199593,,,1405-07-13,1405,0.005903574942604184,False,سیتا
2026-10-05,12600.0,12600.0,12040.0,12060.0,12060.0,142042927270.0,11773781.0,715.0,289440000000000.0,0.412,-48228096780.0,-0.339531842288257,301489027.7647059,731624554.7368422,,,1405-07-13,1405,-0.028203062046736505,False,سیدکو
2026-10-05,57730.0,60800.0,57730.0,59860.0,59070.0,137205537330.0,2292201.0,412.0,598600000000000.0,3.197,46911683400.0,0.341908091414491,864376489.574468,270391390.70866144,,,1405-07-13,1405,0.014060647128578685,False,سیستم
2026-10-05,22950.0,22950.0,21980.0,22170.0,21990.0,16748479280.0,755487.0,180.0,26604000000000.0,0.788,2217000000.0,0.1323702267493267,212014516.32911396,269113829.4444444,,,1405-07-13,1405,-0.021192052980132492,False,سیلام
2026-10-05,3510.0,3510.0,3510.0,3450.0,3510.0,18294958890.0,5212239.0,41.0,100050000000000.0,0.4,0.0,0.0,1198814970.0,2997037425.0,,,1405-07-13,1405,0.011730205278592365,False,شارپیلن
2026-10-05,94000.0,99190.0,92960.0,96193.0,96990.0,17048580923759.0,177233584.0,19527.0,240482500000000.0,0.918,-762145411598.0,-0.044704331404842604,3652700423.620816,3979429884.34794,,,1405-07-13,1405,-0.00660931707165946,False,موج
2026-10-05,43300.0,45260.0,42510.0,44313.0,44949.0,13879023846416.0,313203337.0,21233.0,88626000000000.0,0.926,6431919926736.0,0.4634273993553894,2368377982.801031,2559011462.988514,,,1405-07-13,1405,0.016679667783233043,False,دوایکس
2026-10-05,64903.0,68253.0,64903.0,66146.0,65890.0,8029364473434.0,121388756.0,10970.0,165365000000000.0,0.878,-335132082446.0,-0.04173830737847558,2912903121.726195,3316252604.570476,,,1405-07-13,1405,-0.021610188294111543,False,نارنج اهرم
2026-10-05,69648.0,72226.0,69648.0,70260.0,69693.0,25935842426576.0,369140863.0,34167.0,386430000000000.0,0.716,709581946980.0,0.027359124693513093,2670475229.0450206,3728911142.200033,,,1405-07-13,1405,-0.031564438318401056,False,اهرم
