date,o,h,l,c,last,value,vol,ntr,mcap,bp,net,nrp,pcb,pcs,float,pe,jdate,jy,rawpct,gap,sym
2026-10-10,9540.0,9540.0,9540.0,9540.0,9540.0,30206940840.0,3166346.0,119.0,190800000000000.0,6.623,-2862000000.0,-0.09474643642861519,1801745070.0,272032676.0,,,1405-07-18,1405,0.029126213592232997,False,فجر
2026-10-10,3820.0,3820.0,3820.0,3820.0,3820.0,352646027480.0,92315714.0,1252.0,649400000000000.0,1.372,59670478080.0,0.16920785555533915,687879981.8227848,501281595.13002366,,,1405-07-18,1405,0.029649595687331498,False,فجهان
2026-10-10,3920.0,3920.0,3860.0,3920.0,3920.0,664959477110.0,169822361.0,1967.0,488040000000000.0,0.879,115766071120.0,0.17409492623991815,1490891476.2768495,1696391524.8,,,1405-07-18,1405,0.028871391076115582,False,فخاس
2026-10-10,3330.0,3360.0,3220.0,3290.0,3250.0,2347585808080.0,714400492.0,8101.0,806050000000000.0,0.534,-584974831000.0,-0.24918144801634678,647352960.470058,1213054140.816171,,,1405-07-18,1405,0.006116207951070374,False,فخوز
2026-10-10,9050.0,9050.0,9050.0,9050.0,9050.0,20982913700.0,2318554.0,99.0,45250000000000.0,7.097,4722154250.0,0.22504759431956298,1498779550.0,211178694.15584415,,,1405-07-18,1405,0.029579067121729308,False,فرآور
2026-10-10,7910.0,7920.0,7760.0,7900.0,7890.0,524406617570.0,66370852.0,2111.0,124820000000000.0,1.648,105431267000.0,0.20104869669369987,885741349.4897959,537366942.4320829,,,1405-07-18,1405,0.027308192457737412,False,فرابورس
2026-10-10,3250.0,3250.0,3190.0,3240.0,3250.0,155618955920.0,48031402.0,1222.0,29160000000000.0,1.169,14536733040.0,0.09341235426019044,369037227.27272725,315592347.6258993,,,1405-07-18,1405,0.024667931688804545,False,فروی
2026-10-10,10000.0,10010.0,9810.0,9990.0,9930.0,629628106550.0,63028368.0,1666.0,42957000000000.0,0.678,-65058096780.0,-0.10332781542501487,1059443721.3957936,1563502937.0454547,,,1405-07-18,1405,0.02777777777777768,False,فزرین
2026-10-10,15250.0,15250.0,15100.0,15250.0,15250.0,505559529280.0,33159571.0,1432.0,106750000000000.0,1.226,125548263250.0,0.24833527206736938,1134257979.5560749,925229182.5192802,,,1405-07-18,1405,0.029709655638082477,False,فسازان
2026-10-10,2738.0,2742.0,2701.0,2732.0,2742.0,224232700896.0,82072975.0,1439.0,30276351840000.0,0.779,2237054488.0,0.00997648638695903,427092128.95238096,548114353.6098766,,,1405-07-18,1405,0.025910627112279316,False,فسرب
2026-10-10,10930.0,10930.0,10660.0,10930.0,10930.0,462698563140.0,42339875.0,1119.0,136625000000000.0,0.603,-100548370860.0,-0.21730858677764425,1025256115.1750972,1701117721.775701,,,1405-07-18,1405,0.029190207156308823,False,فسپا
2026-10-10,4580.0,4580.0,4350.0,4490.0,4390.0,306461861120.0,68316183.0,2170.0,224500000000000.0,1.761,-34802811670.0,-0.11356327192822342,480154652.2077922,272725038.2465462,,,1405-07-18,1405,0.008988764044943753,False,فصبا
2026-10-10,31890.0,31890.0,31890.0,31890.0,31890.0,6636974321070.0,208120863.0,17931.0,4.59216e+16,2.483,2464032703140.0,0.37125843553704657,1607865868.138223,647674567.0271941,,,1405-07-18,1405,0.029706167258637395,False,فملی
2026-10-10,4110.0,4110.0,3920.0,3930.0,3920.0,129246029850.0,32896548.0,471.0,34584000000000.0,1.126,13806561600.0,0.1068238739404497,979491485.0847458,869858407.1794872,,,1405-07-18,1405,-0.027227722772277252,False,فن آوا
2026-10-10,4100.0,4100.0,4100.0,4100.0,4100.0,3786496300300.0,923535683.0,8306.0,7933500000000000.0,6.709,2383280226000.0,0.6294157017428421,3121109812.241055,465203993.3066933,,,1405-07-18,1405,0.027568922305764465,False,فولاد
2026-10-10,6890.0,6890.0,6530.0,6680.0,6700.0,202315966390.0,30295179.0,753.0,387440000000000.0,0.624,-76975477000.0,-0.38047158794979175,558953898.6666667,895648828.2027649,,,1405-07-18,1405,-0.0029850746268657025,False,فولاژ
2026-10-10,2940.0,2940.0,2940.0,2940.0,2940.0,131820218460.0,44836809.0,188.0,139992047970180.0,3.896,72449426280.0,0.5496078456430742,2527063107.058824,648629795.1724138,,,1405-07-18,1405,0.02977232924693518,False,قاسم
2026-10-10,6480.0,6480.0,6130.0,6250.0,6210.0,359979049520.0,57596427.0,2943.0,59062500000000.0,0.723,-91959950000.0,-0.25545917220077224,443372656.25,612826414.8841355,,,1405-07-18,1405,-0.007936507936507908,False,قچار
2026-10-10,3680.0,3680.0,3600.0,3640.0,3630.0,29156166400.0,8001302.0,150.0,37633481522000.0,1.266,-1649040120.0,-0.056558880113950785,670139003.902439,529540714.1818181,,,1405-07-18,1405,0.016759776536312776,False,قشرین
2026-10-10,3590.0,3610.0,3420.0,3540.0,3590.0,53954760100.0,15248049.0,690.0,46564975920000.0,0.566,-2201880000.0,-0.04080974497744083,238600062.02764976,421703855.15625,,,1405-07-18,1405,0.005681818181818121,False,قشهد
2026-10-10,2455.0,2455.0,2389.0,2429.0,2455.0,152247032354.0,62673399.0,1106.0,73333882537895.0,0.9,1549174907.0,0.010175402981897915,425531339.01960784,472847525.5440252,,,1405-07-18,1405,0.018875838926174504,False,قصفها
2026-10-10,6390.0,6390.0,6060.0,6090.0,6060.0,362076719810.0,59466188.0,1908.0,24360000000000.0,0.549,-6394500000.0,-0.017660621769208244,499639515.4360465,909471393.8181818,,,1405-07-18,1405,-0.024038461538461564,False,کاذر
2026-10-10,14330.0,14330.0,14050.0,14320.0,14330.0,2042585665550.0,142599734.0,5462.0,887840000000000.0,0.393,-608033944720.0,-0.29767855271630767,660281243.1209363,1678951909.6587384,,,1405-07-18,1405,0.028735632183908066,False,کالا
2026-10-10,5960.0,5960.0,5900.0,5960.0,5960.0,2931722950550.0,491937716.0,4406.0,253717200000000.0,1.096,-474184382480.0,-0.16174256247202404,3125639860.030722,2851109012.909091,,,1405-07-18,1405,0.029360967184801412,False,کاما
2026-10-10,3930.0,3930.0,3760.0,3910.0,3930.0,123492099450.0,31582875.0,686.0,16643521050000.0,1.585,3880373930.0,0.031422041954765716,672114380.0,424105858.7398374,,,1405-07-18,1405,0.023560209424083878,False,کایزد
2026-10-10,9100.0,9100.0,9000.0,9090.0,9100.0,215157403930.0,23675151.0,735.0,31815000000000.0,1.279,23006571840.0,0.10692902693455547,1019938969.6208532,797512658.713693,,,1405-07-18,1405,0.02828054298642524,False,کتوکا
2026-10-10,2885.0,2887.0,2755.0,2863.0,2887.0,311797725519.0,108916766.0,1167.0,63002376171042.0,0.661,-148590115135.0,-0.47655932989140865,443440148.5345912,670379820.2986112,,,1405-07-18,1405,0.02140563681769536,False,کحافظ
2026-10-10,2151.0,2151.0,2104.0,2149.0,2151.0,321437731114.0,149570237.0,1384.0,105515900000000.0,0.684,-8348482478.0,-0.025972316470337316,546901438.2007874,799369868.9497207,,,1405-07-18,1405,0.028721876495931165,False,کرازی
2026-10-10,1596.0,1596.0,1521.0,1532.0,1550.0,1852033715616.0,1209023188.0,8399.0,65294112696000.0,0.979,512248256996.0,0.2765868961654526,707242054.840217,722228906.2612942,,,1405-07-18,1405,-0.022959183673469385,False,کرمان
2026-10-10,5680.0,5680.0,5570.0,5670.0,5680.0,87617254070.0,15460337.0,687.0,16726500000000.0,3.414,16375277520.0,0.18689558002944615,701280886.3199999,205431796.16714692,,,1405-07-18,1405,0.02717391304347827,False,کرومیت
2026-10-10,6530.0,6530.0,6180.0,6470.0,6530.0,304706753850.0,47072254.0,1588.0,97050000000000.0,2.397,6108805780.0,0.020048146957081306,656668608.6786786,273919898.0798969,,,1405-07-18,1405,0.020504731861198833,False,کزغال
2026-10-10,2789.0,2789.0,2707.0,2711.0,2707.0,300205458564.0,110738913.0,1242.0,48170642068000.0,0.483,-63505646714.0,-0.21154061294478896,501499039.0444915,1038799976.2733564,,,1405-07-18,1405,-0.028315412186379896,False,کسرا
2026-10-10,6050.0,6050.0,5990.0,6050.0,6050.0,810261939120.0,133935211.0,1305.0,36300000000000.0,1.977,460916769500.0,0.568849093418589,2335463420.967742,1181254426.2323945,,,1405-07-18,1405,0.028911564625850428,False,کماسه
2026-10-10,7170.0,7170.0,7000.0,7150.0,7170.0,291289101270.0,40719344.0,1333.0,117975000000000.0,0.697,-76377801500.0,-0.2622061764995606,623196203.7671233,893948418.685121,,,1405-07-18,1405,0.02582496413199431,False,کهمدا
2026-10-10,1919.0,1947.0,1850.0,1905.0,1914.0,257658546398.0,135277216.0,1105.0,76200000000000.0,1.224,4732648650.0,0.01836790867666222,646801296.0231661,528535347.46753246,,,1405-07-18,1405,0.002104155707522315,False,کوثر
2026-10-10,3240.0,3240.0,3120.0,3210.0,3220.0,2937498230610.0,914244775.0,12931.0,1834515000000000.0,0.503,-172373083800.0,-0.05868023408620235,622664677.4638298,1236816129.4984326,,,1405-07-18,1405,0.01904761904761898,False,کچاد
2026-10-10,3330.0,3330.0,3270.0,3330.0,3330.0,1935365317920.0,581561757.0,5452.0,2181150000000000.0,1.667,273420089550.0,0.14127569974430124,1126160129.5427902,675707473.8938054,,,1405-07-18,1405,0.02777777777777768,False,کگل
2026-10-10,8180.0,8180.0,8180.0,8180.0,8180.0,812209975140.0,99292173.0,916.0,1717800000000000.0,8.729,641312000000.0,0.7895889235901806,3821260287.1875,437772394.028436,,,1405-07-18,1405,0.028930817610062887,False,کگهر
2026-10-10,19440.0,19590.0,18490.0,18890.0,19130.0,591757825720.0,31326727.0,3102.0,181345111582050.0,0.559,-238055444660.0,-0.4022852496633308,372322556.1789474,666398505.6644144,,,1405-07-18,1405,-0.00891920251836309,False,سرود
2026-10-10,31510.0,31510.0,31510.0,31510.0,31510.0,588990434250.0,18692175.0,1448.0,630200000000000.0,1.291,-52952555000.0,-0.08990393038798321,539688130.9615384,417931496.62835246,,,1405-07-18,1405,0.029738562091503162,False,سفارس
2026-10-10,1522.0,1571.0,1499.0,1515.0,1499.0,131855658256.0,87041098.0,941.0,28419885000000.0,0.712,-16932047535.0,-0.12841350730756007,405035852.68248177,568497205.2,,,1405-07-18,1405,-0.01941747572815533,False,سلیم
2026-10-10,4270.0,4280.0,4120.0,4200.0,4170.0,623775788880.0,148517299.0,2569.0,105000000000000.0,0.678,-72910643400.0,-0.1168859784232926,822411595.3343701,1213147780.6451612,,,1405-07-18,1405,-0.004739336492891044,False,سمگا
2026-10-10,6800.0,6880.0,6600.0,6730.0,6730.0,717640871870.0,106561146.0,3165.0,841250000000000.0,0.956,-363144164220.0,-0.5060249192241983,452720655.5151515,473490555.6938483,,,1405-07-18,1405,-0.005908419497784312,False,سیسکو
2026-10-10,5450.0,5560.0,5400.0,5470.0,5500.0,249486499830.0,45598789.0,1483.0,159694959770000.0,0.685,-62626637170.0,-0.25102214834339237,386382102.7959698,564021754.5169712,,,1405-07-18,1405,-0.014414414414414378,False,سیمرغ
2026-10-10,32540.0,32540.0,32300.0,32540.0,32540.0,1093531734350.0,33608920.0,2984.0,553180000000000.0,0.804,-110108461520.0,-0.10069068693781343,953420457.8199052,1186231237.7777777,,,1405-07-18,1405,0.02974683544303791,False,شاراک
2026-10-10,15120.0,15130.0,14650.0,15080.0,14950.0,1404722863900.0,93131763.0,4815.0,956826000000000.0,0.516,-102254192560.0,-0.07279314317993425,652809107.1546961,1265122922.3671496,,,1405-07-18,1405,0.026548672566371723,False,شبهرن
2026-10-10,8860.0,8860.0,8860.0,8860.0,8860.0,7938418240.0,895984.0,59.0,49558410000000.0,17.333,0.0,0.0,2646139413.333333,152661889.23076925,,,1405-07-18,1405,0.029036004645760727,False,شدوص
2026-10-10,3820.0,3820.0,3750.0,3820.0,3820.0,5696688539990.0,1492383481.0,14813.0,6249571401920000.0,0.982,466837291300.0,0.08194888802904775,1208139239.7865665,1229925209.6945453,,,1405-07-18,1405,0.029649595687331498,False,شستا
2026-10-10,27620.0,27620.0,27620.0,27620.0,27620.0,476164436040.0,17239842.0,621.0,1546720000000000.0,2.646,148281698700.0,0.31140859643609264,2704165325.8139534,1022047539.8064516,,,1405-07-18,1405,0.02982848620432521,False,شسپا
2026-10-10,2578.0,2578.0,2504.0,2548.0,2578.0,111552410598.0,43787943.0,824.0,30421728792000.0,1.155,0.0,0.0,444508680.33466136,384729926.7724138,,,1405-07-18,1405,0.01797842588893328,False,شفارس
2026-10-10,3650.0,3750.0,3590.0,3600.0,3590.0,889599257320.0,247402931.0,3286.0,148855446000000.0,0.37,-52865892000.0,-0.059426636842372586,767877793.4252386,2077472329.4117649,,,1405-07-18,1405,-0.027027027027026973,False,شلرد
2026-10-10,2831.0,2831.0,2770.0,2775.0,2773.0,473133527536.0,170514298.0,1830.0,89355000000000.0,0.608,36313558425.0,0.07675118399263506,530754124.160584,872674711.0,,,1405-07-18,1405,-0.028021015761821366,False,شپاکسا
2026-10-10,2800.0,2800.0,2669.0,2691.0,2693.0,191132410489.0,71014566.0,680.0,26910000000000.0,0.864,-21172144851.0,-0.11077213329143093,693583886.755102,802942004.6470588,,,1405-07-18,1405,-0.021810250817884458,False,شپترو
2026-10-10,12590.0,12590.0,12120.0,12220.0,12170.0,2515963166390.0,205955198.0,12142.0,2854259273840000.0,0.616,364274692860.0,0.14478538387454823,645054552.6920855,1046418907.3684212,,,1405-07-18,1405,-0.005695687550854367,False,شپدیس
2026-10-10,12860.0,12860.0,12140.0,12460.0,12140.0,392853356090.0,31537153.0,2832.0,79558694880000.0,1.239,91510277040.0,0.23293749594196067,880811098.7134503,710939385.4915254,,,1405-07-18,1405,-0.003996802557953649,False,شکربن
2026-10-10,1580.0,1585.0,1524.0,1581.0,1585.0,58505566436.0,37015518.0,400.0,12422685366000.0,2.487,16306633206.0,0.2787193458563988,585801558.0909091,235523847.7118644,,,1405-07-18,1405,0.02729044834308003,False,شلعاب
2026-10-10,11570.0,11570.0,11570.0,11570.0,11570.0,862200785030.0,74520379.0,2360.0,1330550000000000.0,3.058,339876756440.0,0.39419676059350156,1168681053.0327868,382155219.6351576,,,1405-07-18,1405,0.02935943060498225,False,صبا
2026-10-10,6240.0,6240.0,6040.0,6110.0,6070.0,292684593580.0,47938805.0,2816.0,122200000000000.0,1.065,-3395363660.0,-0.011600759775119285,298420886.81535274,280147351.8286814,,,1405-07-18,1405,-0.006504065040650375,False,عالیس
2026-10-10,4910.0,4910.0,4840.0,4910.0,4910.0,296640964430.0,60451421.0,817.0,23666200000000.0,1.139,40719371410.0,0.13726820059475897,1272372041.5981736,1117042749.7652583,,,1405-07-18,1405,0.029350104821803003,False,غدشت
2026-10-10,5620.0,5660.0,5480.0,5640.0,5660.0,1292289783190.0,229316695.0,5764.0,242520000000000.0,1.058,87777570360.0,0.06792406122976709,631065179.9248121,596627162.1025308,,,1405-07-18,1405,0.025454545454545396,False,غزر
2026-10-10,2614.0,2664.0,2600.0,2663.0,2664.0,174805924781.0,65652721.0,823.0,29772340000000.0,1.803,-14768998000.0,-0.084487971551896,751985242.2263159,417053423.34126985,,,1405-07-18,1405,0.029377657518361078,False,غشهداب
2026-10-10,6580.0,6580.0,6360.0,6420.0,6450.0,276276348740.0,43018233.0,1249.0,376967755980000.0,0.686,-92446433520.0,-0.33461580747543507,438194765.4545455,638950690.3504043,,,1405-07-18,1405,0.0046948356807512415,False,غصینو
2026-10-10,2450.0,2459.0,2362.0,2372.0,2362.0,231699306733.0,97685354.0,851.0,83020000000000.0,0.703,-1186000000.0,-0.005118703274182403,727203973.7791798,1034418123.6071428,,,1405-07-18,1405,-0.025872689938398308,False,غمارگ
2026-10-10,1152.0,1169.0,1108.0,1155.0,1169.0,84317725849.0,72983093.0,570.0,21214396574910.0,1.285,9471000000.0,0.11232513572485453,591485413.057554,460414382.37341774,,,1405-07-18,1405,0.017621145374449254,False,غناب
2026-10-10,2705.0,2785.0,2623.0,2730.0,2747.0,177701472180.0,65089826.0,1333.0,36345064927080.0,0.714,-18564000.0,-0.00010446733936562934,339077597.2900763,475120922.40641713,,,1405-07-18,1405,0.009615384615384581,False,غپاک
2026-10-10,2096.0,2096.0,2015.0,2022.0,2015.0,461720251316.0,228317206.0,3525.0,222703090249518.0,0.379,-47188420956.0,-0.1022013239001388,214890225.98307693,566919643.6354167,,,1405-07-18,1405,-0.026480500722195432,False,غپینو
2026-10-10,5510.0,5650.0,5440.0,5470.0,5560.0,123057432010.0,22507477.0,747.0,24615000000000.0,0.67,-33638459690.0,-0.2733557749463392,385678618.5344827,575307940.1401869,,,1405-07-18,1405,-0.023214285714285743,False,غچین
2026-10-10,29150.0,29200.0,28560.0,28610.0,28560.0,1314264199460.0,45944366.0,6450.0,1258840000000000.0,0.495,287921484260.0,0.2190742807863899,341766314.2237223,690394941.4870881,,,1405-07-18,1405,-0.028192934782608647,False,غکورش
2026-10-10,2017.0,2017.0,2017.0,2017.0,2017.0,55168905337.0,27351961.0,241.0,36561100075000.0,6.049,-10066847000.0,-0.182473205486071,1803356213.48,298112174.7945946,,,1405-07-18,1405,0.029606942317508933,False,فاذر
2026-10-10,3370.0,3370.0,3300.0,3360.0,3330.0,1964015734720.0,583735570.0,7425.0,90115354560000.0,0.931,-49425862080.0,-0.025165715939157892,1357042240.8938549,1458166491.6,,,1405-07-18,1405,0.02564102564102555,False,فاراک
2026-10-10,13520.0,13520.0,13210.0,13500.0,13520.0,2061418817570.0,152711140.0,5383.0,1.6875e+16,0.81,-403282705500.0,-0.19563356173074503,969402867.5429728,1196856011.8629174,,,1405-07-18,1405,0.028179741051028273,False,فارس
2026-10-10,1448.0,1499.0,1448.0,1469.0,1471.0,79061397392.0,53820981.0,737.0,21300500000000.0,1.021,-686585627.0,-0.008684208092045103,384635203.68,376765176.5194175,,,1405-07-18,1405,0.0020463847203273655,False,فالوم
2026-10-10,16660.0,16660.0,16520.0,16660.0,16660.0,901044832520.0,54086148.0,2709.0,1032920000000000.0,0.782,-19026636300.0,-0.021116192683539613,1184576373.322091,1515715180.0,,,1405-07-18,1405,0.02966625463535233,False,فایرا
2026-10-10,13130.0,13190.0,12760.0,13110.0,13190.0,1030592887100.0,78598835.0,5077.0,322287478770540.0,0.597,-285036610530.0,-0.2765753714175814,372710386.5856622,624404382.800556,,,1405-07-18,1405,0.023419203747072626,False,فباهنر
2026-10-10,2280.0,2320.0,2212.0,2253.0,2275.0,468296640583.0,207872392.0,2072.0,67565613649662.0,0.938,31502137671.0,0.06726962130623404,821362850.6619719,875315817.917505,,,1405-07-18,1405,-0.011842105263157876,False,وسدید
2026-10-10,1676.0,1677.0,1627.0,1631.0,1627.0,64535337902.0,39572041.0,161.0,22834000000000.0,0.62,-28433904758.0,-0.44059434229938094,975894435.4864864,1574195094.4146342,,,1405-07-18,1405,-0.027429934406678624,False,وسرمد
2026-10-10,3320.0,3470.0,3320.0,3440.0,3470.0,405647591920.0,117772988.0,1133.0,268782105520000.0,1.639,-15797209280.0,-0.03894318515544264,1351792538.9473684,824764848.1553398,,,1405-07-18,1405,0.020771513353115667,False,وسینا
2026-10-10,22890.0,22890.0,22820.0,22890.0,22890.0,6085468040080.0,265857690.0,7572.0,4944240000000000.0,1.761,2330552148330.0,0.3829700744430107,2664366715.76523,1512874037.4578311,,,1405-07-18,1405,0.029689608636977116,False,وغدیر
2026-10-10,3390.0,3490.0,3390.0,3400.0,3410.0,599891327350.0,176405780.0,1996.0,35020000000000.0,0.726,-104585482400.0,-0.17434071411234248,1074733752.6501768,1480924400.0,,,1405-07-18,1405,-0.025787965616045794,False,ولبهمن
2026-10-10,1962.0,1962.0,1962.0,1962.0,1962.0,206708668200.0,105356100.0,483.0,38512098000000.0,5.824,82404000000.0,0.39864801373627157,2480684002.5974026,425916345.88235295,,,1405-07-18,1405,0.029921259842519587,False,ولساپا
2026-10-10,3910.0,3910.0,3870.0,3910.0,3910.0,8445699775760.0,2160192849.0,18544.0,2228700000000000.0,0.853,1741566706800.0,0.206207508322575,1721837443.162612,2017445072.457016,,,1405-07-18,1405,0.02894736842105261,False,ومعادن
2026-10-10,6100.0,6100.0,6010.0,6090.0,6100.0,765461887320.0,125588853.0,2450.0,548100000000000.0,1.218,105131609100.0,0.1373440152168542,1083440602.2443182,889865459.9188092,,,1405-07-18,1405,0.026981450252951067,False,ومهان
2026-10-10,3990.0,3990.0,3890.0,3980.0,3990.0,3598721238510.0,903727108.0,7866.0,1186098016460000.0,4.149,1802517630460.0,0.5008772591695119,3308879010.3655357,797476788.1045752,,,1405-07-18,1405,0.025773195876288568,False,ونوین
2026-10-10,4140.0,4150.0,3980.0,4070.0,4010.0,349598236800.0,85874872.0,2070.0,64102500000000.0,0.839,-8477810000.0,-0.024250150909227927,619706592.0582877,738764256.440678,,,1405-07-18,1405,-0.004889975550122272,False,ونیرو
2026-10-10,5950.0,5950.0,5760.0,5850.0,5900.0,239175326450.0,40883950.0,1520.0,702000000000000.0,0.697,-30290937300.0,-0.12664741697899332,347692635.0,499033351.0638298,,,1405-07-18,1405,-0.0034071550255536653,False,ونیکی
2026-10-10,3210.0,3210.0,3210.0,3210.0,3210.0,490196917200.0,152709320.0,1186.0,257365868430000.0,1.69,211447681920.0,0.431352533034657,2682992829.139073,1587575699.0163934,,,1405-07-18,1405,0.026871401151631558,False,وهور
2026-10-10,5280.0,5280.0,5200.0,5280.0,5280.0,259113008100.0,49115977.0,612.0,36960000000000.0,1.068,12846857760.0,0.04958013437535327,1774302956.25,1660960625.1162791,,,1405-07-18,1405,0.029239766081871288,False,وکادو
2026-10-10,6990.0,6990.0,6990.0,6990.0,6990.0,99109441530.0,14178747.0,155.0,661594014570000.0,13.771,82098004350.0,0.8283570473469906,4504974615.0,327143022.6923077,,,1405-07-18,1405,0.02945508100147265,False,وکار
2026-10-10,8500.0,8500.0,8500.0,8500.0,8500.0,67532457500.0,7944995.0,290.0,850000000000000.0,20.621,33150000000.0,0.49087507292326804,2060461388.8888888,99922033.33333331,,,1405-07-18,1405,0.029055690072639306,False,وکغدیر
2026-10-10,1986.0,1986.0,1873.0,1915.0,1873.0,1455827225014.0,760420187.0,5875.0,305346750000000.0,0.723,-43695627400.0,-0.030014294724828902,909528553.0306191,1257623983.3379889,,,1405-07-18,1405,-0.007772020725388629,False,وگردش
2026-10-10,2681.0,2686.0,2583.0,2622.0,2600.0,84976375557.0,32411381.0,1316.0,7603800000000.0,1.442,-16874379180.0,-0.19857729950697997,248299811.49635035,172228250.56795132,,,1405-07-18,1405,-0.010566037735849076,False,آواک
2026-10-10,5800.0,5890.0,5580.0,5730.0,5730.0,1086197847640.0,189620831.0,3296.0,68760000000000.0,1.365,188811602220.0,0.17382800254137318,1250415328.274174,916147107.7887788,,,1405-07-18,1405,-0.003478260869565264,False,الکتروماد
2026-10-10,4170.0,4170.0,4160.0,4170.0,4170.0,3343248884130.0,801738989.0,6254.0,375300000000000.0,0.714,-109257890610.0,-0.03268015466291907,2599919761.285714,3639977754.970588,,,1405-07-18,1405,0.029629629629629672,False,بترانس
2026-10-10,11030.0,11030.0,10620.0,10960.0,11030.0,165376342230.0,15084127.0,632.0,68500000000000.0,0.541,-6997225680.0,-0.04231092298720991,788549526.4646465,1456518142.1428573,,,1405-07-18,1405,0.023342670401493848,False,بتهران
2026-10-10,3110.0,3130.0,3000.0,3060.0,3040.0,238434011240.0,77917103.0,1566.0,111828716170920.0,1.401,-22111627320.0,-0.09273688432705662,567005157.4153845,404682948.00000006,,,1405-07-18,1405,0.006578947368421018,False,بجهرم
2026-10-10,5250.0,5250.0,5020.0,5050.0,5020.0,1025410126220.0,203052267.0,7175.0,87567000000000.0,0.543,-117935553750.0,-0.11501305744341472,333322816.15184224,613543559.776029,,,1405-07-18,1405,-0.023210831721469982,False,برکت
2026-10-10,11640.0,11640.0,11570.0,11640.0,11640.0,717041076180.0,61610203.0,2023.0,453960000000000.0,0.855,27633360000.0,0.03853804324183954,1265719411.7254174,1480971499.8190043,,,1405-07-18,1405,0.02917771883289122,False,بفجر
2026-10-10,2120.0,2124.0,2031.0,2099.0,2065.0,77447059739.0,36902167.0,621.0,50376000000000.0,1.271,5472745789.0,0.07066434552122952,411897119.85638297,324161769.1171171,,,1405-07-18,1405,0.017450315075133283,False,بنو
2026-10-10,5670.0,5670.0,5670.0,5670.0,5670.0,549693118800.0,96947640.0,1054.0,181440000000000.0,10.39,282756776400.0,0.5143902419904187,5265945507.717391,506809573.6432161,,,1405-07-18,1405,0.029038112522685955,False,بورس
2026-10-10,3490.0,3490.0,3360.0,3460.0,3460.0,147044124950.0,42487808.0,838.0,61168743630940.0,1.165,-4864673500.0,-0.0330830864657405,710822988.5567011,610103988.3760684,,,1405-07-18,1405,0.020648967551622377,False,بکام
2026-10-10,3670.0,3670.0,3670.0,3670.0,3670.0,321327488580.0,87555174.0,845.0,2004000111459640.0,8.811,166067500000.0,0.5168169730323419,3236808716.202532,367378641.72131145,,,1405-07-18,1405,0.028011204481792618,False,پارس
2026-10-10,12480.0,12480.0,12150.0,12380.0,12240.0,318180782390.0,25691103.0,1495.0,53234000000000.0,1.258,-64508540280.0,-0.2027417865888918,732030045.5828221,581862447.4856046,,,1405-07-18,1405,0.021452145214521545,False,پاسا
2026-10-10,3025.0,3025.0,2960.0,3006.0,3024.0,269875533695.0,89780107.0,1553.0,56512800000000.0,1.262,41728732884.0,0.15462214122440515,575157331.125,455757629.0647773,,,1405-07-18,1405,0.023493360572012234,False,پتایر
2026-10-10,2502.0,2558.0,2465.0,2542.0,2558.0,488107095508.0,191992481.0,2370.0,254200000000000.0,1.705,-87595822762.0,-0.1794602528177432,696461925.5866389,408536455.0126091,,,1405-07-18,1405,0.023349436392914757,False,پترول
2026-10-10,14920.0,15070.0,14410.0,14440.0,14410.0,1811377098010.0,125448073.0,6520.0,144400000000000.0,0.521,284794026320.0,0.15722514468846827,533541215.1776927,1023782009.2444444,,,1405-07-18,1405,-0.02760942760942764,False,پخش
2026-10-10,1980.0,2009.0,1939.0,1962.0,1939.0,144904529486.0,73843225.0,1106.0,13734000000000.0,0.6,-784800000.0,-0.005415979768084639,405903119.5774648,677011249.7663552,,,1405-07-18,1405,-0.008590197069226924,False,پلاست
2026-10-10,3300.0,3400.0,3280.0,3350.0,3340.0,232502837580.0,69393748.0,1790.0,112790573800000.0,0.771,45160123900.0,0.19423472147715712,347769197.133758,451143051.8229167,,,1405-07-18,1405,0.009036144578313143,False,پکویر
2026-10-10,7500.0,7600.0,7220.0,7550.0,7560.0,365950506580.0,48472794.0,1016.0,52850000000000.0,2.019,-112945795400.0,-0.3086368057132585,1390563970.8074534,688806942.1267893,,,1405-07-18,1405,0.023035230352303593,False,پی پاد
2026-10-10,15360.0,15360.0,15000.0,15340.0,15360.0,510111587780.0,33252530.0,2161.0,144119300000000.0,0.775,10128235000.0,0.01985494006140493,605350363.099631,781234376.337115,,,1405-07-18,1405,0.02815013404825728,False,پیزد
2026-10-10,55970.0,55970.0,54700.0,55830.0,55970.0,370893311330.0,6643749.0,1684.0,1919368404000000.0,0.959,-109250209710.0,-0.29455966546885315,414659027.77310926,432479417.3906911,,,1405-07-18,1405,0.027419948472580113,False,آریا
2026-10-10,4310.0,4310.0,4280.0,4310.0,4310.0,298976460680.0,69368759.0,1029.0,172400000000000.0,0.652,93305694430.0,0.31208374805756633,713961087.1219512,1095705226.868132,,,1405-07-18,1405,0.02863961813842475,False,آسیا
2026-10-10,1112.0,1125.0,1070.0,1110.0,1110.0,3841102445207.0,3461901637.0,12437.0,1066167578124840.0,0.733,-449816353380.0,-0.11710605478416472,1131574587.3913045,1543367640.4233046,,,1405-07-18,1405,0.015553522415370447,False,اخابر
2026-10-10,16140.0,16140.0,16140.0,16140.0,16140.0,184349094780.0,11421877.0,305.0,677880000000000.0,12.069,26502267360.0,0.1437613099843397,2080689391.2,172398428.51351354,,,1405-07-18,1405,0.029993618379068332,False,ارفع
2026-10-10,5210.0,5210.0,4920.0,5090.0,5020.0,817783386450.0,160561324.0,3506.0,58535000000000.0,1.672,278065748170.0,0.34002371872224524,980219812.44114,586253303.3942857,,,1405-07-18,1405,0.005928853754940677,False,اسیاتک
2026-10-10,54570.0,54570.0,53650.0,54520.0,54570.0,2994680552900.0,54929459.0,6684.0,5533780000000000.0,0.586,38553490880.0,0.012873991131596799,759507880.5096953,1296068320.466926,,,1405-07-18,1405,0.02887337233440279,False,تاپیکو
2026-10-10,2080.0,2099.0,2015.0,2087.0,2099.0,217531905798.0,104230915.0,895.0,246057300000000.0,2.626,126504727982.0,0.5815456243897951,822788163.8373016,313325152.3449613,,,1405-07-18,1405,0.02404317958783131,False,تجلی
2026-10-10,16180.0,16180.0,16180.0,16180.0,16180.0,220997361500.0,13658675.0,598.0,121350000000000.0,2.832,64457738380.0,0.29166745676282657,961662232.6388888,339548729.9082569,,,1405-07-18,1405,0.029917250159134268,False,توسن
2026-10-10,598.0,598.0,598.0,598.0,598.0,83464421976.0,139572612.0,424.0,50001190538000.0,9.808,18403109140.0,0.22049046413203185,2692400708.9032254,274520307.3248945,,,1405-07-18,1405,0.029259896729776358,False,تپکو
2026-10-10,3980.0,3980.0,3880.0,3890.0,3890.0,180663965900.0,46447568.0,1703.0,9936810500000.0,0.476,-1758505620.0,-0.009733571447077372,281451734.2586751,590816082.4262295,,,1405-07-18,1405,-0.02506265664160401,False,تکنو
2026-10-10,915.0,915.0,915.0,915.0,915.0,117581534235.0,128504409.0,394.0,75312288480000.0,4.12,11895000000.0,0.10116384411370663,1837211472.421875,445934743.6075949,,,1405-07-18,1405,0.02924634420697414,False,ثاخت
2026-10-10,1971.0,1989.0,1914.0,1943.0,1935.0,93348284260.0,48042450.0,1472.0,102930425000000.0,4.044,-5482380458.0,-0.05873038268952111,406778240.2407408,100588879.6875,,,1405-07-18,1405,-0.014705882352941124,False,ثامید
2026-10-10,2140.0,2140.0,2063.0,2073.0,2063.0,734164698345.0,354102856.0,4854.0,83462242902000.0,1.08,11510365668.0,0.01567817915237192,526430559.2834821,487403575.63655466,,,1405-07-18,1405,-0.024929444967074277,False,ثبهساز
2026-10-10,14350.0,14700.0,14310.0,14330.0,14600.0,1096911870610.0,76545158.0,5364.0,58036500000000.0,0.562,64610158220.0,0.05890186800884,710736283.8388625,1264630722.7342746,,,1405-07-18,1405,-0.028474576271186436,False,ثفارس
2026-10-10,3550.0,3550.0,3410.0,3480.0,3440.0,118296017000.0,34008748.0,803.0,54984000000000.0,1.284,0.0,0.0,560902573.649289,436717501.99261993,,,1405-07-18,1405,0.0,False,ثمسکن
2026-10-10,5240.0,5240.0,5100.0,5240.0,5240.0,761325213920.0,145381790.0,1652.0,104800000000000.0,0.711,-74284435560.0,-0.09757254088238539,926458749.2351276,1303001214.4155843,,,1405-07-18,1405,0.02946954813359537,False,چدن
2026-10-10,3700.0,3700.0,3700.0,3700.0,3700.0,64907442400.0,17542552.0,232.0,314500000000000.0,14.296,51726000000.0,0.7969193991843376,2093788464.516129,146460471.1111111,,,1405-07-18,1405,0.02777777777777768,False,لوتوس
2026-10-10,1472.0,1472.0,1472.0,1472.0,1472.0,10893780352.0,7400666.0,43.0,13388502400000.0,0.156,0.0,0.0,340430636.0,2178756070.4,,,1405-07-18,1405,-0.01997336884154466,False,لکما
2026-10-10,3370.0,3370.0,3240.0,3260.0,3240.0,337153993850.0,103412293.0,2149.0,76284000000000.0,0.893,-11032521340.0,-0.032722499336337016,508475083.2172471,569252681.9354838,,,1405-07-18,1405,-0.02102102102102099,False,مادیرا
2026-10-10,11120.0,11500.0,10900.0,11090.0,11200.0,1577584481810.0,142285749.0,8180.0,673312936800000.0,0.448,-266484349230.0,-0.16891922575471596,501908690.0654129,1120054726.484258,,,1405-07-18,1405,-0.012466607301869992,False,مبین
2026-10-10,4290.0,4290.0,4220.0,4290.0,4290.0,94463952410.0,22025603.0,817.0,25740000000000.0,8.56,48072289980.0,0.5088956025400335,774506859.590164,90482547.54385965,,,1405-07-18,1405,0.02877697841726623,False,مهر
2026-10-10,4980.0,4990.0,4790.0,4920.0,4850.0,236684155970.0,48107847.0,1444.0,39032091840000.0,1.877,-25455583080.0,-0.10755085390348869,613380534.723127,326855362.7522936,,,1405-07-18,1405,0.014432989690721598,False,مهرمام
2026-10-10,12810.0,12950.0,12620.0,12640.0,12620.0,509375863350.0,40296461.0,2225.0,461360000000000.0,1.09,-218761023520.0,-0.42946876611168744,503472511.627907,462053294.6072187,,,1405-07-18,1405,-0.028439661798616456,False,مهرگان
2026-10-10,6400.0,6400.0,6150.0,6240.0,6180.0,678536354480.0,108688611.0,2740.0,1809600000000000.0,0.519,-125308029600.0,-0.18467401012880214,678700665.3968254,1308208468.5245905,,,1405-07-18,1405,-0.011093502377179099,False,میدکو
2026-10-10,2500.0,2500.0,2388.0,2423.0,2448.0,191771392894.0,79138978.0,1203.0,19384000000000.0,0.639,-2471460000.0,-0.012887532194992599,478443968.7664975,748934838.0156863,,,1405-07-18,1405,-0.015440877691995092,False,میهن
2026-10-10,6540.0,6540.0,6250.0,6320.0,6350.0,206652161100.0,32707050.0,2301.0,63200000000000.0,1.214,-30348254480.0,-0.14685670025640007,273003562.72445816,224927699.67355824,,,1405-07-18,1405,-0.018633540372670843,False,نان
2026-10-10,2477.0,2516.0,2403.0,2421.0,2460.0,225397025910.0,93109765.0,1312.0,15609993785037.0,0.628,-23759943363.0,-0.10541373945407441,507674926.9318182,808630267.7266186,,,1405-07-18,1405,-0.0226079935405733,False,نطرین
2026-10-10,50900.0,51110.0,49490.0,49910.0,49560.0,1922542454280.0,38524007.0,9847.0,4791360000000000.0,0.608,-435989653470.0,-0.2267776467039215,440504287.475,724566692.0138888,,,1405-07-18,1405,-0.0021991203518592073,False,نوری
2026-10-10,461.0,475.0,457.0,470.0,470.0,385163072674.0,819343037.0,2163.0,33558000000000.0,1.358,-22748000000.0,-0.05906069821821623,778828446.0,573626270.3278688,,,1405-07-18,1405,0.017316017316017396,False,های وب
2026-10-10,4630.0,4630.0,4500.0,4630.0,4630.0,398463763250.0,86123608.0,866.0,646348000000000.0,1.227,-34668972370.0,-0.08700658771886455,1253670386.7375886,1021432352.173913,,,1405-07-18,1405,0.028888888888888964,False,هرمز
2026-10-10,28590.0,28590.0,27610.0,28460.0,28050.0,3177454403320.0,111661339.0,4390.0,455360000000000.0,0.792,1219293337920.0,0.38373275684019487,2622743183.835125,3309472975.271318,,,1405-07-18,1405,0.025216138328530313,False,واحیا
2026-10-10,2838.0,2838.0,2751.0,2761.0,2753.0,906623063888.0,328346796.0,3259.0,198792000000000.0,0.478,-349125570277.0,-0.3850834863827481,551943290.3762475,1153673589.8132992,,,1405-07-18,1405,-0.026445698166431608,False,کویر
2026-10-10,1841.0,1841.0,1781.0,1805.0,1790.0,273460722971.0,151496458.0,1596.0,50540000000000.0,1.029,25821423890.0,0.09442461648409492,609203110.5895692,592285726.5365853,,,1405-07-18,1405,0.0011092623405435376,False,کیسون
2026-10-10,4150.0,4150.0,3970.0,4010.0,3970.0,371949889960.0,92669680.0,2026.0,124310000000000.0,0.573,-16758299270.0,-0.045055260728272324,385502335.5084746,672740157.630854,,,1405-07-18,1405,-0.019559902200488977,False,والبر
2026-10-10,2981.0,2983.0,2900.0,2966.0,2980.0,64502183725.0,21750590.0,269.0,19575600000000.0,0.49,-27508315300.0,-0.42647106983663596,263498215.93650797,537911011.0243902,,,1405-07-18,1405,0.02381774249223345,False,والماس
2026-10-10,15490.0,15490.0,15230.0,15480.0,15490.0,2143978869870.0,138540547.0,5019.0,777870000000000.0,0.572,183243602160.0,0.08546894035905818,1247622557.4613004,2181198079.5114503,,,1405-07-18,1405,0.0292553191489362,False,وبانک
2026-10-10,966.0,967.0,950.0,965.0,967.0,2882005325812.0,2985742672.0,4786.0,754971582980000.0,1.268,451994899605.0,0.1568334713183263,1784317003.016637,1407005428.4294586,,,1405-07-18,1405,0.027689030883919052,False,وبصادر
2026-10-10,1521.0,1552.0,1500.0,1526.0,1510.0,12797904973443.0,8386603163.0,41997.0,5160932000000000.0,0.57,-2355706163132.0,-0.1840696714048384,879728190.6232795,1543727482.7909267,,,1405-07-18,1405,0.004608294930875667,False,وبملت
2026-10-10,2240.0,2261.0,2180.0,2225.0,2223.0,208408406265.0,93664868.0,1458.0,111250000000000.0,0.539,21647025000.0,0.10386829105384023,460154069.5555556,854480674.1935483,,,1405-07-18,1405,0.010904134484325256,False,وبهمن
2026-10-10,3830.0,3930.0,3830.0,3860.0,3850.0,16464182590.0,4268295.0,259.0,46320000000000.0,0.792,0.0,0.0,171621028.125,216784456.57894737,,,1405-07-18,1405,0.0025974025974024872,False,وبوعلی
2026-10-10,945.0,946.0,901.0,934.0,925.0,3882587301161.0,4154945991.0,12651.0,1485623323430274.0,0.99,-383632513366.0,-0.09880847064308981,1101893847.7660255,1112516704.7887826,,,1405-07-18,1405,0.016322089227421177,False,وتجارت
2026-10-10,4160.0,4160.0,4160.0,4160.0,4160.0,140214792640.0,33705479.0,297.0,83824000000000.0,10.218,120176160000.0,0.8570861728444803,1776740441.0810812,173886656.0,,,1405-07-18,1405,0.02970297029702973,False,وتوکا
2026-10-10,1586.0,1625.0,1578.0,1594.0,1618.0,104351148888.0,65455197.0,795.0,13389600000000.0,1.968,-36416380540.0,-0.3489792007856633,547324157.0806451,278092202.71466666,,,1405-07-18,1405,-0.019680196801967975,False,وحکمت
2026-10-10,10960.0,10960.0,10960.0,10960.0,10960.0,270898791280.0,24717043.0,821.0,876800000000000.0,3.029,152723205040.0,0.5637648079505303,1009413511.0756972,333243663.04635763,,,1405-07-18,1405,0.029107981220657386,False,وخارزم
2026-10-10,7740.0,7740.0,7530.0,7740.0,7740.0,592050047670.0,76512347.0,892.0,928800000000000.0,1.921,299376876420.0,0.505661434532758,2461857483.4615383,1281261928.5542169,,,1405-07-18,1405,0.0292553191489362,False,وخاور
2026-10-10,1959.0,1959.0,1901.0,1954.0,1959.0,153217023822.0,78411161.0,420.0,37203091162000.0,1.761,60106280790.0,0.3922950550183544,1628771078.8913045,925161427.5051546,,,1405-07-18,1405,0.02733964248159837,False,ورازی
2026-10-10,7810.0,7810.0,7710.0,7810.0,7790.0,816294945310.0,104531656.0,1912.0,195250000000000.0,1.601,153845214710.0,0.18846768021033747,1888005317.5238092,1179182691.2361624,,,1405-07-18,1405,0.02898550724637672,False,ورنا
2026-10-10,2062.0,2100.0,2045.0,2076.0,2087.0,138888064222.0,66898006.0,678.0,64029499904676.0,1.242,9993185148.0,0.07195136028411195,739074841.1027027,595003100.7323945,,,1405-07-18,1405,0.0009643201542912649,False,وساخت
2026-10-10,9490.0,9530.0,9270.0,9500.0,9520.0,1888737313390.0,198800583.0,4001.0,247000000000000.0,1.247,168751321500.0,0.08934610456608003,1924648408.6134453,1543148389.1465676,,,1405-07-18,1405,0.02591792656587466,False,وساپا
2026-10-10,7940.0,7940.0,7790.0,7940.0,7940.0,312851421120.0,39426706.0,1142.0,410498000000000.0,1.161,46406759200.0,0.1483348198766846,660690850.3664922,568997639.8895028,,,1405-07-18,1405,0.0298313878080414,False,وسپه
2026-10-10,2102.0,2169.0,2102.0,2157.0,2169.0,4687136466696.0,2172548920.0,10624.0,1078500000000000.0,1.345,1322979412281.0,0.28225749808679645,1558484635.361228,1158530408.657268,,,1405-07-18,1405,0.024216524216524205,False,وپارس
2026-10-10,8740.0,8740.0,8530.0,8550.0,8530.0,2710275785410.0,317105055.0,8842.0,4014085113450000.0,0.409,-5421555000.0,-0.002000370231393204,710840840.2698048,1739306967.4141555,,,1405-07-18,1405,-0.027303754266211566,False,وپاسار
2026-10-10,10490.0,10690.0,10240.0,10500.0,10540.0,219478281530.0,20903430.0,842.0,520222500000000.0,0.404,-117520767000.0,-0.5354551082720062,282452791.1392405,698915120.6896552,,,1405-07-18,1405,0.011560693641618602,False,وپست
2026-10-10,3120.0,3120.0,2950.0,3010.0,2980.0,421813710190.0,139929209.0,2218.0,34615000000000.0,0.755,-49665000000.0,-0.11774154988378426,693137908.75,917618560.1089324,,,1405-07-18,1405,-0.007910349373764003,False,حآفرین
2026-10-10,8920.0,9000.0,8920.0,8920.0,8920.0,479683660040.0,53754808.0,1303.0,50448599699040.0,0.427,-86544846040.0,-0.18042066730558046,848699873.2613391,1989597042.987552,,,1405-07-18,1405,-0.029379760609357986,False,حسیر
2026-10-10,1280.0,1320.0,1269.0,1291.0,1291.0,68943521042.0,53413470.0,375.0,14213910000000.0,1.344,1291000000.0,0.01872547239375155,733582869.893617,545691852.983871,,,1405-07-18,1405,-0.012996941896024516,False,حشکوه
2026-10-10,5790.0,5860.0,5600.0,5830.0,5860.0,1322400956550.0,226843527.0,2581.0,104940000000000.0,3.063,776752167840.0,0.5873802223090202,3147120490.0968523,1027521796.7976424,,,1405-07-18,1405,0.024604569420035194,False,حفاری
2026-10-10,3250.0,3260.0,3100.0,3180.0,3170.0,46868980470.0,14728815.0,524.0,14169103250280.0,0.887,-10592980680.0,-0.22601261162018188,251698965.4166667,283864434.54545456,,,1405-07-18,1405,-0.0031347962382445305,False,خاذین
2026-10-10,1674.0,1690.0,1604.0,1653.0,1637.0,772531672122.0,467326404.0,4598.0,184474800000000.0,0.895,5668416357.0,0.007337454969878349,594357700.127889,664187231.9245447,,,1405-07-18,1405,0.006699147381242332,False,خاور
2026-10-10,8990.0,9090.0,8770.0,8910.0,8920.0,253298362250.0,28418515.0,1436.0,44550000000000.0,1.246,-69548671170.0,-0.2745721312692775,578256368.2206405,464077421.28,,,1405-07-18,1405,-0.002239641657334812,False,خبرنا
2026-10-10,1830.0,1860.0,1791.0,1849.0,1860.0,120726219752.0,65275735.0,509.0,18216342453000.0,1.872,17543125251.0,0.1453132988594996,965558672.12,515758543.82,,,1405-07-18,1405,0.023809523809523725,False,خبنیان
2026-10-10,2630.0,2630.0,2523.0,2592.0,2579.0,1119180185503.0,431826777.0,4723.0,348981610464000.0,0.666,-74837768832.0,-0.06686838259057026,633901501.1101321,952499099.8416244,,,1405-07-18,1405,-0.0026933435936898897,False,خبهمن
2026-10-10,1712.0,1713.0,1651.0,1679.0,1673.0,49510638289.0,29486197.0,538.0,25906970000000.0,0.933,-1679000000.0,-0.03391190374479642,273304712.9314285,292942750.0769231,,,1405-07-18,1405,-0.00943952802359882,False,ختراک
2026-10-10,1958.0,1958.0,1865.0,1886.0,1890.0,78502326242.0,41628359.0,555.0,26781200000000.0,0.746,-2959596070.0,-0.03770074355346388,300156968.1686747,402583840.12435234,,,1405-07-18,1405,-0.018730489073881418,False,خریخت
2026-10-10,1825.0,1832.0,1779.0,1821.0,1811.0,1266802559610.0,695668689.0,4931.0,167261471966850.0,1.171,13456796664.0,0.010622647200952004,972051078.6415584,830286077.2208084,,,1405-07-18,1405,0.02360876897133224,False,خزامیا
2026-10-10,2142.0,2142.0,2072.0,2099.0,2107.0,114607955494.0,54603175.0,940.0,18891000000000.0,0.642,-6400436621.0,-0.055846355459460914,342441859.8227848,533079368.9534884,,,1405-07-18,1405,-0.009905660377358516,False,خزر
2026-10-10,715.0,721.0,690.0,710.0,707.0,3666207589305.0,5163812793.0,13013.0,1151012826460000.0,1.036,388205161430.0,0.10588739234583051,989341262.4883566,955210444.6287404,,,1405-07-18,1405,0.01139601139601143,False,خساپا
2026-10-10,2510.0,2510.0,2450.0,2508.0,2510.0,76165964415.0,30370263.0,295.0,22407974292000.0,1.426,19845440340.0,0.2605552295231185,728494036.1941746,511013383.2222222,,,1405-07-18,1405,0.02913418137053747,False,خفنر
2026-10-10,1988.0,1988.0,1988.0,1988.0,1988.0,84837808552.0,42674954.0,248.0,225773743516636.0,6.766,47220220488.0,0.5565940621752047,1767454344.8333333,261233250.44444445,,,1405-07-18,1405,0.029518384256861818,False,خپارس
2026-10-10,2273.0,2273.0,2273.0,2273.0,2273.0,230965998958.0,101612846.0,385.0,25457600000000.0,2.292,106024196377.0,0.4590467724917379,2098100907.87156,915438825.2313432,,,1405-07-18,1405,0.029904848210240198,False,خکار
2026-10-10,902.0,907.0,874.0,880.0,881.0,1194245225225.0,1357626441.0,3569.0,49040615229760.0,0.578,-132124257760.0,-0.11063411012181969,1370880211.6093535,2371332293.277311,,,1405-07-18,1405,-0.023307436182020025,False,خکاوه
2026-10-10,2908.0,2908.0,2908.0,2908.0,2908.0,55837203012.0,19201239.0,324.0,34896000000000.0,11.953,5816000000.0,0.10415994509520975,2326550125.5,194635031.1750973,,,1405-07-18,1405,0.02974504249291776,False,چکاپا
2026-10-10,7210.0,7210.0,6910.0,6920.0,6910.0,268155203590.0,38749705.0,1070.0,26296000000000.0,0.277,-134333358200.0,-0.5009537626030597,289862818.4757506,1047757897.5806452,,,1405-07-18,1405,-0.028089887640449396,False,خلنت
2026-10-10,4160.0,4280.0,4090.0,4240.0,4190.0,152746296630.0,36061209.0,870.0,28101526719840.0,1.167,973118160.0,0.006370813443400208,611598104.64,523884165.51724136,,,1405-07-18,1405,0.019230769230769162,False,خمهر
2026-10-10,2537.0,2565.0,2502.0,2508.0,2511.0,235857114841.0,94050473.0,1314.0,36152820000000.0,0.372,-82482436872.0,-0.3497135836992005,451117756.59310347,1211969240.25,,,1405-07-18,1405,-0.02753005040713452,False,خموتور
2026-10-10,735.0,753.0,720.0,747.0,750.0,7859678843471.0,10522741505.0,21784.0,1915118312796000.0,1.327,-60006891717.0,-0.0076347765490249585,1442763006.1141305,1086864081.3664727,,,1405-07-18,1405,0.020491803278688492,False,خودرو
2026-10-10,3100.0,3110.0,2980.0,3020.0,2990.0,149913179530.0,49631804.0,1140.0,12298808966000.0,0.953,-8230173460.0,-0.05489959912665992,436867564.5482866,458224264.4444444,,,1405-07-18,1405,-0.013716525146962755,False,خکمک
2026-10-10,4530.0,4530.0,4410.0,4520.0,4530.0,2184652025710.0,483246490.0,6757.0,265815536440000.0,1.935,463290919320.0,0.21206623016744874,1482832854.8981023,766300713.4481153,,,1405-07-18,1405,0.027272727272727337,False,خگستر
2026-10-10,5600.0,5600.0,5420.0,5440.0,5470.0,265888085440.0,48860526.0,2521.0,38080000000000.0,1.345,-31775975680.0,-0.11950883631139812,323527504.77306,240480743.52045676,,,1405-07-18,1405,-0.02508960573476704,False,خیمن
2026-10-10,5500.0,5500.0,5290.0,5460.0,5500.0,1222222752860.0,223734644.0,3598.0,95167756320000.0,0.62,-261485891940.0,-0.213942909611299,937521574.6478872,1512507792.4026845,,,1405-07-18,1405,0.022471910112359605,False,درازک
2026-10-10,3610.0,3610.0,3550.0,3610.0,3610.0,147994833000.0,41018758.0,737.0,21660000000000.0,2.184,22437088600.0,0.15160724293665037,1057331278.115942,484214226.5882353,,,1405-07-18,1405,0.028490028490028463,False,دسانکو
2026-10-10,10430.0,10430.0,9880.0,10230.0,10160.0,1448972184100.0,141606152.0,9419.0,104705584500000.0,0.327,34995009060.0,0.024151608598157077,411279093.4513274,1256224893.0294905,,,1405-07-18,1405,0.004911591355599265,False,دلقما
2026-10-10,670.0,680.0,650.0,666.0,665.0,3214406177873.0,4826291781.0,13964.0,444278320843446.0,0.815,-361400956614.0,-0.11243163950522958,658783352.6170921,808409030.569149,,,1405-07-18,1405,0.0015037593984963404,False,ذوب
2026-10-10,10510.0,10510.0,9930.0,9930.0,9930.0,766022089420.0,77103988.0,1916.0,99300000000000.0,0.91,-38846775660.0,-0.05071234393438074,669882242.3684211,736486264.3979057,,,1405-07-18,1405,-0.029325513196480912,False,رتاپ
2026-10-10,8230.0,8230.0,7900.0,7980.0,7950.0,474147261150.0,59379957.0,2057.0,96878484780000.0,0.373,-100105501020.0,-0.2111274475723079,333886234.4847605,894723893.1707318,,,1405-07-18,1405,-0.019656019656019708,False,زفکا
2026-10-10,1555.0,1555.0,1500.0,1512.0,1510.0,235888313154.0,155990612.0,3098.0,28519381800000.0,1.448,19865740104.0,0.08421672035541085,275369768.3985419,190214884.349586,,,1405-07-18,1405,-0.02009073233959824,False,زملارد
2026-10-10,7530.0,7530.0,7280.0,7480.0,7530.0,218624684120.0,29244426.0,850.0,69564000000000.0,0.74,-34342692120.0,-0.15708515375669924,322560540.5204461,435652796.8345324,,,1405-07-18,1405,0.021857923497267784,False,سخزر
2026-10-10,9050.0,9050.0,9000.0,9050.0,9050.0,1085244618570.0,119928632.0,1901.0,135750000000000.0,0.514,206010625250.0,0.1898287461876154,1078618213.079667,2099123628.5928144,,,1405-07-18,1405,0.029579067121729308,False,سرچشمه
2026-10-10,39320.0,39320.0,38180.0,38870.0,38310.0,1508883405850.0,38823027.0,3839.0,4722705000000000.0,0.721,90097239440.0,0.05971120040865283,777745767.3163842,1078563849.6955504,,,1405-07-18,1405,0.01807228915662651,False,پارسان
2026-10-10,1889.0,1940.0,1881.0,1902.0,1920.0,75927165453.0,39921989.0,565.0,95100000000000.0,0.716,-6110711364.0,-0.08048122602156955,327955313.3370166,457836525.0209791,,,1405-07-18,1405,-0.004188481675392652,False,پارسیان
2026-10-10,14880.0,14900.0,14070.0,14510.0,14180.0,67416111210.0,4646674.0,443.0,1160800000000000.0,0.608,-12958924530.0,-0.192222961209275,268610185.70621467,441627207.2992701,,,1405-07-18,1405,0.0027643400138217533,False,پاکشو
2026-10-10,9640.0,9640.0,9600.0,9640.0,9640.0,142244104230.0,14756062.0,712.0,28920000000000.0,2.252,45161385240.0,0.31749214130504,587803461.4876033,260986700.10752687,,,1405-07-18,1405,0.029914529914529808,False,پتوسعه
2026-10-10,6770.0,6770.0,6390.0,6560.0,6440.0,211070571690.0,32186481.0,1173.0,7417621600000.0,0.802,0.0,0.0,596450043.3898305,743462378.028169,,,1405-07-18,1405,-0.003039513677811523,False,پدرخش
2026-10-10,7090.0,7090.0,6700.0,6720.0,6700.0,75356701370.0,11215901.0,466.0,67200000000000.0,0.431,-8373120000.0,-0.1111131438581439,416134998.2608696,966293009.2307692,,,1405-07-18,1405,-0.02608695652173909,False,پرداخت
2026-10-10,2406.0,2406.0,2406.0,2406.0,2406.0,52846919028.0,21964638.0,267.0,24060000000000.0,1.102,16120200000.0,0.3050357579305427,412913547.09375,374823816.6122449,,,1405-07-18,1405,0.02996575342465757,False,پردیس
2026-10-10,139600.0,139600.0,139600.0,139100.0,139600.0,1578457200.0,11307.0,9.0,8386750736000.0,4.0,0.0,0.0,786401850.0,196600462.5,,,1405-07-18,1405,0.02581120943952797,False,پشاهن
2026-10-10,6120.0,6130.0,5950.0,6120.0,6130.0,45353604260.0,7415468.0,157.0,8936351679960.0,14.893,22833720000.0,0.5034598765094926,4538266416.0,304715461.6216216,,,1405-07-18,1405,0.02684563758389258,False,پلاسک
2026-10-10,8670.0,8670.0,8440.0,8670.0,8670.0,503922036020.0,58154716.0,926.0,170738310000000.0,0.661,-188948292480.0,-0.3749554077299785,1003862817.3267328,1518327835.5813954,,,1405-07-18,1405,0.029691211401425166,False,پکرمان
2026-10-10,841.0,841.0,841.0,841.0,841.0,106494989.0,126629.0,8.0,2866128000000.0,8.0,0.0,0.0,106494989.0,13311873.625,,,1405-07-18,1405,0.019393939393939297,False,داراب
2026-10-10,10900.0,10900.0,10310.0,10350.0,10340.0,2375989227830.0,229596239.0,9243.0,536130000000000.0,0.236,-1076539735350.0,-0.4530911684028163,434423748.3834587,1838638308.113674,,,1405-07-18,1405,-0.025423728813559365,False,دارو
2026-10-10,123400.0,123400.0,119900.0,123400.0,123400.0,187910935700.0,1523158.0,520.0,92550000000000.0,0.636,40226795800.0,0.21407373471984686,1032734600.0,1623416498.901099,,,1405-07-18,1405,0.029190992493744794,False,داسوه
2026-10-10,17030.0,17030.0,17030.0,17030.0,17030.0,625337529830.0,36719761.0,1068.0,238420000000000.0,4.126,127603797490.0,0.20405587607174241,2831932756.5079365,686286616.257485,,,1405-07-18,1405,0.029625151148730433,False,دالبر
2026-10-10,19630.0,19890.0,19000.0,19080.0,19000.0,131275980930.0,6880116.0,455.0,174200400000000.0,0.211,-62628192000.0,-0.4770727406211125,294611250.12875533,1396517162.5531914,,,1405-07-18,1405,-0.025536261491317713,False,دامین
2026-10-10,17950.0,17950.0,17950.0,17950.0,17950.0,143404757850.0,7989123.0,251.0,37695000000000.0,1.547,4221355350.0,0.029436647802268158,2091208452.2727275,1351499015.151515,,,1405-07-18,1405,0.02983362019506597,False,داوه
2026-10-10,17400.0,17400.0,16550.0,16880.0,16890.0,449310275140.0,26621363.0,1817.0,30721600000000.0,0.814,-15584122400.0,-0.034684544873014894,795431823.7209302,977126017.0642202,,,1405-07-18,1405,-0.010550996483001174,False,دبالک
2026-10-10,55050.0,55900.0,54980.0,55140.0,55330.0,219548509860.0,3981623.0,1316.0,154392000000000.0,0.489,-34267083840.0,-0.15607978328730707,315750987.3684211,645550461.7105263,,,1405-07-18,1405,-0.0271700776287932,False,دتماد
2026-10-10,8270.0,8270.0,8060.0,8260.0,8270.0,3656967907620.0,442603961.0,6922.0,247800000000000.0,0.472,-140342132980.0,-0.0383766378391153,1249086945.3693328,2647905829.1521964,,,1405-07-18,1405,0.028642590286425795,False,دتوزیع
2026-10-10,10080.0,10080.0,10080.0,10080.0,10080.0,128601799200.0,12758115.0,282.0,30240000000000.0,3.676,-36288000000.0,-0.282173346140868,2797387854.5454545,760957391.7159764,,,1405-07-18,1405,0.02962206332992845,False,دتولید
2026-10-10,64470.0,64470.0,60730.0,63690.0,64470.0,1296383449900.0,20356089.0,5269.0,144448920000000.0,0.487,15981031110.0,0.0123273951940938,597972360.2735125,1227737891.9161675,,,1405-07-18,1405,0.017412140575079782,False,دجابر
2026-10-10,6400.0,6400.0,6400.0,6400.0,6400.0,24402553600.0,3812899.0,41.0,41472000000000.0,0.579,0.0,0.0,1284344926.3157897,2218413963.6363635,,,1405-07-18,1405,0.02893890675241151,False,دحاوی
2026-10-10,13100.0,13140.0,12750.0,12790.0,12750.0,101829112780.0,7959517.0,575.0,36075346100000.0,0.145,-51449297010.0,-0.5052513530305944,236027394.354067,1625468103.7096777,,,1405-07-18,1405,-0.026636225266362223,False,ددام
2026-10-10,25040.0,25040.0,23840.0,23890.0,24000.0,946600070140.0,39622568.0,3060.0,344016000000000.0,0.458,-243143413470.0,-0.25685970362757277,488626637.4087266,1067211761.832884,,,1405-07-18,1405,-0.027676027676027726,False,ددانا
2026-10-10,59500.0,60270.0,58540.0,58910.0,58940.0,214155018710.0,3635038.0,908.0,144329500000000.0,0.431,-81279069560.0,-0.3795338070973009,450376335.66101694,1044585797.9512194,,,1405-07-18,1405,-0.023213397446526285,False,دپارس
2026-10-10,14130.0,14130.0,13430.0,13690.0,13920.0,155634757700.0,11370104.0,802.0,177970000000000.0,0.886,-62260449820.0,-0.4000420647681581,602556606.0645161,679723684.5414847,,,1405-07-18,1405,-0.010838150289017356,False,دماوند
2026-10-10,16430.0,16540.0,16410.0,16420.0,16410.0,34833527180.0,2120967.0,155.0,25441640600000.0,1.3,-4138316180.0,-0.11880267417696516,767199049.0,590275900.6779661,,,1405-07-18,1405,-0.02897693672383206,False,دهدشت
2026-10-10,1785.0,1813.0,1779.0,1782.0,1779.0,2113781410560.0,1186140101.0,5825.0,240570000000000.0,0.634,-801264414060.0,-0.37906682784561085,858815272.6463414,1353976280.4227748,,,1405-07-18,1405,-0.02782324058919805,False,دی
2026-10-10,22470.0,22470.0,22470.0,22470.0,22470.0,101925200790.0,4536057.0,233.0,39996600000000.0,2.662,-4494000000.0,-0.044091156702836844,1910415701.764706,717783104.1549296,,,1405-07-18,1405,0.02978918423464716,False,دیران
2026-10-10,11680.0,11680.0,11680.0,11680.0,11680.0,34589105280.0,2961396.0,181.0,43216000000000.0,20.206,27025557760.0,0.7813315071675656,1114036842.6666667,55134030.34482759,,,1405-07-18,1405,0.029982363315696592,False,رافزا
2026-10-10,5260.0,5260.0,5000.0,5130.0,5090.0,53650853010.0,10465120.0,420.0,307800000000000.0,0.764,-19525975290.0,-0.36394529060629377,283470646.15384614,371070710.4929578,,,1405-07-18,1405,0.001953125,False,رانفور
2026-10-10,25490.0,25490.0,24130.0,24190.0,24130.0,11487961290.0,474878.0,59.0,4838000000000.0,1.786,0.0,0.0,820521344.2857144,459491952.8,,,1405-07-18,1405,-0.027342179332529137,False,رتکو
2026-10-10,53940.0,53940.0,53940.0,53940.0,53940.0,1797874140.0,33331.0,25.0,24295175273400.0,10.5,0.0,0.0,898937070.0,85613054.28571428,,,1405-07-18,1405,0.0099232353491856,False,رفاه
2026-10-10,11700.0,11700.0,11450.0,11460.0,11450.0,1293791240420.0,112895023.0,4162.0,2062800000000000.0,0.236,-284976817020.0,-0.22026491455258945,368131679.8444252,1559002567.1052632,,,1405-07-18,1405,-0.028813559322033888,False,رمپنا
2026-10-10,12850.0,13220.0,12650.0,12740.0,12790.0,116002360900.0,9104572.0,764.0,71981000000000.0,0.936,1856281700.0,0.016002102764099864,378217582.1666667,404163354.6363636,,,1405-07-18,1405,-0.02300613496932513,False,رنیک
2026-10-10,64580.0,66830.0,64150.0,64280.0,64150.0,85026874130.0,1322827.0,531.0,20569600000000.0,0.855,-58598033680.0,-0.6891707390113837,243940780.75471696,285323501.4864865,,,1405-07-18,1405,-0.02797520036292156,False,رپویا
2026-10-10,2710.0,2716.0,2600.0,2650.0,2605.0,17831709991.0,6728393.0,254.0,26500000000000.0,0.987,-39177600.0,-0.0021970747628675923,191212972.5806452,193717217.93478265,,,1405-07-18,1405,0.004548900682335155,False,رکیش
2026-10-10,20480.0,20480.0,20480.0,20480.0,20480.0,141297643520.0,6899299.0,323.0,20480000000000.0,1.676,24780800000.0,0.17538013644574615,1507710368.3516483,899366748.16,,,1405-07-18,1405,0.02966314731020603,False,ریشمک
2026-10-10,166800.0,169000.0,161200.0,164800.0,165000.0,215319445300.0,1306195.0,1310.0,395520000000000.0,0.954,-49716534400.0,-0.2308966304958245,498377809.7560976,522510921.5686275,,,1405-07-18,1405,0.0006071645415908211,False,زاگرس
2026-10-10,48750.0,50420.0,48080.0,48560.0,48470.0,85357747870.0,1757652.0,781.0,7284000000000.0,0.554,0.0,0.0,328275312.0,592719313.3333333,,,1405-07-18,1405,-0.01240593858043526,False,بالاس
2026-10-10,27950.0,27950.0,26750.0,27120.0,27280.0,37399399160.0,1379045.0,357.0,17356800000000.0,1.496,7285598160.0,0.19480521943230064,424996595.4545455,284095304.1509434,,,1405-07-18,1405,-0.002941176470588225,False,بالبر
2026-10-10,29760.0,30960.0,29750.0,29900.0,29750.0,7923278320.0,264980.0,73.0,15091554015200.0,1.395,2451800000.0,0.30944261970593,293440814.81481487,210427000.0,,,1405-07-18,1405,-0.024787997390737115,False,بایکا
2026-10-10,264700.0,264700.0,254500.0,264400.0,264700.0,8285715200.0,31334.0,30.0,2379616657200.0,0.778,0.0,0.0,460261644.4444445,591764971.4285715,,,1405-07-18,1405,0.018489984591679498,False,بتک
2026-10-10,8880.0,8880.0,8880.0,8880.0,8880.0,62267883120.0,7012149.0,106.0,44400000000000.0,27.973,60308972880.0,0.9685406000357379,2490715324.8,89041374.54545455,,,1405-07-18,1405,0.028968713789107703,False,بخاور
2026-10-10,8010.0,8020.0,8000.0,8020.0,8020.0,115659806330.0,14424591.0,436.0,48120000000000.0,1.873,63244444820.0,0.5468143759427649,832267768.4892087,444413347.4576271,,,1405-07-18,1405,0.029525032092426295,False,بزاگرس
2026-10-10,7590.0,7590.0,7370.0,7520.0,7560.0,126623757220.0,16831281.0,754.0,31584000000000.0,2.221,10502469600.0,0.08294233112789953,702334703.3526012,316243401.9373219,,,1405-07-18,1405,0.020352781546811416,False,بزندگی
2026-10-10,15000.0,15170.0,14550.0,14890.0,14680.0,25242050690.0,1694729.0,193.0,178680000000000.0,0.44,-14131309830.0,-0.5598320835160323,292189604.7368421,664066179.2105262,,,1405-07-18,1405,-0.006671114076050699,False,بساما
2026-10-10,5180.0,5180.0,4940.0,5080.0,5030.0,12191492340.0,2400053.0,220.0,121920000000000.0,1.355,2592456080.0,0.21264468759859795,199584091.03448275,147269200.0,,,1405-07-18,1405,0.0039525691699604515,False,بسویچ
2026-10-10,14040.0,14040.0,13640.0,13800.0,13710.0,60565982760.0,4389244.0,362.0,1428300000000000.0,0.636,-6835871400.0,-0.11286651497240562,361933275.5244755,568857570.8737863,,,1405-07-18,1405,0.011730205278592365,False,بپاس
2026-10-10,2933.0,2990.0,2933.0,2975.0,2980.0,680680704.0,228804.0,8.0,8925000000000.0,0.629,-573591900.0,-0.8426739536309817,107100000.0,170172975.0,,,1405-07-18,1405,-0.0050167224080267525,False,بپردیس
2026-10-10,6120.0,6240.0,6040.0,6060.0,6040.0,102428571600.0,16914236.0,1327.0,60249410820000.0,1.638,-8561792220.0,-0.08358792948353484,312087966.5780731,190520948.2527881,,,1405-07-18,1405,-0.025723472668810254,False,بپویا
2026-10-10,18660.0,18910.0,18230.0,18440.0,18230.0,20202905790.0,1095662.0,1105.0,55320000000000.0,7.503,-438079080.0,-0.021683963908639303,166906222.0338983,22246423.513812155,,,1405-07-18,1405,-0.01758124667021843,False,بپیوند
2026-10-10,18330.0,18330.0,18330.0,18330.0,18330.0,21593143260.0,1178022.0,154.0,91650000000000.0,1.674,15892110000.0,0.7359794638809801,251083061.1627907,150027191.0526316,,,1405-07-18,1405,0.02977528089887649,False,ساراب
2026-10-10,90890.0,90890.0,88220.0,89930.0,90880.0,49192740260.0,547004.0,269.0,129499200000000.0,0.669,-20253045370.0,-0.41170801347832864,277557703.75,415031725.04424775,,,1405-07-18,1405,0.01903682719546751,False,ساربیل
2026-10-10,59760.0,59760.0,58150.0,58590.0,58580.0,24015475230.0,409869.0,209.0,78510600000000.0,0.645,0.0,0.0,258217470.0,400237078.5,,,1405-07-18,1405,0.00756663800515911,False,ساروج
2026-10-10,248300.0,248300.0,248300.0,248300.0,248300.0,221537977700.0,892219.0,361.0,248300000000000.0,7.621,-496848300.0,-0.002242722918924614,1720470700.0,225753684.3537415,,,1405-07-18,1405,0.029863127333056738,False,ساروم
2026-10-10,10100.0,10120.0,9960.0,10010.0,10100.0,624699018430.0,62427111.0,1152.0,1581580000000000.0,0.212,-502531649620.0,-0.8044380330274373,392208369.4539249,1848648807.994012,,,1405-07-18,1405,0.004012036108324901,False,سامان
2026-10-10,12320.0,12320.0,12320.0,12320.0,12320.0,147913267040.0,12005947.0,520.0,211671008816960.0,2.588,-8266793920.0,-0.05588946877743172,328621458.3606557,126962793.1838565,,,1405-07-18,1405,0.029239766081871288,False,ساوه
2026-10-10,398200.0,419800.0,395400.0,408000.0,419800.0,1904569441200.0,4667497.0,7896.0,244800000000000.0,0.818,-11295888000.0,-0.005930940482213592,839551454.798331,1026596268.169014,,,1405-07-18,1405,0.0009813542688910104,False,سباقر
2026-10-10,64050.0,64050.0,64050.0,64050.0,64050.0,110825522850.0,1730297.0,166.0,128100000000000.0,2.767,-776478150.0,-0.0070063116332051666,2089872669.230769,755265482.4324324,,,1405-07-18,1405,0.029908345393150126,False,سبجنو
2026-10-10,14360.0,14360.0,14060.0,14360.0,14360.0,179371074090.0,12491621.0,581.0,53961973234440.0,2.534,31801454960.0,0.17729422160924074,1587068097.5,626395587.8111588,,,1405-07-18,1405,0.029390681003584218,False,سبزوا
2026-10-10,6140.0,6160.0,5970.0,6120.0,6160.0,115443434130.0,18855009.0,670.0,45288000000000.0,1.451,670978440.0,0.005812183646966151,552035829.7206705,380400911.1627907,,,1405-07-18,1405,0.02170283806343898,False,سبهان
2026-10-10,16630.0,16630.0,16630.0,16630.0,16630.0,151437502920.0,9106284.0,330.0,282709999983370.0,3.93,9907671730.0,0.06542416204019115,1849622255.952381,470669882.0833333,,,1405-07-18,1405,0.029721362229102155,False,ستران
2026-10-10,11240.0,11370.0,10730.0,11000.0,11030.0,204117587710.0,18552698.0,1511.0,110000000000000.0,0.499,-7427519000.0,-0.03638843219405789,311830601.95758563,624464396.226415,,,1405-07-18,1405,-0.005424954792043413,False,سجام
2026-10-10,13200.0,13200.0,12930.0,13170.0,13200.0,113688527230.0,8632095.0,584.0,69801000000000.0,0.758,-49330408050.0,-0.43390840968676697,310016333.2075472,408916116.26865673,,,1405-07-18,1405,0.027301092043681807,False,سخاش
2026-10-10,6770.0,6780.0,6410.0,6510.0,6630.0,37042658210.0,5686179.0,220.0,18649853898060.0,1.131,52080000.0,0.0014059466171339866,480740588.1818182,424884428.6206897,,,1405-07-18,1405,-0.013636363636363669,False,سخواف
2026-10-10,14210.0,14220.0,13420.0,13550.0,13420.0,5268393680.0,388902.0,95.0,176150000000000.0,0.445,-578449500.0,-0.10979617984812404,101982013.04347828,229114004.3478261,,,1405-07-18,1405,-0.02024584237165583,False,سپ
2026-10-10,22870.0,22870.0,22870.0,22870.0,22870.0,218639669960.0,9560108.0,383.0,154372500000000.0,5.341,-4519729490.0,-0.020672046801144924,1383413651.0714283,259013842.63473052,,,1405-07-18,1405,0.029716343989194094,False,سپاها
2026-10-10,47070.0,47070.0,44780.0,45400.0,45970.0,734052121050.0,16168094.0,3253.0,408600000000000.0,1.408,77116803200.0,0.10505630457097635,882647187.1999999,626868796.5702037,,,1405-07-18,1405,-0.009598603839441555,False,سپید
2026-10-10,11000.0,11000.0,10580.0,10700.0,10680.0,30513304840.0,2852376.0,946.0,167990000000000.0,2.816,-10900614300.0,-0.35724135281833996,122696159.74842766,43566337.67908309,,,1405-07-18,1405,-0.007421150278293154,False,سپیدار
2026-10-10,10190.0,10190.0,9700.0,9860.0,9990.0,815982172330.0,82784814.0,3786.0,49240248400000.0,0.93,368598647800.0,0.4517238982654282,554176554.875,595712137.1328672,,,1405-07-18,1405,-0.014000000000000012,False,تلیسه
2026-10-10,2569.0,2610.0,2523.0,2542.0,2545.0,236475553393.0,93012011.0,559.0,53382000000000.0,0.213,-184880369218.0,-0.7818159914007953,384747483.1641791,1804859022.610687,,,1405-07-18,1405,-0.02268358323721642,False,تماوند
2026-10-10,9330.0,9330.0,9200.0,9330.0,9330.0,21878105410.0,2346143.0,139.0,3313745430000.0,2.68,0.0,0.0,875580567.6,326709167.01492536,,,1405-07-18,1405,0.0298013245033113,False,تمحرکه
2026-10-10,2199.0,2219.0,2134.0,2189.0,2194.0,15889350304.0,7259062.0,291.0,170742000000000.0,0.972,-10288300000.0,-0.6474965812422182,90351398.67741936,92924483.73099416,,,1405-07-18,1405,-0.004547521600727578,False,تملت
2026-10-10,3160.0,3190.0,3070.0,3090.0,3120.0,195076467650.0,63082633.0,813.0,118965000000000.0,0.398,-83416496700.0,-0.4276092227057506,419777283.6956522,1054819118.283582,,,1405-07-18,1405,-0.023388116308470264,False,تنوین
2026-10-10,3670.0,3780.0,3580.0,3730.0,3780.0,250926178120.0,67238863.0,1341.0,53712000000000.0,1.325,104485215060.0,0.41639822454089354,687829263.0704225,519309194.53531593,,,1405-07-18,1405,0.016348773841961872,False,توریل
2026-10-10,2800.0,2939.0,2800.0,2895.0,2905.0,7766832217.0,2682486.0,409.0,144750000000000.0,4.961,-466755060.0,-0.06009593705119174,119656424.75409836,24117381.89440994,,,1405-07-18,1405,0.01117708697170805,False,تکاردان
2026-10-10,9410.0,9410.0,9060.0,9090.0,9060.0,88760458720.0,9766588.0,860.0,7272000000000.0,0.417,-6410268000.0,-0.07221986110078094,220235339.3582888,528442172.14285713,,,1405-07-18,1405,-0.025723472668810254,False,تکشا
2026-10-10,8870.0,8870.0,8500.0,8720.0,8860.0,33544194840.0,3846081.0,234.0,15024799808720.0,1.295,1395409280.0,0.04159912875106589,477009899.7014925,368244024.0963856,,,1405-07-18,1405,0.011600928074245953,False,تکمبا
2026-10-10,2468.0,2468.0,2468.0,2468.0,2468.0,11207126300.0,4540975.0,76.0,78976000000000.0,4.278,-1320340512.0,-0.11781258430182945,427157491.2,99855632.57142857,,,1405-07-18,1405,0.029620358781810685,False,تکیمیا
2026-10-10,29990.0,29990.0,29000.0,29410.0,29100.0,1063485261310.0,36162591.0,3205.0,941120000000000.0,0.551,-143285372950.0,-0.13473188408224976,540749239.9887893,982156507.0957614,,,1405-07-18,1405,-0.004400812457684533,False,تیپیکو
2026-10-10,20060.0,20060.0,20060.0,20060.0,20060.0,13865191160.0,691186.0,48.0,3209600000000.0,1.684,1003000000.0,0.07233942817128819,866574447.5,514487646.4,,,1405-07-18,1405,0.02977412731006157,False,ثاصفا
2026-10-10,30830.0,31340.0,30400.0,30510.0,30400.0,89848157030.0,2945159.0,569.0,21357000000000.0,0.287,-10382553000.0,-0.1155566607396666,279838901.7253521,976704359.673913,,,1405-07-18,1405,-0.026483726866624147,False,ثامان
2026-10-10,8820.0,8820.0,8400.0,8730.0,8490.0,718943679480.0,82364442.0,1235.0,40332600000000.0,0.952,236540807910.0,0.32901159668179575,1981015539.442897,2081770924.342105,,,1405-07-18,1405,0.018669778296382722,False,ثباغ
2026-10-10,4360.0,4360.0,4250.0,4350.0,4360.0,547411257440.0,125833006.0,1733.0,104400000000000.0,1.789,170412120000.0,0.31130547222748395,1468755913.7096777,820884453.930131,,,1405-07-18,1405,0.016355140186915973,False,فاسمین
2026-10-10,10700.0,10700.0,10510.0,10670.0,10540.0,60189114450.0,5640801.0,330.0,4801500000000.0,0.814,15231659740.0,0.2530633633537368,590072026.1764706,725091724.6774193,,,1405-07-18,1405,0.026948989412896918,False,فافزا
2026-10-10,17120.0,17120.0,16920.0,17120.0,17120.0,214276224910.0,12519070.0,653.0,119840000000000.0,0.818,107075071200.0,0.49970579444814056,622978567.5090253,761511534.883721,,,1405-07-18,1405,0.02946482260974137,False,فافق
2026-10-10,7360.0,7580.0,7140.0,7480.0,7580.0,423131383750.0,56566588.0,1065.0,93500000000000.0,0.662,88795655960.0,0.20985362790405404,1193038859.94302,1803065485.68306,,,1405-07-18,1405,0.016304347826086918,False,فاما
2026-10-10,7630.0,7630.0,7630.0,7570.0,7630.0,3264754920.0,427884.0,24.0,42762930000000.0,19.0,0.0,0.0,3239081880.0,170477993.68421054,,,1405-07-18,1405,0.001322751322751392,False,فاهواز
2026-10-10,16870.0,16870.0,16030.0,16070.0,16050.0,46224978140.0,2876876.0,214.0,4543171137380.0,0.759,0.0,0.0,531395371.4942529,700475716.969697,,,1405-07-18,1405,-0.02723970944309928,False,فبستم
2026-10-10,2566.0,2566.0,2550.0,2566.0,2566.0,39134699687.0,15251651.0,118.0,12830000000000.0,1.568,406723830.0,0.010392920688110147,1349508154.0,860644725.2444444,,,1405-07-18,1405,0.029695024077046606,False,فبیرا
2026-10-10,8080.0,8080.0,7880.0,8070.0,8080.0,154056628110.0,19098197.0,1062.0,21789000000000.0,1.663,6422315820.0,0.0416880201701826,482179133.0463576,289991213.25,,,1405-07-18,1405,0.028025477707006363,False,فتوسا
2026-10-10,20180.0,20180.0,19120.0,19430.0,19510.0,66623407760.0,3428834.0,380.0,23316000000000.0,0.909,-8848285990.0,-0.13281046838484326,484860039.5726496,533145614.7967479,,,1405-07-18,1405,-0.012201321809862775,False,فجام
2026-10-10,5700.0,5700.0,5700.0,5690.0,5700.0,10727354400.0,1881992.0,56.0,12003777630000.0,0.696,0.0,0.0,465588455.65217394,669283405.0,,,1405-07-18,1405,0.017889087656529412,False,فجوش
2026-10-10,51250.0,53190.0,51030.0,51190.0,51150.0,411042348860.0,8029928.0,2061.0,52689007008000.0,0.596,-60600052940.0,-0.1474301932831749,507415575.5947137,851467630.8595388,,,1405-07-18,1405,-0.026806083650190105,False,فپنتا
2026-10-10,5020.0,5020.0,4920.0,5020.0,5020.0,374164046400.0,74546747.0,793.0,25100000000000.0,1.364,49384139560.0,0.13198526163897079,2000247987.4390244,1466613317.7894735,,,1405-07-18,1405,0.028688524590164022,False,ناما
2026-10-10,8920.0,9140.0,8720.0,9070.0,9100.0,141386566450.0,15583953.0,850.0,13605000000000.0,6.655,33565249230.0,0.23740055418822287,1117892883.4313726,167974582.21294364,,,1405-07-18,1405,0.021396396396396344,False,نبابک
2026-10-10,2226.0,2226.0,2226.0,2173.0,2226.0,1290628122.0,579797.0,21.0,8775758808693.0,4.25,0.0,0.0,314974720.25,74111698.88235295,,,1405-07-18,1405,0.005087881591119281,False,نتوس
2026-10-10,28510.0,28510.0,26860.0,27010.0,26930.0,158132855760.0,5854495.0,751.0,35113000000000.0,1.903,-27398862970.0,-0.17326483379003513,841335012.7741935,442033025.070028,,,1405-07-18,1405,-0.024557602022390768,False,نخریس
2026-10-10,9750.0,9770.0,9460.0,9630.0,9680.0,37739229400.0,3920129.0,335.0,19260000000000.0,0.953,1041657840.0,0.027601460246032473,306134490.0,321165652.8947368,,,1405-07-18,1405,0.01475237091675452,False,نمرینو
2026-10-10,9580.0,9580.0,9190.0,9220.0,9200.0,73226011950.0,7945254.0,608.0,46100000000000.0,0.595,-31401789480.0,-0.42883380705536295,215739445.3608248,362649712.27722776,,,1405-07-18,1405,-0.026399155227032733,False,نوین
2026-10-10,4160.0,4160.0,4160.0,4160.0,4160.0,109778348160.0,26389026.0,409.0,49691041920000.0,39.681,102219366080.0,0.9311432335547359,1588791842.3188405,40039302.91891892,,,1405-07-18,1405,0.02970297029702973,False,نیان
2026-10-10,13810.0,13810.0,13530.0,13810.0,13810.0,38537409370.0,2791140.0,171.0,4143000000000.0,1.108,9805100000.0,0.25443069890507275,558632513.0434783,504220059.6491228,,,1405-07-18,1405,0.02982848620432521,False,نیرو
2026-10-10,14650.0,15020.0,14560.0,14630.0,14730.0,120130856180.0,8213460.0,1060.0,39139551220000.0,0.642,8351813470.0,0.0695226333647862,284842095.58265585,443829907.3394495,,,1405-07-18,1405,-0.025316455696202556,False,درهآور
2026-10-10,36270.0,36270.0,36270.0,36270.0,36270.0,7781692230.0,214549.0,39.0,50766393600000.0,8.428,6528600000.0,0.8389691865261548,555835159.2857143,65952222.63157895,,,1405-07-18,1405,0.029812606473594627,False,دروز
2026-10-10,33250.0,33250.0,32290.0,33240.0,33250.0,6718489427700.0,202134581.0,18372.0,255948000000000.0,0.467,-307796350320.0,-0.0458133265866239,1393610696.2556615,2981134756.3691998,,,1405-07-18,1405,0.029420873335398,False,دزاگرس
2026-10-10,5570.0,5590.0,5440.0,5560.0,5530.0,153209274550.0,27566131.0,1028.0,59124011400000.0,1.157,15218687440.0,0.09933267737674305,456153834.4047619,394425716.9142857,,,1405-07-18,1405,0.023941068139963217,False,دزهراوی
2026-10-10,7560.0,7560.0,7560.0,7560.0,7560.0,89617305960.0,11854141.0,261.0,109778760000000.0,7.887,42240108960.0,0.4713387498933917,2130470877.073171,270114952.0958084,,,1405-07-18,1405,0.02997275204359684,False,دسبحا
2026-10-10,22280.0,22280.0,22280.0,22280.0,22280.0,165587165720.0,7432099.0,299.0,222800000000000.0,4.65,67989001880.0,0.41059342724040676,2226392126.6666665,478792158.540146,,,1405-07-18,1405,0.02957486136783727,False,دسبحان
2026-10-10,103100.0,103100.0,97200.0,97900.0,97700.0,114527326600.0,1169879.0,674.0,234960000000000.0,0.345,-54236991600.0,-0.47357249322189277,240514140.48582995,697202357.6687117,,,1405-07-18,1405,-0.0224663005491762,False,دسینا
2026-10-10,479400.0,479400.0,452000.0,459000.0,453800.0,15470466700.0,33708.0,121.0,22950000000000.0,1.41,-791775000.0,-0.05117977468643528,419434200.0,297537923.0769231,,,1405-07-18,1405,-0.01438694438479704,False,دشیری
2026-10-10,43000.0,43250.0,41710.0,42480.0,42000.0,110592470520.0,2603553.0,518.0,38232000000000.0,1.417,31185545040.0,0.28198615053418374,676709546.6666667,477541617.1428572,,,1405-07-18,1405,0.009265858873841681,False,دشیمی
2026-10-10,31000.0,31000.0,29490.0,30110.0,29490.0,2530232761050.0,84034938.0,9742.0,1686160000000000.0,0.334,-432252897120.0,-0.1708352305661488,488511403.51492536,1462185943.3585222,,,1405-07-18,1405,-0.009539473684210487,False,دعبید
2026-10-10,19270.0,19270.0,18550.0,18650.0,18670.0,1823984222900.0,97802450.0,5900.0,171691900000000.0,0.488,-51378250900.0,-0.028168144359446475,632558315.0723025,1294899892.5925927,,,1405-07-18,1405,-0.024581589958158956,False,دفارا
2026-10-10,51340.0,51340.0,48370.0,49270.0,48950.0,57583401490.0,1168646.0,514.0,344890000000000.0,0.583,-1478100000.0,-0.02566885529082002,239748241.1111111,411279917.2857143,,,1405-07-18,1405,-0.011833132771760901,False,دفرا
2026-10-10,26040.0,26040.0,25380.0,25920.0,26040.0,517835273480.0,19977213.0,1817.0,269308800000000.0,0.745,102604553280.0,0.19814129808204892,683399704.6153846,917620533.7226278,,,1405-07-18,1405,0.02491103202846978,False,دقاضی
2026-10-10,30600.0,31100.0,29400.0,30060.0,30320.0,380795560200.0,12666251.0,1673.0,277063020000000.0,0.572,-178251080580.0,-0.4681017827161106,458932443.0769231,802213636.1702127,,,1405-07-18,1405,-0.007920792079207928,False,دلر
2026-10-10,20890.0,20890.0,19960.0,20030.0,19960.0,528645720440.0,26396167.0,1525.0,68102000000000.0,0.694,-102461822540.0,-0.19381944954499858,848216027.1086956,1222434727.0719602,,,1405-07-18,1405,-0.026251823043266898,False,دکوثر
2026-10-10,180300.0,180300.0,172200.0,173400.0,174100.0,298110500000.0,1719184.0,1870.0,52020000000000.0,0.317,-34380018000.0,-0.1153264242621444,330222870.61855674,1041695217.2043012,,,1405-07-18,1405,-0.02309859154929572,False,دکپسول
2026-10-10,91260.0,91260.0,90260.0,91250.0,91260.0,202879013400.0,2223232.0,434.0,52560000000000.0,0.624,38598750000.0,0.19025501629337083,1139718651.685393,1825235222.222222,,,1405-07-18,1405,0.02979347703419477,False,دکیمی
2026-10-10,2084.0,2084.0,2022.0,2025.0,2023.0,130350281394.0,64377294.0,463.0,7632461272950.0,2.403,46473750000.0,0.35652972516052567,1184207003.181818,492876590.2941177,,,1405-07-18,1405,-0.02831094049904026,False,وفردا
2026-10-10,5230.0,5230.0,5230.0,5230.0,5230.0,7982365950.0,1526265.0,43.0,5230000000000.0,1.056,0.0,0.0,443464775.0,420124523.68421054,,,1405-07-18,1405,0.029527559055118058,False,ولانا
2026-10-10,3040.0,3170.0,2990.0,3110.0,3170.0,133239984180.0,42883596.0,855.0,16455610230000.0,1.431,-2177000000.0,-0.016338939196052372,785574751.8562874,548839438.5185186,,,1405-07-18,1405,0.009740259740259827,False,ولتجار
2026-10-10,6400.0,6400.0,6400.0,6400.0,6400.0,678950400.0,106086.0,8.0,9600000000000.0,3.5,0.0,0.0,339475200.0,96992914.28571428,,,1405-07-18,1405,0.02893890675241151,False,ولراز
2026-10-10,8660.0,8660.0,8660.0,8660.0,8660.0,190701652160.0,22020976.0,228.0,17320000000000.0,12.71,164540000000.0,0.8628137099827001,4889785952.820513,384730178.8235294,,,1405-07-18,1405,0.029726516052318575,False,ولشرق
2026-10-10,3320.0,3400.0,3220.0,3330.0,3300.0,55236205010.0,16601454.0,430.0,19980000000000.0,1.306,-14870248200.0,-0.26921198147678466,380197112.0792079,291093751.4754098,,,1405-07-18,1405,0.0060422960725075026,False,ولصنم
2026-10-10,4290.0,4290.0,4290.0,4290.0,4290.0,157691940120.0,36758028.0,304.0,10296000000000.0,6.756,134706000000.0,0.8542351619080327,2009228920.5405405,297381704.68085104,,,1405-07-18,1405,0.02877697841726623,False,ولغدر
2026-10-10,4660.0,4660.0,4660.0,4660.0,4660.0,121378218480.0,26046828.0,724.0,18640000000000.0,10.147,56386000000.0,0.4645479288303359,1251321840.0,123324892.75142317,,,1405-07-18,1405,0.028697571743929284,False,ولپارس
2026-10-10,5660.0,5660.0,5660.0,5660.0,5660.0,128929943720.0,22779142.0,612.0,16414000000000.0,36.482,108955000000.0,0.845071337629837,1868549908.9855072,51217804.410256416,,,1405-07-18,1405,0.029090909090909056,False,ولکار
2026-10-10,4840.0,4840.0,4840.0,4840.0,4840.0,40977138840.0,8466351.0,684.0,96800000000000.0,165.929,25970046080.0,0.6337691409203328,2107321177.5,12700152.06557377,,,1405-07-18,1405,0.029787234042553123,False,وکبهمن
2026-10-10,10720.0,10850.0,10680.0,10680.0,10680.0,39711280880.0,3716601.0,333.0,8544000000000.0,0.211,-14952000000.0,-0.37651769644958377,144685957.1929825,684367218.6206896,,,1405-07-18,1405,-0.02997275204359673,False,وگستر
2026-10-10,63490.0,63500.0,61320.0,62680.0,62260.0,20543461290.0,327758.0,540.0,716504168600000.0,2.849,-2322356680.0,-0.11304602701641424,161252343.00884956,56594687.16253444,,,1405-07-18,1405,-0.00031897926634771867,False,نیشکر
2026-10-10,9360.0,9620.0,9340.0,9360.0,9390.0,942646698420.0,100759668.0,2681.0,193284000000000.0,0.522,-127103577120.0,-0.13483691963600183,502564451.7715959,961871365.3987732,,,1405-07-18,1405,-0.027027027027026973,False,هجرت
2026-10-10,10380.0,10380.0,10110.0,10370.0,10380.0,460793187330.0,44456548.0,1242.0,925004000000000.0,1.037,-155994738190.0,-0.33853525286232883,837206459.8125001,807653960.3342619,,,1405-07-18,1405,0.028769841269841168,False,همراه
2026-10-10,8100.0,8110.0,7900.0,8090.0,8110.0,116313805210.0,14368715.0,581.0,14473010000000.0,1.351,-8567423260.0,-0.07365783661304738,722070818.1756756,534416223.8425926,,,1405-07-18,1405,0.026649746192893398,False,وآذر
2026-10-10,3090.0,3100.0,2960.0,2980.0,3100.0,59995094650.0,20125850.0,243.0,11920000000000.0,1.33,-5803117900.0,-0.0967265396255192,1504775419.4444444,1131604396.2264152,,,1405-07-18,1405,-0.021346469622331665,False,وآرین
2026-10-10,13070.0,13070.0,12700.0,12810.0,12820.0,10905040160.0,851032.0,67.0,3843000000000.0,1.142,-290620470.0,-0.026650105431615393,449965730.8695652,394067862.2222222,,,1405-07-18,1405,-0.005434782608695676,False,وآفر
2026-10-10,8900.0,8940.0,8660.0,8840.0,8880.0,13864993370.0,1568002.0,124.0,247520000000000.0,0.351,-6820077680.0,-0.4918918818062154,108639567.71929824,309822215.2380953,,,1405-07-18,1405,-0.008968609865470878,False,وآفری
2026-10-10,7300.0,7480.0,7280.0,7420.0,7410.0,186174978670.0,25106136.0,834.0,113526000000000.0,0.963,4062858100.0,0.021822793422748402,775043495.3138075,805211276.8,,,1405-07-18,1405,0.02063273727647874,False,واتی
2026-10-10,37190.0,37190.0,37190.0,36570.0,37190.0,31665611450.0,851455.0,132.0,43252070400000.0,1.067,0.0,0.0,691949096.6666666,648702278.125,,,1405-07-18,1405,0.01273885350318471,False,واحصا
2026-10-10,15280.0,15280.0,15280.0,15280.0,15280.0,305416640.0,19988.0,4.0,45840000000000.0,4.0,0.0,0.0,305416640.0,76354160.0,,,1405-07-18,1405,0.029649595687331498,False,وارس
2026-10-10,3930.0,3990.0,3770.0,3850.0,3960.0,116463704490.0,30275076.0,512.0,13475000000000.0,2.108,27941471250.0,0.23991570053826647,1156243271.686747,548602583.0645162,,,1405-07-18,1405,-0.0077319587628865705,False,واعتبار
2026-10-10,5920.0,5960.0,5840.0,5900.0,5890.0,355219729100.0,60191370.0,1246.0,2212500000000000.0,0.505,-134823000400.0,-0.37954817639660204,425596917.9166666,843296301.4234874,,,1405-07-18,1405,0.005110732538330387,False,وامید
2026-10-10,289100.0,289100.0,289100.0,289100.0,289100.0,18904538100.0,65391.0,362.0,578133228018500.0,34.4,0.0,0.0,1890453810.0,54955052.61627907,,,1405-07-18,1405,0.029925187032418865,False,آلومینا
2026-10-10,5800.0,5974.0,5626.0,5687.0,5626.0,80317274435.0,14123626.0,312.0,28435000000000.0,0.776,-19787740203.0,-0.24636966757399156,903482400.880597,1164073348.7246375,,,1405-07-18,1405,4.687,True,آواپارس
2026-10-10,5200.0,5200.0,5200.0,5150.0,5200.0,1240486000.0,238555.0,14.0,2151829650000.0,14.0,0.0,0.0,1228558250.0,87754160.71428572,,,1405-07-18,1405,0.009803921568627416,False,آینده
2026-10-10,1499.0,1528.0,1488.0,1521.0,1528.0,7369553431.0,4845806.0,168.0,16413339150000.0,4.586,0.0,0.0,254154169.86206892,55417074.63157895,,,1405-07-18,1405,0.014676450967311627,False,استقلال
2026-10-10,2280.0,2397.0,2280.0,2394.0,2397.0,109293253674.0,45644004.0,272.0,18194400000000.0,2.04,2149175196.0,0.01966429879021226,2475003329.590909,1213079219.3863635,,,1405-07-18,1405,0.028350515463917425,False,اعتلا
2026-10-10,9120.0,9120.0,9120.0,9120.0,9120.0,79066596960.0,8669583.0,156.0,18604800000000.0,18.789,54720000000.0,0.6920748091344185,5647614068.571428,300575271.1111112,,,1405-07-18,1405,0.02934537246049662,False,افرا
2026-10-10,90500.0,90500.0,88010.0,89670.0,88450.0,1139218885540.0,12705235.0,2414.0,2690100000000000.0,0.37,-105356152440.0,-0.09248104449221822,539365737.1264368,1457678244.7790055,,,1405-07-18,1405,0.020484807101399882,False,افق
2026-10-10,3710.0,3710.0,3590.0,3690.0,3640.0,626737572790.0,169977465.0,2345.0,301870863180000.0,0.882,70632489240.0,0.11269866736339218,1012583525.0092764,1147705388.2608695,,,1405-07-18,1405,0.02216066481994461,False,البرز
2026-10-10,3660.0,3760.0,3660.0,3750.0,3760.0,23299024960.0,6217484.0,127.0,130421250000000.0,4.618,12083940000.0,0.5186457382120423,1010685000.0,218859117.6470588,,,1405-07-18,1405,0.024590163934426146,False,امید
2026-10-10,2880.0,2925.0,2820.0,2877.0,2881.0,42636161388.0,14819723.0,1027.0,92064000000000.0,16.374,18881725107.0,0.4428570605869384,332605752.2621359,20312638.541611623,,,1405-07-18,1405,0.0003477051460361036,False,امین
2026-10-10,23500.0,23770.0,23150.0,23660.0,23770.0,500454962910.0,21148637.0,1862.0,95823000000000.0,1.597,74630099180.0,0.1491245061214853,900429927.1823205,563678028.952381,,,1405-07-18,1405,0.02512998266897748,False,انرژی
2026-10-10,14550.0,15380.0,14550.0,14610.0,14720.0,235134071000.0,16097580.0,502.0,14610000000000.0,1.023,-18496260000.0,-0.07866261117045857,786830044.1860466,769318248.2142856,,,1405-07-18,1405,-0.02535023348899268,False,اوان
2026-10-10,2605.0,2605.0,2605.0,2562.0,2605.0,2407332600.0,924120.0,12.0,10542630000000.0,19.61,1281000000.0,0.532124227454071,2367595440.0,120732826.66666669,,,1405-07-18,1405,0.012648221343873445,False,باران
2026-10-10,6500.0,6500.0,6220.0,6410.0,6410.0,437935520000.0,68352614.0,975.0,38460000000000.0,0.925,-2259531410.0,-0.005159507066245734,1302598843.1730769,1408247890.670103,,,1405-07-18,1405,0.014240506329114,False,بازرگام
2026-10-10,7150.0,7150.0,7000.0,7050.0,7080.0,79919377540.0,11329315.0,239.0,82132500000000.0,0.831,-33679217700.0,-0.42141491508918977,648363002.5,780440837.0967742,,,1405-07-18,1405,0.01002865329512903,False,وصنا
2026-10-10,30000.0,30000.0,28810.0,28900.0,29000.0,1238549011640.0,42863107.0,1913.0,1178253000000000.0,0.461,-436167267700.0,-0.3521598770826661,1188140333.6244545,2579830369.736842,,,1405-07-18,1405,-0.026936026936026924,False,وصندوق
2026-10-10,3100.0,3110.0,3020.0,3080.0,3100.0,35906864400.0,11664196.0,379.0,104720000000000.0,1.319,524071240.0,0.014595293929369115,304667887.5213675,231066260.52631575,,,1405-07-18,1405,0.019867549668874274,False,وصنعت
2026-10-10,6600.0,6600.0,6230.0,6280.0,6230.0,11014494730.0,1753952.0,152.0,28260000000000.0,0.629,0.0,0.0,157354550.85714287,250336785.45454547,,,1405-07-18,1405,-0.02180685358255452,False,وطوبی
2026-10-10,2135.0,2149.0,2113.0,2114.0,2113.0,63391903498.0,29980870.0,256.0,6685525000000.0,1.023,-9129296316.0,-0.14401360129985727,704548868.3636364,688908251.9565217,,,1405-07-18,1405,-0.029384756657483968,False,وفتخار
2026-10-10,3670.0,3670.0,3470.0,3540.0,3470.0,107560492510.0,30413311.0,2123.0,42480000000000.0,5.746,-5932909020.0,-0.05515881232552382,384738421.9433199,66951789.9469496,,,1405-07-18,1405,-0.008403361344537785,False,ولنوین
2026-10-10,4640.0,4680.0,4460.0,4650.0,4660.0,36892578130.0,7940455.0,208.0,18600000000000.0,3.809,-6789850950.0,-0.184043818409066,1255552700.0,329670676.33928573,,,1405-07-18,1405,0.0219780219780219,False,ولیز
2026-10-10,3360.0,3360.0,3270.0,3360.0,3340.0,133895073970.0,39891041.0,758.0,87360000000000.0,2.834,12764428320.0,0.09533157525167765,1145588869.7435896,404231564.8,,,1405-07-18,1405,0.02752293577981657,False,ومدیر
2026-10-10,42870.0,42870.0,42870.0,42870.0,42870.0,21301845780.0,496894.0,79.0,44584800000000.0,1.326,2416024590.0,0.11341855607030876,714364245.0,538581526.0,,,1405-07-18,1405,0.02978621186644248,False,ومشان
2026-10-10,3340.0,3420.0,3240.0,3350.0,3330.0,46464381370.0,13863454.0,232.0,25125000000000.0,1.405,670000000.0,0.014419647485774758,714501090.7692307,508584121.1111112,,,1405-07-18,1405,0.006006006006006093,False,ومعلم
2026-10-10,4790.0,4790.0,4790.0,4790.0,4790.0,728132690.0,152011.0,22.0,4790000000000.0,17.0,0.0,0.0,728132690.0,42831334.70588235,,,1405-07-18,1405,0.008421052631578885,False,وملت
2026-10-10,290200.0,296500.0,284400.0,293700.0,290000.0,121254949400.0,412902.0,649.0,72649673118000.0,1.225,20318459700.0,0.1675680852661343,546482439.8104266,445959319.7183098,,,1405-07-18,1405,0.020145883987495727,False,وملی
2026-10-10,44400.0,44780.0,44020.0,44360.0,44030.0,92789962950.0,2091755.0,712.0,887200000000000.0,2.267,-32915474880.0,-0.3547309841877677,287557455.1456311,126843595.86206897,,,1405-07-18,1405,-0.0009009009009008917,False,ومپنا
2026-10-10,10110.0,10120.0,9800.0,9970.0,9990.0,160646118160.0,16117103.0,1310.0,59820000000000.0,0.879,-6430650000.0,-0.040029912167533446,333889322.31601727,379875926.501182,,,1405-07-18,1405,-0.002002002002001957,False,ونفت
2026-10-10,1669.0,1745.0,1669.0,1707.0,1698.0,47071508644.0,27583367.0,881.0,25605000000000.0,1.913,-1067622666.0,-0.022680867827593734,242580063.0,126797985.33243243,,,1405-07-18,1405,0.0023487962419259656,False,وهامون
2026-10-10,5130.0,5130.0,4850.0,4890.0,4850.0,34695571530.0,7099518.0,161.0,4859427720000.0,0.947,-5298158520.0,-0.15270417192634728,574915382.3529412,607348123.1578947,,,1405-07-18,1405,-0.02200000000000002,False,وهنر
2026-10-10,6280.0,6280.0,6170.0,6280.0,6280.0,16359637750.0,2606928.0,91.0,12886560000000.0,1.825,6886761040.0,0.4209604848982674,467757366.85714287,256344508.1081081,,,1405-07-18,1405,0.029508196721311553,False,ویسا
2026-10-10,11600.0,11610.0,11020.0,11220.0,11160.0,6699481840.0,598408.0,77.0,26928000000000.0,0.676,0.0,0.0,197474640.0,291919033.04347825,,,1405-07-18,1405,-0.005319148936170248,False,تاتمس
2026-10-10,42490.0,42490.0,42490.0,42490.0,42490.0,99292119150.0,2336835.0,202.0,4057795000000000.0,2.912,66578090880.0,0.670527444171283,945227912.3762376,324605935.6179776,,,1405-07-18,1405,0.029810954920019395,False,تاصیکو
2026-10-10,2738.0,2810.0,2729.0,2732.0,2729.0,64183471799.0,23494773.0,294.0,27320000000000.0,0.358,2732000000.0,0.042565475556630226,458483713.1142857,1280327496.5833335,,,1405-07-18,1405,-0.02879488091006044,False,تاپکیش
2026-10-10,3720.0,3750.0,3550.0,3650.0,3570.0,99374909920.0,27191646.0,547.0,203670000000000.0,0.474,-35085190650.0,-0.35305884229977874,238345922.52747253,502975311.21794873,,,1405-07-18,1405,0.0,False,تایرا
2026-10-10,23750.0,23830.0,22560.0,23680.0,23830.0,54970937440.0,2321528.0,388.0,52842019527040.0,1.111,0.0,0.0,381762382.2222222,343586144.0,,,1405-07-18,1405,0.023336214347450257,False,تبرک
2026-10-10,7160.0,7210.0,7070.0,7160.0,7110.0,8812190980.0,1231137.0,55.0,6463468591320.0,1.889,0.0,0.0,489718940.0,259262968.2352941,,,1405-07-18,1405,0.014164305949008416,False,تشتاد
2026-10-10,1974.0,1974.0,1974.0,1974.0,1974.0,37018739814.0,18753161.0,101.0,59220000000000.0,6.968,19596944220.0,0.5293790204222104,1938982446.3333333,278267996.6181818,,,1405-07-18,1405,0.029733959311424085,False,تفارس
2026-10-10,299400.0,299400.0,299400.0,299300.0,299400.0,1126342800.0,3762.0,2.0,3591600000000.0,2.0,0.0,0.0,1125966600.0,562983300.0,,,1405-07-18,1405,0.019414168937329723,False,تفیرو
2026-10-10,27920.0,27920.0,27920.0,27920.0,27920.0,11782267920.0,422001.0,31.0,68754870332880.0,26.241,6538221840.0,0.5549204859704124,1556819200.0,59327340.95238096,,,1405-07-18,1405,0.011960855382384894,False,تپسی
2026-10-10,18780.0,19750.0,18650.0,18880.0,19150.0,10481932660.0,555056.0,91.0,2378313600000.0,0.972,0.0,0.0,291096035.5555556,299413065.14285713,,,1405-07-18,1405,-0.01768990634755463,False,تپولا
2026-10-10,9440.0,9440.0,8900.0,9160.0,9060.0,101555255410.0,11084075.0,451.0,13740000000000.0,0.946,5309603160.0,0.052282898985030475,525021969.6815286,554811842.3021582,,,1405-07-18,1405,-0.0010905125408942062,False,غشوکو
2026-10-10,37380.0,37380.0,36010.0,36730.0,36320.0,215229676220.0,5859248.0,748.0,62598049142290.0,0.696,-45054744310.0,-0.2093333275470185,929811118.7431694,1336709186.583851,,,1405-07-18,1405,0.011567061415588054,False,غفارس
2026-10-10,28250.0,28250.0,28250.0,28250.0,28250.0,212206457250.0,7511733.0,190.0,72715500000000.0,11.257,110494055500.0,0.5206912972013249,5536657147.727273,491843554.3478261,,,1405-07-18,1405,0.02989427633977404,False,غمایه
2026-10-10,23490.0,23490.0,23020.0,23460.0,23490.0,144340812800.0,6153673.0,618.0,117300000000000.0,0.742,647402160.0,0.004485232883488377,495283736.12903225,667682303.625,,,1405-07-18,1405,0.028496273564226238,False,غمهرا
2026-10-10,9890.0,9890.0,9480.0,9490.0,9480.0,559174494760.0,58935378.0,1871.0,66430000000000.0,0.371,-108880487690.0,-0.19471647707524992,309654806.0054348,833629764.6287129,,,1405-07-18,1405,-0.028659160696008157,False,غمینو
2026-10-10,20120.0,20450.0,19330.0,19640.0,19330.0,317594583350.0,16167170.0,1963.0,19640000000000.0,0.739,1622538960.0,0.005108837004980992,467633606.4801178,633067494.6693387,,,1405-07-18,1405,-0.014056224899598346,False,غنوش
2026-10-10,6030.0,6030.0,5990.0,6030.0,6030.0,8957476970.0,1486097.0,62.0,2412000000000.0,22.023,5909400000.0,0.6597170185077238,1493527485.0,67816998.0,,,1405-07-18,1405,0.029010238907849928,False,غنیلی
2026-10-10,7810.0,7810.0,7810.0,7810.0,7810.0,207665603860.0,26589706.0,396.0,54670000000000.0,1.308,-77432385580.0,-0.3728705386964414,1182115210.0,903790636.2790698,,,1405-07-18,1405,0.02898550724637672,False,غویتا
2026-10-10,4200.0,4200.0,4050.0,4060.0,4050.0,76446270940.0,18850615.0,462.0,15225000000000.0,0.386,-28420000000.0,-0.37176437320671746,314467300.0,814186137.2340426,,,1405-07-18,1405,-0.026378896882493952,False,غگرجی
2026-10-10,3360.0,3360.0,3240.0,3250.0,3240.0,212029110580.0,65220070.0,1780.0,8572583500000.0,0.681,12675000000.0,0.05977952727966398,344003700.16611296,504974616.8831169,,,1405-07-18,1405,-0.024024024024024038,False,غگز
2026-10-10,7900.0,7940.0,7720.0,7930.0,7940.0,307842637310.0,38840677.0,825.0,118950000000000.0,1.749,13481000000.0,0.04379185455855007,1643158971.0215054,939378034.1157556,,,1405-07-18,1405,0.028534370946822207,False,غگل
2026-10-10,20130.0,20130.0,19700.0,20130.0,20120.0,163702517660.0,8132888.0,541.0,22444950000000.0,0.853,15646102890.0,0.09557643409306622,830760093.0456853,973773917.3684212,,,1405-07-18,1405,0.02966751918158561,False,غگلستا
2026-10-10,29410.0,29410.0,27720.0,27880.0,28290.0,151466282820.0,5433361.0,572.0,32898400000000.0,0.478,-51516217920.0,-0.340116737275589,300580785.3333333,628694995.7142857,,,1405-07-18,1405,-0.02415120756037803,False,غگلپا
2026-10-10,44900.0,44900.0,42620.0,42740.0,42620.0,154256622250.0,3609392.0,1109.0,42740000000000.0,0.869,-48093740620.0,-0.3117774778061433,323694126.402439,372621773.1400967,,,1405-07-18,1405,-0.027088549965854747,False,غگیلا
2026-10-10,16000.0,16000.0,15330.0,15370.0,15330.0,265344095910.0,17260365.0,2437.0,30740000000000.0,1.541,13622538590.0,0.05133914339899435,357359466.2589928,231958785.0395257,,,1405-07-18,1405,-0.027215189873417756,False,شاروم
2026-10-10,47750.0,47750.0,46360.0,47620.0,47750.0,378149856990.0,7940171.0,884.0,238100000000000.0,0.554,-107276431200.0,-0.2836876154176012,675786818.4042554,1220439338.8541667,,,1405-07-18,1405,0.027178602243313144,False,شاملا
2026-10-10,17470.0,17470.0,17100.0,17460.0,17470.0,224304733610.0,12845618.0,813.0,174600000000000.0,1.563,101364030000.0,0.4519032138494333,876160675.7142857,560696996.6197183,,,1405-07-18,1405,0.028874484384207477,False,شبصیر
2026-10-10,14920.0,14920.0,14920.0,14920.0,14920.0,23826717800.0,1596965.0,80.0,25550500000000.0,55.907,12958945040.0,0.5438829279289151,11913358900.0,213093583.52941176,,,1405-07-18,1405,0.029675638371290614,False,شتوکا
2026-10-10,13900.0,13900.0,13160.0,13750.0,13460.0,262981264940.0,19132606.0,1050.0,125125000000000.0,0.579,-18265555000.0,-0.06945572721375169,645710767.6056339,1114832781.5315316,,,1405-07-18,1405,0.0185185185185186,False,شجم
2026-10-10,3280.0,3280.0,3200.0,3270.0,3220.0,472510835290.0,144327728.0,1728.0,37278000000000.0,0.693,38797686720.0,0.08210962336173351,919068533.1891892,1327126302.0264318,,,1405-07-18,1405,0.025721455457967446,False,شپارس
2026-10-10,54440.0,54440.0,54440.0,54440.0,54440.0,345307203800.0,6342895.0,563.0,130656000000000.0,6.06,175560997320.0,0.5084197357831085,2772876971.794872,457566364.9438202,,,1405-07-18,1405,0.02989027620128648,False,شپاس
2026-10-10,5990.0,6000.0,5660.0,5900.0,5770.0,622960526760.0,105627416.0,2170.0,164891583400000.0,0.805,17684394500.0,0.0283876646117147,919308252.6946108,1142554632.7586207,,,1405-07-18,1405,0.012006861063464935,False,شپلی
2026-10-10,83230.0,83230.0,83230.0,83230.0,83230.0,12177381300.0,146310.0,19.0,291305000000000.0,10.366,8902280800.0,0.7310505091928098,1613413550.0,155640100.0,,,1405-07-18,1405,0.029946788763766774,False,کخاک
2026-10-10,90000.0,92450.0,90000.0,91430.0,90700.0,116101800490.0,1269842.0,653.0,22857500000000.0,1.004,0.0,0.0,479758901.07438016,477784584.60905343,,,1405-07-18,1405,0.01849170101370179,False,کدما
2026-10-10,10400.0,10400.0,10140.0,10400.0,10400.0,286233044280.0,27528566.0,1286.0,26000000000000.0,2.897,89451616800.0,0.3125132425748031,1202928934.4537814,415285800.8438819,,,1405-07-18,1405,0.02970297029702973,False,کربن
2026-10-10,28950.0,29360.0,28290.0,28830.0,28660.0,780177925830.0,27058666.0,1829.0,602339078040000.0,1.104,9895753350.0,0.012683969928362565,617521482.1875,559232433.2704402,,,1405-07-18,1405,0.011224131883549537,False,کرماشا
2026-10-10,37900.0,37900.0,35700.0,35920.0,35700.0,219447279200.0,6108890.0,833.0,89800000000000.0,0.259,-134498201440.0,-0.6128952791318089,322622733.0769231,1244467468.6419752,,,1405-07-18,1405,-0.023913043478260843,False,کساوه
2026-10-10,3700.0,3700.0,3700.0,3700.0,3700.0,15508753500.0,4191555.0,69.0,13135000000000.0,5.847,10360000000.0,0.6680098436021954,912279617.6470588,156022833.33333334,,,1405-07-18,1405,0.02777777777777768,False,کساپا
2026-10-10,17860.0,17880.0,17600.0,17870.0,17880.0,89893486620.0,5029601.0,386.0,17534922417720.0,0.691,5092950000.0,0.056655383960453616,651296883.115942,942066887.4444444,,,1405-07-18,1405,0.02937788018433185,False,کسرام
2026-10-10,149000.0,149100.0,144800.0,147300.0,147700.0,8583612400.0,58255.0,138.0,12373200000000.0,1.343,0.0,0.0,245170328.57142857,182573648.9361702,,,1405-07-18,1405,0.017265193370165743,False,کشرق
2026-10-10,7920.0,8190.0,7730.0,7980.0,8190.0,150021926040.0,18792546.0,466.0,18385920000000.0,1.264,3862806780.0,0.025748281481002108,1101272515.5223882,870955820.0,,,1405-07-18,1405,0.002512562814070307,False,کصدف
2026-10-10,25150.0,25150.0,24490.0,25140.0,25150.0,736276707640.0,29282737.0,794.0,49023000000000.0,0.871,195907070160.0,0.26607804936264273,2314722659.3877554,2657511042.061856,,,1405-07-18,1405,0.029484029484029506,False,کطبس
2026-10-10,5180.0,5180.0,5180.0,5180.0,5180.0,40023699940.0,7726583.0,116.0,102135383490000.0,6.504,20134660000.0,0.503068432708223,1605030432.173913,246779999.11764708,,,1405-07-18,1405,0.02982107355864816,False,کفرا
2026-10-10,7290.0,7290.0,7290.0,7290.0,7290.0,24057495720.0,3300068.0,143.0,18225000000000.0,8.357,0.0,0.0,1718392551.4285717,205619621.53846157,,,1405-07-18,1405,0.029661016949152463,False,کفپارس
2026-10-10,8000.0,8250.0,7890.0,8030.0,8110.0,160449522360.0,19973545.0,799.0,176660000000000.0,0.291,-74820986460.0,-0.4663210295642042,201878630.3448276,694613485.7291666,,,1405-07-18,1405,-0.012300123001230068,False,حتاید
2026-10-10,2830.0,2850.0,2709.0,2768.0,2739.0,68032881711.0,24578984.0,482.0,16428080000000.0,1.0,2288903488.0,0.03364407666462135,378398817.2,378278618.5974026,,,1405-07-18,1405,-0.0018031013342949542,False,حتوکا
2026-10-10,13710.0,13710.0,12940.0,13010.0,13140.0,785227802440.0,60366836.0,2092.0,195150000000000.0,0.498,-247877292280.0,-0.31567564407392534,806523928.9415041,1618733080.6325302,,,1405-07-18,1405,-0.02473763118440775,False,حخزر
2026-10-10,28170.0,29250.0,28130.0,28280.0,28980.0,31751073560.0,1122579.0,137.0,5656000000000.0,0.277,-14210700000.0,-0.4475659688528655,344022737.14285713,1242712564.8000002,,,1405-07-18,1405,-0.014634146341463428,False,حرهشا
2026-10-10,3006.0,3006.0,2907.0,2943.0,2920.0,52889685239.0,17968305.0,413.0,14921010000000.0,1.567,2576443464.0,0.0487135336948493,480733832.8636363,306733403.3597561,,,1405-07-18,1405,0.008221993833504637,False,حریل
2026-10-10,19380.0,19380.0,18260.0,18470.0,18280.0,444013814020.0,24035425.0,1949.0,166139829460000.0,0.452,77022688970.0,0.17346912762162534,481308324.4058745,1065703932.368421,,,1405-07-18,1405,-0.018597236981934162,False,حسینا
2026-10-10,9620.0,9630.0,9350.0,9360.0,9350.0,357419166430.0,38203961.0,956.0,184853813040000.0,0.587,-121673410560.0,-0.3404221765030319,701370045.4258676,1194471232.5,,,1405-07-18,1405,-0.028037383177570097,False,حفارس
2026-10-10,8950.0,8950.0,8500.0,8650.0,8540.0,945550102140.0,109357894.0,3992.0,1003400000000000.0,0.535,-164411017100.0,-0.17387869424147867,515713834.5968298,964811618.4989429,,,1405-07-18,1405,-0.008027522935779796,False,حکشتی
2026-10-10,2354.0,2387.0,2272.0,2332.0,2293.0,43971918942.0,18858244.0,266.0,4150960000000.0,1.794,4199796744.0,0.09551088160468119,829762736.0,462530561.2093023,,,1405-07-18,1405,0.006039689387402847,False,حگردش
2026-10-10,2993.0,2993.0,2926.0,2991.0,2993.0,51080527679.0,17076793.0,184.0,65682360000000.0,2.616,26272944000.0,0.514343629437509,1380451023.324324,527739231.1276596,,,1405-07-18,1405,0.029249827942188666,False,حگهر
2026-10-10,32650.0,33150.0,32230.0,33020.0,33150.0,11499002120.0,348199.0,36.0,9906000000000.0,3.111,-491007400.0,-0.04270000082407151,2751630895.0,884425460.0,,,1405-07-18,1405,0.025784405094749996,False,خبازرس
2026-10-10,11080.0,11080.0,10800.0,11080.0,11080.0,346309772020.0,31263869.0,927.0,59832000000000.0,1.054,121560452800.0,0.351016525150147,1359878783.8222222,1289596318.6013987,,,1405-07-18,1405,0.029739776951672958,False,فرود
2026-10-10,2033.0,2093.0,2005.0,2079.0,2093.0,155165602165.0,74644541.0,647.0,41164200000000.0,2.26,9923222925.0,0.06395246618156931,915688555.5348836,405245695.65168536,,,1405-07-18,1405,0.02111984282907664,False,فروژ
2026-10-10,394500.0,394500.0,391000.0,394400.0,394500.0,7625461750600.0,19335126.0,22878.0,2129760000000000.0,0.492,863972640000.0,0.11330102599124825,872703898.0448259,1774187319.8131356,,,1405-07-18,1405,0.02949621508744449,False,فزر
2026-10-10,945.0,945.0,945.0,933.0,945.0,358336440.0,379192.0,20.0,3252438000000.0,16.0,0.0,0.0,353786136.0,22111633.5,,,1405-07-18,1405,0.006472491909385036,False,فسا
2026-10-10,96400.0,96400.0,96400.0,96400.0,96400.0,273526806000.0,2837415.0,534.0,385600000000000.0,20.521,219141203600.0,0.8011690218032963,2728737562.5,132973920.49689442,,,1405-07-18,1405,0.029914529914529808,False,فسبزوار
2026-10-10,144800.0,148800.0,144600.0,144700.0,144600.0,97125889600.0,671333.0,288.0,14151660000000.0,0.838,0.0,0.0,981231162.6262628,1170384157.8313253,,,1405-07-18,1405,-0.0288590604026846,False,فسدید
2026-10-10,31700.0,31700.0,31560.0,31700.0,31700.0,2017121491640.0,63634367.0,6262.0,76080000000000.0,0.223,31658916800.0,0.015695096666815067,1101549796.050372,4929032752.34375,,,1405-07-18,1405,0.029889538661468595,False,فسوژ
2026-10-10,10040.0,10040.0,10040.0,10040.0,10040.0,6734902280.0,670807.0,28.0,421680000000000.0,69.474,6024000000.0,0.8944450490230424,2244967426.666667,32313740.0,,,1405-07-18,1405,0.029743589743589816,False,فغدیر
2026-10-10,12400.0,12400.0,11780.0,11940.0,12340.0,48133826990.0,4030112.0,239.0,4573020000000.0,0.74,0.0,0.0,501245180.0,677739961.6901408,,,1405-07-18,1405,-0.016474464579901205,False,فکمند
2026-10-10,4850.0,4870.0,4670.0,4680.0,4720.0,552870342910.0,118208474.0,1597.0,34398000000000.0,0.662,-222883493040.0,-0.4031388116549462,994976401.4457833,1503303419.3478262,,,1405-07-18,1405,-0.027027027027026973,False,ختور
2026-10-10,6070.0,6150.0,5870.0,6020.0,6000.0,109692106380.0,18223737.0,883.0,37331898240000.0,1.329,-1599628380.0,-0.014582894182544916,428000676.1445784,321939871.25,,,1405-07-18,1405,0.0,False,ختوقا
2026-10-10,56600.0,56700.0,55120.0,56560.0,56700.0,512160802460.0,9055505.0,1598.0,678720000000000.0,0.636,-112132066480.0,-0.21893918070537538,775865944.4827586,1219984146.5633075,,,1405-07-18,1405,0.027429609445958292,False,خراسان
2026-10-10,22660.0,22660.0,21860.0,22540.0,22660.0,345395228720.0,15325290.0,1080.0,22540000000000.0,1.158,338100000.0,0.0009788786059754346,1203595946.341463,1039439568.0722892,,,1405-07-18,1405,0.024545454545454648,False,خرینگ
2026-10-10,3400.0,3440.0,3260.0,3270.0,3290.0,106785872640.0,32619745.0,833.0,17584196100000.0,0.782,3270000.0,3.0622028168687915e-05,423280024.4047619,541438051.5228426,,,1405-07-18,1405,-0.0267857142857143,False,خشرق
2026-10-10,6700.0,6700.0,6500.0,6540.0,6530.0,7928370590.0,1212549.0,74.0,9159570840000.0,1.086,0.0,0.0,226573441.71428573,208686064.73684213,,,1405-07-18,1405,-0.023880597014925398,False,خعمرا
2026-10-10,25000.0,25800.0,24800.0,25200.0,25510.0,9340908920.0,370695.0,82.0,2520000000000.0,1.162,-1401120000.0,-0.14999825091967603,264679800.0,227841804.8780488,,,1405-07-18,1405,-0.006700827749310245,False,خفناور
2026-10-10,16190.0,16190.0,16120.0,16190.0,16190.0,59756888340.0,3691042.0,235.0,4695100000000.0,1.403,0.0,0.0,963838225.483871,686873218.1609195,,,1405-07-18,1405,0.029898218829516487,False,خفولا
2026-10-10,6040.0,6100.0,5980.0,5990.0,5980.0,140238645410.0,23410453.0,470.0,33349592633200.0,0.423,-52946017320.0,-0.3775422756345633,548947145.5974842,1298413087.6851852,,,1405-07-18,1405,-0.02759740259740262,False,خپویش
2026-10-10,26520.0,26520.0,25010.0,25640.0,26080.0,54640369840.0,2131040.0,267.0,24411709364360.0,0.948,-512800000.0,-0.009385002361836137,784450226.0869565,827876751.5151515,,,1405-07-18,1405,-0.005430566330488773,False,خچرخش
2026-10-10,23830.0,23830.0,23830.0,23830.0,23830.0,120990843670.0,5077249.0,206.0,21447000000000.0,1.002,40511000000.0,0.334826989970356,1680428384.3055556,1676663409.7916667,,,1405-07-18,1405,0.02981849611063092,False,لخانه
2026-10-10,4730.0,4890.0,4680.0,4720.0,4760.0,77547240540.0,16437700.0,837.0,47200000000000.0,0.447,9987892880.0,0.12879752793844546,269891047.0072993,603417490.5660378,,,1405-07-18,1405,-0.020746887966805017,False,لخزر
2026-10-10,6700.0,6700.0,6430.0,6510.0,6440.0,46165399200.0,7087706.0,392.0,9224670000000.0,0.567,-14039107950.0,-0.30410455001545833,227672752.55319148,401225791.8260869,,,1405-07-18,1405,-0.0166163141993958,False,لسرما
2026-10-10,4540.0,4540.0,4540.0,4540.0,4540.0,29578998920.0,6515198.0,379.0,28141911860000.0,32.671,8626181600.0,0.29163196575146294,2112785637.1428573,64669189.25925926,,,1405-07-18,1405,0.02947845804988658,False,لطیف
2026-10-10,3900.0,3960.0,3860.0,3920.0,3960.0,32417142970.0,8269078.0,140.0,58800000000000.0,0.851,-18122301120.0,-0.5590344940876201,492844297.9310345,578835460.0,,,1405-07-18,1405,0.007712082262210762,False,ما
2026-10-10,30490.0,30490.0,29300.0,29970.0,29380.0,483069074460.0,16116621.0,1353.0,1948050000000000.0,0.358,-177497025300.0,-0.3674361176989347,439131317.4365482,1225576099.1958044,,,1405-07-18,1405,0.0033478406427853713,False,مارون
2026-10-10,20400.0,20400.0,19810.0,20400.0,20400.0,649114560830.0,31819841.0,1363.0,183600000000000.0,1.016,-112136780400.0,-0.1727534508802493,1374324000.0,1352341158.5313177,,,1405-07-18,1405,0.029782937910146412,False,محتشم
2026-10-10,9600.0,9600.0,9130.0,9150.0,9140.0,131928626690.0,14418626.0,280.0,53070000000000.0,0.075,-120188425050.0,-0.9110109614982456,138020375.37313434,1849082717.1428573,,,1405-07-18,1405,-0.02763018065887357,False,مداران
2026-10-10,5210.0,5280.0,5210.0,5250.0,5260.0,26996610650.0,5144751.0,473.0,19687500000000.0,5.286,23562000.0,0.000872776227559514,417698613.28125,79021151.62721893,,,1405-07-18,1405,0.003824091778202643,False,مدیریت
2026-10-10,3430.0,3590.0,3430.0,3590.0,3590.0,157660589640.0,43926450.0,544.0,82570000000000.0,19.41,113532730440.0,0.7201084982571678,4043486038.461538,208317099.33962265,,,1405-07-18,1405,0.02865329512893977,False,معین
2026-10-10,15720.0,15720.0,15720.0,15720.0,15720.0,9875665560.0,628223.0,87.0,13187516756040.0,8.129,157200000.0,0.01591791449851406,1097296173.3333335,134978688.3333333,,,1405-07-18,1405,0.02946954813359537,False,مفاخر
2026-10-10,7330.0,7330.0,7330.0,7330.0,7330.0,925309880.0,126236.0,10.0,224717377879670.0,4.5,0.0,0.0,462654940.0,102812208.8888889,,,1405-07-18,1405,0.02949438202247201,False,ملت
2026-10-10,18080.0,18080.0,17040.0,17440.0,17060.0,82412852730.0,4725449.0,240.0,24241600000000.0,1.096,-3488000000.0,-0.04232349547985365,1143823631.304348,1043187728.607595,,,1405-07-18,1405,-0.006833712984054663,False,ممسنی
2026-10-10,10220.0,10220.0,10220.0,10220.0,10220.0,91294135800.0,8932890.0,208.0,18396000000000.0,3.575,36066676380.0,0.39506016529924803,2123119437.2093024,593843649.6774193,,,1405-07-18,1405,0.02920443101711978,False,ثتران
2026-10-10,15940.0,15940.0,15100.0,15170.0,15200.0,53143909050.0,3503040.0,293.0,3792500000000.0,0.636,0.0,0.0,450348447.4576271,708548224.0,,,1405-07-18,1405,-0.025064267352185143,False,ثتوسا
2026-10-10,19440.0,19440.0,19110.0,19430.0,19440.0,90460530220.0,4655860.0,294.0,27202000000000.0,3.526,22390995990.0,0.24752227226111875,1685662222.352941,478028401.12781954,,,1405-07-18,1405,0.029131355932203284,False,ثجنوب
2026-10-10,2210.0,2247.0,2204.0,2208.0,2205.0,20004212459.0,9061092.0,165.0,23853057120000.0,0.633,-6364765344.0,-0.3181712530320812,324759947.42857146,512940593.2307692,,,1405-07-18,1405,-0.028169014084507005,False,ثجوان
2026-10-10,6290.0,6360.0,6140.0,6340.0,6360.0,89067491040.0,14042136.0,431.0,12680000000000.0,1.548,269113980.0,0.003021461330701923,838968154.4761904,542114458.271605,,,1405-07-18,1405,0.025889967637540368,False,ثرود
2026-10-10,107400.0,109700.0,104800.0,105800.0,105900.0,55844589600.0,527729.0,334.0,6982800000000.0,0.513,0.0,0.0,485510680.0,946334376.2711864,,,1405-07-18,1405,-0.020370370370370372,False,ثزاگرس
2026-10-10,12310.0,12310.0,12050.0,12300.0,12310.0,350792048600.0,28510472.0,1336.0,77372067600000.0,2.677,-3684932400.0,-0.010504606403441722,1487372842.7184465,555705623.655914,,,1405-07-18,1405,0.028428093645485042,False,ثشاهد
2026-10-10,49460.0,49460.0,49460.0,49460.0,49460.0,9351501120.0,189072.0,39.0,6996955841600.0,2.0,0.0,0.0,850136465.4545454,425068232.7272727,,,1405-07-18,1405,-0.029815613966261312,False,ثعتما
2026-10-10,14900.0,15480.0,14750.0,15050.0,14900.0,34567951710.0,2296603.0,471.0,19565000000000.0,0.851,-605235750.0,-0.01750858005928405,333260253.84615386,391543276.5822785,,,1405-07-18,1405,-0.008563899868247682,False,ثعمرا
2026-10-10,2531.0,2684.0,2531.0,2635.0,2629.0,17874772866.0,6783217.0,145.0,9222500000000.0,1.682,165701975.0,0.009270158353462794,541629599.8484849,321964996.7272727,,,1405-07-18,1405,0.010740314537782902,False,ثقزوی
2026-10-10,2533.0,2533.0,2510.0,2532.0,2533.0,13803219177.0,5452467.0,63.0,8384370224736.0,2.769,1147948032.0,0.08316523973717671,1061972803.3846152,383566618.5454545,,,1405-07-18,1405,0.029268292682926855,False,ثنام
2026-10-10,86900.0,86900.0,86800.0,86900.0,86900.0,14330592000.0,164909.0,51.0,6476688284000.0,0.744,-5338962200.0,-0.3725569885738147,308591047.368421,414896003.70370376,,,1405-07-18,1405,0.02998696219035213,False,ثنظام
2026-10-10,7630.0,7630.0,7610.0,7630.0,7630.0,16104990760.0,2110808.0,86.0,9159708180000.0,5.4,0.0,0.0,1610546504.0,298249352.5925926,,,1405-07-18,1405,0.029689608636977116,False,ثنور
2026-10-10,4600.0,4630.0,4480.0,4590.0,4520.0,98993281410.0,21577881.0,648.0,20655000000000.0,1.255,-5737500.0,-5.7958478780363124e-05,647298930.0,515846217.65625,,,1405-07-18,1405,0.020000000000000018,False,ثپردیس
2026-10-10,1749.0,1749.0,1686.0,1687.0,1686.0,6718019838.0,3981168.0,45.0,33659037376223.0,0.304,0.0,0.0,292010018.0869565,959461488.0,,,1405-07-18,1405,-0.02934407364787117,False,خلیبل
2026-10-10,6590.0,6590.0,6490.0,6580.0,6530.0,146490540600.0,22276855.0,818.0,37730305620000.0,1.566,-7744660000.0,-0.052867987026870185,633268063.4703196,404503773.2044199,,,1405-07-18,1405,0.028124999999999956,False,خمحرکه
2026-10-10,5960.0,6000.0,5900.0,5990.0,6000.0,38003346780.0,6347694.0,307.0,37889259810000.0,0.931,4193000000.0,0.11033238794133383,297052242.65625,319147991.1320755,,,1405-07-18,1405,0.027444253859348233,False,خمحور
2026-10-10,4870.0,4870.0,4700.0,4730.0,4730.0,138119177720.0,29230082.0,1069.0,12298000000000.0,0.516,-18656458590.0,-0.13507507717589387,292425010.4400978,566632327.295082,,,1405-07-18,1405,-0.022727272727272707,False,خنصیر
2026-10-10,9350.0,9440.0,8900.0,9380.0,9440.0,307580686010.0,32805502.0,1023.0,58625000000000.0,3.344,29078000000.0,0.09453779552027732,1721887858.2926831,514860993.4146341,,,1405-07-18,1405,0.022900763358778553,False,خنور
2026-10-10,18200.0,18200.0,17440.0,17500.0,17490.0,371829957730.0,21245525.0,1085.0,175000000000000.0,0.798,-124800182500.0,-0.3356377825549554,1037800441.1764704,1299988417.832168,,,1405-07-18,1405,-0.026154702281580455,False,خودکفا
2026-10-10,20990.0,20990.0,20260.0,20390.0,20580.0,55507728480.0,2721892.0,315.0,22834276166580.0,0.673,-14054725050.0,-0.2532030301882027,370041543.125,549498790.8910891,,,1405-07-18,1405,-0.023467432950191602,False,خوساز
2026-10-10,12020.0,12070.0,11560.0,11670.0,11790.0,378218352350.0,32407732.0,2403.0,58350000000000.0,0.655,-150345275190.0,-0.39750920138024337,310103908.6867305,473657327.18592966,,,1405-07-18,1405,-0.02015113350125941,False,خکرمان
2026-10-10,73860.0,73860.0,70470.0,71050.0,71140.0,460442011740.0,6480372.0,1739.0,127890000000000.0,0.846,5431843550.0,0.011797019845068406,669794280.7178632,791549861.2,,,1405-07-18,1405,-0.021888766519823744,False,دابور
2026-10-10,4050.0,4050.0,4050.0,4050.0,4050.0,121306098150.0,29952123.0,447.0,48600000000000.0,102.454,113400000000.0,0.934825220903373,3913099940.322581,38193710.86956522,,,1405-07-18,1405,0.027918781725888353,False,داتام
2026-10-10,16170.0,16170.0,15540.0,16060.0,15970.0,252135678680.0,15700483.0,913.0,58458897843940.0,0.522,-17969325220.0,-0.07126847463268343,475556868.8275862,911583726.1988304,,,1405-07-18,1405,0.02292993630573248,False,زبینا
2026-10-10,9640.0,9790.0,9550.0,9660.0,9730.0,97371748950.0,10075448.0,404.0,40572000000000.0,0.819,-19517237880.0,-0.20044045722155018,498595195.2755906,609109027.0588235,,,1405-07-18,1405,-0.011258955987717534,False,زدشت
2026-10-10,19000.0,19200.0,18610.0,18900.0,18790.0,43351274250.0,2294235.0,334.0,45450474300000.0,0.904,-1304893800.0,-0.030100471614164837,330319361.15702474,365252535.3982301,,,1405-07-18,1405,-0.0036900369003689537,False,زشریف
2026-10-10,35400.0,35400.0,33920.0,34610.0,35000.0,237213832260.0,6854353.0,1278.0,33225600000000.0,1.051,6905664080.0,0.02911155734135687,623599561.728395,593132504.3161094,,,1405-07-18,1405,-0.009444762449914101,False,زشگزا
2026-10-10,25010.0,25990.0,25010.0,25570.0,25490.0,110884220270.0,4337172.0,1196.0,36787819302600.0,1.997,37510269480.0,0.33828320556940866,247519985.7177033,123971963.43984962,,,1405-07-18,1405,0.01307448494453256,False,زفارس
2026-10-10,57900.0,57900.0,54550.0,54700.0,55400.0,150504407060.0,2751285.0,1219.0,49230000000000.0,0.761,-30986510700.0,-0.20588440767483265,259229707.3752712,340478293.6651584,,,1405-07-18,1405,-0.027209674550951468,False,زفجر
2026-10-10,10870.0,11100.0,10720.0,10750.0,10760.0,349134751290.0,32473436.0,1873.0,74143602045000.0,0.914,159479270750.0,0.45678429363089257,485334066.56804734,531196938.6503068,,,1405-07-18,1405,-0.02714932126696834,False,زقیام
2026-10-10,12950.0,12970.0,12630.0,12700.0,12680.0,160378219660.0,12626327.0,1531.0,14351000000000.0,0.482,-7003376900.0,-0.04366788030723299,272866505.3380783,566623155.123675,,,1405-07-18,1405,-0.02457757296466978,False,زماهان
2026-10-10,110700.0,117100.0,110700.0,116800.0,117000.0,190162909900.0,1627874.0,599.0,35040000000000.0,0.566,-40219379200.0,-0.21149959906035284,370290102.18978107,654310238.8489208,,,1405-07-18,1405,0.027264731750219928,False,زمگسا
2026-10-10,2989.0,2989.0,2989.0,2989.0,2989.0,10328459610.0,3455490.0,53.0,26153750000000.0,14.49,4483500000.0,0.43409183646892335,2065691922.0,142559990.4878049,,,1405-07-18,1405,0.029979324603721658,False,زنجان
2026-10-10,9400.0,9920.0,9400.0,9780.0,9920.0,191826057460.0,19614569.0,430.0,14347279560000.0,3.004,11393093640.0,0.05939283635840618,2396498372.0,797840209.7630332,,,1405-07-18,1405,0.014522821576763434,False,زنگان
2026-10-10,47900.0,47990.0,46820.0,47050.0,47180.0,310338237700.0,6595491.0,1430.0,65650747000000.0,0.527,-63604918900.0,-0.20495353512152784,511129295.7202505,969924061.4779874,,,1405-07-18,1405,-0.025072523829258175,False,زپارس
2026-10-10,15180.0,15180.0,14740.0,14750.0,14880.0,338978939440.0,22978427.0,1637.0,35400000000000.0,0.312,-54066449500.0,-0.15949796052025786,399279611.1111111,1279249629.8076923,,,1405-07-18,1405,-0.02896642527978932,False,زکشت
2026-10-10,106500.0,106500.0,103900.0,106200.0,106500.0,482152371700.0,4539877.0,1392.0,292050000000000.0,0.526,-200830678200.0,-0.41652948318370786,816849220.4081633,1554103632.5581396,,,1405-07-18,1405,0.026979982593559715,False,زکوثر
2026-10-10,11650.0,12190.0,11510.0,11720.0,12100.0,122396847280.0,10442578.0,619.0,65632000000000.0,0.711,-31874286280.0,-0.2604175433300425,290426408.2051282,408364052.6984127,,,1405-07-18,1405,-0.01180438448566612,False,زگلدشت
2026-10-10,85260.0,85260.0,83500.0,85260.0,85260.0,162328401160.0,1903952.0,553.0,252310010421840.0,2.061,-19738201560.0,-0.12159425842274464,516895786.0194175,250785111.75257733,,,1405-07-18,1405,0.02995892727712013,False,سآبیک
2026-10-10,29300.0,29990.0,29300.0,29310.0,29300.0,6351132100.0,216721.0,56.0,6682680000000.0,0.952,0.0,0.0,302480595.7142857,317604625.5,,,1405-07-18,1405,-0.029470198675496717,False,ساذری
2026-10-10,3240.0,3310.0,3220.0,3270.0,3310.0,42867014050.0,13123840.0,180.0,39240000000000.0,0.535,-29843377050.0,-0.6961851136911646,336589644.1935484,629338375.3125,,,1405-07-18,1405,0.01552795031055898,False,وتعاون
2026-10-10,7780.0,7870.0,7520.0,7800.0,7870.0,41849093640.0,5365109.0,346.0,24960000000000.0,2.329,8814000000.0,0.21061388033444636,674965325.8064516,289770615.78947365,,,1405-07-18,1405,0.019607843137254832,False,وتوس
2026-10-10,4510.0,4590.0,4510.0,4590.0,4590.0,75929491740.0,16550906.0,401.0,119340000000000.0,0.745,-29745999900.0,-0.39175818536830365,383804727.21649486,515192757.2307692,,,1405-07-18,1405,0.029147982062780242,False,وتوسم
2026-10-10,1752.0,1752.0,1715.0,1743.0,1752.0,11217570981.0,6436591.0,88.0,34860000000000.0,1.556,0.0,0.0,415517707.8888889,267118526.5,,,1405-07-18,1405,0.024691358024691468,False,وتوسکا
2026-10-10,9030.0,9030.0,8650.0,8800.0,8800.0,55467886340.0,6301574.0,290.0,88000000000000.0,0.659,-10507490400.0,-0.18943376236823808,420059446.728972,637400588.5057472,,,1405-07-18,1405,-0.005649717514124242,False,وتوشه
2026-10-10,3240.0,3260.0,3090.0,3190.0,3230.0,63510258000.0,19890628.0,661.0,111650000000000.0,0.687,-14409816960.0,-0.22688959884244211,196101550.6722689,285429841.2149533,,,1405-07-18,1405,0.003144654088050425,False,وتوصا
2026-10-10,5360.0,5360.0,5250.0,5330.0,5300.0,14464261860.0,2713888.0,107.0,5891195700000.0,1.129,0.0,0.0,466613646.45161295,413286372.5714286,,,1405-07-18,1405,0.02303262955854124,False,وثخوز
2026-10-10,7180.0,7180.0,7180.0,7180.0,7180.0,77975719040.0,10860128.0,135.0,23694000000000.0,3.755,32669000000.0,0.41896375438668865,3544350865.454545,943889980.0,,,1405-07-18,1405,0.02865329512893977,False,وثنو
2026-10-10,47850.0,49230.0,47850.0,48890.0,49230.0,43633548720.0,892464.0,140.0,15644800000000.0,2.304,10134163650.0,0.23225623281369445,1678175575.3846154,728226115.4347826,,,1405-07-18,1405,0.022803347280334618,False,وثوق
2026-10-10,3035.0,3052.0,2970.0,3030.0,3038.0,10903032154.0,3598948.0,111.0,15150000000000.0,1.754,-758505960.0,-0.06956835027967212,390242556.9230769,222547192.6530612,,,1405-07-18,1405,0.021922428330522825,False,وجامی
2026-10-10,2533.0,2533.0,2507.0,2532.0,2533.0,59731331970.0,23592896.0,216.0,21522000000000.0,1.608,8831616000.0,0.1478556681849263,1106244679.1111112,687913468.5405406,,,1405-07-18,1405,0.029268292682926855,False,وحافظ
2026-10-10,5690.0,6010.0,5690.0,5990.0,5990.0,18933458070.0,3161051.0,137.0,8086500000000.0,1.367,0.0,0.0,631156516.3333334,461821841.21951216,,,1405-07-18,1405,0.02568493150684925,False,ودانا
2026-10-10,7530.0,7530.0,7350.0,7520.0,7530.0,30306084490.0,4030353.0,163.0,150400000000000.0,2.555,19010544960.0,0.6272847607968904,481083405.7142857,188295160.0,,,1405-07-18,1405,0.02732240437158473,False,ودی
2026-10-10,8170.0,8380.0,8020.0,8040.0,8020.0,143927727350.0,17892168.0,804.0,21145200000000.0,0.454,0.0,0.0,526934178.4615384,1160105086.451613,,,1405-07-18,1405,-0.0266343825665859,False,ثنوسا
2026-10-10,390100.0,390100.0,385000.0,389900.0,390100.0,580250652800.0,1488054.0,1383.0,779800000000000.0,0.812,-21752910900.0,-0.037488817625678336,1435858590.6367042,1769114212.2270744,,,1405-07-18,1405,0.0293030623020063,False,جم پیلن
2026-10-10,83540.0,83540.0,78720.0,80990.0,81600.0,354962170460.0,4382599.0,1068.0,1457820000000000.0,0.885,-178977371300.0,-0.5042153395333957,524246092.84946233,592049560.1070664,,,1405-07-18,1405,-0.0017256255392580355,False,جم
2026-10-10,686.0,686.0,686.0,686.0,686.0,945222250.0,1377875.0,18.0,2272718000000.0,8.0,0.0,0.0,472611125.0,59076390.625,,,1405-07-18,1405,0.019316493313521477,False,جهرم
2026-10-10,6930.0,7000.0,6850.0,6950.0,7000.0,131110649210.0,18858743.0,458.0,103627836000000.0,2.487,4706560850.0,0.03589762447489295,1566643817.5324676,630027245.1086956,,,1405-07-18,1405,0.022058823529411686,False,جوین
2026-10-10,4640.0,4640.0,4440.0,4450.0,4470.0,55792557210.0,12537611.0,421.0,16910000000000.0,0.528,-2010434350.0,-0.03603409577433133,286327546.23655915,541836842.6470588,,,1405-07-18,1405,-0.026258205689277947,False,حآسا
2026-10-10,11050.0,11050.0,10950.0,10850.0,11020.0,13789435330.0,1249165.0,73.0,32550000000000.0,1.037,0.0,0.0,501979268.51851857,484051437.50000006,,,1405-07-18,1405,0.011183597390493905,False,حبندر
2026-10-10,23380.0,23380.0,22170.0,22430.0,22210.0,44377269940.0,1978051.0,230.0,42617000000000.0,0.555,-5089120270.0,-0.11467853423341977,331526839.3,597528190.625,,,1405-07-18,1405,-0.013198416190057238,False,حپارسا
2026-10-10,17570.0,18310.0,17570.0,18230.0,18310.0,39155597230.0,2147445.0,218.0,25485540000000.0,1.644,-11320246640.0,-0.28910928298462324,666786556.6666667,405705677.7173913,,,1405-07-18,1405,0.0253093363329584,False,حپترو
2026-10-10,11080.0,11080.0,11080.0,11080.0,11080.0,11867267240.0,1071053.0,100.0,33240000000000.0,0.096,0.0,0.0,162565304.65753424,1695323891.4285712,,,1405-07-18,1405,-0.02977232924693518,False,حپرتو
2026-10-10,28700.0,28700.0,28700.0,28700.0,28700.0,7245573300.0,252459.0,40.0,55391000000000.0,17.663,2870000000.0,0.39610392182493,2415191100.0,136736665.625,,,1405-07-18,1405,0.02978112665949051,False,چافست
2026-10-10,257500.0,257500.0,257500.0,257500.0,257500.0,22879905000.0,88854.0,550.0,51500000000000.0,235.916,16625487500.0,0.7266414567717829,1692075416.6666667,7172353.80116959,,,1405-07-18,1405,0.030000000000000027,False,چخزر
2026-10-10,6730.0,6730.0,6460.0,6480.0,6460.0,93560375530.0,14436049.0,803.0,11664000000000.0,0.299,-4539408480.0,-0.048518493585400856,226166683.58056265,755858388.2926829,,,1405-07-18,1405,-0.025563909774436122,False,چفیبر
2026-10-10,17070.0,17280.0,16480.0,16560.0,16480.0,112967327330.0,6821289.0,561.0,28483200000000.0,0.71,0.0,0.0,564802729.2,795496801.6901408,,,1405-07-18,1405,-0.02473498233215543,False,چنوپا
2026-10-10,5370.0,5460.0,5210.0,5250.0,5240.0,60905355360.0,11599896.0,588.0,15525798750000.0,1.085,0.0,0.0,431911021.2765958,398035647.0588235,,,1405-07-18,1405,-0.022346368715083775,False,چکارن
2026-10-10,17630.0,17630.0,17630.0,17630.0,17630.0,18996783380.0,1077526.0,73.0,12341000000000.0,4.045,881500000.0,0.04640259260565406,1356913098.5714283,335468210.7407407,,,1405-07-18,1405,0.029789719626168276,False,چکاوه
2026-10-10,2496.0,2496.0,2496.0,2487.0,2496.0,1436924736.0,575691.0,15.0,3816025825998.0,9.416,671490000.0,0.46731048827876814,715871758.5,76025351.7,,,1405-07-18,1405,0.025990099009900902,False,کارام
2026-10-10,28000.0,28080.0,26460.0,27100.0,26500.0,198864241420.0,7338196.0,390.0,65040000000000.0,0.484,-96530200000.0,-0.4854075288283168,948808681.904762,1961551116.0,,,1405-07-18,1405,-0.006233956729006285,False,کاریز
2026-10-10,16950.0,16950.0,15970.0,16350.0,15970.0,45455681270.0,2780692.0,175.0,20110500000000.0,1.016,0.0,0.0,721655780.952381,710379909.375,,,1405-07-18,1405,-0.006682867557715633,False,کازرو
2026-10-10,41620.0,41620.0,39200.0,39720.0,39220.0,707881706380.0,17821941.0,4129.0,315376800000000.0,0.524,113301498600.0,0.16005710781735938,408759894.04228055,779751405.6463596,,,1405-07-18,1405,-0.017074981440237558,False,کاسپین
2026-10-10,15240.0,15250.0,14840.0,15140.0,15250.0,130394394850.0,8611701.0,1357.0,84784000000000.0,2.155,10947839980.0,0.08395943700336135,549052100.0,254775158.03063455,,,1405-07-18,1405,0.022282241728561747,False,کانسار
2026-10-10,6770.0,6950.0,6560.0,6720.0,6920.0,695362477710.0,103411434.0,2899.0,409920000000000.0,0.778,-126284544960.0,-0.18160966259768016,592101768.2758621,761509725.1485149,,,1405-07-18,1405,-0.00591715976331364,False,کاوه
2026-10-10,17010.0,17010.0,17010.0,17010.0,17010.0,8084529810.0,475281.0,38.0,8385912990000.0,2.444,0.0,0.0,898281090.0,367478627.7272728,,,1405-07-18,1405,0.029661016949152463,False,کایتا
2026-10-10,23000.0,23000.0,22320.0,22360.0,22320.0,113955999350.0,5097468.0,437.0,24996087480000.0,0.69,-1508293800.0,-0.013235755981284368,690006691.2883435,999819162.1052632,,,1405-07-18,1405,-0.02824858757062143,False,کباده
2026-10-10,50250.0,50250.0,50250.0,50250.0,50250.0,122190312000.0,2431648.0,439.0,61053750000000.0,1.887,15118365750.0,0.12372802313492742,1209805069.3069308,641149378.742515,,,1405-07-18,1405,0.029924164787866303,False,کبافق
2026-10-10,3960.0,3960.0,3910.0,3960.0,3960.0,46215756850.0,11674170.0,334.0,10677771720000.0,3.422,8514000000.0,0.1842228837154703,963119025.0,281460546.26865673,,,1405-07-18,1405,0.02857142857142847,False,کترام
2026-10-10,19730.0,20600.0,19730.0,20270.0,20330.0,36292040740.0,1790177.0,789.0,21688900000000.0,2.92,634552350.0,0.017484614727124325,206175498.8068182,70598684.03960396,,,1405-07-18,1405,0.007956240676280535,False,کتوسعه
2026-10-10,20740.0,21360.0,20300.0,20910.0,21270.0,218280765520.0,10441345.0,881.0,52484100000000.0,0.726,-30278913690.0,-0.13871544576027103,605570820.0,834507645.0,,,1405-07-18,1405,0.0023969319271333056,False,کپارس
2026-10-10,24720.0,24720.0,24720.0,24720.0,24720.0,60278928960.0,2438468.0,188.0,42271200000000.0,4.303,5410466400.0,0.08975717540685381,1926897632.0,447833013.3333334,,,1405-07-18,1405,0.030000000000000027,False,کپرور
2026-10-10,36310.0,36310.0,36310.0,36310.0,36310.0,201284848100.0,5543510.0,648.0,217860000000000.0,0.872,44915470000.0,0.2231438204314595,775619049.7757847,889219292.361111,,,1405-07-18,1405,0.02977878615995455,False,کپشیر
2026-10-10,6930.0,6930.0,6580.0,6830.0,6600.0,61285140780.0,8975087.0,406.0,33193800000000.0,1.06,2434061740.0,0.039716996795972764,535321437.78761065,504845745.4782609,,,1405-07-18,1405,0.014858841010401136,False,لابسا
2026-10-10,240100.0,240100.0,239900.0,240100.0,240100.0,76486686800.0,318580.0,187.0,52221750000000.0,0.777,-24010000000.0,-0.3139108386637555,990208641.509434,1274850966.6666667,,,1405-07-18,1405,0.029588336192109876,False,لازما
2026-10-10,4780.0,4780.0,4720.0,4780.0,4770.0,134748579010.0,28198450.0,367.0,68197923440000.0,1.615,78055129500.0,0.579264954580392,1081513483.0508475,669776506.7567568,,,1405-07-18,1405,0.027956989247311936,False,لبوتان
2026-10-10,38890.0,38890.0,36990.0,37100.0,36990.0,138892936690.0,3743809.0,838.0,37100000000000.0,0.506,0.0,0.0,418359379.2168675,826757820.8333334,,,1405-07-18,1405,-0.027012850773668995,False,لپارس
2026-10-10,150500.0,150500.0,145000.0,150200.0,150500.0,126214256900.0,840083.0,304.0,27036000000000.0,0.723,-15020000000.0,-0.11900398868489476,1275888920.0,1763865117.1428573,,,1405-07-18,1405,0.02735978112175097,False,لپیام
2026-10-10,11620.0,11620.0,11120.0,11430.0,11190.0,50470478830.0,4416224.0,220.0,6858000000000.0,1.221,-4658582250.0,-0.09230311179910793,669482213.0232558,548300285.409836,,,1405-07-18,1405,0.011504424778761013,False,کیا
2026-10-10,7970.0,7970.0,7970.0,7970.0,7970.0,30199724750.0,3789175.0,162.0,79700000000000.0,51.215,23910000000.0,0.7917290703121392,2516643729.1666665,49138474.609375,,,1405-07-18,1405,0.029715762273901714,False,کیانا
2026-10-10,6880.0,6880.0,6540.0,6640.0,6540.0,150667995100.0,22701614.0,1006.0,33200000000000.0,0.505,-4496973200.0,-0.029846904095427233,369124907.7094972,730714920.6417112,,,1405-07-18,1405,-0.014836795252225476,False,کیمیا
2026-10-10,23560.0,23560.0,22490.0,22560.0,22540.0,609913276890.0,27034003.0,1590.0,338400000000000.0,0.389,-315253868640.0,-0.5168831054924832,433021564.0089087,1112839630.7423582,,,1405-07-18,1405,-0.026747195858498718,False,کیمیاتک
2026-10-10,7200.0,7220.0,6870.0,7040.0,7050.0,186719542290.0,26539068.0,2619.0,10560000000000.0,2.057,367185280.0,0.0019665069627779665,293157572.48407644,142541326.79596585,,,1405-07-18,1405,-0.0014184397163120588,False,گدنا
2026-10-10,29090.0,29190.0,27840.0,29040.0,29120.0,159851296950.0,5503870.0,801.0,43140197034000.0,2.017,5185295280.0,0.03243824341082395,980968840.5,486441407.6923077,,,1405-07-18,1405,0.02470007057163026,False,گشان
2026-10-10,18110.0,18110.0,17410.0,17680.0,17410.0,1751563640.0,99043.0,11.0,371280000000000.0,1.64,669895200.0,0.38245552984874703,200493725.7142857,122260146.66666669,,,1405-07-18,1405,-0.0056242969628796935,False,گنگین
2026-10-10,7220.0,7220.0,7090.0,7120.0,7180.0,13198365400.0,1854799.0,130.0,142400000000000.0,0.316,-4607287920.0,-0.34908019140006535,117183278.13953488,371006495.38461536,,,1405-07-18,1405,0.011363636363636465,False,گوهران
2026-10-10,289900.0,289900.0,277000.0,277300.0,284000.0,187750800.0,677.0,15.0,4244633041100.0,1.167,0.0,0.0,31288683.33333333,26818871.428571425,,,1405-07-18,1405,-0.028721541155866892,False,گپارس
2026-10-10,7230.0,7230.0,7110.0,7230.0,7230.0,402180101310.0,55638329.0,967.0,27686031137250.0,0.624,25660014690.0,0.0638022980411487,1920809943.732057,3080239865.163934,,,1405-07-18,1405,0.029914529914529808,False,گکوثر
2026-10-10,9790.0,10020.0,9520.0,9930.0,10020.0,5692764920.0,573144.0,46.0,4067328000000.0,2.0,0.0,0.0,437793840.0,218896920.0,,,1405-07-18,1405,0.01741803278688514,False,گکیش
2026-10-10,9270.0,9730.0,9180.0,9570.0,9730.0,212913925060.0,22246609.0,1017.0,38758500000000.0,0.876,6265067490.0,0.029425353406239065,584703510.0,667393204.1137124,,,1405-07-18,1405,0.012698412698412653,False,بشهاب
2026-10-10,4010.0,4030.0,3900.0,3970.0,4030.0,57455607030.0,14461152.0,384.0,103220000000000.0,0.824,-24410501770.0,-0.4248584782552945,234159907.44444445,284280584.0,,,1405-07-18,1405,0.012755102040816313,False,بموتو
2026-10-10,8960.0,9010.0,8680.0,8770.0,8750.0,38715899600.0,4414890.0,701.0,74290670000000.0,1.807,-3547798260.0,-0.09163672539330585,190112362.3783784,105213547.01086956,,,1405-07-18,1405,-0.019015659955257225,False,بمولد
2026-10-10,7190.0,7480.0,7190.0,7210.0,7190.0,807112059550.0,111872771.0,1349.0,113197000000000.0,0.647,18253477690.0,0.022615791046632493,1731120247.877698,2676288735.375723,,,1405-07-18,1405,-0.026990553306342813,False,بمپنا
2026-10-10,7590.0,7590.0,7200.0,7230.0,7200.0,91005931820.0,12592011.0,452.0,8206050000000.0,0.778,0.0,0.0,469279585.2061856,602915493.5761589,,,1405-07-18,1405,-0.025606469002695365,False,بمیلا
2026-10-10,4210.0,4210.0,4210.0,4210.0,4210.0,40971517920.0,9731952.0,146.0,100198000000000.0,11.15,28825870000.0,0.7035587516255731,2034261896.0,182451814.1538461,,,1405-07-18,1405,0.02933985330073341,False,بنیرو
2026-10-10,9800.0,9800.0,9800.0,9800.0,9800.0,33348772800.0,3402936.0,49.0,23520000000000.0,0.507,-3498590200.0,-0.10490911377704429,1290472768.4210527,2547052072.727273,,,1405-07-18,1405,0.02941176470588225,False,بهامرز
2026-10-10,15310.0,15650.0,15130.0,15300.0,15190.0,222084296940.0,14514908.0,1574.0,81579600000000.0,0.764,153000000.0,0.000688927592396754,471006650.32258064,616521387.0422535,,,1405-07-18,1405,-0.007138221933809197,False,بهپاک
2026-10-10,4820.0,5000.0,4820.0,4910.0,4950.0,18800239650.0,3830317.0,146.0,2946000000000.0,1.222,-1071666420.0,-0.05700280634454572,381335264.18604654,311947906.78571427,,,1405-07-18,1405,0.0,False,بهیر
2026-10-10,68090.0,68090.0,67200.0,68030.0,68090.0,657526751170.0,9664910.0,2462.0,1366722700000000.0,0.922,-205084462540.0,-0.3119028422418916,380936531.8801997,413359350.6666667,,,1405-07-18,1405,0.029042504916048983,False,بوعلی
2026-10-10,13410.0,13600.0,13010.0,13100.0,13080.0,136586434890.0,10429271.0,820.0,9642255000000.0,1.04,40559669800.0,0.2969524011126344,489689785.3046595,470900883.82352936,,,1405-07-18,1405,-0.023117076808351955,False,بکاب
2026-10-10,5980.0,6060.0,5780.0,5870.0,5850.0,115851625400.0,19739172.0,676.0,36056475000000.0,0.797,-4567816810.0,-0.03942816334452568,445368276.1570248,558939998.2089553,,,1405-07-18,1405,-0.010118043844856706,False,بکابل
2026-10-10,26950.0,26950.0,25560.0,26080.0,26210.0,49293907410.0,1890320.0,1162.0,112144000000000.0,5.113,-8971520000.0,-0.1820005852930213,280055733.3333334,54777272.88888889,,,1405-07-18,1405,-0.007610350076103556,False,بگیلان
2026-10-10,34000.0,34000.0,32660.0,32720.0,32660.0,287587880500.0,8789014.0,1886.0,58974528000000.0,0.487,-5466857600.0,-0.019009346257899767,336277608.22966504,690590212.2409639,,,1405-07-18,1405,-0.028215028215028193,False,بیوتیک
2026-10-10,19750.0,19750.0,19010.0,19210.0,19120.0,1474875960.0,76779.0,34.0,119102000000000.0,0.706,-430342420.0,-0.29178211027319206,45253957.5,64133652.222222224,,,1405-07-18,1405,0.0,False,پارتا
2026-10-10,13560.0,13560.0,13300.0,13480.0,13470.0,45090013260.0,3344443.0,282.0,15636800000000.0,0.872,6551280000.0,0.14529337044599486,425312185.2830188,487744451.1392405,,,1405-07-18,1405,0.023538344722854987,False,فلامی
2026-10-10,2663.0,2663.0,2599.0,2648.0,2663.0,206668579452.0,78043030.0,1395.0,29922400000000.0,0.677,46926892128.0,0.22706350550446905,460032831.13761467,679855850.6548673,,,1405-07-18,1405,0.023975251353441696,False,فلوله
2026-10-10,32900.0,32900.0,32320.0,32820.0,32890.0,194042037150.0,5911974.0,870.0,13292100000000.0,0.386,-7712700000.0,-0.03974757281092583,518272247.6571429,1341191394.8936172,,,1405-07-18,1405,0.027230046948356845,False,فماک
2026-10-10,4170.0,4170.0,4110.0,4170.0,4170.0,176110487120.0,42264123.0,739.0,9207313225110.0,1.223,14995320000.0,0.08514722913566375,839244728.1428571,686153501.7446809,,,1405-07-18,1405,0.029629629629629672,False,فمراد
2026-10-10,10900.0,10900.0,10360.0,10450.0,10400.0,258979122060.0,24785486.0,1690.0,62700000000000.0,1.132,-16824510450.0,-0.06496473660182582,593574522.4264705,524297400.0,,,1405-07-18,1405,-0.021535580524344566,False,فن افزار
2026-10-10,8600.0,8960.0,8600.0,8600.0,8600.0,130650558220.0,15186207.0,342.0,55900000000000.0,0.065,-110223482400.0,-0.8436510635828801,167031949.18032786,2560811376.470588,,,1405-07-18,1405,-0.02934537246049662,False,فنر
2026-10-10,5680.0,5690.0,5500.0,5600.0,5660.0,132972679640.0,23748704.0,738.0,19040000000000.0,0.674,-22347029600.0,-0.1680573006462728,405736955.5555556,601897306.2801932,,,1405-07-18,1405,0.012658227848101333,False,فنفت
2026-10-10,16350.0,16350.0,16350.0,16350.0,16350.0,95957872050.0,5868983.0,175.0,187160199450000.0,2.282,-5225492700.0,-0.05445611275411771,1150533967.5,504217358.0357143,,,1405-07-18,1405,0.029596977329974905,False,فنوال
2026-10-10,12850.0,13230.0,12660.0,13140.0,13230.0,259217491060.0,19733471.0,1371.0,83255040000000.0,0.858,-100469280960.0,-0.38758681194373873,719804759.1666666,839170848.9836066,,,1405-07-18,1405,0.022568093385213928,False,فنورد
2026-10-10,6210.0,6210.0,5850.0,5980.0,5900.0,426488945580.0,71272670.0,2085.0,19136000000000.0,0.734,-43791695480.0,-0.10267955578648318,725652506.8690702,988887625.5220416,,,1405-07-18,1405,-0.008291873963515717,False,فولای
2026-10-10,8280.0,8280.0,7960.0,8250.0,8280.0,568650589740.0,68966013.0,1303.0,195937500000000.0,0.705,-10064934000.0,-0.017699680931663003,1298098328.7401574,1841753274.6350365,,,1405-07-18,1405,0.026119402985074647,False,فوکا
2026-10-10,24840.0,24840.0,24840.0,24840.0,24840.0,8940537000.0,359925.0,136.0,24840000000000.0,0.043,0.0,0.0,77743800.0,1788107400.0,,,1405-07-18,1405,-0.029687499999999978,False,آ س پ
2026-10-10,1240.0,1240.0,1240.0,1240.0,1240.0,83599412440.0,67418881.0,229.0,14709361120000.0,24.207,69440000000.0,0.8306278474126558,4179970622.0,172675761.4634146,,,1405-07-18,1405,0.029900332225913706,False,آباد
2026-10-10,11680.0,11710.0,11450.0,11680.0,11710.0,18979851500.0,1624795.0,1026.0,29200000000000.0,18.371,5995390720.0,0.31588185608301517,258711188.88888887,14082290.8361204,,,1405-07-18,1405,0.027264731750219928,False,آبادا
2026-10-10,39590.0,39590.0,37830.0,39100.0,38750.0,263905532440.0,6749508.0,1253.0,78200000000000.0,1.315,39161660700.0,0.14839272347920013,563559342.6512969,428475153.9726028,,,1405-07-18,1405,0.01716961498439118,False,آردینه
2026-10-10,2144.0,2144.0,2144.0,2144.0,2144.0,79085728.0,36887.0,4.0,30016000000000.0,4.0,0.0,0.0,79085728.0,19771432.0,,,1405-07-18,1405,0.029779058597502406,False,آرمان
2026-10-10,8140.0,8160.0,8060.0,8090.0,8080.0,260114957350.0,32133326.0,433.0,1213500000000000.0,0.381,-113578212060.0,-0.43664621680011206,472469314.7916667,1238697628.8181818,,,1405-07-18,1405,0.0012376237623761277,False,آریان
2026-10-10,10140.0,10240.0,10100.0,10170.0,10140.0,32649769680.0,3209377.0,391.0,101700000000000.0,0.641,-2870991000.0,-0.08793296332986567,180414382.3636364,281373828.3620689,,,1405-07-18,1405,-0.0068359375,False,آپ
2026-10-10,6300.0,6380.0,6210.0,6270.0,6300.0,1955596900.0,311676.0,91.0,31350000000000.0,2.018,-540724800.0,-0.2765011542000297,74393880.0,36871858.86792453,,,1405-07-18,1405,0.011290322580645107,False,اتکاسا
2026-10-10,2266.0,2266.0,2232.0,2259.0,2246.0,57308723701.0,25371089.0,353.0,66640500000000.0,0.529,-514035450.0,-0.008969584677577289,417339022.9398496,789015852.1267606,,,1405-07-18,1405,0.026818181818181852,False,اتکام
2026-10-10,3660.0,3680.0,3530.0,3610.0,3650.0,55167225280.0,15296418.0,169.0,97470000000000.0,0.165,-46134691730.0,-0.8362699319359351,239088875.0,1453159710.0,,,1405-07-18,1405,0.0,False,اتکای
2026-10-10,16670.0,17340.0,16670.0,17030.0,16900.0,17269206190.0,1013830.0,485.0,18733000000000.0,8.33,-2218293740.0,-0.1284537178833696,349935608.3720931,42008576.39902677,,,1405-07-18,1405,0.006501182033096908,False,اخشان
2026-10-10,32180.0,32180.0,31500.0,32170.0,32180.0,152231317400.0,4732655.0,728.0,73025900000000.0,1.023,-32019766100.0,-0.21033626094074648,430186910.73619634,420330175.1028807,,,1405-07-18,1405,0.02943999999999991,False,اردستان
2026-10-10,15680.0,15680.0,15230.0,15640.0,15680.0,266518697540.0,17039136.0,801.0,312800000000000.0,2.134,-27350231040.0,-0.10262030879051248,1030448068.2170542,482765156.1445783,,,1405-07-18,1405,0.02692055154300732,False,اپال
2026-10-10,5430.0,5430.0,5130.0,5320.0,5220.0,119763783600.0,22496339.0,660.0,11970000000000.0,0.726,-26918705240.0,-0.22476498680023332,511378030.1265823,704028980.3921568,,,1405-07-18,1405,0.007575757575757569,False,اپرداز
2026-10-10,10800.0,11120.0,10800.0,11030.0,10940.0,474607605050.0,43025271.0,2492.0,53884618943080.0,1.126,87436431410.0,0.1842288882007876,597717240.0930852,530860605.7771261,,,1405-07-18,1405,0.06983511154219202,False,غانیزان
2026-10-10,20190.0,20190.0,19050.0,19100.0,19050.0,1201950490260.0,62921659.0,3015.0,668500000000000.0,0.606,202856783400.0,0.16877299443184138,1042039969.1721132,1720858238.127854,,,1405-07-18,1405,-0.026999490575649543,False,غبشهر
2026-10-10,5890.0,5890.0,5890.0,5890.0,5890.0,108436189910.0,18410219.0,174.0,13547000000000.0,3.116,70378502680.0,0.6490314971266773,2001399789.7916667,642217180.75,,,1405-07-18,1405,0.029720279720279796,False,غبهار
2026-10-10,103500.0,103500.0,102000.0,103500.0,103500.0,165118371500.0,1595791.0,497.0,37260000000000.0,1.271,-6727500000.0,-0.04074349776396626,898237962.7659574,706681151.1627907,,,1405-07-18,1405,0.02995322917703258,False,غبهنوش
2026-10-10,20990.0,21300.0,20330.0,20910.0,21130.0,783288446020.0,37451173.0,4164.0,41820000000000.0,0.355,-87320118180.0,-0.11147887936262298,371591275.7166483,1045860841.1126372,,,1405-07-18,1405,0.01112185686653766,False,غدانه
2026-10-10,15590.0,15590.0,14690.0,15320.0,15380.0,477366632590.0,31154122.0,2035.0,76600000000000.0,0.51,20957913200.0,0.04390318000713783,607843694.7872341,1191640834.0983608,,,1405-07-18,1405,0.011889035667107084,False,غدیس
2026-10-10,9680.0,9680.0,9410.0,9650.0,9680.0,166128829800.0,17212865.0,751.0,57900000000000.0,2.616,35922491700.0,0.21623273782910857,660810940.8854166,252647802.6388889,,,1405-07-18,1405,0.02659574468085113,False,غسالم
2026-10-10,23500.0,23500.0,23500.0,23500.0,23500.0,37899460500.0,1612743.0,110.0,40282234728000.0,11.848,17272500000.0,0.4557452737354929,2203532892.857143,185985760.2739726,,,1405-07-18,1405,0.029798422436459138,False,غشاذر
2026-10-10,24150.0,24150.0,23480.0,24070.0,24150.0,532124296550.0,22110453.0,1903.0,56877410000000.0,0.369,2090527640.0,0.003928645343867639,794774309.9402093,2152900348.4146338,,,1405-07-18,1405,0.02643923240938162,False,غشان
2026-10-10,27860.0,27880.0,26710.0,27350.0,27200.0,127809933210.0,4673410.0,362.0,58681066000000.0,1.072,5854240150.0,0.045804265779414065,854623604.7413794,797282888.8888888,,,1405-07-18,1405,0.009225092250922495,False,غشصفا
2026-10-10,9680.0,9780.0,9510.0,9560.0,9510.0,72350792070.0,7571136.0,584.0,18164000000000.0,0.462,-6265757840.0,-0.08660247746752829,276628880.0,598182315.3719008,,,1405-07-18,1405,-0.024489795918367308,False,غشهد
2026-10-10,36110.0,36110.0,35100.0,36100.0,36110.0,271675592780.0,7525134.0,702.0,36100000000000.0,0.698,-27878947000.0,-0.10261851907534467,1356852635.3741498,1943045165.811966,,,1405-07-18,1405,0.02966343411294914,False,غپآذر
2026-10-10,8930.0,9020.0,8650.0,8770.0,8700.0,99531313000.0,11351955.0,748.0,27634270000000.0,1.061,-4045232660.0,-0.040642814186526405,461407790.7729469,434745176.2008734,,,1405-07-18,1405,0.0,False,غپونه
2026-10-10,100570.0,100670.0,97810.0,100360.0,99210.0,132289149280.0,1318094.0,312.0,140504000000000.0,1.964,11805848600.0,0.089242758489678,1127451729.5522387,574174930.4504504,,,1405-07-18,1405,0.02680581133619797,False,سخوز
2026-10-10,40000.0,40150.0,38170.0,38500.0,38170.0,161029677400.0,4182073.0,1044.0,9625000000000.0,0.326,-900900000.0,-0.005594620908058777,391464328.8508557,1201565750.0,,,1405-07-18,1405,-0.021601016518424387,False,سدبیر
2026-10-10,40280.0,42550.0,40280.0,41950.0,41980.0,17703224350.0,422007.0,158.0,142630000000000.0,1.284,-2548462500.0,-0.1439547084539998,291437137.5,226964021.15384617,,,1405-07-18,1405,0.01377477042049291,False,سدشت
2026-10-10,38680.0,38680.0,38300.0,38680.0,38680.0,99023013820.0,2560283.0,301.0,24820851757400.0,1.073,-1907156080.0,-0.019259725657984422,986038065.0746268,918536573.5135134,,,1405-07-18,1405,0.029818956336528313,False,سدور
2026-10-10,28500.0,28560.0,27840.0,28520.0,28560.0,245260894460.0,8599720.0,560.0,176824000000000.0,0.957,-113216043640.0,-0.46161473841670503,666384334.2307693,696641276.3358779,,,1405-07-18,1405,0.02848900108186081,False,سشرق
2026-10-10,20970.0,20970.0,20310.0,20970.0,20970.0,42275407450.0,2016440.0,137.0,104850000000000.0,1.607,-4976390700.0,-0.11771360703940419,271849837.5,169129217.6470588,,,1405-07-18,1405,0.02996070726915523,False,سشمال
2026-10-10,1857.0,1929.0,1847.0,1895.0,1916.0,792840825270.0,418427453.0,5589.0,121226940000000.0,0.7,83414204750.0,0.10520927037478613,488607002.7427335,697594589.0276407,,,1405-07-18,1405,-0.004726890756302504,False,سصفها
2026-10-10,176800.0,176800.0,176800.0,176800.0,176800.0,331019280800.0,1872281.0,817.0,194480000000000.0,2.228,-109423288000.0,-0.3305646962181425,910817473.0158732,408835266.6666666,,,1405-07-18,1405,0.02970297029702973,False,سصوفی
2026-10-10,25300.0,25300.0,24530.0,25000.0,25200.0,104855487370.0,4193614.0,291.0,162500000000000.0,0.954,12628050000.0,0.12043289594792334,674237387.3873874,706957954.5454545,,,1405-07-18,1405,0.014198782961460488,False,سغدیر
2026-10-10,8940.0,9010.0,8660.0,8860.0,9010.0,199173119390.0,22471556.0,970.0,50059000000000.0,0.887,-47361759060.0,-0.2377919229515161,579190176.0169492,652661846.0992908,,,1405-07-18,1405,0.012571428571428678,False,سغرب
2026-10-10,236200.0,236300.0,235000.0,236300.0,236300.0,41426586300.0,175319.0,168.0,55057900000000.0,1.735,10560955900.0,0.2549318407150531,755190185.4166667,435392762.7118644,,,1405-07-18,1405,0.029629629629629672,False,سفار
2026-10-10,15560.0,15560.0,15560.0,15560.0,15560.0,3842028520.0,246917.0,23.0,1882137600000.0,3.6,0.0,0.0,768405704.0,213446028.8888889,,,1405-07-18,1405,0.019659239842725995,False,سفارود
2026-10-10,5430.0,5680.0,5410.0,5490.0,5410.0,30810867190.0,5611249.0,149.0,3623400000000.0,0.66,0.0,0.0,581240698.3018868,880164486.0,,,1405-07-18,1405,-0.014362657091561926,False,سفاسی
2026-10-10,66280.0,66280.0,65280.0,66280.0,66280.0,94324765680.0,1423180.0,424.0,106048000000000.0,0.857,32347821440.0,0.34294091489971035,410688956.3636364,479369826.1157025,,,1405-07-18,1405,0.029992229992229946,False,سفانو
2026-10-10,37500.0,37500.0,35320.0,36000.0,36500.0,289886707240.0,8052254.0,1433.0,144000000000000.0,0.884,-12204216000.0,-0.042099950412338195,609116690.8077995,689185397.0149255,,,1405-07-18,1405,-0.011260642680582245,False,سقاین
2026-10-10,5390.0,5390.0,5210.0,5290.0,5270.0,25322230260.0,4788159.0,247.0,30086470394350.0,0.734,0.0,0.0,320624824.1772152,436713122.5862069,,,1405-07-18,1405,-0.0018867924528301883,False,سکارون
2026-10-10,16100.0,16100.0,15400.0,15500.0,15500.0,43962702760.0,2835566.0,459.0,44950000000000.0,0.717,-4650000000.0,-0.10577147691271746,269186801.36986303,375651905.982906,,,1405-07-18,1405,-0.017121116043119833,False,سکرد
2026-10-10,8510.0,8750.0,8440.0,8510.0,8480.0,16775711580.0,1970353.0,307.0,24176067510000.0,0.677,-771559150.0,-0.04599263323767754,159961448.8,236164845.49295777,,,1405-07-18,1405,-0.016184971098265888,False,قتربت
2026-10-10,4660.0,4660.0,4660.0,4660.0,4660.0,150633749740.0,32324839.0,473.0,30116689940000.0,1.592,6524000000.0,0.04331034719152043,1210951832.477064,760422725.6969697,,,1405-07-18,1405,0.028697571743929284,False,قثابت
2026-10-10,26170.0,26170.0,25430.0,25710.0,25640.0,32160545830.0,1250974.0,355.0,437070000000000.0,0.945,2343183690.0,0.07285895277978247,188789594.9112426,199744985.47297296,,,1405-07-18,1405,0.011010617381046028,False,قرن
2026-10-10,12360.0,12850.0,12360.0,12560.0,12600.0,28997606700.0,2308223.0,223.0,50240000000000.0,0.314,-16454893680.0,-0.5674569577495511,156704840.0,499849670.34482765,,,1405-07-18,1405,-0.0031746031746031633,False,قزوین
2026-10-10,5400.0,5400.0,5270.0,5400.0,5400.0,38740701220.0,7176223.0,216.0,13284502200000.0,1.918,10800000000.0,0.278776575020394,530843893.1506849,276748556.43564355,,,1405-07-18,1405,0.02857142857142847,False,قشکر
2026-10-10,16760.0,16760.0,15940.0,16120.0,16000.0,66676656030.0,4136501.0,499.0,12555414318720.0,0.879,-1480799320.0,-0.022208662044085416,412622925.8227848,469543814.0845071,,,1405-07-18,1405,-0.011042944785276121,False,قشیر
2026-10-10,28750.0,28750.0,27870.0,28690.0,28750.0,42711573180.0,1488468.0,191.0,51642000000000.0,1.042,-17493727500.0,-0.4095781587410965,422830611.8181818,405598588.9887641,,,1405-07-18,1405,0.027578796561604557,False,قلرست
2026-10-10,9890.0,9890.0,9600.0,9700.0,9660.0,30956138210.0,3190673.0,462.0,48500000000000.0,0.762,1284978400.0,0.041509647982670636,211595942.6470588,277697674.7474748,,,1405-07-18,1405,-0.009193054136874323,False,قمرو
2026-10-10,1891.0,1969.0,1891.0,1946.0,1922.0,23160219328.0,11900070.0,176.0,15241632448000.0,1.69,-1576236648.0,-0.06805793268522194,558198321.5789474,330257577.79710144,,,1405-07-18,1405,0.005165289256198413,False,قنقش
2026-10-10,3510.0,3620.0,3510.0,3620.0,3620.0,97805511410.0,27023600.0,446.0,14480000000000.0,2.713,9996456240.0,0.10220749419830676,1254172205.128205,462257767.1578948,,,1405-07-18,1405,0.02840909090909083,False,قنیشا
2026-10-10,11410.0,11500.0,11320.0,11350.0,11380.0,24652397030.0,2172330.0,259.0,85125000000000.0,0.735,0.0,0.0,218194207.96460176,297059584.3373494,,,1405-07-18,1405,-0.02658662092624353,False,قهکمت
2026-10-10,24250.0,24250.0,22850.0,23230.0,23560.0,21478357020.0,924614.0,161.0,58751666670000.0,0.493,-2512324500.0,-0.11697005025387179,202347853.73493972,410791411.9148936,,,1405-07-18,1405,-0.013588110403397025,False,قپیرا
2026-10-10,46010.0,48690.0,46010.0,47770.0,48180.0,94688067930.0,1982061.0,510.0,71655000000000.0,1.363,15668177840.0,0.1654715127526206,842039713.0434784,617994757.5999999,,,1405-07-18,1405,0.009936575052854169,False,قیستو
2026-10-10,130800.0,130800.0,130800.0,129800.0,130800.0,1709032800.0,13066.0,8.0,12188220000000.0,2.0,0.0,0.0,565322266.6666666,282661133.3333333,,,1405-07-18,1405,0.022047244094488105,False,کابگن
2026-10-10,42640.0,42640.0,42640.0,42640.0,42640.0,8017556560.0,188029.0,30.0,7675200000000.0,10.709,1279200000.0,0.15954985667104543,4008778280.0,374353142.2222222,,,1405-07-18,1405,0.02995169082125604,False,کفرآور
2026-10-10,829.0,831.0,788.0,826.0,831.0,136726205331.0,165519868.0,422.0,20978259834000.0,1.396,10599028804.0,0.07752009776283082,1161600985.7522123,832150914.3862069,,,1405-07-18,1405,0.023543990086740907,False,کقزوی
2026-10-10,14420.0,14420.0,14060.0,14400.0,14420.0,292541575780.0,20309280.0,989.0,106046372736000.0,0.835,-46225123200.0,-0.15801214947567888,752663250.0,901535529.0566038,,,1405-07-18,1405,0.02857142857142847,False,کلر
2026-10-10,9020.0,9020.0,8540.0,8850.0,8590.0,276774438590.0,31278648.0,1167.0,47347500000000.0,0.815,36068652900.0,0.1303178613016006,624796315.9663866,766326360.2459017,,,1405-07-18,1405,0.010273972602739656,False,کلوند
2026-10-10,4920.0,4920.0,4690.0,4750.0,4780.0,82470556710.0,17359565.0,750.0,9025000000000.0,0.633,-3037511000.0,-0.03683145987095884,324164990.8163265,512161079.1925466,,,1405-07-18,1405,-0.0165631469979296,False,کمرجان
2026-10-10,11450.0,11450.0,11450.0,11450.0,11450.0,55056283050.0,4808409.0,178.0,51525000000000.0,2.945,15171250000.0,0.27555892188039743,1253750768.6046512,425714648.9010989,,,1405-07-18,1405,0.029676258992805682,False,کمنگنز
2026-10-10,20190.0,20190.0,20190.0,20190.0,20190.0,167474212710.0,8294909.0,201.0,25701870000000.0,1.915,83384700000.0,0.49789575750620046,6441315873.461539,3363580508.4,,,1405-07-18,1405,0.029576746557878675,False,کمینا
2026-10-10,35570.0,36210.0,35570.0,35580.0,36190.0,10926057870.0,307099.0,74.0,2668500000000.0,1.1,0.0,0.0,546329121.0,496662837.27272725,,,1405-07-18,1405,-0.019564618352163166,False,کهرام
2026-10-10,7220.0,7230.0,7220.0,7220.0,7220.0,7657064480.0,1060484.0,38.0,14440000000000.0,0.5,0.0,0.0,348031567.2727273,696063134.5454546,,,1405-07-18,1405,-0.029569892473118253,False,کورز
2026-10-10,53970.0,53970.0,51540.0,52550.0,52440.0,72583283910.0,1381330.0,405.0,44667500000000.0,1.106,-9256524850.0,-0.12752970589588744,559081360.9090909,505396246.7857143,,,1405-07-18,1405,0.002097635392829922,False,کگاز
2026-10-10,15140.0,15140.0,14260.0,14680.0,14260.0,777998538580.0,52996681.0,2807.0,25543200000000.0,0.366,-51366421000.0,-0.0660238013991052,667536727.3544433,1821407951.1111112,,,1405-07-18,1405,-0.0013605442176870541,False,کی بی سی
2026-10-10,5100.0,5100.0,4970.0,5020.0,5040.0,184392348130.0,36727122.0,1452.0,376500000000000.0,6.843,83628245260.0,0.45353424970238215,841489747.8703703,122974361.25313284,,,1405-07-18,1405,0.012096774193548487,False,وسپهر
2026-10-10,27860.0,27860.0,26260.0,26710.0,26260.0,28456236420.0,1065536.0,83.0,13355000000000.0,0.829,0.0,0.0,694157720.9756098,837072545.882353,,,1405-07-18,1405,-0.013298854820834927,False,شلیا
2026-10-10,12400.0,12780.0,12040.0,12510.0,12780.0,251734746640.0,20118587.0,1629.0,50040000000000.0,2.352,26890007310.0,0.10681881491892246,686372100.5817174,291796989.4319683,,,1405-07-18,1405,0.008058017727639033,False,شمس
2026-10-10,13530.0,13530.0,13150.0,13530.0,13530.0,395023032750.0,29203121.0,851.0,36774404700000.0,0.555,-42562660470.0,-0.10774728798393085,1330493042.038835,2398819902.5,,,1405-07-18,1405,0.029680365296803624,False,شملی
2026-10-10,19550.0,19550.0,19150.0,19540.0,19550.0,214538866060.0,10980055.0,632.0,660452000000000.0,1.37,-10335057720.0,-0.048173358561099125,694639493.7804878,507167080.4081633,,,1405-07-18,1405,0.028962611901000468,False,شنفت
2026-10-10,2778.0,2778.0,2720.0,2778.0,2778.0,24105075369.0,8677948.0,534.0,138900000000000.0,8.472,6858984786.0,0.2845452536863213,289151100.9166666,34131771.344743274,,,1405-07-18,1405,0.029651593773165397,False,شهر
2026-10-10,51750.0,51750.0,51000.0,51710.0,51750.0,90499528470.0,1750148.0,321.0,51710000000000.0,0.753,-39119907750.0,-0.4322664262606406,441319675.3947368,585969379.6774193,,,1405-07-18,1405,0.02905472636815931,False,شوینده
2026-10-10,28520.0,28520.0,27740.0,27840.0,28520.0,11291582970.0,405517.0,61.0,82824000000000.0,0.389,-875595840.0,-0.07754411780228897,122791800.0,315584960.0,,,1405-07-18,1405,0.005417118093174356,False,شگامرن
2026-10-10,2655.0,2655.0,2655.0,2655.0,2655.0,52912883565.0,19929523.0,190.0,108813765749895.0,26.809,37798329645.0,0.7143502129980732,2069690589.7826085,77201211.96850394,,,1405-07-18,1405,0.02986811481768803,False,شگستر
2026-10-10,3560.0,3560.0,3390.0,3410.0,3400.0,195234015020.0,57285576.0,1227.0,57970000000000.0,0.764,49064290550.0,0.25131015486709013,415926285.4609929,544517288.4120171,,,1405-07-18,1405,-0.022922636103151817,False,شگل
2026-10-10,15150.0,15150.0,14400.0,14900.0,14830.0,512708525750.0,34410605.0,1824.0,506600000000000.0,0.619,-198518585500.0,-0.38719579552456856,327911450.59101653,529395807.06436425,,,1405-07-18,1405,0.011541072640868899,False,شگویا
2026-10-10,72350.0,72350.0,68300.0,70460.0,69940.0,587174375760.0,8333160.0,2133.0,1078038000000000.0,0.353,-177206054480.0,-0.30179459764509664,703508318.789809,1990538332.9,,,1405-07-18,1405,0.0009944594402613305,False,شیراز
2026-10-10,11920.0,11920.0,11740.0,11920.0,11920.0,789429677580.0,66247259.0,1808.0,648849108000000.0,2.385,127720916640.0,0.1617888461345018,1878780077.1040723,787642412.0547944,,,1405-07-18,1405,0.029360967184801412,False,شیران
2026-10-10,37740.0,37800.0,35630.0,36340.0,36250.0,425056796150.0,11696438.0,1507.0,31379844380000.0,0.83,-116540417640.0,-0.27417610704164247,945544813.7304076,1139425649.1008174,,,1405-07-18,1405,-0.010618023414102895,False,غاذر
2026-10-10,32700.0,32750.0,31800.0,32590.0,32750.0,228582626940.0,7013691.0,1466.0,15056580000000.0,1.283,-34969558850.0,-0.152984324828759,520618732.0,405701407.6470589,,,1405-07-18,1405,0.024842767295597534,False,غالبر
2026-10-10,119400.0,119400.0,117500.0,119400.0,119400.0,614337367500.0,5147239.0,1935.0,716400000000000.0,1.274,293582988600.0,0.47788561160574367,716025293.0875576,562050414.3322475,,,1405-07-18,1405,0.02931034482758621,False,شرانل
2026-10-10,20230.0,20230.0,19810.0,20220.0,20230.0,33892941880.0,1676488.0,145.0,20220000000000.0,1.403,-7669304460.0,-0.22628028240079112,469909430.0,334870574.7692307,,,1405-07-18,1405,0.02900763358778624,False,شرنگی
2026-10-10,5270.0,5270.0,5270.0,5270.0,5270.0,43536107670.0,8261121.0,71.0,205705430479320.0,3.749,36793875200.0,0.8451346978212763,1404390570.0,374568470.5555555,,,1405-07-18,1405,0.029296875,False,شساخت
2026-10-10,2047.0,2055.0,1992.0,2040.0,2055.0,26953184013.0,13214777.0,227.0,10200000000000.0,1.715,5737153200.0,0.2128562323929102,449302418.0,261987554.0740741,,,1405-07-18,1405,0.022044088176352616,False,شستان
2026-10-10,4220.0,4240.0,4070.0,4150.0,4090.0,69374036280.0,16714272.0,669.0,19920000000000.0,0.758,-1723847750.0,-0.024848601039189816,273847696.55870444,361272025.0,,,1405-07-18,1405,0.0024154589371980784,False,شسینا
2026-10-10,17810.0,17810.0,17230.0,17750.0,17810.0,459718411890.0,25904096.0,1375.0,35500000000000.0,2.047,53145168500.0,0.11560374160675646,1931981240.9502263,943996681.1868688,,,1405-07-18,1405,0.026011560693641522,False,شصدف
2026-10-10,91180.0,91180.0,86400.0,89710.0,90890.0,435298855500.0,4852114.0,1886.0,116623000000000.0,0.549,-83470759210.0,-0.19175506242515264,455060466.4015645,828548155.0574713,,,1405-07-18,1405,0.013328815090929647,False,شغدیر
2026-10-10,81640.0,81640.0,76900.0,81060.0,81640.0,1614860614420.0,19922191.0,2494.0,219834720000000.0,0.691,-58396596720.0,-0.03616200444703642,2176018379.1202345,3147839043.428571,,,1405-07-18,1405,0.022581052100416388,False,شفا
2026-10-10,2135.0,2135.0,2055.0,2133.0,2135.0,676208046608.0,317047496.0,1143.0,30764613078000.0,1.023,-197093510793.0,-0.29146874513200777,2004165839.688312,1958622610.5667653,,,1405-07-18,1405,0.02894356005788712,False,شفارا
2026-10-10,3320.0,3320.0,3320.0,3320.0,3320.0,61200139640.0,18433777.0,357.0,16600000000000.0,7.342,24568000000.0,0.4014369925382085,1041964898.8679246,141926572.4074074,,,1405-07-18,1405,0.028500619578686548,False,شفام
2026-10-10,8370.0,8370.0,8370.0,8370.0,8370.0,415930334670.0,49692991.0,538.0,259051500000000.0,13.345,284405242770.0,0.6837809581636975,6014477826.885245,450698932.62295085,,,1405-07-18,1405,0.029520295202952074,False,شفن
2026-10-10,13180.0,13180.0,12840.0,13160.0,13180.0,650553792660.0,49446005.0,2749.0,228984000000000.0,0.612,93375213960.0,0.14353188777549844,568537154.4000001,929130623.9114392,,,1405-07-18,1405,0.028124999999999956,False,شکام
2026-10-10,154100.0,154100.0,153500.0,154100.0,154100.0,77094127400.0,500341.0,195.0,554760000000000.0,3.98,52394000000.0,0.6796107792770737,1721408095.3488371,432530962.0,,,1405-07-18,1405,0.029392117568470377,False,شکبیر
2026-10-10,37030.0,37030.0,35960.0,37020.0,37030.0,672104889680.0,18153647.0,1625.0,148080000000000.0,0.22,-388910574360.0,-0.5786456553606784,463550326.125,2104902847.9090908,,,1405-07-18,1405,0.02947719688542816,False,شکلر
2026-10-10,51710.0,51710.0,50220.0,51620.0,51290.0,312335986910.0,6050242.0,998.0,178533293340000.0,0.857,-28325029640.0,-0.09068769154725002,1196722827.317073,1396189843.0612245,,,1405-07-18,1405,0.028082055367456782,False,وسنا
2026-10-10,3340.0,3390.0,3230.0,3310.0,3320.0,87907938050.0,26550556.0,468.0,112540000000000.0,1.484,-21701597940.0,-0.24686732986111715,732446544.0449438,493689433.8636363,,,1405-07-18,1405,0.0,False,وسکاب
2026-10-10,4210.0,4210.0,4210.0,4210.0,4210.0,28731911220.0,6824682.0,208.0,13977200000000.0,0.155,-9798227700.0,-0.3410224828057923,178619655.8490566,1149276448.8000002,,,1405-07-18,1405,-0.02995391705069128,False,وآوا
2026-10-10,12820.0,12820.0,12470.0,12770.0,12810.0,320261103400.0,25077770.0,847.0,80451000000000.0,0.694,-77073143450.0,-0.2406572094824051,1163492724.6411483,1676665564.921466,,,1405-07-18,1405,0.025702811244979973,False,وامیر
2026-10-10,6450.0,6610.0,6430.0,6560.0,6610.0,166228386190.0,25323837.0,375.0,196800000000000.0,0.16,-87877556640.0,-0.5286555362425011,161225651.8918919,1009063502.7956988,,,1405-07-18,1405,-0.009063444108761365,False,وامین
2026-10-10,3630.0,3630.0,3510.0,3570.0,3590.0,15680999790.0,4388105.0,90.0,7854000000000.0,2.199,-357000000.0,-0.022766405508637535,765426742.5,348122996.6666666,,,1405-07-18,1405,0.008474576271186418,False,وایرا
2026-10-10,4850.0,5070.0,4850.0,5050.0,5050.0,51187267170.0,10146052.0,384.0,10756500000000.0,1.029,0.0,0.0,371286685.5072464,360827905.6338028,,,1405-07-18,1405,0.024340770791074995,False,وایران
2026-10-10,63870.0,63870.0,61500.0,63730.0,63870.0,205980252560.0,3232004.0,612.0,22417027500000.0,1.667,0.0,0.0,1596710193.178295,958026115.9069768,,,1405-07-18,1405,0.027737461699725907,False,وبرق
2026-10-10,8150.0,8150.0,7710.0,7760.0,7710.0,547451415820.0,70533625.0,1665.0,465600000000000.0,0.489,-48922136240.0,-0.08936342993418327,612757564.7892075,1253153106.8693008,,,1405-07-18,1405,-0.02267002518891692,False,وبشهر
2026-10-10,3017.0,3017.0,3017.0,3017.0,3017.0,57161674976.0,18946528.0,228.0,48272000000000.0,1.667,-603400000.0,-0.010556023773854502,763099626.5074627,457797123.681416,,,1405-07-18,1405,0.029692832764505184,False,وبیمه
2026-10-10,2508.0,2508.0,2362.0,2500.0,2508.0,234896721557.0,93972189.0,861.0,32500000000000.0,1.702,-156904692500.0,-0.6679731052011534,581025271.0843374,341314126.4559068,,,1405-07-18,1405,0.026694045174537884,False,وپایا
2026-10-10,78750.0,78750.0,74350.0,75390.0,75770.0,613379025550.0,8136327.0,1429.0,137209800000000.0,0.411,-347946034590.0,-0.5672610573503168,600087894.4970415,1460943615.198939,,,1405-07-18,1405,-0.01631002087682676,False,وپترو
2026-10-10,63310.0,63310.0,59630.0,59850.0,60400.0,1015557361160.0,16968127.0,3001.0,502740000000000.0,0.408,-23238797400.0,-0.02288280139435546,590290555.7432433,1445967683.712984,,,1405-07-18,1405,-0.026354319180087793,False,وپخش
2026-10-10,2475.0,2475.0,2338.0,2353.0,2338.0,31855057611.0,13537872.0,106.0,5882500000000.0,0.149,0.0,0.0,475441982.32835823,3185461281.6,,,1405-07-18,1405,-0.023651452282157703,False,وپسا
2026-10-10,3090.0,3120.0,2950.0,3000.0,2950.0,35612033930.0,11868054.0,219.0,10199998512000.0,0.562,0.0,0.0,400046764.0449439,712083240.0,,,1405-07-18,1405,-0.011532125205930832,False,سلار
2026-10-10,101940.0,101940.0,101940.0,101940.0,101940.0,56649179340.0,555711.0,111.0,251384040000000.0,10.053,22329957000.0,0.3941797085175568,2584886208.75,257138139.7297297,,,1405-07-18,1405,0.02990503131945843,False,سمازن
2026-10-10,6080.0,6080.0,5920.0,5920.0,5920.0,31239395310.0,5273082.0,139.0,23680000000000.0,0.228,-9071648160.0,-0.2903912854259406,375338936.9491525,1642981338.9473684,,,1405-07-18,1405,-0.02950819672131144,False,سمایه
2026-10-10,69020.0,69020.0,68500.0,68950.0,69020.0,45080048690.0,653815.0,220.0,137900000000000.0,0.918,-4946955650.0,-0.10973714079189474,539574609.2592592,587654906.0344827,,,1405-07-18,1405,0.02895090285032076,False,سمتاز
2026-10-10,3730.0,3730.0,3590.0,3610.0,3610.0,16276933450.0,4504231.0,134.0,7220000000000.0,1.125,0.0,0.0,508133559.6875,451674275.2777778,,,1405-07-18,1405,-0.024324324324324298,False,سنوین
2026-10-10,7060.0,7130.0,6910.0,7050.0,7100.0,95743121610.0,13576300.0,698.0,23934750000000.0,0.767,-39199318350.0,-0.40942177036669525,250468984.02061853,326357997.2118959,,,1405-07-18,1405,0.017316017316017396,False,سنیر
2026-10-10,20360.0,20880.0,20060.0,20450.0,20460.0,39879222540.0,1949881.0,416.0,149203200000000.0,1.001,6166861100.0,0.15463844847563069,291918043.0232558,291579318.9814815,,,1405-07-18,1405,0.004914004914004844,False,سهرمز
2026-10-10,162700.0,162700.0,158200.0,162700.0,162700.0,133227614300.0,819105.0,334.0,118573970300000.0,1.795,-28045249800.0,-0.2105062824051485,839536171.7948717,467593542.3076924,,,1405-07-18,1405,0.02974683544303791,False,سهگمت
2026-10-10,75990.0,75990.0,75100.0,75930.0,75930.0,142119078120.0,1871594.0,503.0,113895000000000.0,0.64,-9491174070.0,-0.06678325102831029,396894977.7372263,620056174.9514563,,,1405-07-18,1405,0.029140688533477954,False,سکرما
2026-10-10,33480.0,33480.0,33480.0,33480.0,33480.0,71022731040.0,2121348.0,661.0,736560000000000.0,38.002,-6942647160.0,-0.09775246682769635,2335269567.2727275,61451247.457627125,,,1405-07-18,1405,0.02983697323900336,False,سیتا
2026-10-10,12780.0,12900.0,12610.0,12890.0,12900.0,213292055550.0,16547652.0,579.0,309360000000000.0,0.699,-13617692060.0,-0.06384528493049163,409492170.2803739,586054635.5102041,,,1405-07-18,1405,0.02873104549082206,False,سیدکو
2026-10-10,63420.0,65180.0,63420.0,65110.0,65180.0,169130792030.0,2597596.0,429.0,651100000000000.0,1.069,10507191360.0,0.0621246505966593,699293528.3333334,653986543.3333334,,,1405-07-18,1405,0.028756517617317012,False,سیستم
2026-10-10,23490.0,23490.0,23490.0,23490.0,23490.0,63490251870.0,2702863.0,157.0,28188000000000.0,2.152,14302050930.0,0.22526372960819693,875487293.6170213,406755331.3636364,,,1405-07-18,1405,0.02981148619026741,False,سیلام
2026-10-10,3650.0,3650.0,3650.0,3650.0,3650.0,40304124900.0,11042226.0,91.0,105850000000000.0,0.718,19345000000.0,0.4799756860618502,1188155300.0,1655343741.6666665,,,1405-07-18,1405,0.028169014084507005,False,شارپیلن
2026-10-10,108009.0,108009.0,107017.0,107827.0,108009.0,10707361323086.0,99301145.0,8635.0,269567500000000.0,0.65,-1071977108453.0,-0.10011589934316724,3186426921.7031407,4902933842.097993,,,1405-07-18,1405,0.038245630927735697,False,موج
2026-10-10,49834.0,49834.0,49055.0,49822.0,49834.0,11198938536605.0,224776778.0,13614.0,99644000000000.0,0.992,7672307253030.0,0.6850923619191402,1942724903.3249912,1959102302.9858985,,,1405-07-18,1405,0.03973454651696651,False,دوایکس
2026-10-10,72990.0,73677.0,71319.0,73028.0,73677.0,5632745628738.0,77131357.0,6547.0,182570000000000.0,0.841,39970780380.0,0.007096145115460386,2516394671.228849,2991689309.79402,,,1405-07-18,1405,0.0308282987973576,False,نارنج اهرم
2026-10-10,77500.0,78557.0,76155.0,77817.0,78557.0,20667436501289.0,265591641.0,21776.0,427993500000000.0,0.986,3095814254688.0,0.14979188417948777,3350178361.838424,3397885422.688679,,,1405-07-18,1405,0.030197521711501807,False,اهرم
