date,o,h,l,c,last,value,vol,ntr,mcap,bp,net,nrp,pcb,pcs,float,pe,jdate,jy,rawpct,gap,sym
2026-10-03,8250.0,8250.0,8250.0,8250.0,8250.0,286203398250.0,34691321.0,464.0,165000000000000.0,6.568,55264712250.0,0.1930959331297877,2881138875.0,438683424.84662575,,,1405-07-11,1405,0.029962546816479474,False,فجر
2026-10-03,3490.0,3490.0,3370.0,3490.0,3490.0,406810055850.0,116713301.0,1654.0,593300000000000.0,3.787,97936798800.0,0.24074330855801535,1183921798.4435797,312622883.93939394,,,1405-07-11,1405,0.029498525073746285,False,فجهان
2026-10-03,3830.0,3830.0,3710.0,3810.0,3830.0,515317257670.0,135399719.0,1571.0,474345000000000.0,0.977,-26229826890.0,-0.05090034633925867,1136406491.1349692,1163338249.2668622,,,1405-07-11,1405,0.024193548387096753,False,فخاس
2026-10-03,3350.0,3350.0,3200.0,3200.0,3200.0,5401560400350.0,1686109033.0,13864.0,784000000000000.0,0.153,-3441242214400.0,-0.6370829833129369,591726287.2005476,3868602264.150944,,,1405-07-11,1405,-0.029126213592232997,False,فخوز
2026-10-03,8440.0,8440.0,8010.0,8300.0,8110.0,900600719970.0,108493278.0,1844.0,41500000000000.0,0.633,4370622300.0,0.004853007779236053,1557696375.583483,2459448031.0541315,,,1405-07-11,1405,0.012195121951219523,False,فرآور
2026-10-03,7400.0,7620.0,7180.0,7340.0,7250.0,813242373550.0,110752027.0,3115.0,115972000000000.0,0.882,-42256255220.0,-0.05196022316882138,816962977.2026432,926783260.6619384,,,1405-07-11,1405,-0.008108108108108136,False,فرابورس
2026-10-03,2900.0,2900.0,2750.0,2885.0,2900.0,214342466523.0,74286943.0,1248.0,25965000000000.0,1.445,2856905870.0,0.013328697370819141,624370715.90379,432110940.0511248,,,1405-07-11,1405,0.02450284090909083,False,فروی
2026-10-03,10040.0,10040.0,9610.0,9980.0,10030.0,1265863215990.0,126829442.0,2408.0,42914000000000.0,0.416,-253949353460.0,-0.20061358150879877,967562448.2849604,2323203974.729412,,,1405-07-11,1405,0.02358974358974364,False,فزرین
2026-10-03,14490.0,14630.0,13840.0,13950.0,13860.0,546586887090.0,39193822.0,2427.0,97650000000000.0,0.615,-70666780050.0,-0.12928736806370575,585198042.4967659,950954303.4545456,,,1405-07-11,1405,-0.021739130434782594,False,فسازان
2026-10-03,2690.0,2770.0,2619.0,2630.0,2619.0,141847930652.0,53942342.0,1167.0,29145975600000.0,0.467,-813766710.0,-0.005736895182464378,253222289.11870503,542549269.9616858,,,1405-07-11,1405,-0.025925925925925908,False,فسرب
2026-10-03,9560.0,9560.0,9560.0,9560.0,9560.0,231055544400.0,24168990.0,288.0,119500000000000.0,4.583,164589615720.0,0.7123378759311001,2376083826.666667,518504512.42105263,,,1405-07-11,1405,0.02906350914962319,False,فسپا
2026-10-03,4490.0,4490.0,4270.0,4280.0,4270.0,514629746170.0,120353302.0,2405.0,214000000000000.0,0.419,-262709764080.0,-0.5104830531758999,187053997.36185384,446715743.1348725,,,1405-07-11,1405,-0.027272727272727226,False,فصبا
2026-10-03,28210.0,28210.0,27390.0,28120.0,28210.0,28168751272480.0,1001661404.0,70952.0,4.04928e+16,0.521,-228675130040.0,-0.008118042856355104,820647566.7102396,1574122409.712006,,,1405-07-11,1405,0.02665206279664112,False,فملی
2026-10-03,4230.0,4240.0,4190.0,4200.0,4190.0,41326866680.0,9849982.0,131.0,36960000000000.0,0.529,-15358896000.0,-0.37164433778457456,591159736.3636364,1118106064.8648648,,,1405-07-11,1405,-0.025522041763341052,False,فن آوا
2026-10-03,3720.0,3720.0,3630.0,3710.0,3710.0,22552721644210.0,6073081753.0,56483.0,7178850000000000.0,0.903,-830314468690.0,-0.036816597206713104,1794647038.171695,1987602969.0826683,,,1405-07-11,1405,0.024861878453038777,False,فولاد
2026-10-03,6900.0,6900.0,6670.0,6690.0,6670.0,245572133120.0,36708807.0,945.0,388020000000000.0,0.563,-31618104060.0,-0.12875281758679705,588785663.3636364,1045913763.75,,,1405-07-11,1405,-0.026200873362445365,False,فولاژ
2026-10-03,2538.0,2538.0,2538.0,2538.0,2538.0,85481728272.0,33680744.0,231.0,120850278145686.0,7.909,46738947618.0,0.546771205529189,1893022640.780488,239340935.3023256,,,1405-07-11,1405,0.029614604462474547,False,قاسم
2026-10-03,5810.0,5810.0,5490.0,5730.0,5810.0,411180330330.0,71709680.0,1900.0,54148500000000.0,1.38,8232124830.0,0.020020716514803038,864342412.0042645,626410830.2839117,,,1405-07-11,1405,0.014159292035398341,False,قچار
2026-10-03,3630.0,3630.0,3430.0,3460.0,3430.0,173603255640.0,50141214.0,643.0,35772485183000.0,1.223,-6662662500.0,-0.038378672539507684,1226661308.3823528,1002824280.0,,,1405-07-11,1405,-0.019830028328611915,False,قشرین
2026-10-03,3890.0,3930.0,3720.0,3840.0,3800.0,48364225000.0,12601898.0,506.0,50511160320000.0,0.798,4534824960.0,0.09376403653733725,284654637.1764706,356556612.6829268,,,1405-07-11,1405,0.005235602094240788,False,قشهد
2026-10-03,2351.0,2413.0,2314.0,2326.0,2325.0,205931631666.0,88524577.0,1115.0,70224211932130.0,0.637,-9526812192.0,-0.046262014800385366,507710388.9712794,796796449.875,,,1405-07-11,1405,-0.024737945492662505,False,قصفها
2026-10-03,5620.0,5620.0,5320.0,5600.0,5620.0,456898543230.0,81580231.0,1335.0,22400000000000.0,0.92,29360800000.0,0.06426109348573683,1201498141.0526316,1306447992.6605506,,,1405-07-11,1405,0.02564102564102555,False,کاذر
2026-10-03,12620.0,12620.0,12380.0,12600.0,12620.0,2769389814460.0,219774148.0,6378.0,781200000000000.0,1.091,83092438800.0,0.030003879687194594,1362733945.5040872,1248702762.2907488,,,1405-07-11,1405,0.027732463295269127,False,کالا
2026-10-03,5920.0,5920.0,5610.0,5820.0,5700.0,2619639107110.0,449912752.0,9924.0,247757400000000.0,0.722,73900549980.0,0.028210202611277813,994872544.0807914,1378703737.1596937,,,1405-07-11,1405,0.012173913043478368,False,کاما
2026-10-03,3920.0,3920.0,3700.0,3850.0,3920.0,511077477110.0,132736013.0,2089.0,16388121750000.0,1.347,94750340300.0,0.18539330051440858,1112819271.3808465,826337780.7142856,,,1405-07-11,1405,0.01049868766404205,False,کایزد
2026-10-03,8580.0,8800.0,8370.0,8410.0,8370.0,356611641670.0,42415122.0,1247.0,29435000000000.0,0.527,-24985908160.0,-0.07006475740105358,745450040.1348315,1415520539.7619047,,,1405-07-11,1405,-0.02436194895591648,False,کتوکا
2026-10-03,2728.0,2770.0,2616.0,2668.0,2633.0,223560274537.0,83784428.0,1579.0,58711260783912.0,0.805,-27889158944.0,-0.12475006573399179,429934394.44295305,534150080.7281553,,,1405-07-11,1405,-0.010385756676557834,False,کحافظ
2026-10-03,2013.0,2013.0,1965.0,2012.0,2013.0,1443136207099.0,717347362.0,2607.0,98789200000000.0,0.953,296074256436.0,0.20516029947801673,1598047618.07109,1676238747.1592357,,,1405-07-11,1405,0.029156010230179108,False,کرازی
2026-10-03,1440.0,1450.0,1381.0,1436.0,1450.0,1564565091603.0,1089403668.0,5961.0,61202575608000.0,1.222,145103947212.0,0.09274395037366674,1177338654.652439,963223928.2119752,,,1405-07-11,1405,0.019886363636363535,False,کرمان
2026-10-03,5700.0,5700.0,5430.0,5510.0,5430.0,137559139800.0,24962716.0,1180.0,16254500000000.0,0.805,0.0,0.0,348214089.01265824,432530079.1194968,,,1405-07-11,1405,-0.014311270125223596,False,کرومیت
2026-10-03,6080.0,6080.0,5740.0,5960.0,5890.0,382667440820.0,64212777.0,1931.0,89400000000000.0,1.337,-32744424760.0,-0.08556888114085044,639799928.0167015,478432426.3469676,,,1405-07-11,1405,0.008460236886632888,False,کزغال
2026-10-03,2792.0,2792.0,2715.0,2786.0,2792.0,392235264754.0,140782284.0,1155.0,49503286168000.0,0.848,27720697214.0,0.07067364845786041,1024071653.3263708,1206949490.0993378,,,1405-07-11,1405,0.027665068240501745,False,کسرا
2026-10-03,6380.0,6380.0,6210.0,6370.0,6380.0,511117123770.0,80220286.0,1333.0,105105000000000.0,1.178,-99876758800.0,-0.1954087510575052,1390224365.8333335,1180428382.9498525,,,1405-07-11,1405,0.02741935483870961,False,کهمدا
2026-10-03,1890.0,1904.0,1836.0,1844.0,1836.0,194756167155.0,105613265.0,868.0,73760000000000.0,0.373,-101449151796.0,-0.5209034110599433,310223355.6956522,831425768.7466667,,,1405-07-11,1405,-0.025369978858350906,False,کوثر
2026-10-03,3130.0,3170.0,3000.0,3020.0,3010.0,1855781734220.0,615322141.0,9403.0,1725930000000000.0,0.338,-428978808260.0,-0.23115800762006275,333135796.06442577,985306667.9657388,,,1405-07-11,1405,-0.023285899094437235,False,کچاد
2026-10-03,3220.0,3220.0,3100.0,3110.0,3100.0,2785741436350.0,896533821.0,10026.0,2037050000000000.0,0.232,-1586212504250.0,-0.5694040672806752,477096786.6502021,2058047434.4366744,,,1405-07-11,1405,-0.026604068857590035,False,کگل
2026-10-03,7720.0,7720.0,7280.0,7440.0,7400.0,640660025060.0,86091263.0,2467.0,1562400000000000.0,0.568,38189289360.0,0.05960929021039426,542165304.6753247,954167942.5979382,,,1405-07-11,1405,-0.008000000000000007,False,کگهر
2026-10-03,20160.0,20160.0,19610.0,19620.0,19610.0,945950396160.0,48215787.0,3333.0,188353154538900.0,0.287,-550134990000.0,-0.5815685391466859,311934955.06234413,1086141714.71831,,,1405-07-11,1405,-0.029193468579910897,False,سرود
2026-10-03,30250.0,30250.0,28660.0,28920.0,28880.0,394135468110.0,13628833.0,1880.0,578400000000000.0,0.509,-92712661440.0,-0.2352304447112703,289276842.40837693,568333639.5652175,,,1405-07-11,1405,-0.02098849018280302,False,سفارس
2026-10-03,1420.0,1429.0,1350.0,1384.0,1390.0,98814338691.0,71423100.0,511.0,25962456000000.0,1.454,-4836617744.0,-0.04894651735842177,708526192.625,487387604.0816327,,,1405-07-11,1405,-0.005032350826743359,False,سلیم
2026-10-03,4370.0,4370.0,4130.0,4320.0,4320.0,2719085536810.0,630091561.0,6493.0,108000000000000.0,0.905,-198831088800.0,-0.07312424935085579,1635751296.3921034,1808026228.7699792,,,1405-07-11,1405,0.016470588235294015,False,سمگا
2026-10-03,6950.0,6950.0,6680.0,6700.0,6680.0,1384561587320.0,206582753.0,3881.0,837500000000000.0,0.55,-789092439700.0,-0.5699222388708556,544290936.5276213,989019051.6329706,,,1405-07-11,1405,-0.026162790697674465,False,سیسکو
2026-10-03,5200.0,5320.0,5100.0,5110.0,5120.0,430688385320.0,84261780.0,1942.0,149184871010000.0,0.522,-26963374900.0,-0.06260529844557175,633376077.1961102,1214408181.7732558,,,1405-07-11,1405,-0.026666666666666616,False,سیمرغ
2026-10-03,31190.0,31190.0,29400.0,30860.0,31180.0,1313940692590.0,42574821.0,5129.0,524620000000000.0,0.772,-27530915780.0,-0.02095293641125605,943211170.784641,1220989344.2827003,,,1405-07-11,1405,0.01881809177946514,False,شاراک
2026-10-03,15350.0,15350.0,14800.0,14830.0,14800.0,4696767674320.0,316716526.0,12029.0,6076486644943000.0,0.116,-1798363168110.0,-0.3828937884117012,371278002.565046,3191924421.3419485,,,1405-07-11,1405,-0.027540983606557323,False,شبندر
2026-10-03,14650.0,14650.0,14650.0,14650.0,14650.0,331890124400.0,22654616.0,829.0,929542500000000.0,2.772,60348331000.0,0.1818322588208955,1948900829.3333333,702990283.030303,,,1405-07-11,1405,0.029515108924806688,False,شبهرن
2026-10-03,6880.0,6880.0,6500.0,6530.0,6500.0,5345946149200.0,819174263.0,9833.0,4260825000000000.0,0.203,-1749562676590.0,-0.3272690423287962,601163131.3374914,2955487254.987277,,,1405-07-11,1405,-0.025373134328358193,False,شتران
2026-10-03,7760.0,7760.0,7670.0,7760.0,7760.0,983560398990.0,126757830.0,1394.0,43405560000000.0,0.834,-214722567840.0,-0.21831152216019944,2083174347.029973,2498080492.8571424,,,1405-07-11,1405,0.02917771883289122,False,شدوص
2026-10-03,3800.0,3830.0,3620.0,3660.0,3620.0,5648766091190.0,1542206483.0,22314.0,5987809248960000.0,0.467,-1378217560500.0,-0.24398559583649837,578919177.5888551,1239491826.085323,,,1405-07-11,1405,-0.018766756032171594,False,شستا
2026-10-03,23850.0,23850.0,23850.0,23850.0,23850.0,252567755550.0,10589843.0,425.0,1335600000000000.0,4.534,125233249500.0,0.4958402121731172,2251493170.183486,496609529.1322314,,,1405-07-11,1405,0.029792746113989743,False,شسپا
2026-10-03,2378.0,2378.0,2240.0,2291.0,2270.0,189119853834.0,82541961.0,1145.0,27353289114000.0,0.769,-104240500.0,-0.0005511875029868473,524015090.69722223,681406762.2779783,,,1405-07-11,1405,-0.0077955825032481885,False,شفارس
2026-10-03,3880.0,3880.0,3730.0,3740.0,3730.0,236695316190.0,63333566.0,954.0,154644268900000.0,0.346,-56701044180.0,-0.23955287790521784,490916873.73297,1418368484.0718565,,,1405-07-11,1405,-0.02604166666666663,False,شلرد
2026-10-03,3012.0,3012.0,2862.0,2965.0,2929.0,808116441359.0,272557669.0,2859.0,95473000000000.0,0.583,-5335502675.0,-0.006602393419972185,661757222.9532163,1134823239.5107796,,,1405-07-11,1405,0.013675213675213627,False,شپاکسا
2026-10-03,2950.0,2950.0,2871.0,2873.0,2871.0,99250120219.0,34542043.0,293.0,28730000000000.0,0.42,-21527690665.0,-0.21690342155251954,571408815.25,1359442322.4520547,,,1405-07-11,1405,-0.029063872930043977,False,شپترو
2026-10-03,12800.0,12800.0,12280.0,12310.0,12280.0,4131829333920.0,335699384.0,14581.0,2875280823320000.0,0.265,-1202802369320.0,-0.29110649838454544,419803539.2259991,1585055951.417364,,,1405-07-11,1405,-0.02687747035573118,False,شپدیس
2026-10-03,14000.0,14000.0,13300.0,13350.0,13300.0,7341383694630.0,550063602.0,21583.0,8373576743550000.0,0.156,-2618549687400.0,-0.35668339870525906,435241015.5253674,2796686922.4866443,,,1405-07-11,1405,-0.026258205689277947,False,شپنا
2026-10-03,11780.0,11820.0,11140.0,11390.0,11820.0,614353166520.0,53939023.0,1873.0,72726607920000.0,0.364,-405486938620.0,-0.6600225419474575,498071841.4779874,1368625689.830097,,,1405-07-11,1405,-0.007839721254355392,False,شکربن
2026-10-03,1423.0,1423.0,1350.0,1398.0,1381.0,146252097099.0,104580004.0,995.0,10984765428000.0,0.839,8775246000.0,0.060000821691192016,507648769.4166666,605407927.7180617,,,1405-07-11,1405,0.011577424023154759,False,شلعاب
2026-10-03,10790.0,10790.0,10170.0,10710.0,10790.0,4739162239690.0,442454131.0,17366.0,1231650000000000.0,0.563,1110931067610.0,0.2344150741044621,936916999.812038,1662685463.2500002,,,1405-07-11,1405,0.021946564885496178,False,صبا
2026-10-03,6330.0,6330.0,6040.0,6070.0,6050.0,439181762300.0,72317580.0,3356.0,121400000000000.0,0.831,22148586270.0,0.05043148001867745,336780150.1970055,405225424.33,,,1405-07-11,1405,-0.024115755627009627,False,عالیس
2026-10-03,4260.0,4260.0,4170.0,4260.0,4260.0,277496925410.0,65160186.0,798.0,20533200000000.0,1.212,-990535200.0,-0.003569535765257544,1469339384.9142857,1211854120.0,,,1405-07-11,1405,0.02898550724637672,False,غدشت
2026-10-03,5530.0,5530.0,5370.0,5510.0,5530.0,1140504658810.0,206813318.0,4939.0,236930000000000.0,0.967,-221766513060.0,-0.19444595105064338,649432316.5698143,671736356.8651832,,,1405-07-11,1405,0.026070763500931182,False,غزر
2026-10-03,2630.0,2649.0,2498.0,2516.0,2498.0,251679559560.0,100047536.0,1713.0,28128880000000.0,0.612,-32708000000.0,-0.12995890511403435,369328162.86003375,603644126.0815347,,,1405-07-11,1405,-0.02291262135922334,False,غشهداب
2026-10-03,6430.0,6430.0,6070.0,6400.0,6420.0,1147964668390.0,179351612.0,2694.0,375793401600000.0,0.652,-413122988800.0,-0.3598743063925457,849952968.6486486,1304240532.6658323,,,1405-07-11,1405,0.02400000000000002,False,غصینو
2026-10-03,2678.0,2678.0,2522.0,2568.0,2559.0,332293654075.0,129380534.0,1213.0,89880000000000.0,1.201,-7575600000.0,-0.022797907534791974,1030302258.1333334,858193310.8837209,,,1405-07-11,1405,-0.012307692307692353,False,غمارگ
2026-10-03,1190.0,1231.0,1162.0,1182.0,1165.0,51621068375.0,43680497.0,325.0,21710317533804.0,0.803,-2426391870.0,-0.047003906474262315,369954553.2631579,460985245.125,,,1405-07-11,1405,-0.01253132832080206,False,غناب
2026-10-03,2481.0,2481.0,2345.0,2475.0,2481.0,160219420004.0,64735418.0,705.0,32950196225100.0,1.291,12127500000.0,0.07569307141229963,721712430.4054053,558840224.7169812,,,1405-07-11,1405,0.027397260273972712,False,غپاک
2026-10-03,2194.0,2194.0,2068.0,2108.0,2073.0,621577433607.0,294812935.0,2957.0,232175130685452.0,0.433,-107631785976.0,-0.17315909516118555,361947917.184,835551073.2384342,,,1405-07-11,1405,-0.010793054903801003,False,غپینو
2026-10-03,5260.0,5260.0,4970.0,5160.0,5190.0,99031165240.0,19180283.0,570.0,23220000000000.0,0.96,-13041218880.0,-0.13168802819188155,483686400.0,503849631.8324608,,,1405-07-11,1405,0.009784735812133016,False,غچین
2026-10-03,29940.0,29940.0,29940.0,29940.0,29940.0,610332289200.0,20385180.0,1103.0,1317360000000000.0,1.47,-253292400000.0,-0.4150073730033289,994784704.347826,676902407.6256498,,,1405-07-11,1405,0.029927760577915352,False,غکورش
2026-10-03,1743.0,1743.0,1743.0,1743.0,1743.0,63898794834.0,36660238.0,286.0,31594445925000.0,5.037,6972000000.0,0.10911003905648403,1558507191.073171,309384754.5326087,,,1405-07-11,1405,0.02953337271116352,False,فاذر
2026-10-03,3010.0,3019.0,2871.0,2933.0,2900.0,580103082768.0,197753442.0,2784.0,78663194918000.0,0.888,-80138229948.0,-0.13814480965282094,677371159.5306122,763046001.9411764,,,1405-07-11,1405,-0.008786752281176091,False,فاراک
2026-10-03,13360.0,13360.0,12600.0,13140.0,12880.0,5168359044330.0,393364559.0,12252.0,1.6425e+16,0.375,-2295725035680.0,-0.4441883808746894,923176361.2769352,2459554427.4493065,,,1405-07-11,1405,0.012326656394453073,False,فارس
2026-10-03,1567.0,1567.0,1485.0,1494.0,1485.0,282926780012.0,189375385.0,1773.0,21663000000000.0,0.542,-14487403158.0,-0.051205485593783434,395928351.079646,731077067.6744186,,,1405-07-11,1405,-0.02352941176470591,False,فالوم
2026-10-03,16750.0,16750.0,15900.0,16340.0,16000.0,801751376580.0,49061794.0,4405.0,1013080000000000.0,0.715,162542460460.0,0.20273424556294636,458762647.59647936,641407185.6039851,,,1405-07-11,1405,0.004302397049784856,False,فایرا
2026-10-03,13200.0,13200.0,12610.0,12670.0,12610.0,1293493868730.0,102073378.0,7887.0,311470812816380.0,0.395,-132848801680.0,-0.10270539728992752,339323490.6434155,859876435.9645535,,,1405-07-11,1405,-0.02538461538461534,False,فباهنر
2026-10-03,2590.0,2590.0,2454.0,2471.0,2454.0,470989906318.0,190644617.0,1504.0,74103254029434.0,0.945,2594550000.0,0.005508716779692999,958146778.1266094,1013474540.1986302,,,1405-07-11,1405,-0.02293396599446418,False,وسدید
2026-10-03,1585.0,1585.0,1550.0,1551.0,1552.0,38877931014.0,25060844.0,130.0,21714000000000.0,1.128,-1305323151.0,-0.03357491298932423,279139513.55172414,247378132.7368421,,,1405-07-11,1405,-0.02880400751408896,False,وسرمد
2026-10-03,3500.0,3500.0,3360.0,3370.0,3360.0,308047084670.0,91328207.0,879.0,263312702210000.0,0.285,-198609433500.0,-0.6447372605806782,518761683.60544217,1820313913.84106,,,1405-07-11,1405,-0.026011560693641633,False,وسینا
2026-10-03,23000.0,23000.0,21900.0,22340.0,22410.0,1040232807260.0,46562478.0,3300.0,4825440000000000.0,0.442,-448577593800.0,-0.4312280776661572,324861287.0728793,735190297.020408,,,1405-07-11,1405,-0.003568242640499597,False,وغدیر
2026-10-03,3360.0,3360.0,3220.0,3350.0,3360.0,470563713190.0,140356958.0,1282.0,34505000000000.0,0.749,8380004900.0,0.017808438400808854,1526278124.7011952,2036498936.9565215,,,1405-07-11,1405,0.02415163558544786,False,ولبهمن
2026-10-03,1695.0,1695.0,1695.0,1695.0,1695.0,164297412765.0,96930627.0,425.0,33271155000000.0,8.202,32205000000.0,0.19601647681490805,4440470615.27027,541362347.397541,,,1405-07-11,1405,0.029769137302551707,False,ولساپا
2026-10-03,3790.0,3790.0,3570.0,3680.0,3670.0,5406893212680.0,1470082966.0,29555.0,2097600000000000.0,0.376,-86540098080.0,-0.016005512717922762,495804958.0094093,1319736135.949713,,,1405-07-11,1405,0.0,False,ومعادن
2026-10-03,5990.0,5990.0,5810.0,5970.0,5990.0,743404349950.0,124479624.0,2872.0,537300000000000.0,1.051,37012764210.0,0.04978819966884699,950586636.3402064,904054794.3096774,,,1405-07-11,1405,0.025773195876288568,False,ومهان
2026-10-03,3970.0,4040.0,3880.0,3890.0,3890.0,2650510540280.0,682186347.0,7616.0,1159276704530000.0,0.433,-1000072176070.0,-0.37731303493113155,554529862.0757695,1281159903.17532,,,1405-07-11,1405,-0.02506265664160401,False,ونوین
2026-10-03,4310.0,4310.0,4120.0,4130.0,4160.0,890249016080.0,215453596.0,3234.0,65047500000000.0,0.478,-257738386570.0,-0.2895126890506319,733561840.6549118,1535989923.308958,,,1405-07-11,1405,-0.02594339622641506,False,ونیرو
2026-10-03,6000.0,6070.0,5760.0,5800.0,5760.0,219713600150.0,37850237.0,1300.0,696000000000000.0,0.168,-7276749600.0,-0.03311924976438469,195162393.44262296,1163842027.9069767,,,1405-07-11,1405,-0.021922428330522714,False,ونیکی
2026-10-03,2847.0,2847.0,2683.0,2815.0,2847.0,2251911649511.0,799890733.0,3259.0,225696236645000.0,1.408,41110031985.0,0.018255614954488554,3397291776.526508,2413291593.326693,,,1405-07-11,1405,0.018083182640144635,False,وهور
2026-10-03,6030.0,6160.0,5990.0,6060.0,6160.0,225622769770.0,37211736.0,498.0,573570776580000.0,1.363,-41333054160.0,-0.18319540267205717,934409792.6315788,685466756.0869565,,,1405-07-11,1405,0.011686143572620988,False,وکار
2026-10-03,7430.0,7430.0,7220.0,7420.0,7430.0,2096444344460.0,282564067.0,4025.0,742000000000000.0,0.981,391053781720.0,0.18653191664896177,1721515192.925311,1754476990.6777318,,,1405-07-11,1405,0.027700831024930705,False,وکغدیر
2026-10-03,1765.0,1765.0,1734.0,1765.0,1765.0,4965463544781.0,2813499044.0,7889.0,281429250000000.0,1.473,1761888116145.0,0.3548285271365752,3280360092.748538,2226833734.260621,,,1405-07-11,1405,0.02975495915986004,False,وگردش
2026-10-03,2749.0,2791.0,2651.0,2670.0,2652.0,156541342858.0,58630172.0,1601.0,7743000000000.0,1.358,-12021901950.0,-0.07679697727459238,415289245.0862069,305747186.015625,,,1405-07-11,1405,-0.022693997071742356,False,آواک
2026-10-03,5190.0,5190.0,5050.0,5190.0,5190.0,330636796610.0,63735584.0,952.0,62280000000000.0,2.135,-141840883500.0,-0.42899303693444407,1289409189.2307694,603806212.6477023,,,1405-07-11,1405,0.029761904761904656,False,الکتروماد
2026-10-03,2496.0,2519.0,2391.0,2440.0,2391.0,568212702593.0,232913751.0,770.0,374151071320000.0,0.489,-121359077880.0,-0.21358036757394916,972686195.0364964,1989195989.0625,,,1405-07-11,1405,-0.009740259740259716,False,انتخاب
2026-10-03,3820.0,3830.0,3670.0,3770.0,3790.0,846492502910.0,224465877.0,3234.0,339300000000000.0,0.886,-131777782630.0,-0.1556750735263284,637716804.6428571,719849778.2729468,,,1405-07-11,1405,0.01072386058981234,False,بترانس
2026-10-03,9640.0,9700.0,9460.0,9630.0,9640.0,12595770670.0,1307927.0,49.0,60187500000000.0,0.375,-9630000.0,-0.000764542341417526,524404458.75,1399481890.0,,,1405-07-11,1405,0.017970401691332016,False,بتهران
2026-10-03,3170.0,3170.0,3050.0,3060.0,3050.0,218552904040.0,71475688.0,1196.0,111828716170920.0,0.749,0.0,0.0,602522328.5950413,804101490.0,,,1405-07-11,1405,-0.02547770700636942,False,بجهرم
2026-10-03,5240.0,5240.0,4980.0,5000.0,4980.0,719763515340.0,143858932.0,4805.0,86700000000000.0,0.481,-63496610000.0,-0.08821871162781242,302243315.0,628394393.2267169,,,1405-07-11,1405,-0.025341130604288553,False,برکت
2026-10-03,11640.0,11640.0,11000.0,11330.0,11160.0,512445059370.0,45227252.0,2423.0,441870000000000.0,0.69,45422729110.0,0.08863921756967022,644383049.4444444,933591658.7349398,,,1405-07-11,1405,0.0017683465959328348,False,بفجر
2026-10-03,2114.0,2114.0,1993.0,2014.0,2013.0,75767192065.0,37616043.0,642.0,48336000000000.0,0.665,-3243828960.0,-0.04281310777911827,287757466.8333334,432906917.7257143,,,1405-07-11,1405,-0.019474196689386547,False,بنو
2026-10-03,5410.0,5410.0,5190.0,5240.0,5220.0,1215476675040.0,232163649.0,4341.0,167680000000000.0,1.02,172089082720.0,0.14158155911493467,1075123877.81889,1054370067.6470588,,,1405-07-11,1405,-0.020560747663551426,False,بورس
2026-10-03,3430.0,3430.0,3240.0,3260.0,3240.0,170364007410.0,52325162.0,1156.0,57632978103140.0,0.528,-17035064800.0,-0.09999215831430412,409453235.52,775363764.1818181,,,1405-07-11,1405,-0.0239520958083832,False,بکام
2026-10-03,3250.0,3310.0,3200.0,3230.0,3290.0,7308665366220.0,2264644517.0,19689.0,1763738517715160.0,0.464,-3908145079510.0,-0.5347275984987763,1252521198.371532,2698104225.839416,,,1405-07-11,1405,-0.018237082066869248,False,پارس
2026-10-03,11530.0,11530.0,11210.0,11520.0,11530.0,467812855040.0,40612786.0,1558.0,49536000000000.0,1.859,-59195796480.0,-0.1265373446715963,864294483.3488371,464931898.2922201,,,1405-07-11,1405,0.02857142857142847,False,پاسا
2026-10-03,2919.0,2919.0,2755.0,2767.0,2755.0,263641193812.0,95281641.0,1634.0,52019600000000.0,0.512,-31959837819.0,-0.1212247500358015,325505472.9848024,636026974.2713178,,,1405-07-11,1405,-0.025704225352112697,False,پتایر
2026-10-03,2581.0,2598.0,2483.0,2512.0,2490.0,444863934356.0,177102729.0,2980.0,251200000000000.0,0.854,2037232000.0,0.004579449675886102,426539852.55598456,499271345.3439273,,,1405-07-11,1405,-0.01836654943337246,False,پترول
2026-10-03,15770.0,15770.0,14870.0,15390.0,15620.0,1219450208890.0,79246619.0,4614.0,153900000000000.0,0.654,-41678613180.0,-0.034178200041425064,725561884.3056633,1108885223.6662884,,,1405-07-11,1405,0.004569190600522299,False,پخش
2026-10-03,2128.0,2128.0,2020.0,2070.0,2022.0,164957043444.0,79708551.0,1074.0,14490000000000.0,0.757,-14953680.0,-9.065196421925755e-05,482163813.9053254,636665323.359375,,,1405-07-11,1405,0.0014513788098693414,False,پلاست
2026-10-03,3670.0,3670.0,3480.0,3490.0,3480.0,367622923660.0,105206559.0,2433.0,117504209720000.0,0.57,-4525748240.0,-0.012310843390674099,419212748.6509901,735009955.353319,,,1405-07-11,1405,-0.025139664804469275,False,پکویر
2026-10-03,7500.0,7600.0,7420.0,7440.0,7420.0,74490108700.0,10013441.0,373.0,52080000000000.0,0.297,-9545520000.0,-0.12814479890804617,323808576.7346939,1089731358.8059702,,,1405-07-11,1405,-0.02617801047120416,False,پی پاد
2026-10-03,13420.0,13420.0,12720.0,13310.0,13420.0,690916366820.0,51904201.0,2340.0,125047450000000.0,1.174,42201431360.0,0.06108037584090763,988097562.0153846,841601660.5189341,,,1405-07-11,1405,0.021488871834228762,False,پیزد
2026-10-03,51800.0,51800.0,48860.0,49100.0,49030.0,985427717730.0,20070891.0,4033.0,1687999080000000.0,0.654,-202399725400.0,-0.2053927667736418,585484063.5640414,895375184.4465649,,,1405-07-11,1405,-0.025213420686916788,False,آریا
2026-10-03,4270.0,4270.0,4050.0,4220.0,4250.0,257784942250.0,61090515.0,1211.0,168800000000000.0,1.688,60625992780.0,0.23518050453546224,853648918.2119205,505579437.2307693,,,1405-07-11,1405,0.01686746987951815,False,آسیا
2026-10-03,1001.0,1020.0,962.0,978.0,970.0,1081431391595.0,1105446769.0,5407.0,939380082347832.0,0.778,48947049624.0,0.04526135453845864,560350794.5535911,720364095.9089552,,,1405-07-11,1405,-0.013118062563067578,False,اخابر
2026-10-03,15740.0,15740.0,14840.0,14930.0,14840.0,785516561500.0,52615204.0,2906.0,627060000000000.0,0.253,-469884992340.0,-0.5981859776994657,309111663.7420986,1223274517.7397258,,,1405-07-11,1405,-0.023544800523217835,False,ارفع
2026-10-03,4570.0,4570.0,4370.0,4540.0,4570.0,385667717340.0,84974220.0,1841.0,52210000000000.0,0.979,-33346477060.0,-0.08646426848997099,619398851.0116732,632585407.3381295,,,1405-07-11,1405,0.022522522522522515,False,اسیاتک
2026-10-03,53780.0,53780.0,51650.0,53540.0,53780.0,8510001035960.0,158941498.0,16754.0,5434310000000000.0,0.664,1201936646340.0,0.141238131612567,1096701470.6579697,1652221165.034098,,,1405-07-11,1405,0.025277671390271816,False,تاپیکو
2026-10-03,2146.0,2146.0,2038.0,2086.0,2059.0,155638525887.0,74616358.0,712.0,245939400000000.0,0.673,-22881215098.0,-0.14701511060707878,609029851.7889909,904940248.767442,,,1405-07-11,1405,0.0009596928982724684,False,تجلی
2026-10-03,14040.0,14040.0,13840.0,14030.0,14040.0,500643171930.0,35691408.0,1684.0,105225000000000.0,0.998,-37233038480.0,-0.07437041103839509,828757975.0625,830223027.6908396,,,1405-07-11,1405,0.02859237536656889,False,توسن
2026-10-03,553.0,566.0,537.0,539.0,537.0,446910439305.0,829567321.0,1904.0,45067962709000.0,0.878,-12849760000.0,-0.028752427488565577,713810590.4129354,813353295.4477063,,,1405-07-11,1405,-0.025316455696202556,False,تپکو
2026-10-03,4180.0,4210.0,4060.0,4150.0,4110.0,115559329280.0,27815699.0,975.0,10600967500000.0,0.855,-796385000.0,-0.006891568209697383,388604579.1525424,454467463.9763779,,,1405-07-11,1405,0.012195121951219523,False,تکنو
2026-10-03,910.0,910.0,865.0,900.0,893.0,2301984975559.0,2558907241.0,8806.0,74077660800000.0,0.633,391641235200.0,0.1701319684351529,768632276.6996925,1213680887.459177,,,1405-07-11,1405,0.018099547511312153,False,ثاخت
2026-10-03,1896.0,1907.0,1833.0,1877.0,1900.0,114206853819.0,60832119.0,1604.0,99434075000000.0,6.346,20479804348.0,0.17932202545792292,708791789.7687501,111690963.96033657,,,1405-07-11,1405,-0.001064395955295394,False,ثامید
2026-10-03,5720.0,5720.0,5720.0,5720.0,5720.0,93880867080.0,16412739.0,356.0,22880000000000.0,2.452,1716000000.0,0.018278484779414333,1159023050.3703704,472640344.0,,,1405-07-11,1405,0.02877697841726623,False,ثشرق
2026-10-03,15080.0,15080.0,14230.0,14340.0,14230.0,802901801840.0,55981179.0,3526.0,58077000000000.0,0.418,-11571204120.0,-0.01441173016859897,573321047.8138849,1370170265.8434782,,,1405-07-11,1405,-0.021828103683492528,False,ثفارس
2026-10-03,3550.0,3550.0,3350.0,3460.0,3460.0,274706618110.0,79363086.0,1193.0,54668000000000.0,1.265,15426506880.0,0.056156298621909455,924724468.7142856,731220253.3333334,,,1405-07-11,1405,0.0028985507246377384,False,ثمسکن
2026-10-03,4840.0,4840.0,4720.0,4840.0,4750.0,1629082770500.0,336934837.0,3341.0,96800000000000.0,0.322,-961271364240.0,-0.5900690754619947,1001781546.5158372,3106324796.0176992,,,1405-07-11,1405,0.029787234042553123,False,چدن
2026-10-03,3550.0,3550.0,3400.0,3400.0,3400.0,460880636370.0,135369706.0,1429.0,289000000000000.0,0.061,-393397000000.0,-0.853576759263491,215763361.81229773,3538983683.0769234,,,1405-07-11,1405,-0.02857142857142858,False,لوتوس
2026-10-03,1467.0,1467.0,1445.0,1466.0,1467.0,37786362170.0,25779325.0,187.0,13333929700000.0,1.345,-21187870770.0,-0.5607279863215263,488307845.7142857,363130108.8541667,,,1405-07-11,1405,0.018763029881862403,False,لکما
2026-10-03,3160.0,3160.0,3070.0,3150.0,3160.0,347871563210.0,110447846.0,1778.0,73710000000000.0,1.734,37359000000.0,0.10739308397406273,927364660.2739724,534865188.2770871,,,1405-07-11,1405,0.02472348731294738,False,مادیرا
2026-10-03,12030.0,12200.0,11680.0,11710.0,11680.0,2083692275220.0,177969417.0,7804.0,710955319200000.0,0.331,-449704329240.0,-0.2158208937989749,582255656.0061512,1760831549.9107144,,,1405-07-11,1405,-0.027408637873754138,False,مبین
2026-10-03,4130.0,4140.0,3980.0,4000.0,3980.0,131316302210.0,32826821.0,899.0,24000000000000.0,0.415,-113922884000.0,-0.8675456290096825,111438461.53846154,268522053.1697341,,,1405-07-11,1405,-0.024390243902439046,False,مهر
2026-10-03,4700.0,4700.0,4450.0,4690.0,4690.0,504589511070.0,107581953.0,1800.0,37207420880000.0,4.819,138545165430.0,0.2745700463257947,1879765527.355372,390083960.7768188,,,1405-07-11,1405,0.026258205689277947,False,مهرمام
2026-10-03,13550.0,13550.0,12890.0,12910.0,12890.0,901397582350.0,69802898.0,2779.0,471215000000000.0,1.27,-349669480150.0,-0.38791925671509986,1181917465.8273382,930971340.7734808,,,1405-07-11,1405,-0.027861445783132543,False,مهرگان
2026-10-03,6460.0,6460.0,6190.0,6210.0,6190.0,801392556860.0,129059097.0,2893.0,1800900000000000.0,0.286,-239894933040.0,-0.299347593119596,489685179.7850468,1712686267.735426,,,1405-07-11,1405,-0.026645768025078342,False,میدکو
2026-10-03,2630.0,2739.0,2587.0,2596.0,2587.0,181800711561.0,70028155.0,983.0,20768000000000.0,0.536,-20949720000.0,-0.11523453247305192,440666768.1643836,822593169.1402714,,,1405-07-11,1405,-0.026621672290963683,False,میهن
2026-10-03,6410.0,6410.0,6340.0,6410.0,6410.0,217227329020.0,33901140.0,880.0,64100000000000.0,2.424,60798003880.0,0.27988192901088593,822975141.4847162,339530062.5531915,,,1405-07-11,1405,0.028892455858748,False,نان
2026-10-03,2498.0,2498.0,2356.0,2371.0,2356.0,166130524051.0,70053548.0,918.0,15287606470187.0,0.527,-25171031539.0,-0.15151358657770084,430966149.1406728,818211636.9852216,,,1405-07-11,1405,-0.02347611202635913,False,نطرین
2026-10-03,51840.0,51900.0,49570.0,49810.0,49570.0,4804495268150.0,96449825.0,16709.0,4781760000000000.0,0.268,-2157835596730.0,-0.44912846746561325,403255653.7558604,1504932786.9365134,,,1405-07-11,1405,-0.025244618395303342,False,نوری
2026-10-03,483.0,483.0,462.0,466.0,463.0,303349960435.0,651214470.0,2152.0,33272400000000.0,0.575,-3074569674.0,-0.010135388412746473,385117145.3153846,669902743.9735099,,,1405-07-11,1405,-0.021008403361344574,False,های وب
2026-10-03,4740.0,4740.0,4500.0,4520.0,4500.0,140617977030.0,31139621.0,613.0,630992000000000.0,0.134,-65825433480.0,-0.46811534961818246,236358528.20189276,1759388586.5,,,1405-07-11,1405,-0.023758099352051865,False,هرمز
2026-10-03,26070.0,26070.0,24580.0,24790.0,24580.0,1793822266600.0,72365367.0,2499.0,396640000000000.0,0.463,-784807323380.0,-0.43750562025719475,1746845332.9098363,3772506557.235023,,,1405-07-11,1405,-0.021704814522494065,False,واحیا
2026-10-03,2960.0,2960.0,2802.0,2851.0,2802.0,1178296857199.0,413363664.0,2531.0,205272000000000.0,0.511,-143757461222.0,-0.1220044510376905,1006942344.8225808,1970076322.9068964,,,1405-07-11,1405,-0.012811634349030432,False,کویر
2026-10-03,1820.0,1857.0,1750.0,1806.0,1796.0,269653264433.0,149308577.0,1723.0,50568000000000.0,1.034,20606530434.0,0.0764186203246208,582406072.3851204,563195056.5275229,,,1405-07-11,1405,0.0016638935108153063,False,کیسون
2026-10-03,4300.0,4300.0,4060.0,4090.0,4090.0,639423791690.0,156426557.0,2919.0,126790000000000.0,0.705,-140966659840.0,-0.2204588907576061,650481124.6961327,922948709.0799396,,,1405-07-11,1405,-0.021531100478468845,False,والبر
2026-10-03,2934.0,2991.0,2846.0,2857.0,2847.0,137751452925.0,48211283.0,358.0,18856200000000.0,0.726,-18621517449.0,-0.13518200391787266,1117271384.3113208,1539913305.4606743,,,1405-07-11,1405,-0.026244035446489455,False,والماس
2026-10-03,14040.0,14040.0,14040.0,14040.0,14040.0,2917874105640.0,207825791.0,5904.0,705510000000000.0,0.485,910729338480.0,0.3121208474072402,1773153414.5929148,3657767430.5084734,,,1405-07-11,1405,0.029325513196480912,False,وبانک
2026-10-03,936.0,953.0,935.0,935.0,937.0,1769500131471.0,1891697646.0,4280.0,731500963820000.0,0.24,-1030998330285.0,-0.5826494793351175,404402894.2931755,1687665849.7277489,,,1405-07-11,1405,-0.029075804776739322,False,وبصادر
2026-10-03,1525.0,1549.0,1475.0,1490.0,1476.0,12704136965902.0,8528217623.0,40699.0,5039180000000000.0,0.476,-3344064274110.0,-0.26322640279190107,800188530.9147302,1681439313.116388,,,1405-07-11,1405,-0.019736842105263164,False,وبملت
2026-10-03,2276.0,2276.0,2181.0,2248.0,2219.0,753628735503.0,335173513.0,2153.0,112400000000000.0,0.72,325775115488.0,0.4322753368348747,1264514239.8521008,1755600235.4897118,,,1405-07-11,1405,0.017194570135746545,False,وبهمن
2026-10-03,4050.0,4050.0,3850.0,3880.0,3850.0,40372704340.0,10396093.0,468.0,46560000000000.0,0.61,-5917000000.0,-0.14655941673289455,227945965.82781455,373489267.037037,,,1405-07-11,1405,-0.02020202020202022,False,وبوعلی
2026-10-03,953.0,964.0,922.0,925.0,922.0,5871277226668.0,6349371869.0,12920.0,1471307895260175.0,0.318,-2170752802975.0,-0.36972411950081274,762194184.8557693,2399471568.5472493,,,1405-07-11,1405,-0.02631578947368418,False,وتجارت
2026-10-03,3890.0,3890.0,3670.0,3870.0,3850.0,572658357870.0,148052076.0,1677.0,77980500000000.0,1.03,11108258370.0,0.019397705835145957,1752765693.074205,1701489237.7894738,,,1405-07-11,1405,0.023809523809523725,False,وتوکا
2026-10-03,1758.0,1758.0,1667.0,1676.0,1667.0,212039575564.0,126548210.0,795.0,14078400000000.0,1.488,-32549212196.0,-0.15350536384268348,878022451.4772727,590161399.5457413,,,1405-07-11,1405,-0.024447031431897526,False,وحکمت
2026-10-03,9470.0,9470.0,9470.0,9470.0,9470.0,373125576000.0,39400800.0,701.0,757600000000000.0,4.446,115827570000.0,0.3104251690321009,2482546971.428571,558383146.9879518,,,1405-07-11,1405,0.02934782608695663,False,وخارزم
2026-10-03,7210.0,7210.0,7100.0,7200.0,7130.0,751522434220.0,104366760.0,1352.0,864000000000000.0,1.55,173351138400.0,0.23066661819606218,1734549571.0843372,1119271449.3506494,,,1405-07-11,1405,0.02857142857142847,False,وخاور
2026-10-03,1755.0,1766.0,1664.0,1702.0,1664.0,76114914119.0,44720914.0,369.0,32405149006000.0,1.012,274153054.0,0.0036018309574833403,623884445.0689656,616208910.8888888,,,1405-07-11,1405,-0.007580174927113714,False,ورازی
2026-10-03,7250.0,7510.0,7140.0,7190.0,7150.0,895501792750.0,124498395.0,2882.0,179750000000000.0,0.467,-133061468970.0,-0.14858872427422062,804296423.2978723,1723062222.6162791,,,1405-07-11,1405,-0.02309782608695654,False,ورنا
2026-10-03,2238.0,2238.0,2125.0,2207.0,2174.0,343161981587.0,155502070.0,1006.0,68069897056657.0,1.07,-6652602033.0,-0.019386186086914763,737486664.2007576,689551648.5684931,,,1405-07-11,1405,0.015646571560055333,False,وساخت
2026-10-03,9370.0,9780.0,9340.0,9390.0,9340.0,2440180247040.0,259904689.0,5433.0,244140000000000.0,0.606,-175260274740.0,-0.07182267578495283,1383842708.3539605,2283664859.318181,,,1405-07-11,1405,-0.023908523908523938,False,وساپا
2026-10-03,8050.0,8050.0,7640.0,7700.0,7640.0,533326885580.0,69305040.0,2667.0,398090000000000.0,0.28,-143953887000.0,-0.26991680129429113,233028649.27038628,830864526.8,,,1405-07-11,1405,-0.021601016518424387,False,وسپه
2026-10-03,2270.0,2270.0,2199.0,2202.0,2199.0,2073977724803.0,941842248.0,4290.0,1101000000000000.0,0.139,-1164388980606.0,-0.5614279105705445,457234388.2781372,3294495325.5,,,1405-07-11,1405,-0.028243601059135037,False,وپارس
2026-10-03,8900.0,8950.0,8530.0,8550.0,8530.0,1740132001870.0,203482294.0,5908.0,4014085113450000.0,0.268,-527359511250.0,-0.30305718800831377,462819355.2,1726704331.0509555,,,1405-07-11,1405,-0.027303754266211566,False,وپاسار
2026-10-03,10140.0,10400.0,10090.0,10190.0,10100.0,109358675030.0,10734888.0,647.0,504863550000000.0,0.545,-30536688890.0,-0.2792342617686523,347788171.8141593,638226992.5146198,,,1405-07-11,1405,-0.02019230769230773,False,وپست
2026-10-03,2784.0,2867.0,2750.0,2756.0,2750.0,607073463982.0,220242218.0,1662.0,31694000000000.0,0.774,-480673960.0,-0.0007917887842553635,1240300365.7423313,1601550271.2612138,,,1405-07-11,1405,-0.02786596119929452,False,حآفرین
2026-10-03,8660.0,8660.0,8320.0,8600.0,8650.0,707775771210.0,82290508.0,1583.0,48638784463200.0,0.746,163574898200.0,0.23111118641480968,1479033275.161987,1981815620.5323195,,,1405-07-11,1405,0.022592152199762294,False,حسیر
2026-10-03,1362.0,1362.0,1286.0,1303.0,1301.0,76157648649.0,58469120.0,501.0,14346030000000.0,0.782,0.0,0.0,427610924.1896552,547090447.125,,,1405-07-11,1405,-0.016603773584905612,False,حشکوه
2026-10-03,5870.0,6020.0,5800.0,5820.0,5800.0,861228455310.0,148087858.0,2532.0,104760000000000.0,0.545,-84646080000.0,-0.09828528014617395,988651085.9541984,1814159649.6,,,1405-07-11,1405,-0.025125628140703515,False,حفاری
2026-10-03,3390.0,3390.0,3200.0,3310.0,3260.0,70652581910.0,21329395.0,538.0,14748343320260.0,1.079,-17353730890.0,-0.24562061882049627,327282870.0,303187076.7281105,,,1405-07-11,1405,0.004552352048558417,False,خاذین
2026-10-03,1630.0,1639.0,1568.0,1581.0,1585.0,1099630285009.0,695431254.0,5377.0,176439600000000.0,0.608,-19331568411.0,-0.017580061839458868,633254938.1015625,1040802895.6469448,,,1405-07-11,1405,-0.021658415841584122,False,خاور
2026-10-03,9420.0,9420.0,8900.0,9010.0,8900.0,312139671880.0,34640965.0,1675.0,45050000000000.0,1.017,-23732340000.0,-0.07603115572288978,567682587.8937007,558345428.7119857,,,1405-07-11,1405,-0.017448200654307522,False,خبرنا
2026-10-03,1900.0,1900.0,1812.0,1848.0,1836.0,92009963687.0,49792640.0,685.0,18206490456000.0,0.935,-564536280.0,-0.006135599421823952,486084825.88235295,519672720.0,,,1405-07-11,1405,-0.009646302250803873,False,خبنیان
2026-10-03,2700.0,2723.0,2587.0,2606.0,2587.0,1544934528350.0,592734782.0,5127.0,350866542002000.0,0.44,-180706570636.0,-0.11696713829614241,604243320.1954023,1373567388.8249722,,,1405-07-11,1405,-0.02287214098237722,False,خبهمن
2026-10-03,1637.0,1684.0,1604.0,1648.0,1644.0,62702747935.0,38057040.0,501.0,25428640000000.0,1.019,0.0,0.0,391987512.0,384773017.9141104,,,1405-07-11,1405,0.00795107033639142,False,ختراک
2026-10-03,1928.0,1928.0,1833.0,1846.0,1833.0,91282228873.0,49455049.0,618.0,132912000000000.0,0.338,-11858602470.0,-0.1299114035273914,275817423.5555556,815125182.625,,,1405-07-11,1405,-0.02276336686077285,False,خدیزل
2026-10-03,1895.0,1895.0,1805.0,1889.0,1895.0,82008999931.0,43420241.0,629.0,26823800000000.0,0.935,11124321000.0,0.13564756318647567,366164443.07589287,391693448.8895028,,,1405-07-11,1405,0.026630434782608736,False,خریخت
2026-10-03,1760.0,1800.0,1725.0,1742.0,1725.0,1407003692874.0,807542317.0,5545.0,160005208218700.0,0.741,29467459476.0,0.020943413030998257,749068497.486217,1011097511.1329012,,,1405-07-11,1405,-0.020247469066366652,False,خزامیا
2026-10-03,2130.0,2130.0,2017.0,2043.0,2050.0,121479962095.0,59454734.0,893.0,18387000000000.0,0.544,-3217929300.0,-0.026489383471189336,344740921.5263158,634132588.8062828,,,1405-07-11,1405,-0.017316017316017285,False,خزر
2026-10-03,681.0,713.0,680.0,688.0,682.0,6264565686692.0,9104707168.0,23448.0,1115347640288000.0,0.558,485479315520.0,0.07749608509195105,912768831.1180488,1636785507.7740183,,,1405-07-11,1405,-0.01854493580599148,False,خساپا
2026-10-03,2453.0,2502.0,2359.0,2407.0,2359.0,103660859194.0,43066413.0,659.0,21505579793000.0,0.634,-1925600000.0,-0.018575960251267683,379609164.51865673,599195699.9479768,,,1405-07-11,1405,-0.00987248046071576,False,خفنر
2026-10-03,2052.0,2095.0,2037.0,2047.0,2037.0,432393549225.0,211228729.0,1224.0,232474272122009.0,0.562,-29993925422.0,-0.06936718985692449,791265119.2597938,1407338463.4795918,,,1405-07-11,1405,-0.024773701762744182,False,خپارس
2026-10-03,1971.0,1997.0,1881.0,1963.0,1997.0,301270329562.0,153458452.0,865.0,21985600000000.0,1.143,-92372665255.0,-0.3066105626441722,1092468891.4184785,955657789.1726384,,,1405-07-11,1405,0.012377514182568383,False,خکار
2026-10-03,873.0,901.0,849.0,861.0,849.0,487788840119.0,566305563.0,1614.0,47981783764572.0,0.769,-4713825186.0,-0.009663659350734684,955794183.997854,1243408604.776243,,,1405-07-11,1405,-0.016000000000000014,False,خکاوه
2026-10-03,2511.0,2511.0,2511.0,2511.0,2511.0,227397947832.0,90560712.0,471.0,30132000000000.0,6.737,93660300000.0,0.4118783871752245,3069184969.028572,455573864.0300752,,,1405-07-11,1405,0.029942575881870326,False,چکاپا
2026-10-03,6360.0,6360.0,6200.0,6360.0,6360.0,176103242370.0,27710714.0,671.0,24168000000000.0,1.273,21067302840.0,0.11963040859711571,768695940.0,603813772.0851064,,,1405-07-11,1405,0.029126213592232997,False,خلنت
2026-10-03,3940.0,3940.0,3730.0,3920.0,3900.0,205887776530.0,52568376.0,1051.0,25980656778720.0,1.462,-16608597040.0,-0.08066820342576264,782871583.5294118,535440722.7440633,,,1405-07-11,1405,0.023498694516971286,False,خمهر
2026-10-03,2564.0,2564.0,2416.0,2553.0,2564.0,315213201932.0,123489810.0,861.0,36801495000000.0,1.107,72480647799.0,0.22994166283249784,1106208719.0526316,999131017.0,,,1405-07-11,1405,0.025301204819277112,False,خموتور
2026-10-03,708.0,708.0,672.0,706.0,708.0,16469917170884.0,23340464199.0,32448.0,1810004724008000.0,1.475,3382148783178.0,0.20535311429234515,2506169168.663897,1698966818.0908823,,,1405-07-11,1405,0.026162790697674465,False,خودرو
2026-10-03,2834.0,2834.0,2768.0,2827.0,2834.0,230674168620.0,81600330.0,615.0,11512825479100.0,1.556,19506300000.0,0.08456213418561664,1580028307.6027398,1015278042.8365386,,,1405-07-11,1405,0.027252906976744207,False,خکمک
2026-10-03,4100.0,4100.0,3880.0,4050.0,4080.0,3234685770020.0,797959673.0,13414.0,238175425350000.0,1.308,133398312750.0,0.041239960303524385,1063667192.0198224,813460374.4128891,,,1405-07-11,1405,0.015037593984962516,False,خگستر
2026-10-03,5370.0,5500.0,5180.0,5410.0,5500.0,692161528570.0,128011999.0,4879.0,37870000000000.0,0.555,105298335680.0,0.15212971442886386,324989537.93936527,585438083.578629,,,1405-07-11,1405,0.013108614232209659,False,خیمن
2026-10-03,4960.0,4970.0,4730.0,4790.0,4850.0,971347952140.0,202747203.0,3429.0,83489661680000.0,0.487,-331755998750.0,-0.3415418728367115,532884724.4859813,1094312948.4861112,,,1405-07-11,1405,-0.01642710472279263,False,درازک
2026-10-03,3450.0,3530.0,3340.0,3370.0,3340.0,169215717450.0,50185827.0,1201.0,20220000000000.0,0.492,47339670600.0,0.27975929962881824,323339938.6344538,657840371.5432098,,,1405-07-11,1405,-0.02034883720930236,False,دسانکو
2026-10-03,10580.0,10610.0,10220.0,10250.0,10220.0,1488839859150.0,145200829.0,5910.0,104910287500000.0,0.277,-704595250000.0,-0.47325120003320137,410698926.2133183,1482767854.2960663,,,1405-07-11,1405,-0.026590693257359965,False,دلقما
2026-10-03,694.0,695.0,672.0,676.0,672.0,1938399717921.0,2865746345.0,7754.0,450949166501756.0,0.167,-440999946660.0,-0.22750722804117385,412030578.0230921,2469676432.1919584,,,1405-07-11,1405,-0.023121387283236983,False,ذوب
2026-10-03,9150.0,9370.0,9150.0,9340.0,9340.0,87391233430.0,9361533.0,364.0,93400000000000.0,1.414,-49299228600.0,-0.564120984051432,657542924.4827586,465088926.7021277,,,1405-07-11,1405,0.02188183807439814,False,رتاپ
2026-10-03,8150.0,8290.0,8150.0,8150.0,8150.0,545828643640.0,66968927.0,1732.0,98942312150000.0,0.315,-46728644400.0,-0.085610465746865,450656459.8258707,1430267266.0839162,,,1405-07-11,1405,-0.029761904761904767,False,زفکا
2026-10-03,1618.0,1618.0,1524.0,1572.0,1597.0,408877602039.0,260156346.0,3899.0,29651103300000.0,1.683,89899715208.0,0.21986950314638434,434162117.1835853,257962318.43305784,,,1405-07-11,1405,0.0006365372374284028,False,زملارد
2026-10-03,14300.0,14300.0,13600.0,14240.0,14300.0,469745366160.0,32991810.0,1699.0,29904000000000.0,0.527,38212570080.0,0.08134741251919964,766867094.7368422,1455750883.1496062,,,1405-07-11,1405,0.025197984161267062,False,ساینا
2026-10-03,7160.0,7160.0,6840.0,7070.0,7070.0,265575733250.0,37572243.0,1062.0,65751000000000.0,0.834,-103114627910.0,-0.3882682602364612,459279727.54385966,550610235.9058824,,,1405-07-11,1405,0.015804597701149392,False,سخزر
2026-10-03,8420.0,8420.0,7940.0,8190.0,8100.0,735666743820.0,89861970.0,3768.0,122850000000000.0,0.539,94489528770.0,0.12844066904445978,508827276.0,943490099.009434,,,1405-07-11,1405,0.0012224938875304847,False,سرچشمه
2026-10-03,37870.0,37870.0,36000.0,36780.0,36840.0,1018617209520.0,27695736.0,3032.0,4468770000000000.0,1.619,61404504240.0,0.06028221756525738,1437139301.3605442,887401438.2325581,,,1405-07-11,1405,-0.0016286644951140072,False,پارسان
2026-10-03,2035.0,2036.0,1943.0,1963.0,1943.0,53854277798.0,27439940.0,557.0,98150000000000.0,0.328,-14928919265.0,-0.2772095342360049,155122242.84860557,472496510.7017544,,,1405-07-11,1405,-0.019970044932601128,False,پارسیان
2026-10-03,9310.0,9710.0,9190.0,9300.0,9220.0,36106336730.0,3883602.0,652.0,27900000000000.0,2.282,-8411970900.0,-0.2329776892877274,203636591.53846157,89219252.685422,,,1405-07-11,1405,-0.015873015873015928,False,پتوسعه
2026-10-03,6450.0,6450.0,6120.0,6170.0,6150.0,160516395070.0,26033409.0,828.0,6976634950000.0,0.594,-22538343640.0,-0.14041147404395168,463381845.2684564,779738512.2815534,,,1405-07-11,1405,-0.020634920634920673,False,پدرخش
2026-10-03,7000.0,7270.0,6850.0,6930.0,6860.0,52098611260.0,7522403.0,382.0,69300000000000.0,0.643,-14511073500.0,-0.2785309080040918,276291497.6865672,429451118.25,,,1405-07-11,1405,-0.018413597733711096,False,پرداخت
2026-10-03,2276.0,2347.0,2246.0,2276.0,2252.0,41643498970.0,18299310.0,306.0,22760000000000.0,0.804,2959938000.0,0.07107803314347676,316492238.944,393565503.9569892,,,1405-07-11,1405,-0.016846652267818563,False,پردیس
2026-10-03,24270.0,24270.0,22890.0,24010.0,24270.0,28316521050.0,1179471.0,296.0,20648600000000.0,1.746,-506947140.0,-0.017902875113254776,386954340.2941176,221651589.0909091,,,1405-07-11,1405,0.01866779804836649,False,پسهند
2026-10-03,128600.0,128600.0,128600.0,127400.0,128600.0,1102230600.0,8571.0,5.0,7681323104000.0,5.0,0.0,0.0,1091945400.0,218389080.0,,,1405-07-11,1405,0.02001601281024823,False,پشاهن
2026-10-03,5700.0,5700.0,5480.0,5590.0,5540.0,16825550240.0,3011365.0,172.0,8162451942970.0,0.89,-1114852830.0,-0.06625951687152669,209531726.85714287,235553338.9552239,,,1405-07-11,1405,-0.00886524822695034,False,پلاسک
2026-10-03,8110.0,8110.0,7880.0,8070.0,7940.0,347684266640.0,43105943.0,1090.0,158922510000000.0,1.257,-51551652270.0,-0.14827145550240767,952195129.6153846,757271863.2151899,,,1405-07-11,1405,0.024111675126903487,False,پکرمان
2026-10-03,9910.0,9910.0,9910.0,9910.0,9910.0,1267305397430.0,127881473.0,1585.0,513338000000000.0,1.436,86247007480.0,0.0680554250419058,2786721023.824228,1941004542.0535717,,,1405-07-11,1405,0.029075804776739433,False,دارو
2026-10-03,108600.0,108600.0,108600.0,108600.0,108600.0,57115129200.0,525922.0,192.0,81450000000000.0,2.691,6774142200.0,0.11860504029114584,1224531366.6666667,454987646.3414634,,,1405-07-11,1405,0.029579067121729308,False,داسوه
2026-10-03,16850.0,16850.0,15870.0,16460.0,16540.0,2558600811650.0,155419098.0,7326.0,230440000000000.0,0.585,-560353458700.0,-0.21900777024245419,976326831.9248828,1669164032.6012354,,,1405-07-11,1405,0.006112469437652868,False,دالبر
2026-10-03,17780.0,18050.0,17010.0,17600.0,17700.0,760485903510.0,43220216.0,2498.0,160688000000000.0,1.192,-199204438400.0,-0.2619436303560367,1208502044.4444444,1014063490.3047092,,,1405-07-11,1405,0.003993154592127679,False,دامین
2026-10-03,2272.0,2300.0,2223.0,2253.0,2255.0,12025736591.0,5338229.0,106.0,43836670566000.0,0.753,-5623278471.0,-0.46760366223291744,220819016.0689655,293342193.5853659,,,1405-07-11,1405,-0.0008869179600886623,False,دانا
2026-10-03,15510.0,15510.0,15510.0,15510.0,15510.0,57962389980.0,3737098.0,161.0,32571000000000.0,4.566,34122000000.0,0.5886920813957782,1413716828.7804878,309615454.28571427,,,1405-07-11,1405,0.029880478087649376,False,داوه
2026-10-03,16680.0,17180.0,16680.0,17160.0,17180.0,441073875490.0,25696171.0,870.0,31231200000000.0,1.638,123650567040.0,0.280339811335762,2300210408.5714283,1404703463.4285717,,,1405-07-11,1405,0.033734939759036076,False,دبالک
2026-10-03,61420.0,61420.0,57860.0,60100.0,59890.0,503319868220.0,8374764.0,2024.0,168280000000000.0,0.683,9859044400.0,0.01958802944709235,747644285.7369256,1094560426.3033175,,,1405-07-11,1405,0.0077129443326626745,False,دتماد
2026-10-03,7150.0,7150.0,7150.0,7150.0,7150.0,122235120150.0,17095821.0,238.0,214500000000000.0,2.289,34869255850.0,0.2852638080382334,1852047275.0,808943187.9629629,,,1405-07-11,1405,0.02877697841726623,False,دتوزیع
2026-10-03,8940.0,8940.0,8700.0,8930.0,8940.0,882054431630.0,98783600.0,1476.0,26790000000000.0,1.208,59990311200.0,0.06801202856510838,2010994271.0280373,1664688641.995842,,,1405-07-11,1405,0.02880184331797242,False,دتولید
2026-10-03,57020.0,57020.0,57020.0,57020.0,57020.0,110044095420.0,1929921.0,333.0,129321360000000.0,2.99,171060000.0,0.0015544677735513527,1589580233.6363635,531681398.071066,,,1405-07-11,1405,0.02998554913294793,False,دجابر
2026-10-03,5880.0,5880.0,5880.0,5770.0,5880.0,2612854440.0,444363.0,18.0,37389600000000.0,7.5,0.0,0.0,1281987255.0,170931634.0,,,1405-07-11,1405,0.01050788091068311,False,دحاوی
2026-10-03,13040.0,13490.0,12900.0,12990.0,12900.0,122164420620.0,9405940.0,488.0,36639464100000.0,0.269,-40089010560.0,-0.3281561878372047,438247033.7967915,1627216078.4,,,1405-07-11,1405,-0.02257336343115124,False,ددام
2026-10-03,23610.0,23610.0,22940.0,23490.0,23610.0,1477982504610.0,62911114.0,3230.0,338256000000000.0,0.849,-219686631030.0,-0.14863953419257112,1341425601.8273542,1580623066.8080356,,,1405-07-11,1405,0.024422154382904404,False,ددانا
2026-10-03,61290.0,61290.0,58120.0,58390.0,58130.0,449703130450.0,7702198.0,1412.0,143055500000000.0,0.296,-221673664480.0,-0.4929333363950124,517137588.9795918,1749927397.7431903,,,1405-07-11,1405,-0.025371390418961748,False,دپارس
2026-10-03,13410.0,13490.0,13040.0,13110.0,13060.0,227945016970.0,17380494.0,1153.0,170430000000000.0,1.524,-22785547080.0,-0.09996071589052909,1536285255.3,1008080414.9142855,,,1405-07-11,1405,-0.012801204819277157,False,دماوند
2026-10-03,15350.0,15350.0,15340.0,15350.0,15350.0,128393002010.0,8364431.0,258.0,23783750500000.0,3.8,105497311150.0,0.8216749316429508,2546958663.541667,670268188.0,,,1405-07-11,1405,0.02951039570757885,False,دهدشت
2026-10-03,1841.0,1841.0,1791.0,1840.0,1841.0,5202191362412.0,2827965445.0,8372.0,248400000000000.0,0.977,-631469600000.0,-0.12138530784596487,3016997172.954699,3087035405.333333,,,1405-07-11,1405,0.029082774049216997,False,دی
2026-10-03,20400.0,20400.0,20400.0,20400.0,20400.0,103280977200.0,5062793.0,284.0,36312000000000.0,2.9,-4080000000.0,-0.039503886491112715,1871716550.943396,645506107.5,,,1405-07-11,1405,0.029782937910146412,False,دیران
2026-10-03,21750.0,21750.0,20490.0,20970.0,20780.0,490287664390.0,23374993.0,2550.0,41940000000000.0,0.955,-27868333140.0,-0.056840779738305015,602848112.63089,631064975.6976744,,,1405-07-11,1405,-0.007102272727272707,False,رافزا
2026-10-03,4930.0,5050.0,4800.0,4900.0,4890.0,75641088560.0,15428805.0,670.0,294000000000000.0,0.644,5843989900.0,0.07725946322631823,255275844.44444445,396254100.7352941,,,1405-07-11,1405,-0.0080971659919028,False,رانفور
2026-10-03,23000.0,24380.0,22960.0,23800.0,24380.0,18377087420.0,772147.0,112.0,4760000000000.0,2.778,0.0,0.0,1020949922.2222222,367541972.0,,,1405-07-11,1405,0.005492184199408445,False,رتکو
2026-10-03,53420.0,53420.0,53420.0,53100.0,53420.0,6297576960.0,117888.0,32.0,23916829941000.0,2.858,-1593000000.0,-0.2529544315406032,777808800.0,272167513.04347825,,,1405-07-11,1405,0.003780718336483968,False,رفاه
2026-10-03,12050.0,12330.0,12030.0,12120.0,12070.0,870965314010.0,71870002.0,2220.0,2181600000000000.0,0.963,325529201400.0,0.37375679164677095,1558576702.5,1618020788.6301372,,,1405-07-11,1405,0.05944055944055937,False,رمپنا
2026-10-03,13170.0,13170.0,12430.0,12460.0,12430.0,239430816530.0,19222426.0,945.0,70399000000000.0,0.439,-48248758320.0,-0.20151440411579002,683080963.0,1555269012.7272727,,,1405-07-11,1405,-0.02732240437158473,False,رنیک
2026-10-03,57010.0,60090.0,56800.0,59040.0,60080.0,117808445410.0,1995510.0,1087.0,18892800000000.0,4.217,-43076587680.0,-0.36564940255415257,472881495.0,112133347.52851713,,,1405-07-11,1405,0.011998628728145277,False,رپویا
2026-10-03,2556.0,2661.0,2556.0,2637.0,2659.0,36717046377.0,13923767.0,310.0,26370000000000.0,1.739,0.0,0.0,532130051.8695652,305974779.825,,,1405-07-11,1405,0.020510835913312597,False,رکیش
2026-10-03,17840.0,17840.0,16820.0,17790.0,17840.0,297467914500.0,16722564.0,687.0,17790000000000.0,0.937,-193893210000.0,-0.6518121805704864,884155722.2727274,943399005.4166666,,,1405-07-11,1405,0.026543566070398095,False,ریشمک
2026-10-03,179500.0,179500.0,169500.0,169600.0,169500.0,1005841366200.0,5929323.0,1890.0,407040000000000.0,0.125,-489479507200.0,-0.4866368829602029,613741367.7419355,4908073122.077922,,,1405-07-11,1405,-0.029192902117916475,False,زاگرس
2026-10-03,51930.0,52860.0,50050.0,50430.0,50050.0,89456401170.0,1773970.0,754.0,7564500000000.0,0.991,0.0,0.0,399380835.26785713,402978860.8108108,,,1405-07-11,1405,-0.022484977708858267,False,بالاس
2026-10-03,28600.0,28600.0,27020.0,27340.0,27020.0,34212965790.0,1251555.0,334.0,17497600000000.0,0.468,0.0,0.0,246169163.3093525,526423287.6923077,,,1405-07-11,1405,-0.01831238779174149,False,بالبر
2026-10-03,31200.0,31200.0,30040.0,30910.0,31100.0,2605758540.0,84902.0,33.0,15601335605680.0,1.2,0.0,0.0,174954721.33333334,145795601.1111111,,,1405-07-11,1405,-0.001614987080103325,False,بایکا
2026-10-03,258100.0,258100.0,248700.0,254100.0,248700.0,3912645000.0,15397.0,23.0,2286916008300.0,0.286,0.0,0.0,279455550.0,978094425.0,,,1405-07-11,1405,0.0015766653527788943,False,بتک
2026-10-03,7680.0,7680.0,7680.0,7680.0,7680.0,61803747840.0,8047363.0,124.0,38400000000000.0,4.624,53181450240.0,0.8604890819514417,1993669285.1612904,431114880.0,,,1405-07-11,1405,0.029490616621983934,False,بخاور
2026-10-03,7510.0,7510.0,7440.0,7450.0,7480.0,50854539160.0,6830604.0,284.0,44700000000000.0,0.514,-3279959350.0,-0.06449688472607132,363420156.10687023,706777775.0,,,1405-07-11,1405,-0.028683181225554133,False,بزاگرس
2026-10-03,15320.0,15320.0,14700.0,15070.0,15080.0,16560655460.0,1098671.0,119.0,180840000000000.0,0.259,-15364317100.0,-0.9277602047280319,119265487.0,459915888.0555556,,,1405-07-11,1405,0.0019946808510638014,False,بساما
2026-10-03,5090.0,5090.0,4850.0,4900.0,4920.0,20515153060.0,4184747.0,208.0,117600000000000.0,0.618,-3689700000.0,-0.17985242367965057,258700927.69230768,418474700.0,,,1405-07-11,1405,-0.016064257028112428,False,بسویچ
2026-10-03,13040.0,13060.0,12970.0,13020.0,13030.0,121906911900.0,9361860.0,420.0,1347570000000000.0,0.392,-93274225380.0,-0.765126635776917,408817026.0,1041806984.6153846,,,1405-07-11,1405,0.002309468822170979,False,بپاس
2026-10-03,3110.0,3110.0,2960.0,2990.0,2960.0,6319049440.0,2115050.0,29.0,8970000000000.0,0.198,-4969380000.0,-0.7864125842319727,233257375.0,1180481900.0,,,1405-07-11,1405,-0.01091630830301027,False,بپردیس
2026-10-03,6100.0,6150.0,5920.0,6120.0,6150.0,99456265820.0,16250800.0,858.0,60845939640000.0,4.61,21420000000.0,0.21537104599087592,739537090.9090909,160418728.42105263,,,1405-07-11,1405,0.02341137123745818,False,بپویا
2026-10-03,19500.0,19500.0,18750.0,18810.0,18750.0,31507151370.0,1674967.0,871.0,56430000000000.0,5.208,-5164830990.0,-0.16392567291620563,241663286.97247708,46400779.48453609,,,1405-07-11,1405,-0.026397515527950333,False,بپیوند
2026-10-03,17750.0,18130.0,17490.0,17540.0,17520.0,38158133810.0,2175664.0,267.0,87700000000000.0,0.462,-8191180000.0,-0.2146640619477402,251848458.48739496,545159236.5714285,,,1405-07-11,1405,-0.02717692734331667,False,ساراب
2026-10-03,91800.0,91800.0,86930.0,87830.0,89980.0,69694441330.0,793491.0,498.0,126475200000000.0,0.556,-43032484160.0,-0.6174449976037996,242362094.27272728,435576965.81250006,,,1405-07-11,1405,-0.019863854480526744,False,ساربیل
2026-10-03,58780.0,58780.0,56770.0,57250.0,57870.0,58996772750.0,1030428.0,358.0,76715000000000.0,0.495,-17404916000.0,-0.2950147133259929,366813017.8571428,740354101.2658228,,,1405-07-11,1405,-0.020530367835757013,False,ساروج
2026-10-03,250100.0,250100.0,235700.0,238400.0,240400.0,450601698200.0,1890358.0,1567.0,238400000000000.0,0.342,-225130417600.0,-0.49962176906860134,277135143.7037037,811219470.12987,,,1405-07-11,1405,-0.01852614244545081,False,ساروم
2026-10-03,9540.0,9540.0,9400.0,9530.0,9540.0,1153201419810.0,121024049.0,1767.0,1505740000000000.0,0.557,-219917358190.0,-0.19070160200308572,988546221.0178117,1773807647.3760934,,,1405-07-11,1405,0.028047464940668787,False,سامان
2026-10-03,11150.0,11200.0,10580.0,10980.0,11200.0,244414513790.0,22267788.0,2001.0,188648350390440.0,1.279,-58532546340.0,-0.2394806488058681,545425937.763158,426505763.1558936,,,1405-07-11,1405,0.009191176470588314,False,ساوه
2026-10-03,430000.0,430000.0,405500.0,407100.0,405600.0,2188468660500.0,5375453.0,9245.0,244260000000000.0,0.374,-453186162600.0,-0.20707911919399405,512348494.3726938,1369969920.0387847,,,1405-07-11,1405,-0.026076555023923476,False,سباقر
2026-10-03,56780.0,56800.0,54520.0,56580.0,56800.0,192441676460.0,3401032.0,547.0,113160000000000.0,0.674,-89982568800.0,-0.4675835840512611,541676409.75,803112539.6385542,,,1405-07-11,1405,0.02592928377153214,False,سبجنو
2026-10-03,13410.0,13440.0,13010.0,13020.0,13010.0,382609283960.0,29394222.0,1213.0,48926524478580.0,0.458,-187881724800.0,-0.49105375294458914,649426327.6510067,1417883904.9814126,,,1405-07-11,1405,-0.029082774049216997,False,سبزوا
2026-10-03,5950.0,6010.0,5720.0,5790.0,5790.0,180983722180.0,31280429.0,1080.0,42846000000000.0,0.679,14174597430.0,0.07831973648935371,369369168.9645777,544322365.8295964,,,1405-07-11,1405,-0.01697792869269954,False,سبهان
2026-10-03,15450.0,15450.0,14550.0,15200.0,15440.0,889342326960.0,58519567.0,2342.0,258399999984800.0,0.647,-468426547200.0,-0.5267111808353955,849117927.2727273,1313170400.0,,,1405-07-11,1405,0.01333333333333342,False,ستران
2026-10-03,11530.0,11530.0,10920.0,10930.0,10920.0,402443796590.0,36804114.0,1894.0,109300000000000.0,0.496,-15821885450.0,-0.03931452188867742,593086741.0551181,1196438920.792683,,,1405-07-11,1405,-0.028444444444444494,False,سجام
2026-10-03,13230.0,13230.0,12500.0,12560.0,12810.0,118552107940.0,9436064.0,812.0,66568000000000.0,0.422,-50711778720.0,-0.4277594013399202,221345439.3522267,524299016.11940295,,,1405-07-11,1405,-0.024844720496894457,False,سخاش
2026-10-03,7030.0,7100.0,6730.0,6760.0,6730.0,54999895720.0,8141756.0,216.0,19366054124560.0,1.597,338000000.0,0.006145466197258456,873623342.2222222,547002705.6,,,1405-07-11,1405,-0.024531024531024515,False,سخواف
2026-10-03,14660.0,14860.0,14060.0,14260.0,14060.0,2330797150.0,163467.0,61.0,185380000000000.0,1.04,0.0,0.0,93241576.8,89655362.3076923,,,1405-07-11,1405,-0.015873015873015928,False,سپ
2026-10-03,22300.0,22400.0,21310.0,22120.0,22080.0,277904327860.0,12562683.0,1136.0,149310000000000.0,1.518,-12847539320.0,-0.04623008003845198,871658687.7738516,574174663.6283187,,,1405-07-11,1405,0.017011494252873627,False,سپاها
2026-10-03,48580.0,48580.0,45830.0,47760.0,47630.0,1092948481380.0,22885634.0,4115.0,429840000000000.0,0.654,-178538485680.0,-0.16335489615628565,641116812.1495328,980168759.7651664,,,1405-07-11,1405,0.01250794996820015,False,سپید
2026-10-03,10850.0,10850.0,10420.0,10480.0,10420.0,80125018940.0,7645403.0,1220.0,164536000000000.0,1.847,-35786244640.0,-0.44663009274041865,230924889.5833333,124998164.49297972,,,1405-07-11,1405,-0.02420856610800748,False,سپیدار
2026-10-03,10990.0,10990.0,10430.0,10840.0,10580.0,636730056750.0,58723096.0,2726.0,54134309600000.0,0.61,-169632168160.0,-0.26641143505277126,577944267.735369,946731961.4567528,,,1405-07-11,1405,0.015932521087160367,False,تلیسه
2026-10-03,2576.0,2591.0,2443.0,2469.0,2443.0,23983748375.0,9713817.0,274.0,51849000000000.0,0.746,-5101941600.0,-0.21272494691939495,245213929.51948053,328539920.17808217,,,1405-07-11,1405,-0.019459888800635428,False,تماوند
2026-10-03,8300.0,8430.0,8090.0,8110.0,8090.0,35649678890.0,4394155.0,144.0,2880436810000.0,0.516,0.0,0.0,556821828.90625,1079896880.3030305,,,1405-07-11,1405,-0.027577937649880147,False,تمحرکه
2026-10-03,2316.0,2316.0,2183.0,2231.0,2210.0,12499589555.0,5601525.0,231.0,174018000000000.0,1.254,-8477800000.0,-0.6782462706232437,100480056.875,80108988.9423077,,,1405-07-11,1405,-0.008444444444444477,False,تملت
2026-10-03,3074.0,3074.0,3070.0,3074.0,3074.0,494490617638.0,160862387.0,725.0,118349000000000.0,1.587,296223968864.0,0.5990487145720844,2087603270.288372,1315609778.0,,,1405-07-11,1405,0.02981574539363474,False,تنوین
2026-10-03,3500.0,3500.0,3360.0,3490.0,3500.0,254323600840.0,72867435.0,932.0,50256000000000.0,2.373,64181878270.0,0.25236304479023985,1825554890.2173915,769445477.7868853,,,1405-07-11,1405,0.026470588235294024,False,توریل
2026-10-03,2740.0,2740.0,2654.0,2681.0,2671.0,5848087489.0,2181164.0,459.0,134050000000000.0,7.321,-880692414.0,-0.1505949450408436,118262101.66666666,16153869.292817678,,,1405-07-11,1405,-0.009238728750923908,False,تکاردان
2026-10-03,8850.0,8850.0,8400.0,8720.0,8840.0,65231040640.0,7477563.0,321.0,15024799808720.0,1.283,2043619200.0,0.03132893757250352,702618982.8571429,547740780.8849558,,,1405-07-11,1405,0.013953488372093092,False,تکمبا
2026-10-03,172100.0,172100.0,172100.0,172100.0,172100.0,7472754100.0,43421.0,33.0,10326000000000.0,4.0,0.0,0.0,1494550820.0000002,373637705.00000006,,,1405-07-11,1405,0.029922202274087484,False,تکنار
2026-10-03,2259.0,2259.0,2259.0,2259.0,2259.0,14723791524.0,6517836.0,92.0,72288000000000.0,14.143,4461992613.0,0.3030464405670839,2103398789.142857,148721723.34782606,,,1405-07-11,1405,0.02962625341841396,False,تکیمیا
2026-10-03,31140.0,31140.0,29340.0,29960.0,29550.0,2051695010800.0,68479503.0,8024.0,958720000000000.0,0.35,-743860721520.0,-0.3625591121508614,533309577.74863386,1524660681.5602837,,,1405-07-11,1405,-0.0092592592592593,False,تیپیکو
2026-10-03,20700.0,20700.0,19500.0,19610.0,19500.0,5189390600.0,264686.0,18.0,3137600000000.0,0.9,0.0,0.0,519049246.0,576721384.4444444,,,1405-07-11,1405,-0.02437810945273633,False,ثاصفا
2026-10-03,12260.0,12260.0,12260.0,12260.0,12260.0,49567167740.0,4042999.0,159.0,39232000000000.0,1.226,10421000000.0,0.210239972851836,786780440.3174603,641740454.7540984,,,1405-07-11,1405,0.029387069689336798,False,ثالوند
2026-10-03,27060.0,28550.0,26900.0,28170.0,28550.0,768225477290.0,27269088.0,2949.0,19719000000000.0,0.806,29212261830.0,0.03802563530312672,1017936395.65337,1262571044.0674956,,,1405-07-11,1405,0.016233766233766156,False,ثامان
2026-10-03,7650.0,7850.0,7410.0,7640.0,7840.0,208307849090.0,27255191.0,825.0,35296800000000.0,1.584,85159779520.0,0.4088169499710329,1210637553.7209303,764409190.8074534,,,1405-07-11,1405,0.001310615989515096,False,ثباغ
2026-10-03,4480.0,4480.0,4330.0,4350.0,4330.0,537581736630.0,123643222.0,1907.0,104400000000000.0,1.19,26434693350.0,0.049173347137338,1083212280.375783,910210700.4621072,,,1405-07-11,1405,-0.013605442176870763,False,فاسمین
2026-10-03,10480.0,10770.0,10340.0,10350.0,10340.0,43102901420.0,4163058.0,210.0,4657500000000.0,0.607,-3348111150.0,-0.0776771641745318,503032141.1392405,828608659.6153846,,,1405-07-11,1405,-0.028169014084507005,False,فافزا
2026-10-03,16080.0,16080.0,15160.0,15370.0,15640.0,111793859270.0,7274461.0,462.0,107590000000000.0,0.832,-22136319730.0,-0.1980101579330691,551580546.7515923,663015033.9634145,,,1405-07-11,1405,-0.016005121638924424,False,فافق
2026-10-03,7160.0,7160.0,6780.0,7030.0,7040.0,244753966340.0,34791613.0,630.0,87875000000000.0,0.991,-18988768150.0,-0.077583086533608,1214582222.261905,1225486711.4835165,,,1405-07-11,1405,0.010057471264367734,False,فاما
2026-10-03,7360.0,7360.0,7220.0,7280.0,7360.0,19964804150.0,2741162.0,49.0,41124720000000.0,2.167,0.0,0.0,1662971613.3333333,767525360.0,,,1405-07-11,1405,-0.00137174211248281,False,فاهواز
2026-10-03,16100.0,16240.0,15500.0,15990.0,15820.0,132042434210.0,8257140.0,525.0,4520554230660.0,0.485,15421027830.0,0.11678842428392702,1109509820.1680672,2286483152.352941,,,1405-07-11,1405,0.013950538998097617,False,فبستم
2026-10-03,2364.0,2364.0,2360.0,2364.0,2364.0,33160385668.0,14027337.0,114.0,11820000000000.0,3.235,0.0,0.0,1950624980.470588,602920448.5090909,,,1405-07-11,1405,0.029616724738676048,False,فبیرا
2026-10-03,7420.0,7420.0,7000.0,7360.0,7420.0,214619878740.0,29148161.0,1404.0,19872000000000.0,1.973,10059721600.0,0.04687227324448725,618512051.550152,313502015.1701783,,,1405-07-11,1405,0.020804438280166426,False,فتوسا
2026-10-03,19980.0,19980.0,19410.0,19960.0,19980.0,169785088270.0,8504559.0,498.0,23952000000000.0,0.698,-2475040000.0,-0.014577487488560116,964213776.8275862,1381417841.1650486,,,1405-07-11,1405,0.028865979381443196,False,فجام
2026-10-03,5340.0,5340.0,5340.0,5320.0,5340.0,5902958820.0,1105423.0,22.0,11223215640000.0,0.818,0.0,0.0,534622760.0,653427817.7777778,,,1405-07-11,1405,0.01526717557251911,False,فجوش
2026-10-03,49460.0,49460.0,48020.0,49290.0,49460.0,911945639800.0,18503335.0,2132.0,50733368928000.0,1.091,-97041166200.0,-0.10641113018675348,1454373352.9598308,1332699086.8421054,,,1405-07-11,1405,0.026447313619325286,False,فپنتا
2026-10-03,4370.0,4370.0,4260.0,4350.0,4370.0,93619070050.0,21518934.0,493.0,21750000000000.0,1.667,9135000000.0,0.0975762736707509,874835167.2897197,524673061.49068326,,,1405-07-11,1405,0.0235294117647058,False,ناما
2026-10-03,8570.0,8770.0,8570.0,8760.0,8770.0,67424677020.0,7693140.0,549.0,13140000000000.0,6.541,17427582000.0,0.2584748310300471,923176800.0,141142159.3220339,,,1405-07-11,1405,0.028169014084507005,False,نبابک
2026-10-03,2115.0,2115.0,2115.0,2082.0,2115.0,3294804105.0,1557827.0,18.0,8408251191762.0,14.0,0.0,0.0,3243395814.0,231671129.57142857,,,1405-07-11,1405,0.01363193768257065,False,نتوس
2026-10-03,26950.0,26950.0,25760.0,26610.0,26360.0,110442787460.0,4150198.0,677.0,34593000000000.0,1.675,-8549260800.0,-0.07740895532083848,517157747.14285713,308840654.75728154,,,1405-07-11,1405,0.016813144822315662,False,نخریس
2026-10-03,9000.0,9000.0,8560.0,9000.0,9000.0,66632397700.0,7406199.0,139.0,18000000000000.0,2.324,6597000000.0,0.09900589244441972,1989599727.2727275,855939000.0,,,1405-07-11,1405,0.029748283752860427,False,نمرینو
2026-10-03,10030.0,10030.0,10030.0,10030.0,10030.0,76629250150.0,7640005.0,259.0,50150000000000.0,0.035,-70666304820.0,-0.9221844750101603,70152298.0,2016559214.4736843,,,1405-07-11,1405,-0.029980657640232056,False,نوین
2026-10-03,4020.0,4020.0,3800.0,3950.0,3870.0,119291792820.0,30223695.0,1191.0,47182599900000.0,2.159,11226765050.0,0.09411179750597029,366890828.1746032,169936660.35564852,,,1405-07-11,1405,0.010230179028132946,False,نیان
2026-10-03,12450.0,12450.0,12450.0,12450.0,12450.0,1559138400.0,125232.0,20.0,3735000000000.0,5.0,0.0,0.0,519712800.0,103942560.0,,,1405-07-11,1405,0.02977667493796532,False,نیرو
2026-10-03,15020.0,15220.0,14570.0,14620.0,14570.0,167078212100.0,11431419.0,1117.0,39112798280000.0,0.367,-59190824400.0,-0.35427015680879437,310148553.9655172,844053137.2727273,,,1405-07-11,1405,-0.026631158455392767,False,درهآور
2026-10-03,31410.0,31410.0,30160.0,31320.0,31410.0,56780556070.0,1812678.0,321.0,43837977600000.0,0.915,4384800000.0,0.07722361849704935,520853898.7155963,569437771.3043479,,,1405-07-11,1405,0.02688524590163932,False,دروز
2026-10-03,28700.0,28700.0,28700.0,28700.0,28700.0,275540032600.0,9600698.0,612.0,220990000000000.0,6.358,102746000000.0,0.37288955448864236,2642871609.90099,415655778.7341772,,,1405-07-11,1405,0.02978112665949051,False,دزاگرس
2026-10-03,5300.0,5380.0,5090.0,5110.0,5110.0,530303286640.0,103784590.0,2253.0,54338794650000.0,0.719,-104117251560.0,-0.19633529375178227,611553872.3349437,850425670.0878735,,,1405-07-11,1405,-0.024809160305343525,False,دزهراوی
2026-10-03,7400.0,7400.0,7020.0,7310.0,7230.0,2457602571690.0,336322337.0,6007.0,106148510000000.0,0.576,-222856592780.0,-0.09068048485429032,1287265440.5594404,2234319215.4870777,,,1405-07-11,1405,0.016689847009735637,False,دسبحا
2026-10-03,19760.0,19760.0,19190.0,19760.0,19760.0,2831355155830.0,143303139.0,4311.0,197600000000000.0,0.682,668151776240.0,0.23598303267049311,1929033309.632,2829772501.298702,,,1405-07-11,1405,0.02970297029702973,False,دسبحان
2026-10-03,102000.0,102000.0,97780.0,100520.0,100890.0,393274475670.0,3912356.0,1114.0,241248000000000.0,0.472,-102825325680.0,-0.2614594438269155,750128146.2258954,1589499333.7288136,,,1405-07-11,1405,0.015045945673028305,False,دسینا
2026-10-03,465800.0,465800.0,442500.0,464600.0,465800.0,27535628200.0,59263.0,124.0,23230000000000.0,1.828,-1613091200.0,-0.05858196472888169,657409000.0,359725484.6153846,,,1405-07-11,1405,0.027194340039796705,False,دشیری
2026-10-03,42000.0,43000.0,41940.0,41970.0,41940.0,50415189490.0,1201089.0,355.0,37773000000000.0,0.153,-22370010000.0,-0.44371567827662645,138126577.98029557,900173309.4642857,,,1405-07-11,1405,-0.029146426092991007,False,دشیمی
2026-10-03,30040.0,30040.0,29170.0,29960.0,30040.0,5194980573430.0,173384946.0,7480.0,1677760000000000.0,0.477,1335998070960.0,0.2571709464695657,1564043980.2396052,3279871823.4249477,,,1405-07-11,1405,0.02708261912924237,False,دعبید
2026-10-03,21040.0,21040.0,19820.0,20320.0,19820.0,3312997109490.0,163022899.0,6217.0,187065920000000.0,0.541,-281622154560.0,-0.08500525211848213,1482382929.6028452,2741282913.1034484,,,1405-07-11,1405,-0.005384238864415081,False,دفارا
2026-10-03,51300.0,51300.0,48430.0,49450.0,48970.0,128310723450.0,2594588.0,663.0,346150000000000.0,0.636,-11832890500.0,-0.09222058906566005,367672207.9268293,577854540.3954803,,,1405-07-11,1405,-0.009216589861751112,False,دفرا
2026-10-03,25620.0,25620.0,24140.0,25190.0,25550.0,1191666917230.0,47316342.0,3614.0,261724100000000.0,0.57,-33482321290.0,-0.028097046923001624,878740214.5945946,1540761456.7718794,,,1405-07-11,1405,0.012459807073954998,False,دقاضی
2026-10-03,30720.0,30720.0,28940.0,29790.0,29160.0,739532279370.0,24822777.0,2373.0,274574430000000.0,0.741,-58297093650.0,-0.07882968097033262,893932688.7012987,1206036382.419929,,,1405-07-11,1405,-0.001340931947703683,False,دلر
2026-10-03,22400.0,22400.0,21160.0,21400.0,21160.0,196719604570.0,9192757.0,717.0,72760000000000.0,0.399,-11834200000.0,-0.060157705307855885,524545121.34146345,1313464284.285714,,,1405-07-11,1405,-0.018798716185236097,False,دکوثر
2026-10-03,184500.0,184500.0,175300.0,177700.0,179600.0,193214431800.0,1087169.0,1189.0,53310000000000.0,0.646,-13549447300.0,-0.070126476442636,323604365.4427646,501160332.8220859,,,1405-07-11,1405,-0.01660210293303821,False,دکپسول
2026-10-03,78970.0,78970.0,76670.0,78870.0,78970.0,263761391990.0,3344269.0,549.0,45429120000000.0,1.106,102925350000.0,0.3902214392465074,1565247880.4191616,1414920053.839286,,,1405-07-11,1405,0.02869440459110484,False,دکیمی
2026-10-03,1854.0,1854.0,1854.0,1854.0,1854.0,4231691964.0,2282466.0,17.0,6987942321012.0,5.784,1854000000.0,0.4381226270183214,1057922991.0,182899381.84615383,,,1405-07-11,1405,0.030000000000000027,False,وفردا
2026-10-03,5250.0,5250.0,4950.0,5040.0,4950.0,19267207790.0,3825835.0,145.0,5040000000000.0,0.583,0.0,0.0,267808450.0,459100200.0,,,1405-07-11,1405,-0.0117647058823529,False,ولانا
2026-10-03,3280.0,3280.0,3120.0,3260.0,3280.0,114906908560.0,35244529.0,821.0,17249289180000.0,0.665,2608000000.0,0.022696633585248722,410347016.2142857,616973431.5384616,,,1405-07-11,1405,0.021943573667711602,False,ولتجار
2026-10-03,7790.0,7790.0,7350.0,7660.0,7790.0,944104319300.0,123288240.0,2427.0,15320000000000.0,1.186,-28778420840.0,-0.03048224677262103,1639428368.9051096,1381796076.0059612,,,1405-07-11,1405,0.011889035667107084,False,ولشرق
2026-10-03,3250.0,3260.0,3140.0,3150.0,3140.0,46129350130.0,14645187.0,352.0,18900000000000.0,0.491,-13372660350.0,-0.2898948351172013,251319890.76923075,511602735.00000006,,,1405-07-11,1405,-0.024767801857585092,False,ولصنم
2026-10-03,3720.0,3720.0,3720.0,3720.0,3720.0,68142785160.0,18317953.0,221.0,8928000000000.0,5.058,26226000000.0,0.3848683310848106,2523806857.7777777,499009347.1428572,,,1405-07-11,1405,0.027624309392265234,False,ولغدر
2026-10-03,4180.0,4180.0,3940.0,4050.0,4100.0,2593147360.0,641410.0,27.0,21993930000000.0,0.301,-1655145900.0,-0.6382768389992306,83321460.0,276484500.0,,,1405-07-11,1405,-0.0024630541871921707,False,ولقمان
2026-10-03,4040.0,4040.0,4040.0,4040.0,4040.0,74201439720.0,18366693.0,658.0,16160000000000.0,350.63,69084000000.0,0.9310331478835084,3372792714.5454545,9619247.593984962,,,1405-07-11,1405,0.027989821882951738,False,ولپارس
2026-10-03,5550.0,5550.0,5250.0,5250.0,5250.0,38166392820.0,7265043.0,468.0,15225000000000.0,2.857,1365000000.0,0.03576444875043866,340994860.2941176,119344556.25,,,1405-07-11,1405,-0.02957486136783738,False,ولکار
2026-10-03,4260.0,4300.0,4120.0,4240.0,4180.0,41943297800.0,9895914.0,742.0,84800000000000.0,4.227,-19776012960.0,-0.471493993016448,297961572.9411765,70488380.14084508,,,1405-07-11,1405,0.014354066985645897,False,وکبهمن
2026-10-03,12520.0,12520.0,11800.0,11920.0,11900.0,228688316890.0,19187212.0,851.0,9536000000000.0,0.658,-121251086320.0,-0.5302023643749246,574654977.1122994,872944912.3664122,,,1405-07-11,1405,-0.019736842105263164,False,وگستر
2026-10-03,68140.0,68140.0,64200.0,64620.0,64570.0,103008989970.0,1594159.0,608.0,738680589900000.0,0.934,-62329931820.0,-0.6050921559191365,289051722.0,309630038.85542166,,,1405-07-11,1405,-0.02357207615593837,False,نیشکر
2026-10-03,9510.0,9510.0,9510.0,9510.0,9510.0,126360292470.0,13287097.0,224.0,196381500000000.0,8.162,79454014860.0,0.628789418787264,2744606499.333333,336284561.90839696,,,1405-07-11,1405,0.02922077922077926,False,هجرت
2026-10-03,10110.0,10110.0,9530.0,9770.0,9550.0,289219655110.0,29590326.0,1322.0,871484000000000.0,0.385,-105502849580.0,-0.36478450795425266,281933550.1351351,732384420.2325581,,,1405-07-11,1405,-0.005091649694501044,False,همراه
2026-10-03,7570.0,7800.0,7460.0,7480.0,7460.0,100173147820.0,13394924.0,505.0,13381720000000.0,0.613,-9350000000.0,-0.09333838661834716,509195583.4482759,830085012.881356,,,1405-07-11,1405,-0.0273081924577373,False,وآذر
2026-10-03,2964.0,2964.0,2793.0,2903.0,2920.0,26336884541.0,9072440.0,74.0,11612000000000.0,2.166,-1884694369.0,-0.07156102180825519,1358477719.5,627078412.3809524,,,1405-07-11,1405,0.008336227856894807,False,وآرین
2026-10-03,12710.0,12900.0,12350.0,12720.0,12890.0,28566494900.0,2245253.0,146.0,3816000000000.0,1.457,4311202320.0,0.15091814151830016,712380012.3076923,488992045.00000006,,,1405-07-11,1405,0.015163607342378205,False,وآفر
2026-10-03,9900.0,9900.0,9900.0,9900.0,9900.0,5534040600.0,558994.0,81.0,277200000000000.0,0.548,0.0,0.0,131762871.42857143,240610460.8695652,,,1405-07-11,1405,-0.02941176470588236,False,وآفری
2026-10-03,7850.0,7860.0,7450.0,7490.0,7450.0,160984470810.0,21488899.0,800.0,114597000000000.0,0.436,-21482555850.0,-0.13344489528654307,530600287.1721312,1217330854.1935482,,,1405-07-11,1405,-0.02473958333333337,False,واتی
2026-10-03,32740.0,34160.0,32180.0,33650.0,34160.0,111339601230.0,3308703.0,382.0,39798528000000.0,1.477,19853500000.0,0.1783148114477938,1180865488.8297873,799542596.0526315,,,1405-07-11,1405,0.014470907446487713,False,واحصا
2026-10-03,3930.0,3930.0,3710.0,3720.0,3710.0,59663281510.0,16021111.0,352.0,13020000000000.0,0.46,-27423590760.0,-0.45963933035435883,279782105.73913044,608148295.1020408,,,1405-07-11,1405,-0.02617801047120416,False,واعتبار
2026-10-03,6140.0,6170.0,5960.0,6000.0,5960.0,455575368680.0,75990692.0,987.0,2250000000000000.0,0.09,-266614620000.0,-0.585226152090923,219967683.2579185,2443623860.465116,,,1405-07-11,1405,-0.0228013029315961,False,وامید
2026-10-03,249600.0,249600.0,246900.0,249600.0,249600.0,1051784431200.0,4213915.0,1584.0,499142351136000.0,3.768,179277945600.0,0.17045122582339284,2556346116.591928,678450066.6666667,,,1405-07-11,1405,0.02970297029702973,False,آلومینا
2026-10-03,5160.0,5160.0,5160.0,5140.0,5160.0,6132309120.0,1188432.0,45.0,25700000000000.0,6.215,-1046997440.0,-0.1707346155439731,1265385760.0,203618016.0,,,1405-07-11,1405,0.02594810379241519,False,آواپارس
2026-10-03,5020.0,5020.0,5020.0,4940.0,5020.0,229519420.0,45721.0,7.0,2064085140000.0,6.0,0.0,0.0,225861740.0,37643623.333333336,,,1405-07-11,1405,0.0020283975659229903,False,آینده
2026-10-03,1357.0,1406.0,1357.0,1400.0,1406.0,19119006763.0,13652583.0,263.0,15107610000000.0,4.939,0.0,0.0,579200490.9090909,117261449.0797546,,,1405-07-11,1405,0.015228426395939021,False,استقلال
2026-10-03,2365.0,2377.0,2270.0,2338.0,2340.0,15958132255.0,6826794.0,135.0,17768800000000.0,0.963,-172740792.0,-0.010824624664072255,406157421.52631575,421803319.1891892,,,1405-07-11,1405,0.001713796058269157,False,اعتلا
2026-10-03,9400.0,9400.0,8900.0,8930.0,8900.0,136989603320.0,15341902.0,924.0,18217200000000.0,0.312,-5358000000.0,-0.03911245722410053,316454771.2980769,1014838406.3703704,,,1405-07-11,1405,-0.026172300981461283,False,افرا
2026-10-03,79690.0,79710.0,75720.0,78680.0,79250.0,948715530120.0,12057651.0,2211.0,2360400000000000.0,0.731,23111620560.0,0.02436095945122421,830439091.8518518,1136654761.0526316,,,1405-07-11,1405,0.016668820261015682,False,افق
2026-10-03,3700.0,3710.0,3620.0,3630.0,3630.0,58858116140.0,16232135.0,293.0,126247770000000.0,0.793,-10276530000.0,-0.17459835064303164,631767792.8571429,796252027.7027028,,,1405-07-11,1405,-0.02680965147453085,False,امید
2026-10-03,2920.0,2920.0,2781.0,2866.0,2842.0,23744886021.0,8284937.0,707.0,91712000000000.0,3.519,-14997594576.0,-0.6316136688437297,147664286.50847456,41964225.628318585,,,1405-07-11,1405,0.0024484085344524953,False,امین
2026-10-03,23000.0,23400.0,22530.0,22640.0,22530.0,483877747840.0,21371708.0,1909.0,91692000000000.0,0.275,-99969704720.0,-0.20660116148398744,397319489.6995708,1442550518.7730062,,,1405-07-11,1405,-0.0249784668389319,False,انرژی
2026-10-03,13720.0,14380.0,13660.0,13700.0,13690.0,78841067940.0,5756687.0,298.0,13700000000000.0,0.848,0.0,0.0,857245781.5217391,1011110408.9743588,,,1405-07-11,1405,-0.026988636363636354,False,اوان
2026-10-03,2250.0,2250.0,2250.0,2250.0,2250.0,6548868000.0,2910608.0,26.0,9258750000000.0,46.853,5850000000.0,0.8932841523145679,6548868000.0,139773600.0,,,1405-07-11,1405,0.029748283752860427,False,باران
2026-10-03,3470.0,3470.0,3470.0,3390.0,3470.0,35186955510.0,10140333.0,156.0,1866588505498020.0,1.752,3459230580.0,0.09831002795956302,1041688753.6363636,594548044.0384616,,,1405-07-11,1405,0.005934718100890191,False,وشهر
2026-10-03,6730.0,6740.0,6560.0,6720.0,6600.0,77143137640.0,11484338.0,308.0,78288000000000.0,2.563,48661011840.0,0.6307886006281452,720886499.4174757,281212061.5384615,,,1405-07-11,1405,0.025954198473282508,False,وصنا
2026-10-03,28160.0,28160.0,28160.0,28160.0,28160.0,601092011520.0,21345597.0,545.0,1148083200000000.0,2.939,224465359360.0,0.3734292838003079,6524581888.0,2220158146.865672,,,1405-07-11,1405,0.029992684711046103,False,وصندوق
2026-10-03,3040.0,3040.0,2886.0,2922.0,2936.0,41639577851.0,14249102.0,443.0,99348000000000.0,0.665,-5217464760.0,-0.12530061612703644,212973165.4035088,320275969.56923074,,,1405-07-11,1405,-0.017815126050420127,False,وصنعت
2026-10-03,6060.0,6060.0,5780.0,5860.0,5920.0,26023246010.0,4440046.0,147.0,26370000000000.0,0.201,-20889769020.0,-0.8027349475147201,113584900.88888888,565241077.3913044,,,1405-07-11,1405,-0.015126050420168013,False,وطوبی
2026-10-03,2120.0,2150.0,2043.0,2087.0,2111.0,55694761037.0,26691247.0,371.0,6600137500000.0,0.855,1927532330.0,0.0346088625592535,358355902.05806446,418887753.8203125,,,1405-07-11,1405,-0.009021842355175669,False,وفتخار
2026-10-03,25550.0,25550.0,25550.0,25550.0,25550.0,253010229150.0,9902553.0,595.0,38325000000000.0,0.98,27083000000.0,0.10704310292507396,1317761610.15625,1344804935.4166665,,,1405-07-11,1405,0.029826682789197978,False,ولملت
2026-10-03,3220.0,3220.0,3160.0,3210.0,3220.0,33265969680.0,10351274.0,638.0,38520000000000.0,11.189,8983932930.0,0.2700637623499451,434192335.5737705,38806650.86474501,,,1405-07-11,1405,0.025231555413605777,False,ولنوین
2026-10-03,3210.0,3210.0,3030.0,3100.0,3100.0,40094156420.0,12931439.0,530.0,80600000000000.0,2.289,-8913978700.0,-0.22232613168420418,313240200.0,136853659.352518,,,1405-07-11,1405,-0.007364713416586621,False,ومدیر
2026-10-03,35990.0,37320.0,35160.0,37000.0,37320.0,170184199830.0,4599670.0,533.0,38480000000000.0,0.645,-9455165000.0,-0.055558418522077435,1131919894.366197,1754513298.9690723,,,1405-07-11,1405,0.020971302428256067,False,ومشان
2026-10-03,3360.0,3360.0,3250.0,3260.0,3250.0,12675483170.0,3891222.0,156.0,24450000000000.0,0.407,-6520000.0,-0.0005143788140109218,156529181.72839507,384405567.27272725,,,1405-07-11,1405,-0.0268656716417911,False,ومعلم
2026-10-03,4630.0,4630.0,4630.0,4630.0,4630.0,721761440.0,155888.0,15.0,4630000000000.0,4.0,0.0,0.0,240587146.66666663,60146786.66666666,,,1405-07-11,1405,0.008714596949890963,False,وملت
2026-10-03,295100.0,295600.0,278500.0,281200.0,278500.0,225126594600.0,800608.0,835.0,69557671368000.0,0.613,-26427176000.0,-0.11738806801992997,540033720.2380953,880841127.118644,,,1405-07-11,1405,-0.020550330895158453,False,وملی
2026-10-03,41300.0,43550.0,41300.0,43320.0,43550.0,314947250370.0,7269734.0,1186.0,866400000000000.0,1.978,-70151671560.0,-0.22274101925825934,317554389.3975904,160580176.17304492,,,1405-07-11,1405,0.02435563963111842,False,ومپنا
2026-10-03,10700.0,10700.0,10130.0,10180.0,10130.0,263270241600.0,25860462.0,1615.0,61080000000000.0,0.426,11858264620.0,0.04504217623660205,386220774.0923077,906004691.439394,,,1405-07-11,1405,-0.02490421455938696,False,ونفت
2026-10-03,1758.0,1758.0,1671.0,1706.0,1700.0,40044714472.0,23476035.0,613.0,25590000000000.0,2.218,2053660622.0,0.05128418691650198,278125803.5416667,125400841.87458745,,,1405-07-11,1405,-0.0005858230814294041,False,وهامون
2026-10-03,4890.0,4890.0,4610.0,4810.0,4860.0,19612302320.0,4074061.0,120.0,4779927880000.0,2.158,4932438550.0,0.25149717098588964,506828687.3684211,234869697.86885244,,,1405-07-11,1405,0.012631578947368327,False,وهنر
2026-10-03,5740.0,5740.0,5650.0,5740.0,5740.0,110460461200.0,19248465.0,364.0,11778480000000.0,0.666,48150208120.0,0.43590446388612397,741518047.6510067,1113142517.5,,,1405-07-11,1405,0.028673835125448077,False,ویسا
2026-10-03,12500.0,12500.0,12180.0,12260.0,12180.0,401600020.0,32753.0,8.0,29424000000000.0,0.333,0.0,0.0,66925296.66666666,200775890.0,,,1405-07-11,1405,-0.023107569721115495,False,تاتمس
2026-10-03,36790.0,36790.0,36790.0,36790.0,36790.0,8086813247890.0,219810091.0,19884.0,3513445000000000.0,0.582,4797119730130.0,0.5932027342639151,1024438756.9565216,1760067863.4995296,,,1405-07-11,1405,0.029955207166853404,False,تاصیکو
2026-10-03,2549.0,2549.0,2482.0,2542.0,2549.0,147326794108.0,57951234.0,404.0,25420000000000.0,1.764,5149433622.0,0.03495245826244705,1567149327.9574468,888516270.0375,,,1405-07-11,1405,0.027070707070707023,False,تاپکیش
2026-10-03,3590.0,3590.0,3390.0,3520.0,3460.0,334001937320.0,94970587.0,1241.0,196416000000000.0,0.823,808051200.0,0.002419300937245234,791177843.3613445,961498848.8205128,,,1405-07-11,1405,0.008595988538681931,False,تایرا
2026-10-03,22010.0,22010.0,21400.0,21940.0,22010.0,56295822710.0,2565648.0,423.0,48959202213820.0,1.187,1206700000.0,0.02143498295097569,396410683.943662,333840103.7575757,,,1405-07-11,1405,0.02667290594291072,False,تبرک
2026-10-03,8050.0,8090.0,7640.0,7680.0,7640.0,8315076280.0,1082274.0,61.0,6932882511360.0,1.278,0.0,0.0,461770240.0,361385405.2173913,,,1405-07-11,1405,-0.02414231257941546,False,تشتاد
2026-10-03,1884.0,1884.0,1777.0,1814.0,1825.0,24230198481.0,13355424.0,181.0,54420000000000.0,0.847,-62163966.0,-0.0025655574405940417,331021577.6712329,390753857.032258,,,1405-07-11,1405,-0.00928454396504641,False,تفارس
2026-10-03,26330.0,26330.0,26330.0,26330.0,26330.0,19714034570.0,748729.0,43.0,64839388820370.0,17.885,17509450000.0,0.888171821847424,1642836214.1666667,91857690.41666669,,,1405-07-11,1405,0.01191391237509598,False,تپسی
2026-10-03,20740.0,20740.0,19540.0,20300.0,20610.0,12662801100.0,623886.0,124.0,2557191000000.0,1.536,0.0,0.0,452317350.00000006,294532227.9069768,,,1405-07-11,1405,0.00794438927507457,False,تپولا
2026-10-03,11860.0,11860.0,11860.0,11860.0,11860.0,9248748220.0,779827.0,33.0,13567840000000.0,1.702,593000000.0,0.06411678487664572,764083135.5555555,448839158.5714286,,,1405-07-11,1405,0.02951388888888884,False,پلوله
2026-10-03,33140.0,33140.0,32600.0,33100.0,33140.0,287660322930.0,8689404.0,1126.0,56411528086300.0,0.671,-19211769600.0,-0.06678630338837185,958350729.4964027,1428166362.0,,,1405-07-11,1405,0.02858918582970782,False,غفارس
2026-10-03,24320.0,24390.0,24300.0,24390.0,24390.0,128562656840.0,5271325.0,136.0,62779860000000.0,4.329,1544228460.0,0.01201148527851161,1689264950.0000002,390261602.5714286,,,1405-07-11,1405,0.029983108108108114,False,غمایه
2026-10-03,22620.0,22630.0,21410.0,21990.0,21700.0,203090113720.0,9234377.0,1161.0,109950000000000.0,0.501,-44713036650.0,-0.22016353150329016,309300437.394958,617170562.2186495,,,1405-07-11,1405,0.0,False,غمهرا
2026-10-03,9640.0,9640.0,9640.0,9640.0,9640.0,277766873240.0,28813991.0,492.0,67480000000000.0,3.574,-35253316120.0,-0.12691692032526838,3013481443.809524,843081075.2059926,,,1405-07-11,1405,0.029914529914529808,False,غمینو
2026-10-03,18070.0,18070.0,17900.0,18070.0,18070.0,584367106740.0,32341484.0,1321.0,18070000000000.0,1.097,-199793376380.0,-0.34189702684427997,1103599604.8034935,1005594857.511111,,,1405-07-11,1405,0.029629629629629672,False,غنوش
2026-10-03,5970.0,5970.0,5670.0,5700.0,5730.0,12941328420.0,2268576.0,150.0,2280000000000.0,0.652,0.0,0.0,195922472.72727275,300718213.9534884,,,1405-07-11,1405,-0.023972602739726012,False,غنیلی
2026-10-03,6780.0,6780.0,6780.0,6780.0,6780.0,238024076880.0,35106796.0,479.0,47460000000000.0,2.41,2373000000.0,0.009969579679102588,2178283604.8484845,903716427.457627,,,1405-07-11,1405,0.028831562974203306,False,غویتا
2026-10-03,4040.0,4040.0,3820.0,4000.0,4040.0,34994514600.0,8745379.0,356.0,15000000000000.0,2.701,869668000.0,0.024851552020098602,608355259.2592592,225221943.66197184,,,1405-07-11,1405,0.01781170483460559,False,غگرجی
2026-10-03,3390.0,3390.0,3290.0,3300.0,3290.0,415311075940.0,125821463.0,2399.0,8704469400000.0,0.539,-7590000000.0,-0.018275457698355552,517285314.5939086,958916461.6628176,,,1405-07-11,1405,-0.026548672566371723,False,غگز
2026-10-03,7020.0,7030.0,6640.0,6920.0,7030.0,306655634960.0,44302045.0,1250.0,103800000000000.0,2.68,7597481840.0,0.02477528854472546,1285141110.6666665,479492050.0914077,,,1405-07-11,1405,0.013177159590043841,False,غگل
2026-10-03,17580.0,17580.0,16710.0,17540.0,17580.0,439498779970.0,25062818.0,1379.0,19557100000000.0,0.573,-154334460.0,-0.00035116015569038625,968333591.1512415,1689472895.03937,,,1405-07-11,1405,0.027533684827182103,False,غگلستا
2026-10-03,26980.0,26980.0,26550.0,26890.0,26980.0,106736958930.0,3969265.0,238.0,31730200000000.0,1.565,30322750510.0,0.28408857451041114,1247261967.8205128,797186702.1428572,,,1405-07-11,1405,0.026335877862595503,False,غگلپا
2026-10-03,16050.0,16050.0,15170.0,15270.0,15240.0,289990788440.0,18993833.0,2332.0,30540000000000.0,2.578,-15297486000.0,-0.05275162732682834,553907951.4314516,214841355.4888889,,,1405-07-11,1405,-0.02303262955854124,False,شاروم
2026-10-03,44940.0,44940.0,42340.0,42900.0,43210.0,246756468900.0,5752153.0,930.0,214500000000000.0,1.054,35264572200.0,0.14291245274015996,538548143.0232558,510743097.04433495,,,1405-07-11,1405,-0.016956920256645303,False,شاملا
2026-10-03,55300.0,55370.0,52210.0,54330.0,55100.0,1299760252310.0,23923758.0,2613.0,434640000000000.0,1.529,-100843379910.0,-0.07758613923666001,1765896925.8552632,1155210227.1195652,,,1405-07-11,1405,0.010602678571428603,False,شاوان
2026-10-03,58990.0,58990.0,55670.0,56390.0,55740.0,4088600037660.0,72509587.0,7713.0,1691700000000000.0,0.625,818238410940.0,0.20012679239916475,1486864114.4004226,2379493870.822408,,,1405-07-11,1405,-0.017424638438752416,False,شبریز
2026-10-03,17500.0,17500.0,16510.0,16710.0,16650.0,354140797190.0,21189304.0,1668.0,167100000000000.0,0.486,-63998548050.0,-0.18071498273514122,435611702.3642733,896082607.7363898,,,1405-07-11,1405,-0.01821386603995301,False,شبصیر
2026-10-03,13620.0,13620.0,12840.0,13430.0,13620.0,724262005660.0,53914716.0,2396.0,22998875000000.0,0.607,-18566518380.0,-0.025635085417853507,1083330950.0,1784522557.728395,,,1405-07-11,1405,0.015117157974300799,False,شتوکا
2026-10-03,12030.0,12030.0,11720.0,12010.0,12030.0,332052921600.0,27636820.0,786.0,109291000000000.0,1.284,-55380259790.0,-0.1667814260544666,1587689545.4961834,1236467559.859155,,,1405-07-11,1405,0.028253424657534332,False,شجم
2026-10-03,52700.0,52700.0,50000.0,52070.0,51210.0,356978669140.0,6855281.0,1132.0,124968000000000.0,0.997,-28657245200.0,-0.08027719210517084,900205842.8178694,902537718.8198756,,,1405-07-11,1405,0.017588430721125592,False,شپاس
2026-10-03,6260.0,6390.0,6030.0,6140.0,6030.0,487995290830.0,79445095.0,1513.0,171599037640000.0,0.664,-13791152240.0,-0.02826083058413025,951638537.3469388,1433116524.0,,,1405-07-11,1405,-0.011272141706924366,False,شپلی
2026-10-03,71820.0,71820.0,71820.0,71820.0,71820.0,34767631080.0,484094.0,83.0,251370000000000.0,5.827,23431634100.0,0.6739496874573946,1738381554.0,298315710.00000006,,,1405-07-11,1405,0.02997275204359684,False,کخاک
2026-10-03,88530.0,91140.0,88040.0,88240.0,88040.0,187019748930.0,2119504.0,943.0,22060000000000.0,0.649,-31730662800.0,-0.1696647706006521,395151069.1094147,609202061.7589576,,,1405-07-11,1405,-0.027765535478184167,False,کدما
2026-10-03,10200.0,10300.0,9830.0,9900.0,9830.0,47520039970.0,4798602.0,439.0,24750000000000.0,0.209,-12025728000.0,-0.25306645380753034,146010007.4074074,698619997.0588236,,,1405-07-11,1405,-0.022704837117472843,False,کربن
2026-10-03,29100.0,29100.0,28020.0,28110.0,28020.0,274505404420.0,9764140.0,1094.0,587296270680000.0,0.309,-33972284280.0,-0.12375816189039969,360101208.1024668,1165341775.78125,,,1405-07-11,1405,-0.026662049861495896,False,کرماشا
2026-10-03,33420.0,33420.0,31490.0,33150.0,33420.0,526392228900.0,15880961.0,1321.0,82875000000000.0,0.642,-173127698250.0,-0.32889485965965787,1557244134.1935484,2423979760.526316,,,1405-07-11,1405,0.02157164869029282,False,کساوه
2026-10-03,3770.0,3780.0,3620.0,3640.0,3620.0,39669069900.0,10887433.0,429.0,12922000000000.0,0.495,-192592400.0,-0.004854976446019472,206479914.7643979,417160590.73684216,,,1405-07-11,1405,-0.024128686327077764,False,کساپا
2026-10-03,16500.0,16500.0,15650.0,16460.0,16480.0,152570318260.0,9269869.0,489.0,16151361107760.0,1.325,32304758120.0,0.21173684690719738,1048131535.6944444,790841220.1333333,,,1405-07-11,1405,0.027465667915106184,False,کسرام
2026-10-03,29290.0,29290.0,29290.0,29290.0,29290.0,201605764680.0,6883092.0,218.0,29290000000000.0,4.36,14645000000.0,0.07264177204082119,8765468029.565218,2010330803.0107524,,,1405-07-11,1405,0.029887482419127975,False,کسعدی
2026-10-03,132800.0,133200.0,125600.0,131100.0,133100.0,17800836300.0,135777.0,177.0,11012400000000.0,1.137,346104000.0,0.019443131444335567,286135421.3114754,251590539.70588237,,,1405-07-11,1405,0.013137557959814528,False,کشرق
2026-10-03,8220.0,8220.0,8030.0,8150.0,8110.0,31873942690.0,3911965.0,160.0,18777600000000.0,0.816,1143298300.0,0.03586937176613214,522664176.2295082,640400342.7083334,,,1405-07-11,1405,0.020025031289111483,False,کصدف
2026-10-03,21700.0,21700.0,21700.0,21700.0,21700.0,70154081900.0,3232907.0,133.0,42315000000000.0,13.416,15878996700.0,0.22634458708524557,3821461622.2222223,284833198.4615385,,,1405-07-11,1405,0.029900332225913706,False,کطبس
2026-10-03,4930.0,4930.0,4790.0,4920.0,4930.0,1016775004090.0,206495141.0,2591.0,97008897060000.0,0.582,-64132200000.0,-0.06307413119129286,1669571391.582734,2868248247.7456646,,,1405-07-11,1405,0.02713987473903967,False,کفرا
2026-10-03,6320.0,6320.0,6190.0,6310.0,6320.0,200175413120.0,31713811.0,572.0,15775000000000.0,2.796,4940730000.0,0.024682002264874357,1811841474.1,647953740.4779412,,,1405-07-11,1405,0.027687296416938123,False,کفپارس
2026-10-03,8670.0,8670.0,8290.0,8300.0,8290.0,362074918350.0,43639212.0,1062.0,182600000000000.0,0.448,89763927300.0,0.24791534224204292,675307348.583878,1508233874.6575344,,,1405-07-11,1405,-0.02810304449648715,False,حتاید
2026-10-03,2770.0,2770.0,2619.0,2629.0,2619.0,90223972645.0,34323524.0,480.0,15603115000000.0,0.428,-20175258851.0,-0.22361306268770315,297803318.2369942,696070222.3883495,,,1405-07-11,1405,-0.026296296296296262,False,حتوکا
2026-10-03,12460.0,12460.0,12460.0,12460.0,12460.0,121865864820.0,9780567.0,260.0,186900000000000.0,1.761,9205684740.0,0.07553948559424009,1168640624.117647,663654271.3043479,,,1405-07-11,1405,0.02975206611570247,False,حخزر
2026-10-03,30190.0,30230.0,29050.0,29600.0,29070.0,5762902700.0,194689.0,50.0,5920000000000.0,0.689,-888000000.0,-0.15408901489868987,180547940.74074072,261945200.0,,,1405-07-11,1405,-0.0013495276653171517,False,حرهشا
2026-10-03,3006.0,3006.0,2860.0,2924.0,2871.0,34701380227.0,11868795.0,419.0,14824680000000.0,1.125,362014592.0,0.010432282221394997,262911792.27272725,233621374.0680272,,,1405-07-11,1405,0.0017129153819801513,False,حریل
2026-10-03,20500.0,20800.0,19660.0,19890.0,19660.0,208248378300.0,10470553.0,800.0,178912897020000.0,0.475,-60805341090.0,-0.2919847039692409,400862535.0439882,844014810.0,,,1405-07-11,1405,-0.018262586377097767,False,حسینا
2026-10-03,9700.0,9700.0,9560.0,9690.0,9680.0,761858349280.0,78620009.0,1066.0,191371094910000.0,0.829,-30191559360.0,-0.03962883571274471,1467742454.2857144,1770188751.5044248,,,1405-07-11,1405,0.02866242038216571,False,حفارس
2026-10-03,8480.0,8580.0,8230.0,8290.0,8230.0,727531572060.0,87720981.0,3057.0,961640000000000.0,0.237,-73772859220.0,-0.10140159142662733,370785365.1856594,1562056458.4688995,,,1405-07-11,1405,-0.02240566037735847,False,حکشتی
2026-10-03,2370.0,2370.0,2290.0,2294.0,2290.0,49692347319.0,21657715.0,285.0,4083320000000.0,1.0,0.0,0.0,636958951.4102564,636958951.4102564,,,1405-07-11,1405,-0.027966101694915202,False,حگردش
2026-10-03,3038.0,3038.0,2862.0,2887.0,2862.0,52043198194.0,18026180.0,224.0,63398520000000.0,0.539,-20174370435.0,-0.3876466307815395,424896149.6666666,788508813.030303,,,1405-07-11,1405,-0.021355932203389827,False,حگهر
2026-10-03,29690.0,29710.0,29680.0,30140.0,29680.0,3762014400.0,126725.0,24.0,9042000000000.0,1.444,0.0,0.0,424387944.4444444,293807038.4615385,,,1405-07-11,1405,-0.014710689767898022,False,خبازرس
2026-10-03,9670.0,9670.0,9500.0,9670.0,9670.0,237949375830.0,24609079.0,445.0,52218000000000.0,1.443,10790153460.0,0.04534642472737097,1506426251.6,1044194870.5294118,,,1405-07-11,1405,0.029818956336528313,False,فرود
2026-10-03,4040.0,4090.0,3950.0,3970.0,3950.0,56978464770.0,14364989.0,421.0,35475126000000.0,0.244,12382430000.0,0.21731771907128553,308661295.38922155,1263355042.9032257,,,1405-07-11,1405,-0.02457002457002455,False,فروس
2026-10-03,16300.0,16300.0,15360.0,15810.0,15900.0,185061993770.0,11706581.0,844.0,25296000000000.0,0.594,-6296126970.0,-0.03402171802939179,566357221.4423077,953122812.8125,,,1405-07-11,1405,-0.0012634238787112562,False,فروسیل
2026-10-03,2300.0,2300.0,2184.0,2218.0,2184.0,129780588865.0,58512801.0,546.0,43916400000000.0,0.283,0.0,0.0,362294251.2390573,1280968959.7380953,,,1405-07-11,1405,-0.01466015104398044,False,فروژ
2026-10-03,361200.0,361200.0,361200.0,361200.0,361200.0,707838944400.0,1959687.0,2816.0,1950480000000000.0,2.203,-39362492400.0,-0.0556093906833081,1044803371.6981132,474297464.1509434,,,1405-07-11,1405,0.029940119760478945,False,فزر
2026-10-03,864.0,864.0,864.0,864.0,864.0,8520008544.0,9861121.0,31.0,3011904000000.0,2.111,0.0,0.0,946667616.0,448421502.3157895,,,1405-07-11,1405,0.018867924528301883,False,فسا
2026-10-03,84400.0,84400.0,80080.0,83770.0,84400.0,541597552460.0,6465135.0,1820.0,335080000000000.0,1.583,-131786377610.0,-0.24332897556757913,897747800.3598971,567229094.2806604,,,1405-07-11,1405,0.02220866381940212,False,فسبزوار
2026-10-03,172300.0,172300.0,162300.0,166100.0,162300.0,304310877100.0,1832139.0,781.0,16244580000000.0,0.723,-4887990800.0,-0.016062491247704404,1367261630.5936072,1890175701.242236,,,1405-07-11,1405,-0.0071727435744172174,False,فسدید
2026-10-03,27700.0,27700.0,26980.0,27680.0,27700.0,2539464165950.0,91731711.0,5521.0,66432000000000.0,0.371,100244420960.0,0.03947463496595515,1126534966.062847,3035814604.675325,,,1405-07-11,1405,0.028996282527881112,False,فسوژ
2026-10-03,8940.0,8940.0,8940.0,8940.0,8940.0,99268302780.0,11103837.0,124.0,375480000000000.0,2.078,32184000000.0,0.3242122520350398,2290348848.292682,1102148263.9285717,,,1405-07-11,1405,0.02995391705069128,False,فغدیر
2026-10-03,12820.0,12820.0,12230.0,12550.0,12580.0,39441003260.0,3141655.0,192.0,4806650000000.0,0.945,0.0,0.0,540106441.7808219,571416960.1449275,,,1405-07-11,1405,0.008032128514056325,False,فکمند
2026-10-03,4500.0,4500.0,4370.0,4500.0,4500.0,273780493300.0,60855689.0,753.0,33075000000000.0,2.677,17920476000.0,0.06545563485548735,2113599189.3203888,789645219.367589,,,1405-07-11,1405,0.029748283752860427,False,ختور
2026-10-03,5690.0,5710.0,5390.0,5570.0,5540.0,161549650140.0,28995340.0,1116.0,34541307840000.0,1.047,-5609469020.0,-0.034722879406664124,473970590.3514377,452830187.6470589,,,1405-07-11,1405,0.003603603603603567,False,ختوقا
2026-10-03,56010.0,57000.0,54130.0,54540.0,54840.0,380001073420.0,6967473.0,1421.0,654480000000000.0,0.712,-20424139200.0,-0.05374758291123566,406512173.7062937,571313377.4780059,,,1405-07-11,1405,-0.022580645161290325,False,خراسان
2026-10-03,19600.0,19600.0,19030.0,19580.0,19600.0,195278032290.0,9972735.0,531.0,19580000000000.0,1.63,19599952020.0,0.10036946701149085,1446415935.5555556,887203026.6666666,,,1405-07-11,1405,0.028901734104046284,False,خرینگ
2026-10-03,3200.0,3200.0,3040.0,3140.0,3130.0,80544895610.0,25635451.0,690.0,16885130200000.0,1.028,0.0,0.0,377912282.3474178,367558521.1872146,,,1405-07-11,1405,0.007702182284980763,False,خشرق
2026-10-03,2732.0,2732.0,2732.0,2732.0,2732.0,85880843460.0,31435155.0,276.0,71635927724000.0,3.985,-2732000000.0,-0.03181151802814397,1933694033.9534888,485202505.4237288,,,1405-07-11,1405,0.029777610252544218,False,خصدرا
2026-10-03,7540.0,7540.0,7120.0,7250.0,7160.0,9918645130.0,1368109.0,70.0,10153958500000.0,1.267,0.0,0.0,330626341.6666666,261020796.0526316,,,1405-07-11,1405,-0.010914051841746208,False,خعمرا
2026-10-03,26000.0,26060.0,25130.0,25900.0,26060.0,21853314880.0,843849.0,118.0,2590000000000.0,0.677,-12302629500.0,-0.5629639973411668,308163212.9032258,455326856.25,,,1405-07-11,1405,0.02290679304897325,False,خفناور
2026-10-03,15680.0,15680.0,14780.0,14860.0,14780.0,27282164840.0,1835395.0,139.0,4309400000000.0,0.744,0.0,0.0,634278365.1162791,852311553.125,,,1405-07-11,1405,-0.024294156270518674,False,خفولا
2026-10-03,5950.0,5950.0,5950.0,5950.0,5950.0,52039080800.0,8746064.0,136.0,33126890846000.0,6.328,29863050000.0,0.5738581377863231,1867363232.0,295105803.5087719,,,1405-07-11,1405,0.02941176470588225,False,خپویش
2026-10-03,24260.0,24270.0,23570.0,24040.0,24010.0,7562582680.0,314600.0,73.0,22888357765960.0,2.082,480800000.0,0.06357616443275699,378149200.0,181594461.53846157,,,1405-07-11,1405,0.01994060246075513,False,خچرخش
2026-10-03,5000.0,5000.0,4740.0,4790.0,4820.0,70662176090.0,14746024.0,713.0,47900000000000.0,0.653,1526850820.0,0.021607752612307074,324865985.7276995,497570618.6764706,,,1405-07-11,1405,-0.018442622950819665,False,لخزر
2026-10-03,6570.0,6750.0,6440.0,6550.0,6440.0,57996637390.0,8847962.0,373.0,9281350000000.0,0.774,0.0,0.0,435745496.9924812,562661661.1650486,,,1405-07-11,1405,-0.012066365007541435,False,لسرما
2026-10-03,4140.0,4140.0,4060.0,4140.0,4140.0,233642732630.0,56455713.0,1014.0,25662448260000.0,2.632,7987186080.0,0.03418546765864369,1271885799.4382024,483204615.53097343,,,1405-07-11,1405,0.029850746268656803,False,لطیف
2026-10-03,3800.0,3800.0,3620.0,3630.0,3630.0,29114995190.0,8012603.0,164.0,54450000000000.0,0.363,-14297873040.0,-0.49108278901281865,237922185.8490566,656286558.292683,,,1405-07-11,1405,-0.02680965147453085,False,ما
2026-10-03,31190.0,31190.0,29410.0,31020.0,31190.0,4952026260980.0,159620331.0,12537.0,2016300000000000.0,0.88,-260863155300.0,-0.05267806379693461,1866244238.5216472,2120407677.6871507,,,1405-07-11,1405,0.024100363156157156,False,مارون
2026-10-03,17760.0,17760.0,17050.0,17690.0,17760.0,1183513816100.0,66915279.0,2194.0,159210000000000.0,1.638,115518901890.0,0.09760672019078426,2674234546.78392,1633091992.6506023,,,1405-07-11,1405,0.025507246376811565,False,محتشم
2026-10-03,9800.0,9900.0,9800.0,9800.0,9800.0,44227305600.0,4512832.0,148.0,56840000000000.0,0.034,-42140000000.0,-0.9528050472059505,52143840.0,1525025986.2068963,,,1405-07-11,1405,-0.02970297029702973,False,مداران
2026-10-03,5160.0,5250.0,5020.0,5150.0,5120.0,18249277540.0,3540903.0,376.0,19312500000000.0,4.307,-3383895050.0,-0.1854262472902256,264431525.45454544,61395989.55479452,,,1405-07-11,1405,0.009803921568627416,False,مدیریت
2026-10-03,3052.0,3052.0,3052.0,3052.0,3052.0,16984050384.0,5564892.0,41.0,4578000000000.0,2.889,0.0,0.0,1887116709.3333333,653232707.076923,,,1405-07-11,1405,0.029689608636977116,False,معیار
2026-10-03,3570.0,3570.0,3370.0,3520.0,3570.0,165993114530.0,47185447.0,890.0,80960000000000.0,2.406,-35978764800.0,-0.21674853744308498,944262652.9032258,392480342.974359,,,1405-07-11,1405,0.014409221902017322,False,معین
2026-10-03,6370.0,6370.0,6250.0,6360.0,6370.0,80350717700.0,12625066.0,462.0,194979880397640.0,0.979,-3010168920.0,-0.03746287533160392,402544087.6433121,411239693.66459626,,,1405-07-11,1405,0.02746365105008075,False,ملت
2026-10-03,15620.0,15620.0,15620.0,15620.0,15620.0,33978623360.0,2175328.0,50.0,21711800000000.0,3.086,22649000000.0,0.6665661454272643,2929262336.0,949089051.4285712,,,1405-07-11,1405,0.029663810151615122,False,ممسنی
2026-10-03,8860.0,8860.0,8720.0,8840.0,8860.0,70082732740.0,7924810.0,282.0,15912000000000.0,3.355,6188000000.0,0.08829564370665835,1267333069.387755,377779191.89189184,,,1405-07-11,1405,0.026713124274099886,False,ثتران
2026-10-03,16380.0,16380.0,15520.0,16110.0,15880.0,34548355900.0,2143940.0,263.0,4027500000000.0,1.122,0.0,0.0,352437483.67346936,313989758.1818182,,,1405-07-11,1405,0.012570710245128902,False,ثتوسا
2026-10-03,19650.0,19650.0,19060.0,19080.0,19060.0,193551759460.0,10141694.0,805.0,26712000000000.0,0.599,0.0,0.0,719343946.1710037,1201885226.832298,,,1405-07-11,1405,-0.02851323828920571,False,ثجنوب
2026-10-03,2381.0,2381.0,2291.0,2368.0,2326.0,23015632590.0,9718263.0,115.0,25581539520000.0,1.731,0.0,0.0,885109491.6923076,511396595.2,,,1405-07-11,1405,0.02422145328719716,False,ثجوان
2026-10-03,6320.0,6380.0,6050.0,6110.0,6050.0,115495995790.0,18900416.0,666.0,12220000000000.0,0.609,-42770000.0,-0.0003703158685931098,513061207.8222222,842930961.7518249,,,1405-07-11,1405,-0.019261637239165297,False,ثرود
2026-10-03,107700.0,110800.0,106100.0,106600.0,106200.0,66860826700.0,627232.0,381.0,7035600000000.0,0.481,213200000.0,0.003188713190110765,391011293.5672515,812801600.0,,,1405-07-11,1405,-0.02470265324794141,False,ثزاگرس
2026-10-03,56210.0,56210.0,52950.0,54690.0,55940.0,8859598290.0,161990.0,64.0,7736828042400.0,1.522,0.0,0.0,385184047.826087,253120945.71428573,,,1405-07-11,1405,0.0020153902528399215,False,ثعتما
2026-10-03,15800.0,15800.0,15100.0,15140.0,15100.0,34017520230.0,2246664.0,271.0,19682000000000.0,0.427,-3135266900.0,-0.09216623900865686,356944558.5882353,836888859.5,,,1405-07-11,1405,-0.02699228791773778,False,ثعمرا
2026-10-03,18400.0,18400.0,18400.0,18400.0,18400.0,87646504800.0,4763397.0,184.0,44160000000000.0,3.352,18400000000.0,0.2099342129156986,2368824454.054054,706596987.755102,,,1405-07-11,1405,0.02965864577504207,False,ثغرب
2026-10-03,2700.0,2700.0,2619.0,2624.0,2619.0,33080197389.0,12606074.0,152.0,9184000000000.0,0.833,-577280000.0,-0.017450923681367154,550865392.8135593,661566763.52,,,1405-07-11,1405,-0.027788069655427905,False,ثقزوی
2026-10-03,2373.0,2373.0,2245.0,2330.0,2373.0,19352191966.0,8306918.0,97.0,7715474969840.0,2.809,571138920.0,0.02951288003981347,735639949.0,261882593.7037037,,,1405-07-11,1405,0.011284722222222321,False,ثنام
2026-10-03,75260.0,75260.0,75200.0,75260.0,75260.0,21855736080.0,290409.0,51.0,5609154893600.0,3.618,12794200000.0,0.5853932328414171,1821348445.0,503443407.7777778,,,1405-07-11,1405,0.029971260435199154,False,ثنظام
2026-10-03,7350.0,7350.0,7030.0,7080.0,7030.0,19211299930.0,2714916.0,111.0,8499440880000.0,1.183,4381500480.0,0.22806892276758078,443834411.4285714,375251178.9473684,,,1405-07-11,1405,-0.02209944751381221,False,ثنور
2026-10-03,4530.0,4650.0,4400.0,4470.0,4490.0,155545615370.0,34828934.0,863.0,20115000000000.0,0.749,0.0,0.0,662490787.1489362,884575766.9318181,,,1405-07-11,1405,-0.013245033112582738,False,ثپردیس
2026-10-03,1779.0,1801.0,1750.0,1796.0,1801.0,7476102998.0,4161755.0,43.0,35833806240484.0,1.571,0.0,0.0,533893712.8571428,339750544.54545456,,,1405-07-11,1405,0.02687249857061169,False,خلیبل
2026-10-03,5920.0,5960.0,5630.0,5640.0,5630.0,49185649820.0,8726471.0,319.0,35675363160000.0,0.65,0.0,0.0,400140621.46341467,615216205.5,,,1405-07-11,1405,-0.02758620689655178,False,خمحور
2026-10-03,4440.0,4440.0,4340.0,4440.0,4440.0,80009691190.0,18036291.0,513.0,11544000000000.0,1.397,1687200000.0,0.021087445469491758,544769605.7142857,390019562.3880597,,,1405-07-11,1405,0.02777777777777768,False,خنصیر
2026-10-03,8590.0,8650.0,8150.0,8200.0,8370.0,210886406070.0,25719569.0,1706.0,51250000000000.0,1.141,-50884575200.0,-0.24128902449553705,610742541.221374,535276956.8527919,,,1405-07-11,1405,-0.023809523809523836,False,خنور
2026-10-03,16310.0,16310.0,16310.0,16310.0,16310.0,128747747520.0,7893792.0,297.0,163100000000000.0,4.926,-47964725270.0,-0.37254807322006966,2775934816.666667,563545581.8867924,,,1405-07-11,1405,0.029671717171717127,False,خودکفا
2026-10-03,19870.0,19890.0,19310.0,19840.0,19890.0,82324708160.0,4148844.0,265.0,22218344244480.0,2.818,0.0,0.0,1870751476.3636365,663815040.0,,,1405-07-11,1405,0.0269151138716357,False,خوساز
2026-10-03,11960.0,11960.0,11530.0,11580.0,11580.0,535801557190.0,46252626.0,3097.0,57900000000000.0,0.771,43814516460.0,0.08177377589155267,409595453.655914,531226233.7017995,,,1405-07-11,1405,-0.025252525252525304,False,خکرمان
2026-10-03,74720.0,74720.0,72480.0,72650.0,72480.0,327832553850.0,4512524.0,975.0,130770000000000.0,0.279,-94984862150.0,-0.28973590643917685,331158604.10958904,1188278865.09901,,,1405-07-11,1405,-0.02770342612419696,False,دابور
2026-10-03,4050.0,4060.0,3920.0,3920.0,3920.0,19085868610.0,4862944.0,236.0,47040000000000.0,0.462,-1176000000.0,-0.061616268246960336,137590311.3846154,297855320.0,,,1405-07-11,1405,-0.02970297029702973,False,داتام
2026-10-03,16310.0,16310.0,15370.0,15790.0,15540.0,309475190160.0,19596005.0,1216.0,57476089474210.0,0.617,-62740807080.0,-0.20273291389711315,635592514.881356,1029796703.5802468,,,1405-07-11,1405,-0.0031565656565656353,False,زبینا
2026-10-03,10200.0,10200.0,9680.0,9910.0,9750.0,104493278250.0,10549116.0,501.0,41622000000000.0,0.452,-47894098460.0,-0.45834621386280416,199046299.6376812,440716302.98245615,,,1405-07-11,1405,-0.003018108651911433,False,زدشت
2026-10-03,20730.0,20730.0,19530.0,19600.0,19530.0,93677653810.0,4779377.0,391.0,47133825200000.0,0.309,-21001792000.0,-0.2241921220891858,335927446.6321243,1086528977.21519,,,1405-07-11,1405,-0.026328862394436214,False,زشریف
2026-10-03,35900.0,35900.0,34180.0,34340.0,34180.0,378182287950.0,11013768.0,1661.0,32966400000000.0,0.501,-70526633500.0,-0.18648846269956573,460963653.2188841,920437728.7096772,,,1405-07-11,1405,-0.025262560317910854,False,زشگزا
2026-10-03,25840.0,25840.0,24360.0,24500.0,24370.0,208783725010.0,8523449.0,1462.0,35248399410000.0,1.117,-32348452500.0,-0.15493761546045134,311572753.1380753,278892659.2307693,,,1405-07-11,1405,-0.024293110314615673,False,زفارس
2026-10-03,58950.0,58950.0,55730.0,55840.0,55730.0,219205701180.0,3925401.0,1084.0,50256000000000.0,0.423,-72172809120.0,-0.32924695266358767,313692538.6899563,741731930.7216495,,,1405-07-11,1405,-0.028024369016536155,False,زفجر
2026-10-03,12450.0,12450.0,11760.0,11820.0,11760.0,57977957250.0,4904877.0,357.0,81523476853200.0,0.267,-20625462660.0,-0.35574662575749855,212371198.9349112,796002750.4225352,,,1405-07-11,1405,-0.024752475247524774,False,زقیام
2026-10-03,14290.0,14320.0,13520.0,13660.0,13520.0,252284145220.0,18473655.0,1314.0,15435800000000.0,0.708,-12818243480.0,-0.0508087556149122,562146451.7061611,793790622.5396825,,,1405-07-11,1405,-0.01938262742282848,False,زماهان
2026-10-03,108900.0,109100.0,106000.0,108900.0,109100.0,260770915900.0,2394496.0,841.0,32670000000000.0,0.456,-142974918900.0,-0.5482778568558918,366393607.3170732,803595438.4615384,,,1405-07-11,1405,0.027358490566037785,False,زمگسا
2026-10-03,2708.0,2708.0,2708.0,2681.0,2708.0,5701696708.0,2105501.0,61.0,23458750000000.0,14.667,0.0,0.0,987949393.6666666,67360185.93181819,,,1405-07-11,1405,0.019391634980988615,False,زنجان
2026-10-03,9150.0,9420.0,9010.0,9280.0,9350.0,300638124670.0,32410935.0,855.0,13613778560000.0,1.186,1864983040.0,0.006203414959586802,1277903110.8085103,1077408837.5451264,,,1405-07-11,1405,0.014207650273224015,False,زنگان
2026-10-03,45440.0,45440.0,45440.0,45440.0,45440.0,293257082240.0,6453721.0,643.0,63404249600000.0,1.911,119428497920.0,0.4072484695263399,1327902475.2941177,694868776.993464,,,1405-07-11,1405,0.029918404351767958,False,زپارس
2026-10-03,15920.0,15920.0,15000.0,15160.0,15120.0,291359917890.0,19222565.0,1276.0,36384000000000.0,0.388,-84220227840.0,-0.289059073224329,422169242.6326964,1088699773.5384614,,,1405-07-11,1405,-0.019404915912031084,False,زکشت
2026-10-03,95150.0,96530.0,92300.0,92740.0,94960.0,296680581900.0,3198959.0,757.0,255035000000000.0,0.971,-55654757840.0,-0.18759150829345195,631698510.0,650245165.942029,,,1405-07-11,1405,-0.02532842879663688,False,زکوثر
2026-10-03,11900.0,11900.0,11240.0,11260.0,11240.0,279051790950.0,24780882.0,1002.0,63056000000000.0,0.191,-184495708040.0,-0.6611522091003444,240660581.0676157,1260606656.6,,,1405-07-11,1405,-0.02763385146804831,False,زگلدشت
2026-10-03,79440.0,79440.0,74840.0,76820.0,77830.0,108909795980.0,1417816.0,1146.0,227333509272880.0,1.166,-23377094200.0,-0.21464638685295975,284167899.0697674,243650183.0425056,,,1405-07-11,1405,-0.004277381723914453,False,سآبیک
2026-10-03,27970.0,27970.0,27970.0,27970.0,27970.0,8058017150.0,288095.0,94.0,6377160000000.0,2.353,0.0,0.0,474001008.8235294,201450428.75,,,1405-07-11,1405,0.029823269513991058,False,ساذری
2026-10-03,3230.0,3230.0,3060.0,3090.0,3060.0,11945872730.0,3871408.0,43.0,37080000000000.0,0.871,-1545000000.0,-0.12933337186156343,612802983.5294118,703685336.4705882,,,1405-07-11,1405,-0.01842439644218552,False,وتعاون
2026-10-03,7850.0,8040.0,7750.0,7790.0,7750.0,13214363960.0,1696203.0,186.0,24928000000000.0,0.524,-77900000.0,-0.005895100228494085,141242165.26881722,269661660.6122449,,,1405-07-11,1405,-0.023809523809523836,False,وتوس
2026-10-03,4500.0,4500.0,4340.0,4360.0,4360.0,63214583440.0,14491617.0,607.0,113360000000000.0,0.272,-14793480000.0,-0.2340200503581773,161650906.44295302,594013680.3773584,,,1405-07-11,1405,-0.02460850111856827,False,وتوسم
2026-10-03,1739.0,1739.0,1654.0,1657.0,1654.0,4795590528.0,2893432.0,46.0,33140000000000.0,1.308,0.0,0.0,368801294.1538461,282024519.0588235,,,1405-07-11,1405,-0.028152492668621742,False,وتوسکا
2026-10-03,9260.0,9280.0,8780.0,8810.0,8780.0,65798025730.0,7464890.0,369.0,88100000000000.0,0.364,-18801086220.0,-0.28573936697051716,291668320.75949365,801045443.2098765,,,1405-07-11,1405,-0.026519337016574607,False,وتوشه
2026-10-03,3190.0,3190.0,3050.0,3070.0,3050.0,66737992600.0,21771678.0,723.0,107450000000000.0,0.541,-5945454100.0,-0.08908649883484808,237865614.6875,439730601.7105264,,,1405-07-11,1405,-0.022292993630573243,False,وتوصا
2026-10-03,5330.0,5360.0,5200.0,5330.0,5350.0,32174512840.0,6037625.0,132.0,5891195700000.0,1.257,0.0,0.0,919444035.7142856,731375937.5,,,1405-07-11,1405,0.02303262955854124,False,وثخوز
2026-10-03,6810.0,6810.0,6810.0,6810.0,6810.0,37889437140.0,5563794.0,163.0,22473000000000.0,0.773,25929776430.0,0.6843536982138447,462066306.5853659,597983035.5,,,1405-07-11,1405,-0.02991452991452992,False,وثنو
2026-10-03,44320.0,45770.0,44310.0,44360.0,44310.0,133365101880.0,3006753.0,308.0,14195200000000.0,1.05,-60229612560.0,-0.4516144906798312,1556381925.9574468,1481995145.3333335,,,1405-07-11,1405,-0.02889667250437833,False,وثوق
2026-10-03,3086.0,3086.0,2940.0,3066.0,2991.0,19249621871.0,6277726.0,165.0,15330000000000.0,1.228,1909112352.0,0.09917661576906722,379283534.5714286,308810756.3333334,,,1405-07-11,1405,0.02302302302302306,False,وجامی
2026-10-03,2410.0,2410.0,2334.0,2369.0,2376.0,46435359688.0,19604952.0,277.0,20136500000000.0,0.878,-592250000.0,-0.012754289058582472,463150316.040404,527774219.1818181,,,1405-07-11,1405,0.007656316461080337,False,وحافظ
2026-10-03,6940.0,7160.0,6900.0,6910.0,6900.0,46703449690.0,6754302.0,239.0,138200000000000.0,0.284,-35565189560.0,-0.7615109760856725,144247237.14285716,507306813.2608696,,,1405-07-11,1405,-0.02812939521800284,False,ودی
2026-10-03,8960.0,9080.0,8610.0,8670.0,8610.0,89831146090.0,10362964.0,695.0,22802100000000.0,0.355,-20940798390.0,-0.2331128934837349,425346293.1481481,1197958638.4,,,1405-07-11,1405,-0.022547914317925577,False,ثنوسا
2026-10-03,337700.0,337700.0,327900.0,337100.0,337700.0,365994844900.0,1085588.0,1032.0,674200000000000.0,1.285,-26572581700.0,-0.07260370486163642,1435814497.5903616,1117796575.1054852,,,1405-07-11,1405,0.02805733455321735,False,جم پیلن
2026-10-03,76100.0,76100.0,76100.0,76100.0,76100.0,672114439000.0,8831990.0,682.0,1369800000000000.0,4.793,465047100000.0,0.6919165442895655,5246816419.642858,1094610169.642857,,,1405-07-11,1405,0.0299093246718094,False,جم
2026-10-03,7010.0,7250.0,6950.0,6980.0,6980.0,181949104790.0,26081257.0,836.0,104075150400000.0,1.331,7515826680.0,0.04130730232871733,840495490.5940593,631378452.996109,,,1405-07-11,1405,-0.025139664804469275,False,جوین
2026-10-03,4650.0,4730.0,4480.0,4510.0,4480.0,32149579760.0,7131805.0,221.0,17138000000000.0,0.58,-5613876620.0,-0.174617418389546,298166811.25,513750903.3870968,,,1405-07-11,1405,-0.021691973969631184,False,حآسا
2026-10-03,9800.0,9920.0,9600.0,9700.0,9870.0,13407648840.0,1370256.0,114.0,29100000000000.0,2.957,1392735700.0,0.10387620653107738,781851952.9411765,264416611.1111111,,,1405-07-11,1405,0.006224066390041472,False,حبندر
2026-10-03,23540.0,23540.0,22330.0,23440.0,23060.0,212257226160.0,9056315.0,538.0,44536000000000.0,0.862,12369475520.0,0.05827587471945883,667376240.9580839,774080911.875,,,1405-07-11,1405,0.025371828521434825,False,حپارسا
2026-10-03,17450.0,17480.0,17020.0,17450.0,17340.0,32661261140.0,1871196.0,223.0,24395100000000.0,1.853,-1412752000.0,-0.04325466778347433,604187404.0,326001259.7938144,,,1405-07-11,1405,0.027679623085983485,False,حپترو
2026-10-03,12310.0,12320.0,12090.0,12290.0,12320.0,240153494940.0,19540714.0,883.0,36870000000000.0,0.679,3257956100.0,0.013566140691868626,825276202.9553264,1214858558.7692306,,,1405-07-11,1405,0.026733500417710943,False,حپرتو
2026-10-03,24780.0,24780.0,24780.0,24780.0,24780.0,15051223320.0,607394.0,45.0,47825400000000.0,4.788,2478000000.0,0.1646377804192995,1881402915.0,392913228.75,,,1405-07-11,1405,0.029925187032418865,False,چافست
2026-10-03,222400.0,222400.0,222400.0,222400.0,222400.0,48348203200.0,217393.0,652.0,44480000000000.0,26.841,18807256000.0,0.3889959658314665,1381377234.2857144,51465064.808362365,,,1405-07-11,1405,0.029629629629629672,False,چخزر
2026-10-03,6950.0,6950.0,6760.0,6940.0,6950.0,129351094570.0,18650256.0,592.0,12492000000000.0,1.518,8869320000.0,0.0685678001371705,824412590.0636942,543078633.5135134,,,1405-07-11,1405,0.028148148148148255,False,چفیبر
2026-10-03,16540.0,16540.0,15880.0,16450.0,16540.0,152922248710.0,9294308.0,632.0,28294000000000.0,1.405,0.0,0.0,999289977.7777778,711122635.3488373,,,1405-07-11,1405,0.02428393524283945,False,چنوپا
2026-10-03,5020.0,5030.0,4770.0,4900.0,4940.0,30057874150.0,6131509.0,311.0,14490745500000.0,1.887,0.0,0.0,423160480.2816902,224211896.26865676,,,1405-07-11,1405,-0.0020366598778004397,False,چکارن
2026-10-03,15230.0,15230.0,15230.0,15230.0,15230.0,318147831270.0,20889549.0,546.0,10661000000000.0,1.457,42644000000.0,0.13403831743806435,3615316264.4318185,2482016497.927928,,,1405-07-11,1405,0.02974983096686956,False,چکاوه
2026-10-03,2287.0,2287.0,2287.0,2287.0,2287.0,2179241134.0,952882.0,19.0,3509147995198.0,8.0,0.0,0.0,1089620567.0,136202570.875,,,1405-07-11,1405,0.029716343989194094,False,کارام
2026-10-03,27770.0,27770.0,26190.0,26400.0,26190.0,1113227387780.0,42172111.0,828.0,63360000000000.0,0.086,-977538117600.0,-0.8781118110554289,723696815.6862745,8371259464.615384,,,1405-07-11,1405,-0.022222222222222254,False,کاریز
2026-10-03,15120.0,15120.0,15120.0,14830.0,15120.0,2956625280.0,195544.0,20.0,18240900000000.0,7.0,0.0,0.0,1449958760.0,207136965.7142857,,,1405-07-11,1405,0.01021798365122617,False,کازرو
2026-10-03,41240.0,41240.0,38870.0,39070.0,38870.0,548321271030.0,14033136.0,3090.0,310215800000000.0,0.665,155605065750.0,0.28378447813578705,425906425.55740434,640889312.5359713,,,1405-07-11,1405,-0.024956326428749676,False,کاسپین
2026-10-03,14780.0,14780.0,14120.0,14330.0,14220.0,94110686050.0,6566486.0,1170.0,80248000000000.0,1.41,-42958875240.0,-0.4564718104081869,309914475.7575757,219847578.8317757,,,1405-07-11,1405,-0.015120274914089293,False,کانسار
2026-10-03,16960.0,16990.0,16050.0,16310.0,16050.0,3391223620.0,207929.0,37.0,8040813690000.0,1.214,0.0,0.0,242237285.0,199489528.82352945,,,1405-07-11,1405,-0.011515151515151478,False,کایتا
2026-10-03,23550.0,24200.0,22850.0,22950.0,22850.0,146827639250.0,6398818.0,452.0,25655644350000.0,0.656,0.0,0.0,917830456.875,1398598791.4285717,,,1405-07-11,1405,-0.02547770700636942,False,کباده
2026-10-03,46610.0,46610.0,43910.0,44040.0,44180.0,126789872930.0,2879121.0,764.0,53508600000000.0,0.869,-4616184720.0,-0.03640815006217863,430212338.4507042,495298784.53125,,,1405-07-11,1405,-0.02695536897923112,False,کبافق
2026-10-03,3530.0,3610.0,3440.0,3510.0,3510.0,53125633340.0,15118839.0,379.0,9464388570000.0,1.26,-2106000000.0,-0.039641880342804775,547969084.8387097,434976433.5245902,,,1405-07-11,1405,-0.005665722379603388,False,کترام
2026-10-03,19800.0,20050.0,19450.0,19570.0,19450.0,27025764170.0,1381115.0,737.0,20939900000000.0,4.342,-675360700.0,-0.02498951355276331,248613772.1698113,57263602.86016949,,,1405-07-11,1405,-0.02394014962593516,False,کتوسعه
2026-10-03,20280.0,20280.0,20280.0,20280.0,20280.0,110248387080.0,5436311.0,214.0,50902800000000.0,2.224,-12317686680.0,-0.11172668377508203,2409102952.9411764,1083071115.862069,,,1405-07-11,1405,0.02996444895886241,False,کپارس
2026-10-03,21450.0,21450.0,20840.0,21420.0,21450.0,197420864230.0,9218494.0,456.0,36628200000000.0,1.196,-9362467800.0,-0.04742390241536225,1419036335.0847456,1186635941.8791947,,,1405-07-11,1405,0.028324531925107976,False,کپرور
2026-10-03,33060.0,33090.0,31190.0,31390.0,31190.0,1092815692320.0,34811559.0,4186.0,188340000000000.0,0.192,-461163956310.0,-0.4219960964606658,515568065.877551,2691465115.788177,,,1405-07-11,1405,-0.023639191290824257,False,کپشیر
2026-10-03,6030.0,6030.0,6030.0,6030.0,6030.0,45492273720.0,7544324.0,135.0,29305800000000.0,2.355,713819340.0,0.015691001605975564,2067830623.6363635,878008909.4117646,,,1405-07-11,1405,0.029010238907849928,False,لابسا
2026-10-03,211600.0,211600.0,201700.0,210500.0,211600.0,106994508100.0,508408.0,248.0,45783750000000.0,0.547,-67360000000.0,-0.6295650234406751,610152061.5384616,1114790458.3333335,,,1405-07-11,1405,0.024330900243308973,False,لازما
2026-10-03,4850.0,4850.0,4590.0,4760.0,4750.0,148673440830.0,31217955.0,794.0,67912576480000.0,0.7,2954579600.0,0.019872948278491794,592106973.2765957,845904093.9130435,,,1405-07-11,1405,0.010615711252653925,False,لبوتان
2026-10-03,35900.0,36780.0,34710.0,35540.0,36130.0,153348045280.0,4315370.0,933.0,35540000000000.0,1.329,-66815200.0,-0.0004357094991201312,638738207.5,480764843.2601881,,,1405-07-11,1405,-0.006707657909446607,False,لپارس
2026-10-03,130200.0,130200.0,126900.0,130100.0,130200.0,111615898700.0,858049.0,259.0,23418000000000.0,0.947,-55345190500.0,-0.49585400596698326,1705666193.939394,1800518950.0,,,1405-07-11,1405,0.028458498023715473,False,لپیام
2026-10-03,11290.0,11290.0,11290.0,11290.0,11290.0,90232604110.0,7992259.0,201.0,6774000000000.0,0.697,35586576760.0,0.3943871188358635,2005168980.222222,2876106702.631579,,,1405-07-11,1405,0.02917046490428432,False,کیا
2026-10-03,7640.0,7860.0,7420.0,7570.0,7580.0,52024000980.0,6868035.0,444.0,75700000000000.0,1.648,-10542950960.0,-0.20265551978697507,394743561.8095238,239589976.72811055,,,1405-07-11,1405,-0.009162303664921434,False,کیانا
2026-10-03,6750.0,6950.0,6560.0,6640.0,6560.0,374609532490.0,56376804.0,1289.0,33200000000000.0,0.432,-22493604240.0,-0.060045466783738226,741951918.2532752,1717097548.815166,,,1405-07-11,1405,-0.017751479289940808,False,کیمیا
2026-10-03,22520.0,22520.0,22520.0,22520.0,22520.0,20580937920.0,913896.0,88.0,337800000000000.0,7.2,0.0,0.0,2058093792.0,285846360.0,,,1405-07-11,1405,0.029721079103795178,False,کیمیاتک
2026-10-03,6960.0,6960.0,6670.0,6680.0,6680.0,334547800550.0,50055642.0,2501.0,10020000000000.0,1.095,-145244061640.0,-0.43415040063398197,342030889.3040293,312316958.7958608,,,1405-07-11,1405,-0.027656477438136817,False,گدنا
2026-10-03,28810.0,29230.0,27810.0,28100.0,27810.0,133068692920.0,4736142.0,684.0,41743785697500.0,1.076,-25941948100.0,-0.194951551193158,630660604.1420119,586387567.2566371,,,1405-07-11,1405,-0.01953942777390094,False,گشان
2026-10-03,18100.0,18460.0,18100.0,18380.0,18460.0,17292773700.0,940987.0,38.0,385980000000000.0,4.657,11962089980.0,0.6917392309366773,1710338034.0,367235025.7142857,,,1405-07-11,1405,0.025097601784718426,False,گنگین
2026-10-03,6830.0,7010.0,6790.0,6870.0,6880.0,11652124510.0,1695317.0,147.0,137400000000000.0,0.233,-6868838970.0,-0.5894924109423201,38314705.625,164300846.03773585,,,1405-07-11,1405,0.0,False,گوهران
2026-10-03,296900.0,296900.0,280000.0,288200.0,296600.0,3469192000.0,12048.0,13.0,4411479417400.0,1.125,0.0,0.0,434029200.0,385803733.3333334,,,1405-07-11,1405,-0.001386001386001423,False,گپارس
2026-10-03,6480.0,6630.0,6480.0,6630.0,6630.0,55315068070.0,8345219.0,255.0,25388435192250.0,2.177,19075676880.0,0.3448549833810229,710563183.8157895,326421729.81308407,,,1405-07-11,1405,0.029503105590062084,False,گکوثر
2026-10-03,10200.0,10200.0,9870.0,9880.0,9890.0,32922651820.0,3332210.0,125.0,4046848000000.0,0.973,6807962200.0,0.20678656862823755,937277491.4285716,962842592.5925926,,,1405-07-11,1405,-0.02851524090462143,False,گکیش
2026-10-03,8980.0,8980.0,8460.0,8720.0,8720.0,241374234030.0,27688062.0,1141.0,35316000000000.0,0.943,5232000000.0,0.021675884424970246,718571132.8571429,761960969.8064516,,,1405-07-11,1405,0.0,False,بشهاب
2026-10-03,3630.0,3630.0,3460.0,3620.0,3630.0,93028340580.0,25712884.0,477.0,94120000000000.0,0.964,-22269114180.0,-0.23937989263443443,385797907.6335878,400047472.96703297,,,1405-07-11,1405,0.025495750708215192,False,بموتو
2026-10-03,8670.0,8830.0,8480.0,8500.0,8570.0,66255804740.0,7794925.0,680.0,72003500000000.0,2.446,1749096000.0,0.026399135998178204,410391694.6308724,167794538.13559324,,,1405-07-11,1405,-0.027459954233409634,False,بمولد
2026-10-03,7910.0,7910.0,7490.0,7580.0,7490.0,13685992420.0,1805047.0,87.0,119006000000000.0,0.304,0.0,0.0,244326004.64285716,804838603.5294118,,,1405-07-11,1405,-0.01813471502590669,False,بمپنا
2026-10-03,7500.0,7880.0,7470.0,7500.0,7470.0,34701465320.0,4626245.0,153.0,8512500000000.0,0.595,0.0,0.0,468876182.4324325,788564488.6363636,,,1405-07-11,1405,-0.025974025974025983,False,بمیلا
2026-10-03,4030.0,4040.0,3860.0,3890.0,3860.0,65953644630.0,16966689.0,617.0,92582000000000.0,0.687,-11339350000.0,-0.17192908843193977,333299208.597561,485297207.4264706,,,1405-07-11,1405,-0.02015113350125941,False,بنیرو
2026-10-03,8480.0,8480.0,8480.0,8480.0,8480.0,8982906400.0,1059305.0,14.0,20352000000000.0,2.25,0.0,0.0,2245726600.0,998100711.1111112,,,1405-07-11,1405,0.029126213592232997,False,بهامرز
2026-10-03,16120.0,16500.0,15890.0,16020.0,15890.0,114380032290.0,7141206.0,764.0,85418640000000.0,0.208,-5126400000.0,-0.04481901165233532,250632385.59633029,1204232843.368421,,,1405-07-11,1405,-0.02197802197802201,False,بهپاک
2026-10-03,4540.0,4720.0,4540.0,4710.0,4720.0,9170522590.0,1946034.0,108.0,2826000000000.0,0.954,1693023630.0,0.18461582896553336,254606115.0,266885589.6428572,,,1405-07-11,1405,0.017278617710583255,False,بهیر
2026-10-03,64840.0,67800.0,64620.0,64760.0,64620.0,1782604112690.0,27524399.0,5480.0,1301028400000000.0,0.321,-867264819080.0,-0.48651566150112424,389601310.54505,1212504234.6790411,,,1405-07-11,1405,-0.027773607566431435,False,بوعلی
2026-10-03,12880.0,12880.0,12140.0,12680.0,12820.0,138430750500.0,10917767.0,697.0,9333114000000.0,0.793,-34388362880.0,-0.24841563565748348,522858907.93969846,659225169.3333334,,,1405-07-11,1405,0.01358912869704243,False,بکاب
2026-10-03,5900.0,5900.0,5660.0,5680.0,5660.0,128705845840.0,22647216.0,596.0,34889400000000.0,0.464,-10070412800.0,-0.078243631703559,472299459.5708154,1017933787.118644,,,1405-07-11,1405,-0.02572898799313894,False,بکابل
2026-10-03,27800.0,28000.0,26760.0,26960.0,26760.0,99851788720.0,3703632.0,993.0,115928000000000.0,1.856,-13874802240.0,-0.13895396785436775,343900465.92,185250313.02411872,,,1405-07-11,1405,-0.022480058013052973,False,بگیلان
2026-10-03,32160.0,32160.0,30300.0,30550.0,30300.0,264311696330.0,8650635.0,1994.0,55063320000000.0,0.675,105641900.0,0.00039968681472235475,351213624.14500684,520550745.1318459,,,1405-07-11,1405,-0.021773935318603943,False,بیوتیک
2026-10-03,20010.0,20120.0,19490.0,19780.0,20000.0,19132141780.0,967456.0,73.0,122636000000000.0,0.434,-14724232000.0,-0.7696070920503079,259532216.4705882,598008740.0,,,1405-07-11,1405,-0.015430562468889963,False,پارتا
2026-10-03,12040.0,12040.0,11340.0,11740.0,12010.0,73030804730.0,6219857.0,418.0,13618400000000.0,0.915,-5705640000.0,-0.07812648403771738,509965766.5151516,557413138.778626,,,1405-07-11,1405,0.004277159965782706,False,فلامی
2026-10-03,2691.0,2691.0,2561.0,2575.0,2610.0,124017388368.0,48156002.0,1112.0,29097500000000.0,0.521,-7954947500.0,-0.06414380761184132,249562919.67741933,478771062.35521233,,,1405-07-11,1405,-0.024621212121212155,False,فلوله
2026-10-03,33250.0,33890.0,32320.0,32420.0,32320.0,90277709710.0,2784682.0,435.0,13130100000000.0,0.46,-23018200000.0,-0.254971023012675,409830512.3566879,891444800.4081633,,,1405-07-11,1405,-0.02671870309216451,False,فماک
2026-10-03,3790.0,3840.0,3710.0,3830.0,3840.0,65332499390.0,17073988.0,422.0,8456597038890.0,2.129,1593280000.0,0.024387250065070563,718608505.9340659,337566635.1322752,,,1405-07-11,1405,0.02680965147453085,False,فمراد
2026-10-03,10500.0,10850.0,10360.0,10400.0,10360.0,196607936010.0,18906146.0,1456.0,62400000000000.0,0.852,-69825600000.0,-0.35515148277864267,316205282.79301745,370988525.2830189,,,1405-07-11,1405,-0.02621722846441943,False,فن افزار
2026-10-03,8290.0,8290.0,8140.0,8260.0,8260.0,81283141910.0,9843246.0,484.0,53690000000000.0,2.188,-12146470420.0,-0.14943406633381698,653127582.7184466,298566208.42105263,,,1405-07-11,1405,0.026086956521739202,False,فنر
2026-10-03,5010.0,5020.0,4880.0,4990.0,5020.0,82340261050.0,16485418.0,532.0,16966000000000.0,1.296,-8019578700.0,-0.09739559478843794,443833838.1021898,342412012.53731346,,,1405-07-11,1405,0.02254098360655732,False,فنفت
2026-10-03,14130.0,14130.0,13900.0,14130.0,14130.0,266224400730.0,18841980.0,615.0,161747621910000.0,0.293,-217379650320.0,-0.8165278979835606,311812715.25,1064130365.4166667,,,1405-07-11,1405,0.02988338192419815,False,فنوال
2026-10-03,13650.0,13650.0,12870.0,13130.0,12890.0,609293711060.0,46387467.0,2448.0,83191680000000.0,0.773,-101277007650.0,-0.16622033973369993,748327560.490046,968694424.7126436,,,1405-07-11,1405,-0.009803921568627416,False,فنورد
2026-10-03,5450.0,5450.0,5450.0,5450.0,5450.0,48606468100.0,8918618.0,201.0,17440000000000.0,7.526,24222639450.0,0.498341895571713,1515208648.387097,201317067.69911507,,,1405-07-11,1405,0.028301886792452935,False,فولای
2026-10-03,7210.0,7210.0,7210.0,7210.0,7210.0,23925700050.0,3318405.0,67.0,171237500000000.0,4.74,2144830800.0,0.08964547726995349,1978427277.2727275,417401473.4042553,,,1405-07-11,1405,0.030000000000000027,False,فوکا
2026-10-03,12940.0,12940.0,12210.0,12910.0,12940.0,920700563220.0,71339989.0,3133.0,45830500000000.0,0.729,-6189505850.0,-0.006722604609204553,904681061.878393,1241717106.2721894,,,1405-07-11,1405,0.02704852824184556,False,فگستر
2026-10-03,118500.0,118500.0,118500.0,118500.0,118500.0,1185000.0,10.0,1.0,40669200000000.0,1.0,0.0,0.0,1185000.0,1185000.0,,,1405-07-11,1405,0.009369676320272635,False,قاروم
2026-10-03,28900.0,28900.0,28900.0,28900.0,28900.0,13936967200.0,482248.0,104.0,28900000000000.0,0.08,0.0,0.0,158374627.27272728,1990995314.2857144,,,1405-07-11,1405,-0.029875797247398417,False,آ س پ
2026-10-03,1071.0,1071.0,1040.0,1070.0,1071.0,177606103001.0,165914345.0,589.0,12692755160000.0,3.191,31594960000.0,0.17789343646497388,2572874625.362319,806261818.5082873,,,1405-07-11,1405,0.028846153846153744,False,آباد
2026-10-03,11470.0,11720.0,11390.0,11420.0,11390.0,41640947400.0,3644986.0,836.0,28550000000000.0,3.394,-7827804740.0,-0.18798334881304837,234707884.5833333,69145747.70764118,,,1405-07-11,1405,-0.027257240204429323,False,آبادا
2026-10-03,34890.0,34890.0,33280.0,34680.0,34890.0,173278916750.0,4996358.0,986.0,69360000000000.0,1.632,-2106914040.0,-0.012159090554794803,636579229.6296297,390038972.238806,,,1405-07-11,1405,0.023612750885478206,False,آردینه
2026-10-03,1856.0,1899.0,1800.0,1873.0,1899.0,12406893063.0,6622968.0,56.0,26222000000000.0,0.753,-5829879197.0,-0.4698903397810321,360318815.7058824,478211962.56,,,1405-07-11,1405,0.01572668112798259,False,آرمان
2026-10-03,7840.0,7910.0,7640.0,7860.0,7880.0,714417323500.0,90907587.0,927.0,1179000000000000.0,0.088,-534837512100.0,-0.748634578847807,257095611.9230769,2931585475.508022,,,1405-07-11,1405,0.0,False,آریان
2026-10-03,10600.0,10600.0,10280.0,10480.0,10300.0,144960984450.0,13827745.0,959.0,104800000000000.0,1.402,109344547200.0,0.7543032879837759,430014147.1810089,306639831.0344827,,,1405-07-11,1405,0.01747572815533971,False,آپ
2026-10-03,6430.0,6770.0,6420.0,6430.0,6430.0,21934830920.0,3413097.0,151.0,32150000000000.0,0.501,-17027495190.0,-0.776276564524346,163957284.0,327555428.5074627,,,1405-07-11,1405,-0.027231467473525006,False,اتکاسا
2026-10-03,3470.0,3510.0,3350.0,3430.0,3420.0,86172439530.0,25139359.0,363.0,92610000000000.0,0.604,-59463111120.0,-0.6900479021404351,520026977.2727273,860943835.6179775,,,1405-07-11,1405,0.0058651026392961825,False,اتکای
2026-10-03,17480.0,17530.0,16870.0,16900.0,16870.0,26105101340.0,1544494.0,425.0,18590000000000.0,2.392,-6325501000.0,-0.24230899997724353,238270453.01204816,99625758.01526718,,,1405-07-11,1405,-0.028177113283496258,False,اخشان
2026-10-03,31000.0,31610.0,30310.0,30470.0,30890.0,443596796900.0,14557960.0,2115.0,69166900000000.0,0.917,9445730470.0,0.02129350467814435,341737306.34078217,372594802.640264,,,1405-07-11,1405,-0.02464788732394363,False,اردستان
2026-10-03,14510.0,14660.0,14100.0,14440.0,14280.0,45761475090.0,3169236.0,514.0,288800000000000.0,2.041,1750748920.0,0.038258139986894375,341891723.030303,167486326.33204633,,,1405-07-11,1405,0.014044943820224809,False,اپال
2026-10-03,4940.0,5020.0,4780.0,4800.0,4840.0,99192085180.0,20665254.0,698.0,10800000000000.0,0.667,-7150809600.0,-0.0720905260437232,413674295.0226244,619954898.1132076,,,1405-07-11,1405,-0.024390243902439046,False,اپرداز
2026-10-03,9440.0,9440.0,9440.0,9440.0,9440.0,43813428320.0,4641253.0,395.0,46117026547840.0,31.791,19497055040.0,0.4450018130879743,1962632168.0,61736213.5,,,1405-07-11,1405,0.029443838604144013,False,غانیزان
2026-10-03,5110.0,5110.0,5000.0,5100.0,5110.0,199587080910.0,39107758.0,489.0,11730000000000.0,2.075,-58714158000.0,-0.29417814886764154,2100528474.6268656,1012434344.1624366,,,1405-07-11,1405,0.026156941649899457,False,غبهار
2026-10-03,91410.0,91410.0,86090.0,90360.0,91410.0,267675349800.0,2962377.0,605.0,32529600000000.0,0.707,-122791830480.0,-0.4587341739601605,726775025.0704225,1027244927.4545456,,,1405-07-11,1405,0.018140845070422573,False,غبهنوش
2026-10-03,20690.0,20690.0,19490.0,20350.0,20690.0,786783629710.0,38654171.0,2598.0,40700000000000.0,0.912,-12644940550.0,-0.01607168740236854,893229532.8431373,979551174.8348744,,,1405-07-11,1405,0.012941762070681984,False,غدانه
2026-10-03,13570.0,13570.0,13010.0,13540.0,13570.0,221218409160.0,16341825.0,903.0,67700000000000.0,1.514,67649956160.0,0.30580617778094143,869222904.4351465,574157040.9836066,,,1405-07-11,1405,0.0273141122913505,False,غدیس
2026-10-03,9260.0,9260.0,8740.0,8870.0,8840.0,116943519250.0,13179017.0,755.0,53220000000000.0,1.035,-22179071330.0,-0.189656267164202,430540043.0,416006693.2028469,,,1405-07-11,1405,-0.015538290788013276,False,غسالم
2026-10-03,21870.0,21870.0,20660.0,21320.0,21240.0,171424103390.0,8038771.0,901.0,36545414655360.0,0.586,-32549371920.0,-0.18987628505163157,394554499.4658754,672822106.6666666,,,1405-07-11,1405,0.0037664783427495685,False,غشاذر
2026-10-03,21320.0,21320.0,20080.0,20950.0,21320.0,372101574040.0,17762514.0,1461.0,49504850000000.0,0.769,-47710671050.0,-0.12821948193336913,862809726.081081,1122172078.5932722,,,1405-07-11,1405,0.012077294685990392,False,غشان
2026-10-03,28150.0,28150.0,26580.0,26720.0,26580.0,120201948030.0,4498243.0,348.0,57329363200000.0,0.141,-39293844160.0,-0.32689856365882725,241692192.67015707,1709141059.2,,,1405-07-11,1405,-0.02481751824817513,False,غشصفا
2026-10-03,9460.0,9500.0,9110.0,9200.0,9120.0,78545147430.0,8534067.0,606.0,17480000000000.0,0.425,-15171646400.0,-0.1931582904408077,227031433.69175625,534104873.46938777,,,1405-07-11,1405,-0.020234291799786974,False,غشهد
2026-10-03,33030.0,33030.0,31110.0,31430.0,31880.0,323183850190.0,10281209.0,1184.0,31430000000000.0,0.523,-109671307690.0,-0.3393464977458625,1011998479.0430622,1934813191.626506,,,1405-07-11,1405,-0.01995634549423142,False,غپآذر
2026-10-03,9340.0,9340.0,8800.0,9050.0,8910.0,165806599070.0,18317307.0,1027.0,28516550000000.0,0.911,-6159665300.0,-0.03714969931564377,412385185.1421189,452876316.80327874,,,1405-07-11,1405,-0.0022050716648290836,False,غپونه
2026-10-03,101720.0,101720.0,96480.0,96520.0,96480.0,271130738240.0,2809194.0,621.0,135128000000000.0,0.162,-128959213760.0,-0.4756347974306316,298240365.3333333,1842208562.3076923,,,1405-07-11,1405,-0.02955962195857631,False,سخوز
2026-10-03,40010.0,41480.0,39630.0,39880.0,39630.0,45798286600.0,1148383.0,386.0,9970000000000.0,0.592,0.0,0.0,263204103.6781609,444636058.64077663,,,1405-07-11,1405,-0.023745410036719705,False,سدبیر
2026-10-03,40600.0,40700.0,38600.0,38850.0,38600.0,41819775480.0,1076414.0,283.0,132090000000000.0,0.395,-8158500000.0,-0.19508713058255758,295264771.0526316,746762212.5,,,1405-07-11,1405,-0.023624026137220366,False,سدشت
2026-10-03,34800.0,34890.0,32970.0,33680.0,34000.0,157333826350.0,4671917.0,667.0,21612365232400.0,0.517,-61227612960.0,-0.38915733749330506,488702814.2857143,945863641.9277108,,,1405-07-11,1405,-0.008828722778104758,False,سدور
2026-10-03,27440.0,27440.0,25860.0,27040.0,27430.0,765392474540.0,28304388.0,2170.0,167648000000000.0,0.658,-263505908640.0,-0.34427554151008183,665602630.2992126,1012040676.8141592,,,1405-07-11,1405,0.014634146341463428,False,سشرق
2026-10-03,19000.0,19890.0,19000.0,19400.0,19710.0,45067604490.0,2323538.0,324.0,97000000000000.0,0.89,-11855281800.0,-0.2630555125828921,225323076.056338,253211092.72727272,,,1405-07-11,1405,-0.0005151983513652647,False,سشمال
2026-10-03,171800.0,171800.0,165300.0,166500.0,165700.0,819883163700.0,4924884.0,3535.0,183150000000000.0,0.802,79381372500.0,0.09682034711112339,512737569.8299015,639049861.3989637,,,1405-07-11,1405,-0.022887323943661997,False,سصوفی
2026-10-03,24620.0,24620.0,24250.0,24600.0,24620.0,337228833750.0,13708536.0,626.0,159900000000000.0,1.725,228742927800.0,0.6783018084674677,1669899425.1256282,967916428.0373832,,,1405-07-11,1405,0.028858218318695172,False,سغدیر
2026-10-03,8910.0,8910.0,8410.0,8610.0,8740.0,104183701690.0,12105711.0,1015.0,48646500000000.0,0.651,-35385205800.0,-0.33964243183918685,240703666.7088608,369727899.24,,,1405-07-11,1405,-0.005773672055427226,False,سغرب
2026-10-03,245100.0,245100.0,232400.0,232600.0,238600.0,54302383900.0,233504.0,223.0,54195800000000.0,0.134,-41736348400.0,-0.7685914577315638,161239512.8205128,1206956231.1111112,,,1405-07-11,1405,-0.028810020876826714,False,سفار
2026-10-03,14120.0,14120.0,14120.0,14120.0,14120.0,3401748040.0,240917.0,26.0,1707955200000.0,6.667,0.0,0.0,1133916013.3333335,170087402.0,,,1405-07-11,1405,0.01949458483754518,False,سفارود
2026-10-03,5350.0,5360.0,5060.0,5240.0,5320.0,44167757040.0,8427975.0,249.0,3458400000000.0,1.418,0.0,0.0,802956163.6363636,566187038.4615384,,,1405-07-11,1405,0.0057581573896352545,False,سفاسی
2026-10-03,60140.0,60140.0,60120.0,60140.0,60140.0,240414029800.0,3997660.0,728.0,96224000000000.0,0.771,14475036460.0,0.06020878428784608,832166432.3076923,1079616234.973262,,,1405-07-11,1405,0.02997088542558668,False,سفانو
2026-10-03,36770.0,36770.0,34640.0,34780.0,34640.0,392754978260.0,11293431.0,1962.0,139120000000000.0,0.322,-183435354360.0,-0.46704781483016,303790350.0,944161095.2216748,,,1405-07-11,1405,-0.026043125175021054,False,سقاین
2026-10-03,5750.0,5750.0,5500.0,5510.0,5500.0,74215134670.0,13469980.0,300.0,31337703567650.0,1.045,0.0,0.0,833927975.2808988,798060105.3763441,,,1405-07-11,1405,-0.026501766784452263,False,سکارون
2026-10-03,15580.0,15790.0,15260.0,15380.0,15260.0,173297191350.0,11264258.0,951.0,44602000000000.0,0.379,-101123576900.0,-0.5835269233865745,340979280.86956525,898985801.2565446,,,1405-07-11,1405,-0.022250476795931395,False,سکرد
2026-10-03,8870.0,8870.0,8470.0,8520.0,8470.0,25618448540.0,3008337.0,345.0,24204476520000.0,0.498,-8192218560.0,-0.3197780906680932,141778964.87804878,284789236.0,,,1405-07-11,1405,-0.02405498281786944,False,قتربت
2026-10-03,4100.0,4120.0,3880.0,4080.0,4120.0,199414087560.0,48917679.0,1008.0,26368260720000.0,2.029,8756332800.0,0.04391030196081499,1096616100.6593406,540588661.5297451,,,1405-07-11,1405,0.020000000000000018,False,قثابت
2026-10-03,14300.0,14300.0,13930.0,13950.0,14140.0,49382141200.0,3539334.0,214.0,9067500000000.0,0.536,-2781630000.0,-0.056328663205069775,629622693.2432432,1175564507.142857,,,1405-07-11,1405,-0.028551532033426197,False,قجام
2026-10-03,26180.0,26220.0,25400.0,25570.0,25430.0,139339232820.0,5448514.0,648.0,434690000000000.0,0.849,30896512270.0,0.22173591489420977,410892465.9090909,483903536.2011173,,,1405-07-11,1405,-0.025533536585365835,False,قرن
2026-10-03,12260.0,12880.0,12210.0,12230.0,12220.0,26763741230.0,2188104.0,240.0,48920000000000.0,0.491,-5060688390.0,-0.18908748020352908,244388339.46666667,497655613.82978725,,,1405-07-11,1405,-0.027821939586645472,False,قزوین
2026-10-03,5520.0,5520.0,5200.0,5230.0,5200.0,60799710080.0,11627820.0,420.0,12866286390000.0,0.608,0.0,0.0,326954293.5483871,538172553.9823009,,,1405-07-11,1405,-0.02425373134328357,False,قشکر
2026-10-03,16900.0,16900.0,16020.0,16180.0,16330.0,105144896800.0,6498434.0,713.0,12602146630080.0,0.976,-8252139780.0,-0.07848350258687971,520927539.4623656,533729249.3401016,,,1405-07-11,1405,-0.019987886129618437,False,قشیر
2026-10-03,31500.0,31500.0,29700.0,29880.0,29700.0,41915171360.0,1402796.0,258.0,53784000000000.0,0.485,1195737840.0,0.02852756653981147,321887886.2608696,663358686.6666666,,,1405-07-11,1405,-0.02384841555047368,False,قلرست
2026-10-03,10130.0,10130.0,9570.0,9760.0,9730.0,42579237790.0,4361636.0,430.0,48800000000000.0,0.674,-936960000.0,-0.02200509094646243,228689596.44444445,339524898.0645162,,,1405-07-11,1405,-0.010141987829614618,False,قمرو
2026-10-03,2040.0,2040.0,1957.0,1998.0,1970.0,24879495118.0,12453900.0,170.0,15648911424000.0,1.43,-379643976.0,-0.01525931190321191,583410672.0,407916265.5737705,,,1405-07-11,1405,-0.005970149253731294,False,قنقش
2026-10-03,3430.0,3500.0,3370.0,3380.0,3370.0,60775134650.0,17988432.0,534.0,13520000000000.0,0.598,-14947512580.0,-0.2459478315610774,231582765.55555555,387266880.0,,,1405-07-11,1405,-0.025936599423631135,False,قنیشا
2026-10-03,11040.0,11040.0,11040.0,11040.0,11040.0,37933274400.0,3435985.0,108.0,82800000000000.0,1.678,4739107680.0,0.12493273399039868,1029953773.7142856,613907341.1764706,,,1405-07-11,1405,0.029850746268656803,False,قهکمت
2026-10-03,23970.0,23970.0,23470.0,23480.0,23470.0,15773968500.0,671667.0,145.0,59383948920000.0,0.13,-6503960000.0,-0.4123223651676495,107753269.30232558,830039008.4210527,,,1405-07-11,1405,-0.029350971475816445,False,قپیرا
2026-10-03,55990.0,55990.0,52850.0,53380.0,52850.0,22876143370.0,428546.0,83.0,80070000000000.0,0.649,-5369173920.0,-0.23470625416000793,530503380.60606056,816992338.5714287,,,1405-07-11,1405,-0.020190895741556525,False,قیستو
2026-10-03,121600.0,121600.0,121600.0,119800.0,121600.0,2704748800.0,22243.0,18.0,11249220000000.0,3.0,0.0,0.0,888237133.3333333,296079044.4444444,,,1405-07-11,1405,0.014394580863674955,False,کابگن
2026-10-03,39010.0,39030.0,38940.0,38950.0,39010.0,15448820840.0,396679.0,87.0,7011000000000.0,0.971,-3178592650.0,-0.20574985514557886,454520533.3333334,468201425.75757575,,,1405-07-11,1405,-0.029646238166417538,False,کفرآور
2026-10-03,827.0,840.0,809.0,813.0,809.0,72402814126.0,89021804.0,297.0,20648093517000.0,0.881,8048700000.0,0.11116556859230828,682780440.1132076,775012369.3012048,,,1405-07-11,1405,-0.025179856115107868,False,کقزوی
2026-10-03,12390.0,12980.0,12380.0,12530.0,12960.0,586534439840.0,46823568.0,1689.0,92275072943200.0,0.721,-272201481930.0,-0.4640843971655842,871202970.859375,1207876688.9512196,,,1405-07-11,1405,-0.018025078369905967,False,کلر
2026-10-03,7950.0,7950.0,7750.0,7950.0,7950.0,384025288910.0,48308031.0,621.0,42532500000000.0,1.536,22711878000.0,0.05914162076269604,2354392368.5950413,1533155547.368421,,,1405-07-11,1405,0.029792746113989743,False,کلوند
2026-10-03,4770.0,4820.0,4570.0,4590.0,4670.0,72292848910.0,15756087.0,517.0,8721000000000.0,0.575,-17607933090.0,-0.24356396732850794,273562531.2,475792364.0131579,,,1405-07-11,1405,-0.02547770700636942,False,کمرجان
2026-10-03,10610.0,10880.0,10610.0,10630.0,10610.0,944558361210.0,88889505.0,2463.0,47835000000000.0,0.236,-136178389430.0,-0.14417149328449383,1209667247.294833,5121645264.560439,,,1405-07-11,1405,-0.027447392497712664,False,کمنگنز
2026-10-03,18340.0,18340.0,17310.0,18280.0,18340.0,158737756250.0,8683068.0,315.0,23270440000000.0,1.02,-71847364680.0,-0.4526167332669476,1439613302.9629629,1411193236.2264152,,,1405-07-11,1405,0.026389668725435245,False,کمینا
2026-10-03,6820.0,6820.0,6670.0,6810.0,6820.0,274011587480.0,40234996.0,967.0,471933000000000.0,0.53,-114711310590.0,-0.4186367140344849,532478193.85542166,1005277970.97561,,,1405-07-11,1405,0.02714932126696823,False,کنور
2026-10-03,35730.0,35730.0,35730.0,36210.0,35730.0,664327890.0,18593.0,12.0,2715750000000.0,0.182,0.0,0.0,61204775.45454545,336626265.0,,,1405-07-11,1405,-0.006584362139917643,False,کهرام
2026-10-03,7870.0,7870.0,7870.0,7720.0,7870.0,5100617830.0,648109.0,39.0,15440000000000.0,6.5,0.0,0.0,1250850370.0,192438518.4615385,,,1405-07-11,1405,0.009150326797385588,False,کورز
2026-10-03,50020.0,51520.0,48540.0,48990.0,48570.0,141693515370.0,2892175.0,928.0,41641500000000.0,0.529,-657984690.0,-0.004643717733178011,352483461.6806723,665760950.0526316,,,1405-07-11,1405,-0.020983213429256575,False,کگاز
2026-10-03,13130.0,13130.0,12840.0,13110.0,13130.0,531360198250.0,40516092.0,1821.0,22811400000000.0,0.613,31558509990.0,0.05939193431110551,830427378.1818182,1354901540.5263157,,,1405-07-11,1405,0.028235294117647136,False,کی بی سی
2026-10-03,3980.0,3980.0,3930.0,3980.0,3950.0,58802700300.0,14790619.0,303.0,47760000000000.0,1.292,10759321060.0,0.18297324791392275,676334003.3333333,523326536.5909091,,,1405-07-11,1405,0.01790281329923271,False,وسالت
2026-10-03,3860.0,3860.0,3640.0,3850.0,3860.0,399477153830.0,103742717.0,1588.0,61600000000000.0,0.736,165931096100.0,0.415370677669875,765696403.5934291,1040015338.9447236,,,1405-07-11,1405,0.026666666666666616,False,وسبحان
2026-10-03,4940.0,4940.0,4790.0,4910.0,4940.0,265561684700.0,54065443.0,1856.0,368250000000000.0,12.479,150748754540.0,0.5676600323962322,1292260517.2058823,103552652.26605503,,,1405-07-11,1405,0.022916666666666696,False,وسپهر
2026-10-03,12800.0,12800.0,12100.0,12600.0,12470.0,112092976390.0,8899449.0,944.0,50400000000000.0,2.706,14083133400.0,0.12563796460360901,474796974.4493392,175460261.7977528,,,1405-07-11,1405,0.013676588897827857,False,شمس
2026-10-03,11850.0,11850.0,11510.0,11840.0,11850.0,923809390560.0,77996272.0,1977.0,32181001600000.0,0.427,-406199900160.0,-0.43970098627571585,1248768078.0165288,2927280062.1487603,,,1405-07-11,1405,0.02867072111207647,False,شملی
2026-10-03,19310.0,19310.0,18190.0,18460.0,18220.0,503403894300.0,27265032.0,2379.0,623948000000000.0,0.511,-71720404340.0,-0.14247089693203432,472718605.0164293,925206784.4117646,,,1405-07-11,1405,-0.015466666666666629,False,شنفت
2026-10-03,2392.0,2494.0,2373.0,2435.0,2447.0,26562508751.0,10907885.0,648.0,121750000000000.0,2.02,-19372107585.0,-0.7293026335199116,128367721.25,63542344.43779904,,,1405-07-11,1405,-0.0044971381847914715,False,شهر
2026-10-03,46290.0,46290.0,43610.0,45460.0,46290.0,398694080220.0,8769411.0,1019.0,45460000000000.0,0.55,-261804003620.0,-0.6566538521854555,786180868.8461539,1429175535.910781,,,1405-07-11,1405,0.011345939933259164,False,شوینده
2026-10-03,27560.0,27630.0,27560.0,27590.0,27630.0,158167590.0,5733.0,8.0,82080250000000.0,0.952,-82852770.0,-0.5238289968254558,25106900.0,26362245.0,,,1405-07-11,1405,0.0025436046511628785,False,شگامرن
2026-10-03,2357.0,2357.0,2316.0,2357.0,2357.0,3447361076422.0,1462860639.0,4188.0,96600393925613.0,1.258,1549251451996.0,0.44940214200131334,2857985214.399048,2271726170.771518,,,1405-07-11,1405,0.029707295762341657,False,شگستر
2026-10-03,3400.0,3430.0,3300.0,3340.0,3340.0,166422526290.0,49773399.0,878.0,56780000000000.0,0.659,-16744742640.0,-0.10061584217764731,489225134.7445256,742819850.0492611,,,1405-07-11,1405,-0.022248243559718994,False,شگل
2026-10-03,14530.0,14530.0,13760.0,14170.0,14110.0,1396962846080.0,98612825.0,3937.0,481780000000000.0,0.721,-599163429800.0,-0.42890434164466507,834927256.6795367,1157608449.2022264,,,1405-07-11,1405,0.00425230333097093,False,شگویا
2026-10-03,74000.0,74000.0,69760.0,70400.0,69760.0,267310948090.0,3797086.0,1024.0,1077120000000000.0,0.388,-44711814400.0,-0.16726518206409613,407994130.0613497,1051585211.8343196,,,1405-07-11,1405,-0.020998470310109818,False,شیراز
2026-10-03,12240.0,12240.0,11550.0,11590.0,11670.0,663708122910.0,57250024.0,2269.0,630886003500000.0,0.542,-59055952570.0,-0.08897880036644977,675563846.9352014,1245946524.2857144,,,1405-07-11,1405,-0.026050420168067245,False,شیران
2026-10-03,34900.0,34900.0,34120.0,34890.0,34900.0,1352687211510.0,38769989.0,3463.0,30127759230000.0,0.556,-513273558660.0,-0.3794473358604718,1335519605.5851064,2403238360.929791,,,1405-07-11,1405,0.02950722927117133,False,غاذر
2026-10-03,31800.0,32750.0,31800.0,32250.0,32130.0,119516538000.0,3706471.0,806.0,14899500000000.0,1.025,-938475000.0,-0.007852260580037886,496092844.1422594,483824553.6437247,,,1405-07-11,1405,0.02186311787072248,False,غالبر
2026-10-03,97500.0,97500.0,92750.0,92900.0,92750.0,345466733910.0,3718576.0,1162.0,1021900000000000.0,0.125,-185800000000.0,-0.5378231295879391,277662105.04347825,2228746518.7096777,,,1405-07-11,1405,-0.02834431544817484,False,شراز
2026-10-03,117300.0,117300.0,110500.0,113700.0,113800.0,375663853300.0,3303307.0,1800.0,682200000000000.0,0.866,83856365100.0,0.22322180950700482,526302080.3149607,607634601.6990292,,,1405-07-11,1405,-0.0017559262510974394,False,شرانل
2026-10-03,18730.0,19510.0,18640.0,19150.0,19410.0,15349814770.0,801617.0,203.0,19150000000000.0,1.116,-5299685900.0,-0.34526057671769544,228438173.8636364,204679540.6666667,,,1405-07-11,1405,0.008425487098472795,False,شرنگی
2026-10-03,4570.0,4570.0,4570.0,4570.0,4570.0,18057898000.0,3951400.0,66.0,178382128518120.0,23.425,15810143500.0,0.8755251303335526,1283607538.4615383,54797156.25,,,1405-07-11,1405,0.029279279279279313,False,شساخت
2026-10-03,2015.0,2015.0,1902.0,1962.0,1918.0,45914900701.0,23407407.0,254.0,9810000000000.0,0.983,-786762000.0,-0.017135221638034923,575203237.6153846,585289929.9230769,,,1405-07-11,1405,0.0010204081632652073,False,شستان
2026-10-03,4510.0,4520.0,4260.0,4370.0,4260.0,95903980670.0,21950037.0,713.0,20976000000000.0,0.84,-1631321000.0,-0.017009940448804522,351829629.4402985,418871885.1091703,,,1405-07-11,1405,-0.004555808656036442,False,شسینا
2026-10-03,18300.0,18300.0,17380.0,17650.0,17850.0,403554582720.0,22865589.0,1246.0,35300000000000.0,0.685,-123541757450.0,-0.30613394752530293,611471951.9354838,892017272.2222222,,,1405-07-11,1405,-0.014517029592406527,False,شصدف
2026-10-03,88000.0,88000.0,88000.0,88000.0,88000.0,279344648000.0,3174371.0,550.0,114400000000000.0,2.931,7112952000.0,0.025462997236302878,2354614022.47191,803363873.015873,,,1405-07-11,1405,0.029962546816479474,False,شغدیر
2026-10-03,70450.0,70450.0,70450.0,70450.0,70450.0,76171314950.0,1081211.0,144.0,191060400000000.0,6.879,57071545000.0,0.7492524585857895,1904282873.75,276808260.1449276,,,1405-07-11,1405,0.029970760233918092,False,شفا
2026-10-03,1844.0,1844.0,1844.0,1844.0,1844.0,103873004972.0,56330263.0,238.0,26596318104000.0,2.727,-5909016864.0,-0.056886934825779174,2679232032.848485,982538270.2916667,,,1405-07-11,1405,0.02959240647682848,False,شفارا
2026-10-03,2869.0,2869.0,2869.0,2869.0,2869.0,112314206190.0,39147510.0,314.0,14345000000000.0,13.718,6915761797.0,0.061575129554855466,4937698019.235294,359930395.0,,,1405-07-11,1405,0.029791816223976975,False,شفام
2026-10-03,8170.0,8170.0,7780.0,7790.0,7780.0,481557716140.0,61804584.0,1222.0,241100500000000.0,0.514,-144540076930.0,-0.300151097335919,699343010.4021448,1360385972.5167787,,,1405-07-11,1405,-0.028678304239401542,False,شفن
2026-10-03,11870.0,11870.0,11530.0,11840.0,11870.0,1540900714780.0,130097089.0,4654.0,206016000000000.0,0.664,-51670801920.0,-0.03353285609149531,995431692.8213688,1499033698.698795,,,1405-07-11,1405,0.026886383347788367,False,شکام
2026-10-03,152700.0,152700.0,144100.0,145100.0,144100.0,85021216500.0,586136.0,250.0,522360000000000.0,0.346,-43371986100.0,-0.5101313282197039,419087159.77011496,1209584378.787879,,,1405-07-11,1405,-0.022895622895622858,False,شکبیر
2026-10-03,34640.0,34640.0,32640.0,34380.0,34280.0,342675603240.0,9967515.0,1199.0,137520000000000.0,0.846,-54637246080.0,-0.1594430579924701,856207189.3846154,1011865384.379562,,,1405-07-11,1405,0.0219976218787159,False,شکلر
2026-10-03,54800.0,54800.0,52130.0,52150.0,52130.0,137493182320.0,2636324.0,335.0,180366355050000.0,0.497,-21368723250.0,-0.1554166024048137,898621591.3043478,1807394293.478261,,,1405-07-11,1405,-0.02958689988835128,False,وسنا
2026-10-03,3290.0,3330.0,3190.0,3240.0,3250.0,32701844130.0,10098278.0,314.0,110160000000000.0,0.916,-2879919360.0,-0.08806596192408675,200815200.0,219192709.38053092,,,1405-07-11,1405,-0.00917431192660545,False,وسکاب
2026-10-03,4810.0,4810.0,4670.0,4800.0,4810.0,331259410050.0,69016708.0,1265.0,15936000000000.0,0.663,17891376000.0,0.05401016682756119,802131230.9927361,1209995453.2818532,,,1405-07-11,1405,0.027837259100642386,False,وآوا
2026-10-03,11700.0,11900.0,11560.0,11840.0,11900.0,58542725510.0,4944344.0,250.0,74592000000000.0,1.171,0.0,0.0,836300470.8571428,713915036.097561,,,1405-07-11,1405,0.02422145328719716,False,وامیر
2026-10-03,6470.0,6610.0,6440.0,6450.0,6440.0,358519957150.0,55566130.0,693.0,193500000000000.0,0.57,-184377597300.0,-0.514274292470862,831089074.0384616,1458937366.346154,,,1405-07-11,1405,-0.02714932126696834,False,وامین
2026-10-03,3590.0,3620.0,3490.0,3580.0,3590.0,16600836950.0,4639481.0,92.0,7876000000000.0,1.996,357344860.0,0.021525713497234245,773904624.7619047,387674445.36585367,,,1405-07-11,1405,0.017045454545454586,False,وایرا
2026-10-03,5150.0,5150.0,4870.0,4990.0,5020.0,77501091540.0,15544607.0,612.0,10628700000000.0,0.897,0.0,0.0,443243365.31428576,494061075.9872612,,,1405-07-11,1405,-0.005976095617529875,False,وایران
2026-10-03,65300.0,65320.0,61520.0,61970.0,61520.0,228915706620.0,3693994.0,640.0,21797947500000.0,0.621,-2341908270.0,-0.010230439424969501,1053836743.767442,1695680060.5925927,,,1405-07-11,1405,-0.02286345001576795,False,وبرق
2026-10-03,7670.0,7710.0,7270.0,7460.0,7570.0,184483084860.0,24726163.0,954.0,447600000000000.0,0.638,-12130616480.0,-0.06575462725596576,306737827.39726025,480968695.65891474,,,1405-07-11,1405,-0.004005340453938633,False,وبشهر
2026-10-03,3090.0,3100.0,2960.0,3050.0,3040.0,88237004240.0,28972205.0,748.0,48800000000000.0,1.005,12792203250.0,0.14497549367389992,376022235.10638297,374123871.2871287,,,1405-07-11,1405,0.009933774834437026,False,وبیمه
2026-10-03,2176.0,2176.0,2176.0,2176.0,2176.0,49639743232.0,22812382.0,550.0,28288000000000.0,46.745,25679459072.0,0.5173165169687234,2157442874.181818,46153144.40677966,,,1405-07-11,1405,0.02981542830099393,False,وپایا
2026-10-03,77040.0,77040.0,77040.0,77040.0,77040.0,42549731280.0,552307.0,265.0,140212800000000.0,0.058,-15381036000.0,-0.36148374002140116,136526106.93467337,2363873960.0,,,1405-07-11,1405,-0.02996726265424321,False,وپترو
2026-10-03,57990.0,57990.0,57990.0,57990.0,57990.0,167090762280.0,2881372.0,291.0,487116000000000.0,2.671,67229662680.0,0.40235415628388144,1566304999.4366198,586373230.4,,,1405-07-11,1405,0.029834842834310038,False,وپخش
2026-10-03,2699.0,2699.0,2566.0,2573.0,2566.0,58721204435.0,22825051.0,206.0,6432500000000.0,0.613,0.0,0.0,631493077.6666666,1030330810.9298246,,,1405-07-11,1405,-0.02722117202268426,False,وپسا
2026-10-03,3084.0,3084.0,2911.0,3057.0,3083.0,27850843311.0,9110196.0,158.0,10393798483728.0,1.081,0.0,0.0,449191438.25806457,415669689.1343284,,,1405-07-11,1405,0.020701168614357224,False,سلار
2026-10-03,91390.0,91390.0,86600.0,90850.0,91390.0,285709923680.0,3144769.0,791.0,224036100000000.0,0.733,-97966825600.0,-0.3428891245294109,399226370.9150327,544686508.0479451,,,1405-07-11,1405,0.02389270821593592,False,سمازن
2026-10-03,5410.0,5630.0,5400.0,5600.0,5630.0,27013601140.0,4827615.0,166.0,22400000000000.0,3.533,8581288800.0,0.3176654884155145,795136588.2352941,225040917.07317075,,,1405-07-11,1405,0.02376599634369292,False,سمایه
2026-10-03,64400.0,65500.0,62610.0,63340.0,64240.0,30178715040.0,476481.0,236.0,126680000000000.0,1.044,-6219671300.0,-0.20609463629436225,402466884.2857143,385388007.3333333,,,1405-07-11,1405,-0.01859312054539819,False,سمتاز
2026-10-03,3480.0,3510.0,3400.0,3440.0,3420.0,6816769400.0,1983888.0,81.0,6880000000000.0,1.076,242657600.0,0.0355971554502049,250213878.5185185,232611325.71428573,,,1405-07-11,1405,-0.014326647564469885,False,سنوین
2026-10-03,6890.0,6980.0,6670.0,6710.0,6690.0,93233127780.0,13891740.0,803.0,22780450000000.0,0.771,-585816550.0,-0.006283351893785409,291331316.0714286,377890635.5648536,,,1405-07-11,1405,-0.02328966521106257,False,سنیر
2026-10-03,20890.0,20890.0,19740.0,19770.0,19740.0,167388628160.0,8467136.0,606.0,144241920000000.0,0.311,-22203667230.0,-0.1326474054663762,612622833.2911392,1969356220.235294,,,1405-07-11,1405,-0.028501228501228493,False,سهرمز
2026-10-03,160600.0,160600.0,151400.0,154600.0,155500.0,191979331000.0,1241949.0,972.0,112670779400000.0,0.467,-109446287200.0,-0.5700941170588828,316682230.4635762,677867689.6551725,,,1405-07-11,1405,-0.008974358974358942,False,سهگمت
2026-10-03,78400.0,78400.0,73940.0,74390.0,74230.0,174643714660.0,2347710.0,583.0,111585000000000.0,0.302,-109620062540.0,-0.6276782577226475,492621851.2121212,1632206980.3738315,,,1405-07-11,1405,-0.024009446339543383,False,سکرما
2026-10-03,32860.0,32860.0,30960.0,31420.0,30970.0,173161403580.0,5511960.0,1828.0,691240000000000.0,1.114,-16810171300.0,-0.0970780494524795,203946749.484193,183156593.61366624,,,1405-07-11,1405,-0.015355687872140367,False,سیتا
2026-10-03,12070.0,12070.0,11750.0,12050.0,12070.0,315866011530.0,26208039.0,890.0,289200000000000.0,0.999,33316068950.0,0.10547532097113824,957398972.047244,958279771.4611872,,,1405-07-11,1405,0.028156996587030747,False,سیدکو
2026-10-03,59140.0,59140.0,57000.0,58290.0,57780.0,79402042670.0,1362176.0,304.0,582900000000000.0,0.49,-31565433960.0,-0.3975393188710267,275840610.5769231,563110817.3831775,,,1405-07-11,1405,0.015151515151515138,False,سیستم
2026-10-03,22050.0,23250.0,22040.0,22610.0,22050.0,83661176640.0,3700867.0,592.0,27132000000000.0,0.36,-52429175890.0,-0.6266846582328919,224801632.94964027,624452260.2238806,,,1405-07-11,1405,-0.0048415492957746276,False,سیلام
2026-10-03,3500.0,3500.0,3500.0,3410.0,3500.0,4732000000.0,1352000.0,10.0,98890000000000.0,135.2,4603500000.0,0.9728444632290786,922064000.0,6820000.0,,,1405-07-11,1405,0.002941176470588225,False,شارپیلن
2026-10-03,98659.0,98659.0,93000.0,97346.0,98655.0,23796647215942.0,244453588.0,24286.0,243365000000000.0,0.76,123652004272.0,0.00519619436931276,3806275957.5135136,5010590096.902752,,,1405-07-11,1405,0.026152954198070955,False,موج
2026-10-03,42408.0,42408.0,41146.0,42209.0,42408.0,5480223421376.0,129834891.0,9389.0,84418000000000.0,0.717,-421208633871.0,-0.07685975579536518,1592897795.4244857,2222440732.740496,,,1405-07-11,1405,0.03511783603501972,False,دوایکس
2026-10-03,70999.0,71178.0,65811.0,68815.0,68601.0,11207359893021.0,162861174.0,15486.0,172037500000000.0,0.988,173855936375.0,0.015512657578103014,3187136312.683649,3225446756.625533,,,1405-07-11,1405,0.003939018163250374,False,نارنج اهرم
2026-10-03,75490.0,76239.0,70891.0,73627.0,72880.0,26610946362976.0,361428723.0,37126.0,404948500000000.0,0.78,-235496033127.0,-0.008849592566713348,2994823348.321594,3837833520.984169,,,1405-07-11,1405,0.004200821069572758,False,اهرم
