date,o,h,l,c,last,value,vol,ntr,mcap,bp,net,nrp,pcb,pcs,float,pe,jdate,jy,rawpct,gap,sym
2026-10-06,9000.0,9000.0,9000.0,9000.0,9000.0,327465720000.0,36385080.0,343.0,180000000000000.0,5.856,245070000000.0,0.7483836781449978,3370773176.470588,575635000.0,,,1405-07-14,1405,0.029748283752860427,False,فجر
2026-10-06,3610.0,3610.0,3610.0,3610.0,3610.0,326510561790.0,90446139.0,850.0,613700000000000.0,67.343,221312158270.0,0.6778101053047715,3424066112.8985505,50844909.9319728,,,1405-07-14,1405,0.028490028490028463,False,فجهان
2026-10-06,3670.0,3750.0,3670.0,3730.0,3690.0,324978411530.0,87223305.0,1251.0,464385000000000.0,1.35,199091010380.0,0.6126284187391973,919665485.6927712,681012377.3717949,,,1405-07-14,1405,0.021917808219177992,False,فخاس
2026-10-06,3140.0,3200.0,3140.0,3200.0,3200.0,1776164455540.0,555094785.0,4392.0,784000000000000.0,7.446,1079006675200.0,0.6074925504980642,5505123377.777778,739340538.6569872,,,1405-07-14,1405,0.02893890675241151,False,فخوز
2026-10-06,8540.0,8540.0,8540.0,8540.0,8540.0,17873306220.0,2092893.0,84.0,42700000000000.0,8.608,1782417560.0,0.09972511733758009,2234163277.5,259530462.2580645,,,1405-07-14,1405,0.028915662650602414,False,فرآور
2026-10-06,7450.0,7480.0,7360.0,7480.0,7480.0,372015356420.0,49744337.0,1021.0,118184000000000.0,2.393,155985496480.0,0.4192985418158239,1376495558.3703704,575115478.08,,,1405-07-14,1405,0.028885832187070193,False,فرابورس
2026-10-06,3071.0,3071.0,3071.0,3071.0,3071.0,46627905087.0,15183297.0,294.0,27639000000000.0,2.399,7984600000.0,0.17124080494506563,555094108.1785715,231397036.44910175,,,1405-07-14,1405,0.029845741113346813,False,فروی
2026-10-06,9140.0,9700.0,9140.0,9460.0,9700.0,1115127701990.0,117918399.0,2620.0,40678000000000.0,1.362,466479307140.0,0.41831918111938643,1514981095.4706683,1112265692.2970638,,,1405-07-14,1405,0.00424628450106157,False,فزرین
2026-10-06,14380.0,14380.0,14380.0,14380.0,14380.0,98255290120.0,6832774.0,266.0,100660000000000.0,6.352,56082000000.0,0.5707784276195876,1878825802.4,295775704.0625,,,1405-07-14,1405,0.029348604151753666,False,فسازان
2026-10-06,2598.0,2606.0,2598.0,2606.0,2606.0,94335215530.0,36205245.0,468.0,28880004720000.0,1.939,16181740702.0,0.17153446473924647,742920224.1732284,383181998.8627451,,,1405-07-14,1405,0.029632556301856905,False,فسرب
2026-10-06,10320.0,10320.0,10320.0,10320.0,10320.0,35107649280.0,3401904.0,64.0,129000000000000.0,14.987,28916640000.0,0.8236563994751175,2507689234.2857146,167324575.13513514,,,1405-07-14,1405,0.029940119760478945,False,فسپا
2026-10-06,4330.0,4330.0,4330.0,4330.0,4330.0,117591425090.0,27157373.0,692.0,216500000000000.0,358.712,106081137640.0,0.9021162687569229,3583755648.0645165,9990612.450199204,,,1405-07-14,1405,0.028503562945368266,False,فصبا
2026-10-06,30070.0,30070.0,30070.0,30070.0,30070.0,3063133533340.0,101866762.0,4618.0,4.33008e+16,9.496,1559872890540.0,0.5092409043098867,4926529539.64539,518812162.54576415,,,1405-07-14,1405,0.02979452054794529,False,فملی
2026-10-06,3850.0,4070.0,3850.0,3970.0,4020.0,477327350000.0,120288361.0,1237.0,34936000000000.0,1.244,-36516020300.0,-0.07650100146157558,2002696101.553398,1609574972.1146953,,,1405-07-14,1405,0.002525252525252597,False,فن آوا
2026-10-06,3880.0,3880.0,3880.0,3880.0,3880.0,9179565259800.0,2365867335.0,18336.0,7507800000000000.0,17.17,6281546113920.0,0.6842966890195472,5254656184.817971,306042060.1340646,,,1405-07-14,1405,0.02917771883289122,False,فولاد
2026-10-06,6310.0,6550.0,6310.0,6520.0,6550.0,193704313910.0,29705813.0,537.0,378160000000000.0,1.839,35550834640.0,0.18353145535270748,1053061148.923077,572582569.039548,,,1405-07-14,1405,0.02515723270440251,False,فولاژ
2026-10-06,2772.0,2772.0,2772.0,2772.0,2772.0,19707453612.0,7109471.0,89.0,131992502371884.0,17.26,11144033208.0,0.565473014799554,2463431701.5,142723673.4,,,1405-07-14,1405,0.029717682020802272,False,قاسم
2026-10-06,6130.0,6130.0,6020.0,6130.0,6130.0,69717828170.0,11378145.0,344.0,57928500000000.0,4.637,17004399320.0,0.24390317034168738,1099017512.6415093,237031775.0,,,1405-07-14,1405,0.028523489932885893,False,قچار
2026-10-06,3610.0,3650.0,3540.0,3580.0,3590.0,44309075610.0,12332453.0,256.0,37013149409000.0,1.222,-7359330820.0,-0.16609082267423994,538898031.7647059,441052284.05063295,,,1405-07-14,1405,0.008450704225352101,False,قشرین
2026-10-06,3650.0,3690.0,3550.0,3580.0,3580.0,115615836980.0,32253571.0,1205.0,47091133840000.0,0.397,-3222000000.0,-0.027868154434217893,267035284.4391408,673156632.6315789,,,1405-07-14,1405,-0.019178082191780854,False,قشهد
2026-10-06,2252.0,2325.0,2252.0,2320.0,2325.0,81901078781.0,35304385.0,476.0,70043066071600.0,0.816,1878726720.0,0.02293897403993463,356508937.56613755,436676416.5333333,,,1405-07-14,1405,0.027457927369353374,False,قصفها
2026-10-06,6060.0,6060.0,6050.0,6060.0,6060.0,61912553080.0,10217004.0,180.0,24240000000000.0,9.325,39953580000.0,0.6453227659401185,2381347855.3846154,255365863.255814,,,1405-07-14,1405,0.028862478777589073,False,کاذر
2026-10-06,13520.0,13520.0,13510.0,13520.0,13520.0,658941424880.0,48738544.0,1459.0,838240000000000.0,1.398,250301384320.0,0.379853769802957,1196470544.4180524,856124036.7567568,,,1405-07-14,1405,0.02970297029702973,False,کالا
2026-10-06,5500.0,5670.0,5500.0,5630.0,5670.0,1731765308170.0,307567138.0,8530.0,239669100000000.0,0.96,-99147171300.0,-0.05725208308091777,1157522857.6758149,1205340119.2595675,,,1405-07-14,1405,0.02177858439201441,False,کاما
2026-10-06,3740.0,3800.0,3650.0,3740.0,3730.0,197478914180.0,52828011.0,1244.0,15919889700000.0,0.945,4488000000.0,0.022726476994446274,660791843.277592,699596960.6521739,,,1405-07-14,1405,0.013550135501354976,False,کایزد
2026-10-06,8570.0,8600.0,8560.0,8600.0,8600.0,154267074570.0,17941991.0,495.0,30100000000000.0,0.971,17579526600.0,0.11395514337068173,851959305.3254437,877788861.111111,,,1405-07-14,1405,0.029940119760478945,False,کتوکا
2026-10-06,2722.0,2722.0,2685.0,2722.0,2722.0,99084131000.0,36402616.0,250.0,59899569660348.0,1.598,-33780020000.0,-0.34092260444813305,565612336.6153846,353911976.2919708,,,1405-07-14,1405,0.02989027620128648,False,کحافظ
2026-10-06,2018.0,2030.0,2011.0,2029.0,2030.0,78047364867.0,38469932.0,415.0,99623900000000.0,2.266,26377000000.0,0.33796144232350284,573937441.382353,253325941.3137255,,,1405-07-14,1405,0.029426686960933646,False,کرازی
2026-10-06,1523.0,1523.0,1523.0,1523.0,1523.0,72612730459.0,47677433.0,479.0,64910531094000.0,14.445,23061250770.0,0.31759239219108126,2074649441.6857145,143627477.3594203,,,1405-07-14,1405,0.02974983096686956,False,کرمان
2026-10-06,5360.0,5390.0,5270.0,5380.0,5390.0,87373082760.0,16234237.0,682.0,15871000000000.0,1.304,-13826600000.0,-0.15824782144839133,324947285.2688172,249217433.0872484,,,1405-07-14,1405,0.026717557251908497,False,کرومیت
2026-10-06,6140.0,6160.0,6060.0,6160.0,6160.0,122588220860.0,19903483.0,705.0,92400000000000.0,26.698,77388110800.0,0.6312850472671425,2357797216.9230766,88315125.9375,,,1405-07-14,1405,0.028380634390651194,False,کزغال
2026-10-06,2750.0,2890.0,2750.0,2837.0,2887.0,324800165839.0,114482845.0,1981.0,50409484156000.0,0.702,-46987937328.0,-0.14466722086370923,477635020.1525735,680313499.5365853,,,1405-07-14,1405,0.008890469416785285,False,کسرا
2026-10-06,6750.0,6780.0,6700.0,6770.0,6780.0,164214064600.0,24243326.0,338.0,111705000000000.0,1.119,-43548397350.0,-0.2651928594306288,887768717.5,793561642.6229508,,,1405-07-14,1405,0.0273141122913505,False,کهمدا
2026-10-06,1803.0,1849.0,1803.0,1846.0,1849.0,162326463415.0,87954098.0,630.0,73840000000000.0,1.77,20541795118.0,0.12654618776165494,645906477.6666667,364857972.3404256,,,1405-07-14,1405,0.027839643652561197,False,کوثر
2026-10-06,3060.0,3060.0,3060.0,3060.0,3060.0,956305490040.0,312518134.0,2550.0,1748790000000000.0,52.944,809336572560.0,0.846315932502016,6403578283.880597,120950167.44416872,,,1405-07-14,1405,0.02684563758389258,False,کچاد
2026-10-06,3120.0,3150.0,3100.0,3150.0,3150.0,2188188830950.0,694722740.0,5734.0,2063250000000000.0,4.744,1151034273900.0,0.5260214555616206,2092804904.9780376,441127537.5594295,,,1405-07-14,1405,0.02941176470588225,False,کگل
2026-10-06,7720.0,7720.0,7720.0,7720.0,7720.0,614550877920.0,79605036.0,669.0,1621200000000000.0,31.178,529622887720.0,0.8618047858178218,5089841533.703704,163252015.6097561,,,1405-07-14,1405,0.029333333333333433,False,کگهر
2026-10-06,18540.0,19090.0,18540.0,18970.0,19090.0,666926711970.0,35151742.0,2649.0,182113116289650.0,0.534,-276216706640.0,-0.41416350804738034,367180856.0195531,687650764.7321428,,,1405-07-14,1405,0.023193096008629954,False,سرود
2026-10-06,29310.0,29720.0,29310.0,29710.0,29720.0,500405123200.0,16840982.0,608.0,594200000000000.0,8.337,59775955510.0,0.119455122936679,2083530939.444444,249927560.2843602,,,1405-07-14,1405,0.029452529452529408,False,سفارس
2026-10-06,1501.0,1501.0,1501.0,1501.0,1501.0,73196530677.0,48765177.0,314.0,28157259000000.0,1.118,1338282594.0,0.01828341564309302,522409524.68478256,467233936.77,,,1405-07-14,1405,0.029492455418381303,False,سلیم
2026-10-06,4210.0,4290.0,4190.0,4260.0,4270.0,629166228790.0,147597395.0,2333.0,106500000000000.0,0.981,60409334700.0,0.09601490343208349,1071196600.531915,1091858530.120482,,,1405-07-14,1405,0.021582733812949728,False,سمگا
2026-10-06,6350.0,6590.0,6350.0,6590.0,6590.0,970201657200.0,147265696.0,2274.0,823750000000000.0,2.89,-27719391790.0,-0.028570752878322336,1079269801.443662,373443592.6256983,,,1405-07-14,1405,0.02968750000000009,False,سیسکو
2026-10-06,5390.0,5390.0,5390.0,5390.0,5390.0,91976183530.0,17064227.0,169.0,157359384490000.0,1.451,60907000000.0,0.6622040365496779,601151526.3398693,414255780.4,,,1405-07-14,1405,0.028625954198473247,False,سیمرغ
2026-10-06,30640.0,30710.0,30200.0,30680.0,30710.0,499382399700.0,16274874.0,1596.0,521560000000000.0,1.453,-9873069440.0,-0.019770559486940606,1376442205.6872036,947326103.5962144,,,1405-07-14,1405,0.028839704896042928,False,شاراک
2026-10-06,14550.0,14960.0,14320.0,14540.0,14520.0,1226182339950.0,84351261.0,6536.0,922563000000000.0,0.506,270528026660.0,0.22062626238038244,469756293.4070797,927457440.14068,,,1405-07-14,1405,-0.0006872852233676952,False,شبهرن
2026-10-06,8360.0,8360.0,8360.0,8360.0,8360.0,2507640520.0,299957.0,45.0,46761660000000.0,21.0,0.0,0.0,1253820260.0,59705726.66666666,,,1405-07-14,1405,0.029556650246305383,False,شدوص
2026-10-06,3590.0,3620.0,3520.0,3620.0,3620.0,4190473178260.0,1158359062.0,11246.0,5922368710720000.0,3.609,1907162657060.0,0.4551186884942446,2012019929.319588,557555377.1038251,,,1405-07-14,1405,0.02840909090909083,False,شستا
2026-10-06,26040.0,26040.0,26040.0,26040.0,26040.0,205344044640.0,7885716.0,286.0,1458240000000000.0,11.364,163192680000.0,0.7947280881025895,2408927373.6585364,211971386.6666667,,,1405-07-14,1405,0.029655990510083052,False,شسپا
2026-10-06,2472.0,2474.0,2382.0,2440.0,2457.0,128784735480.0,52785645.0,861.0,29132267760000.0,1.087,12580640000.0,0.09768735365344403,486026316.2264151,446985899.2307692,,,1405-07-14,1405,0.01582014987510405,False,شفارس
2026-10-06,3810.0,3820.0,3720.0,3790.0,3800.0,303161259980.0,79985097.0,1380.0,156711705650000.0,0.903,9940400630.0,0.03278915198681977,695205897.7647059,769601363.6657683,,,1405-07-14,1405,0.02156334231805923,False,شلرد
2026-10-06,2880.0,2899.0,2849.0,2886.0,2899.0,243768714735.0,84464266.0,1027.0,92929200000000.0,0.833,-55460683356.0,-0.22751354051438097,518088818.913738,621778524.7885715,,,1405-07-14,1405,0.025222024866785153,False,شپاکسا
2026-10-06,2623.0,2779.0,2623.0,2681.0,2720.0,271736920154.0,101357875.0,1062.0,26810000000000.0,1.014,11507203211.0,0.042346852258716206,799885227.8023952,789056984.1820987,,,1405-07-14,1405,-0.008505917159763343,False,شپترو
2026-10-06,12100.0,12310.0,12050.0,12290.0,12310.0,1216267193740.0,98940723.0,5283.0,2870609367880000.0,0.771,-90885877320.0,-0.07472525592055768,583851388.6395422,757720804.542042,,,1405-07-14,1405,0.027591973244147194,False,شپدیس
2026-10-06,12150.0,12200.0,12000.0,12180.0,12180.0,203266052020.0,16695113.0,902.0,77770859040000.0,1.172,62379053940.0,0.3068837777882473,603396826.0526315,515037139.7260274,,,1405-07-14,1405,0.02784810126582271,False,شکربن
2026-10-06,1496.0,1496.0,1496.0,1496.0,1496.0,30961895184.0,20696454.0,170.0,11754799056000.0,4.288,18067192000.0,0.583529912901988,737187980.5714285,171929375.78666666,,,1405-07-14,1405,0.02959394356503786,False,شلعاب
2026-10-06,10850.0,10920.0,10800.0,10920.0,10920.0,1396958755940.0,127951875.0,4441.0,1255800000000000.0,1.537,853887150480.0,0.6112472160321065,1056642936.8605578,687335859.2139738,,,1405-07-14,1405,0.029217719132893505,False,صبا
2026-10-06,6060.0,6100.0,6000.0,6090.0,6100.0,242076660840.0,39758690.0,1866.0,121800000000000.0,1.218,18207413070.0,0.07521341795950394,278948636.80851066,229003864.1966759,,,1405-07-14,1405,0.026981450252951067,False,عالیس
2026-10-06,4640.0,4640.0,4640.0,4640.0,4640.0,77017592160.0,16598619.0,193.0,22364800000000.0,9.459,66665107200.0,0.8655828536096889,1303889520.0,137853614.76923075,,,1405-07-14,1405,0.02882483370288247,False,غدشت
2026-10-06,5410.0,5570.0,5410.0,5520.0,5550.0,846810535730.0,153444184.0,4613.0,237360000000000.0,0.827,-226585164240.0,-0.2675748053189612,380318529.991756,459833917.8609625,,,1405-07-14,1405,0.020332717190388205,False,غزر
2026-10-06,2540.0,2543.0,2452.0,2538.0,2543.0,141109630890.0,55598983.0,707.0,28374840000000.0,1.158,-34638497100.0,-0.2454722394320622,501602746.0736842,433143396.18,,,1405-07-14,1405,0.0279465370595382,False,غشهداب
2026-10-06,6140.0,6230.0,6060.0,6220.0,6230.0,371440293490.0,59692113.0,1109.0,365224212180000.0,1.403,22781639460.0,0.06133324752128254,697945908.8510638,497308623.6619718,,,1405-07-14,1405,0.028099173553719048,False,غصینو
2026-10-06,2460.0,2530.0,2390.0,2460.0,2479.0,189345054483.0,76957331.0,1064.0,86100000000000.0,0.993,3250370940.0,0.017166389419966756,638421034.5762712,642652202.2916666,,,1405-07-14,1405,-0.0012180267965895553,False,غمارگ
2026-10-06,1147.0,1148.0,1120.0,1138.0,1141.0,22239119023.0,19543362.0,194.0,20902150045236.0,1.065,-569000000.0,-0.025585545875784578,288951279.41333336,271223731.1707317,,,1405-07-14,1405,0.017889087656529412,False,غناب
2026-10-06,2560.0,2634.0,2560.0,2627.0,2634.0,86213127752.0,32812500.0,658.0,34973804235692.0,0.81,1642093041.0,0.01904690252885421,368369391.025641,454604002.4677419,,,1405-07-14,1405,0.0269741985926506,False,غپاک
2026-10-06,2054.0,2079.0,2013.0,2057.0,2060.0,336057231417.0,163350916.0,2454.0,226557990426933.0,0.625,-20871547972.0,-0.06210712349201416,296762499.0153204,474537570.51724136,,,1405-07-14,1405,0.018821198613174772,False,غپینو
2026-10-06,5530.0,5530.0,5430.0,5520.0,5530.0,48539557190.0,8794901.0,375.0,24840000000000.0,1.073,8729256240.0,0.1798379866926017,414938918.974359,386588323.1067961,,,1405-07-14,1405,0.027932960893854775,False,غچین
2026-10-06,29530.0,30370.0,28920.0,29830.0,29970.0,994247681330.0,33333352.0,5540.0,1312520000000000.0,0.577,9464402740.0,0.009519159981685366,434187749.77597713,752472033.6310518,,,1405-07-14,1405,0.0098171970209886,False,غکورش
2026-10-06,1902.0,1902.0,1902.0,1902.0,1902.0,84915138066.0,44645183.0,249.0,34476555450000.0,3.246,186628044.0,0.002197818295425063,1845981262.304348,568647718.2684563,,,1405-07-14,1405,0.029778018408229467,False,فاذر
2026-10-06,3181.0,3181.0,3181.0,3181.0,3181.0,53004032795.0,16662695.0,289.0,85314566326000.0,12.535,-1431450000.0,-0.02700643563361149,2622264883.947368,209201970.59183675,,,1405-07-14,1405,0.02978310132729045,False,فاراک
2026-10-06,12600.0,12940.0,12600.0,12900.0,12940.0,1728651416170.0,133975688.0,5290.0,1.6125e+16,0.783,-260102764500.0,-0.15046571105485435,981711917.3735728,1254225857.069409,,,1405-07-14,1405,0.026252983293556076,False,فارس
2026-10-06,1420.0,1464.0,1420.0,1463.0,1464.0,49460487629.0,33806992.0,424.0,21213500000000.0,1.584,14327973891.0,0.28968525337787265,363673744.8235294,229618662.7777778,,,1405-07-14,1405,0.028832630098452938,False,فالوم
2026-10-06,15690.0,15930.0,15550.0,15880.0,15870.0,701154119930.0,44154404.0,2569.0,984560000000000.0,0.964,129530253960.0,0.18473863345897718,628834284.3851851,652506389.380531,,,1405-07-14,1405,0.026502908855849938,False,فایرا
2026-10-06,12450.0,12480.0,12240.0,12480.0,12480.0,509629759090.0,40850363.0,2334.0,306799979790720.0,1.533,212549176320.0,0.41706586503019355,551312325.0731708,359650045.4054054,,,1405-07-14,1405,0.02970297029702973,False,فباهنر
2026-10-06,2280.0,2395.0,2280.0,2343.0,2342.0,675696180838.0,288407837.0,2205.0,70264639494522.0,1.05,55958932722.0,0.08281670713692595,1177246623.8519163,1120760631.7703435,,,1405-07-14,1405,0.007308684436801327,False,وسدید
2026-10-06,1639.0,1643.0,1600.0,1641.0,1643.0,22786989104.0,13885515.0,134.0,22974000000000.0,2.438,9902793369.0,0.43458103761772,718891132.7419355,294829327.2857143,,,1405-07-14,1405,0.02819548872180455,False,وسرمد
2026-10-06,3300.0,3320.0,3300.0,3320.0,3320.0,294549553230.0,88756601.0,1011.0,259405985560000.0,3.771,138132932600.0,0.46896330714220585,1084075273.2903223,287487834.2307692,,,1405-07-14,1405,0.02786377708978338,False,وسینا
2026-10-06,21720.0,21720.0,21130.0,21720.0,21720.0,1722802044340.0,79324824.0,2635.0,4691520000000000.0,3.162,632891456280.0,0.36736168172035033,1943550375.952381,614641725.531915,,,1405-07-14,1405,0.029871977240398362,False,وغدیر
2026-10-06,3590.0,3600.0,3510.0,3580.0,3540.0,381631759990.0,106695727.0,1183.0,36874000000000.0,0.56,-18085837800.0,-0.04739080887941273,1074351425.576208,1919289820.5,,,1405-07-14,1405,0.02285714285714291,False,ولبهمن
2026-10-06,1850.0,1850.0,1850.0,1850.0,1850.0,126030622850.0,68124661.0,322.0,36313650000000.0,10.569,92592500000.0,0.7346825549708057,1882009582.3076923,178072591.91616768,,,1405-07-14,1405,0.029493600445186452,False,ولساپا
2026-10-06,3680.0,3690.0,3670.0,3690.0,3690.0,1216985089190.0,329862010.0,3457.0,2103300000000000.0,4.161,586140769530.0,0.48163348486062646,1729196625.762712,415597795.6821026,,,1405-07-14,1405,0.027855153203342642,False,ومعادن
2026-10-06,5660.0,5900.0,5660.0,5800.0,5810.0,740097380360.0,127554750.0,4014.0,522000000000000.0,1.085,-100074853000.0,-0.13521849374918926,636868702.7262813,587196097.3390558,,,1405-07-14,1405,0.010452961672473782,False,ومهان
2026-10-06,3780.0,3810.0,3750.0,3810.0,3810.0,1847750831040.0,485353317.0,5000.0,1135435538370000.0,1.717,566689951200.0,0.3066917582610641,1180245736.9337978,687311358.2568808,,,1405-07-14,1405,0.029729729729729648,False,ونوین
2026-10-06,4150.0,4210.0,4120.0,4170.0,4170.0,330208110250.0,79104216.0,1843.0,65677500000000.0,0.651,-21786757140.0,-0.06597886745878313,493381904.42906576,757929624.4444444,,,1405-07-14,1405,0.019559902200489088,False,ونیرو
2026-10-06,5710.0,5720.0,5700.0,5720.0,5720.0,391125190590.0,68404470.0,2195.0,686400000000000.0,0.375,162717497800.0,0.4160240805624046,330955379.4920038,883589114.953271,,,1405-07-14,1405,0.02877697841726623,False,ونیکی
2026-10-06,3035.0,3035.0,3035.0,3035.0,3035.0,321026657610.0,105774846.0,271.0,243335018905000.0,10.995,287552295070.0,0.8957271561520401,3648393465.180723,331833968.2608696,,,1405-07-14,1405,0.02986087546657612,False,وهور
2026-10-06,4990.0,4990.0,4990.0,4990.0,4990.0,18458663690.0,3699131.0,86.0,34930000000000.0,19.043,11811838980.0,0.6399075891067388,2636951955.7142854,138475514.7916667,,,1405-07-14,1405,0.028865979381443196,False,وکادو
2026-10-06,6600.0,6600.0,6560.0,6600.0,6600.0,134396804200.0,20363157.0,256.0,624681043800000.0,2.327,93720000000.0,0.6973380100655697,1765557816.0,758761494.117647,,,1405-07-14,1405,0.029641185647425905,False,وکار
2026-10-06,8020.0,8020.0,8020.0,8020.0,8020.0,770220629700.0,96037485.0,897.0,802000000000000.0,105.617,650997876100.0,0.8452096074777469,4613526199.72028,43681852.3,,,1405-07-14,1405,0.029525032092426295,False,وکغدیر
2026-10-06,1874.0,1874.0,1872.0,1874.0,1874.0,658890759580.0,351597129.0,989.0,298809300000000.0,3.303,105020432964.0,0.15938974926730448,2841413665.680672,860176358.8634686,,,1405-07-14,1405,0.029670329670329565,False,وگردش
2026-10-06,2600.0,2645.0,2600.0,2643.0,2645.0,49951396656.0,18900816.0,790.0,7664700000000.0,2.798,10695562893.0,0.21411939623344411,253912758.2857143,90739533.8759124,,,1405-07-14,1405,0.029205607476635587,False,آواک
2026-10-06,5500.0,5600.0,5460.0,5590.0,5600.0,474150188700.0,84779507.0,1101.0,67080000000000.0,21.128,392323959430.0,0.8274255052089152,2916149054.3421054,138023568.64498645,,,1405-07-14,1405,0.02757352941176472,False,الکتروماد
2026-10-06,2583.0,2583.0,2512.0,2582.0,2583.0,611475517961.0,236781831.0,705.0,395925436946000.0,1.158,10011728238.0,0.01637306473263996,2985760758.575757,2577910683.852349,,,1405-07-14,1405,0.029505582137161035,False,انتخاب
2026-10-06,3940.0,3940.0,3940.0,3940.0,3940.0,558906087780.0,141854337.0,1138.0,354600000000000.0,6.913,493159682080.0,0.8823659159606801,1587585558.4117646,229652255.07389164,,,1405-07-14,1405,0.02872062663185382,False,بترانس
2026-10-06,10400.0,10400.0,10390.0,10400.0,10400.0,22368175500.0,2151065.0,130.0,65000000000000.0,0.551,0.0,0.0,456552571.42857146,828558370.3703704,,,1405-07-14,1405,0.02970297029702973,False,بتهران
2026-10-06,2960.0,2990.0,2930.0,2980.0,2990.0,343702278400.0,115145977.0,1629.0,108905089604360.0,1.082,-45377255660.0,-0.13202489046985613,605612549.8787879,559884468.3105023,,,1405-07-14,1405,0.02405498281786933,False,بجهرم
2026-10-06,5100.0,5120.0,5060.0,5120.0,5120.0,516504399670.0,100918672.0,2683.0,88780800000000.0,0.933,113945139200.0,0.22060826446551227,498619493.8011696,534460297.6344086,,,1405-07-14,1405,0.028112449799196693,False,برکت
2026-10-06,10920.0,11000.0,10570.0,10990.0,11000.0,584919485270.0,53226479.0,1680.0,428610000000000.0,1.541,328588427440.0,0.5617669366721865,1209782907.4698796,784938819.7285068,,,1405-07-14,1405,0.029026217228464324,False,بفجر
2026-10-06,2006.0,2006.0,1980.0,2005.0,2006.0,23636168402.0,11787415.0,177.0,48120000000000.0,3.841,13553800000.0,0.5734347365224023,502846107.9787234,130908663.3116883,,,1405-07-14,1405,0.029260780287474253,False,بنو
2026-10-06,5330.0,5350.0,5330.0,5350.0,5350.0,298468749420.0,55800993.0,795.0,171200000000000.0,5.625,127506806800.0,0.42720320652590216,2197358069.327731,390608756.4139942,,,1405-07-14,1405,0.028846153846153744,False,بورس
2026-10-06,3230.0,3320.0,3230.0,3310.0,3320.0,103790635850.0,31379970.0,670.0,58516919485090.0,1.647,28327612210.0,0.2729303272690183,603881980.8139535,366699458.6893204,,,1405-07-14,1405,0.024767801857585203,False,بکام
2026-10-06,3470.0,3470.0,3470.0,3470.0,3470.0,859211224880.0,247611304.0,1798.0,1894790296121240.0,1.63,149853313710.0,0.17440800279457355,1634715098.882979,1003013534.267516,,,1405-07-14,1405,0.029673590504450953,False,پارس
2026-10-06,12190.0,12190.0,12010.0,12180.0,12190.0,208502335010.0,17121838.0,892.0,52374000000000.0,1.68,44906709960.0,0.21537749185325059,734978684.5714287,437420931.2621359,,,1405-07-14,1405,0.028716216216216228,False,پاسا
2026-10-06,2853.0,2853.0,2802.0,2853.0,2853.0,99986552496.0,35046432.0,397.0,53636400000000.0,2.509,36372897000.0,0.3637778890461806,917316243.0825688,365600997.1034483,,,1405-07-14,1405,0.02996389891696749,False,پتایر
2026-10-06,2370.0,2444.0,2370.0,2441.0,2444.0,410985229399.0,168333106.0,1873.0,244100000000000.0,1.499,37975935612.0,0.09240219087078559,777661028.607619,518621994.9677871,,,1405-07-14,1405,0.028655710071639362,False,پترول
2026-10-06,14880.0,15060.0,14630.0,14880.0,14800.0,1006381077690.0,67618926.0,3837.0,148800000000000.0,1.107,596967892800.0,0.5931827476031765,822855589.5652174,743352453.6515514,,,1405-07-14,1405,0.01708817498291193,False,پخش
2026-10-06,1990.0,2009.0,1950.0,1995.0,2000.0,70617296515.0,35404749.0,847.0,13965000000000.0,0.627,-5571205080.0,-0.07889292503312706,213379801.36824325,340255575.66831684,,,1405-07-14,1405,0.018376722817764257,False,پلاست
2026-10-06,3260.0,3390.0,3240.0,3330.0,3320.0,401261522010.0,120610603.0,3312.0,112117197240000.0,0.574,102192225480.0,0.254677360959253,355530876.96087354,619176412.6609442,,,1405-07-14,1405,0.009090909090909038,False,پکویر
2026-10-06,7270.0,7290.0,7200.0,7290.0,7290.0,449523685730.0,61678066.0,1003.0,51030000000000.0,6.603,315897570000.0,0.7027384318737309,2708633139.39759,410231690.6134969,,,1405-07-14,1405,0.029661016949152463,False,پی پاد
2026-10-06,14490.0,14490.0,14490.0,14490.0,14490.0,122851059660.0,8478334.0,461.0,136133550000000.0,70.04,107229463110.0,0.8728411737494653,3839095614.375,54812619.47368421,,,1405-07-14,1405,0.029850746268656803,False,پیزد
2026-10-06,52770.0,52770.0,52770.0,52770.0,52770.0,143339837010.0,2716313.0,651.0,1814169276000000.0,9.107,29679167250.0,0.20705456256329813,1091624003.6619718,119865005.037594,,,1405-07-14,1405,0.029859484777517542,False,آریا
2026-10-06,3960.0,4130.0,3960.0,4110.0,4130.0,169766890100.0,41295053.0,834.0,164400000000000.0,1.176,16029000000.0,0.09441770412686613,744608568.0275229,633314579.3506494,,,1405-07-14,1405,0.02493765586034913,False,آسیا
2026-10-06,1062.0,1062.0,1062.0,1062.0,1062.0,944490736512.0,889350976.0,1058.0,1020063034205928.0,19.196,823939661826.0,0.8723639417246224,3654566808.860656,190378200.9438202,,,1405-07-14,1405,0.029069767441860517,False,اخابر
2026-10-06,15220.0,15220.0,15220.0,15220.0,15220.0,177938115840.0,11691072.0,263.0,639240000000000.0,8.798,46276714400.0,0.2600719591838969,2182672613.75,248092728.84210527,,,1405-07-14,1405,0.02976995940460081,False,ارفع
2026-10-06,4920.0,4920.0,4920.0,4920.0,4920.0,48707803200.0,9899960.0,299.0,56580000000000.0,7.144,23534820000.0,0.4831837704394765,936688523.0769233,131109287.5,,,1405-07-14,1405,0.029288702928870203,False,اسیاتک
2026-10-06,50270.0,52030.0,50270.0,51990.0,52030.0,2858552692250.0,54987812.0,7747.0,5276985000000000.0,0.632,411151477200.0,0.14383204420709064,910642672.0509194,1441063156.606635,,,1405-07-14,1405,0.029097387173396605,False,تاپیکو
2026-10-06,2040.0,2040.0,1990.0,2020.0,2006.0,154059149246.0,76251405.0,798.0,238158000000000.0,0.647,-39914119300.0,-0.2590830826688882,530268484.90566033,818984075.8064517,,,1405-07-14,1405,0.01968702675416467,False,تجلی
2026-10-06,15260.0,15260.0,15260.0,15260.0,15260.0,252597635500.0,16552925.0,597.0,114450000000000.0,1.832,34717140920.0,0.13744048257332164,1468696590.8943088,801827141.5384616,,,1405-07-14,1405,0.029689608636977116,False,توسن
2026-10-06,552.0,567.0,552.0,566.0,567.0,123996316850.0,218918731.0,539.0,47325541546000.0,3.215,17418327380.0,0.1404745545875462,1277402079.8556702,397349531.2164179,,,1405-07-14,1405,0.02722323049001818,False,تپکو
2026-10-06,3940.0,4040.0,3920.0,4020.0,4040.0,72365492770.0,17994866.0,668.0,10268889000000.0,1.033,-498246840.0,-0.006885144022767635,317578642.1333333,307493338.974359,,,1405-07-14,1405,0.022900763358778553,False,تکنو
2026-10-06,864.0,873.0,856.0,867.0,862.0,449792830010.0,519042763.0,3034.0,71361479904000.0,0.614,19485998400.0,0.043322163226938895,404370977.7463637,658393308.2368422,,,1405-07-14,1405,0.022405660377358583,False,ثاخت
2026-10-06,1960.0,1966.0,1919.0,1962.0,1965.0,90177805453.0,45967026.0,1013.0,103936950000000.0,2.394,-38610608058.0,-0.42816087466359515,330619852.2692308,138112258.82388973,,,1405-07-14,1405,0.027763226820324727,False,ثامید
2026-10-06,2160.0,2168.0,2123.0,2154.0,2150.0,398772241820.0,185112545.0,3694.0,86723430396000.0,0.938,-7301674434.0,-0.018310387906327417,330495811.9372881,352517065.2351375,,,1405-07-14,1405,0.02279202279202286,False,ثبهساز
2026-10-06,6240.0,6240.0,6240.0,6240.0,6240.0,13203665280.0,2115972.0,105.0,24960000000000.0,9.333,0.0,0.0,1467073920.0,157186491.42857143,,,1405-07-14,1405,0.02970297029702973,False,ثشرق
2026-10-06,14430.0,14730.0,14430.0,14710.0,14730.0,709682054720.0,48242490.0,2540.0,59575500000000.0,1.233,219521257570.0,0.30932338800170245,971742230.620384,788396101.7266188,,,1405-07-14,1405,0.02795248078266943,False,ثفارس
2026-10-06,0.0,3380.0,3350.0,3380.0,3380.0,84963806210.0,25142858.0,389.0,53404000000000.0,1.349,-31888616760.0,-0.37532001192581693,638648994.9152542,473257873.877551,,,1405-07-14,1405,0.02735562310030404,False,ثمسکن
2026-10-06,4800.0,4950.0,4800.0,4950.0,4950.0,281270577560.0,56838830.0,601.0,99000000000000.0,1.855,-33450501150.0,-0.11892641398961971,2377165135.714286,1281202130.7692308,,,1405-07-14,1405,0.029106029106028997,False,چدن
2026-10-06,3450.0,3500.0,3450.0,3500.0,3500.0,92646675640.0,26473461.0,351.0,297500000000000.0,3.233,32900000000.0,0.35511257983870387,635627873.4939759,196605084.15841585,,,1405-07-14,1405,0.02941176470588225,False,لوتوس
2026-10-06,1520.0,1550.0,1490.0,1528.0,1515.0,245722477361.0,160851245.0,926.0,13897847600000.0,0.911,12604424632.0,0.05129536690077551,713401292.1367521,783408516.3857868,,,1405-07-14,1405,0.0052631578947368585,False,لکما
2026-10-06,3340.0,3370.0,3320.0,3370.0,3370.0,133133402670.0,39558418.0,703.0,78858000000000.0,3.122,41821700000.0,0.31413378732356256,906883460.2721088,290444979.8730158,,,1405-07-14,1405,0.027439024390243816,False,مادیرا
2026-10-06,11150.0,11370.0,11080.0,11350.0,11370.0,1166382255670.0,102739511.0,4966.0,689098452000000.0,0.674,174782032300.0,0.14984970103098894,772173034.5397049,1146427041.9975183,,,1405-07-14,1405,0.028079710144927494,False,مبین
2026-10-06,4000.0,4050.0,3940.0,4050.0,4050.0,127312379420.0,31441189.0,652.0,24300000000000.0,194.103,115225934400.0,0.9050646521959412,5305620318.75,27333980.248307,,,1405-07-14,1405,0.027918781725888353,False,مهر
2026-10-06,4710.0,4710.0,4610.0,4710.0,4710.0,81640727320.0,17334267.0,603.0,37366087920000.0,17.225,-7390249050.0,-0.09052159740117317,1758575902.8,102096712.96222664,,,1405-07-14,1405,0.028384279475982543,False,مهرمام
2026-10-06,12930.0,13080.0,12820.0,13060.0,13080.0,351562664120.0,26917559.0,1175.0,476690000000000.0,7.071,210160775580.0,0.5977903714720547,1816481330.4347827,256877410.39337477,,,1405-07-14,1405,0.02834645669291347,False,مهرگان
2026-10-06,6380.0,6380.0,6380.0,6380.0,6380.0,237242737160.0,37185382.0,411.0,1850200000000000.0,4.782,112447500000.0,0.4739765749885264,3246586926.6666665,678848247.7333333,,,1405-07-14,1405,0.029032258064516148,False,میدکو
2026-10-06,2479.0,2524.0,2410.0,2517.0,2524.0,150206338204.0,59670328.0,720.0,20136000000000.0,0.915,14960582355.0,0.09960020684800636,639278000.4025974,698487556.5157894,,,1405-07-14,1405,0.02692778457772338,False,میهن
2026-10-06,6490.0,6530.0,6340.0,6460.0,6440.0,204396876990.0,31656915.0,2203.0,64600000000000.0,1.527,-10662378580.0,-0.05216507579282462,314341409.54022986,205828733.05064785,,,1405-07-14,1405,0.006230529595015577,False,نان
2026-10-06,2539.0,2552.0,2451.0,2543.0,2552.0,163020513319.0,64105925.0,810.0,16396618833271.0,0.985,2659965285.0,0.016316751989333737,613366709.6153847,622768251.0041841,,,1405-07-14,1405,0.02623083131557702,False,نطرین
2026-10-06,47110.0,48890.0,47110.0,48760.0,48890.0,2732046158190.0,56027734.0,8993.0,4680960000000000.0,0.713,-312757659760.0,-0.11447744351698808,573775745.4845719,804441206.9556651,,,1405-07-14,1405,0.02717505793132502,False,نوری
2026-10-06,462.0,468.0,458.0,465.0,467.0,155594151386.0,334752181.0,1296.0,33201000000000.0,0.815,0.0,0.0,335473629.6659483,411798317.8968254,,,1405-07-14,1405,0.019736842105263053,False,های وب
2026-10-06,4240.0,4390.0,4240.0,4370.0,4390.0,243839520140.0,55847972.0,843.0,610052000000000.0,1.622,73948611230.0,0.3032675391894741,981321193.8388624,605046184.8636364,,,1405-07-14,1405,0.023419203747072626,False,هرمز
2026-10-06,26960.0,26960.0,26960.0,26960.0,26960.0,354589485840.0,13152429.0,315.0,431360000000000.0,6.358,304727801600.0,0.8593819438219359,2600234014.6031747,408958647.14285713,,,1405-07-14,1405,0.029793735676088673,False,واحیا
2026-10-06,2803.0,2807.0,2775.0,2806.0,2807.0,254916908890.0,90831839.0,501.0,202032000000000.0,6.005,117010200000.0,0.45901309767761006,2637373723.6511626,439215760.936,,,1405-07-14,1405,0.02934702861335281,False,کویر
2026-10-06,1745.0,1790.0,1745.0,1788.0,1790.0,214894728866.0,120163304.0,1133.0,50064000000000.0,1.31,76230131976.0,0.3547324421509387,628222185.8245615,479660399.9169551,,,1405-07-14,1405,0.028768699654775576,False,کیسون
2026-10-06,3980.0,4000.0,3940.0,4000.0,3990.0,324338303560.0,81158197.0,1130.0,124000000000000.0,1.314,2773648000.0,0.00855171273190956,953908333.3333334,725966257.1428572,,,1405-07-14,1405,0.028277634961439535,False,والبر
2026-10-06,2817.0,2817.0,2702.0,2814.0,2817.0,35955796525.0,12777740.0,140.0,18572400000000.0,0.998,-11485749030.0,-0.31944081733842217,317950108.0,318643882.42105263,,,1405-07-14,1405,0.02888482632541134,False,والماس
2026-10-06,14600.0,14630.0,14320.0,14630.0,14630.0,651383034970.0,44537349.0,1429.0,735157500000000.0,1.359,-119890245860.0,-0.18405490997400883,1394602902.777778,1025962747.6943008,,,1405-07-14,1405,0.029556650246305383,False,وبانک
2026-10-06,890.0,914.0,890.0,914.0,914.0,801133848866.0,876979019.0,2188.0,715071530408000.0,2.236,25831553916.0,0.032243742980732126,745219392.0131868,333237520.6914894,,,1405-07-14,1405,0.029279279279279313,False,وبصادر
2026-10-06,1468.0,1490.0,1468.0,1490.0,1490.0,6968721828611.0,4678058793.0,15336.0,5039180000000000.0,2.246,1650774765230.0,0.2368834351304608,1981510191.328523,882357674.134503,,,1405-07-14,1405,0.029716655148583238,False,وبملت
2026-10-06,2170.0,2193.0,2138.0,2175.0,2181.0,176858703981.0,81318963.0,1166.0,108750000000000.0,0.628,58969748400.0,0.3334285905789242,465444064.5394737,741503120.2830188,,,1405-07-14,1405,0.017781937295273664,False,وبهمن
2026-10-06,3820.0,3820.0,3820.0,3820.0,3820.0,15984946620.0,4184541.0,110.0,45840000000000.0,5.799,10692180000.0,0.6688905664922389,639397864.8000001,110265971.25,,,1405-07-14,1405,0.029649595687331498,False,وبوعلی
2026-10-06,881.0,899.0,880.0,898.0,899.0,3411806712232.0,3797370482.0,6646.0,1428361610749878.0,1.872,556796245076.0,0.16319689010510932,1764314444.1666667,942338725.4619024,,,1405-07-14,1405,0.028636884306987298,False,وتجارت
2026-10-06,3930.0,3930.0,3930.0,3930.0,3930.0,128881300320.0,32794224.0,291.0,79189500000000.0,9.19,52412480370.0,0.40667249818138707,2463703448.275862,268097459.5774648,,,1405-07-14,1405,0.028795811518324665,False,وتوکا
2026-10-06,1630.0,1638.0,1609.0,1635.0,1627.0,82662130302.0,50561913.0,596.0,13734000000000.0,3.727,7218793140.0,0.08732890277115617,544621969.8333334,146144000.506993,,,1405-07-14,1405,0.027655562539283363,False,وحکمت
2026-10-06,10340.0,10340.0,10340.0,10340.0,10340.0,852291571340.0,82426651.0,830.0,827200000000000.0,7.227,710844889920.0,0.8340395632475714,2768183832.2068963,383035089.25,,,1405-07-14,1405,0.029880478087649376,False,وخارزم
2026-10-06,7320.0,7400.0,7200.0,7390.0,7400.0,851800478030.0,115295990.0,1194.0,886800000000000.0,0.307,-183071804900.0,-0.2149233413479633,575588372.5465839,1875792740.680272,,,1405-07-14,1405,0.02781641168289295,False,وخاور
2026-10-06,1848.0,1848.0,1848.0,1848.0,1848.0,26103360360.0,14125195.0,64.0,35184909144000.0,10.198,13305622176.0,0.5097283258744393,4350560060.0,426591272.8,,,1405-07-14,1405,0.02952646239554313,False,ورازی
2026-10-06,7420.0,7450.0,7390.0,7450.0,7450.0,366197667840.0,49159036.0,698.0,186250000000000.0,3.603,-28642255100.0,-0.07821528539202616,2569012396.969697,712939112.5899282,,,1405-07-14,1405,0.02900552486187835,False,ورنا
2026-10-06,2032.0,2141.0,2032.0,2100.0,2070.0,218397431336.0,103995592.0,1317.0,64769725337100.0,1.031,69013507500.0,0.31599963002231524,614160855.907781,595455824.3801653,,,1405-07-14,1405,0.010101010101010166,False,وساخت
2026-10-06,9040.0,9280.0,9040.0,9270.0,9280.0,1272997471330.0,137280516.0,2448.0,241020000000000.0,1.719,310559730030.0,0.24395942413423174,2301603440.739372,1338979557.8939826,,,1405-07-14,1405,0.02885682574916748,False,وساپا
2026-10-06,7440.0,7540.0,7440.0,7540.0,7540.0,381222433470.0,50577658.0,1424.0,389818000000000.0,1.15,135486275080.0,0.35539953367057553,656575040.9263158,570831292.4271845,,,1405-07-14,1405,0.028649386084584005,False,وسپه
2026-10-06,2072.0,2138.0,2072.0,2128.0,2138.0,3489584626812.0,1640116780.0,10748.0,1064000000000000.0,1.117,701248396688.0,0.2009546899364477,1044220609.1154976,934576373.6209424,,,1405-07-14,1405,0.025048169556840083,False,وپارس
2026-10-06,8800.0,8800.0,8800.0,8800.0,8800.0,4718202262400.0,536159348.0,3869.0,4131456023200000.0,2.166,4077920000000.0,0.8642952915557485,4558131604.37811,2104611976.5690377,,,1405-07-14,1405,0.029239766081871288,False,وپاسار
2026-10-06,10000.0,10180.0,10000.0,10150.0,10160.0,266506725530.0,26249216.0,1239.0,502881750000000.0,1.867,114518461050.0,0.42970195525932026,901096606.0185186,482640999.0963856,,,1405-07-14,1405,0.02628918099089983,False,وپست
2026-10-06,2947.0,2947.0,2947.0,2947.0,2947.0,229919384905.0,78018115.0,397.0,33890500000000.0,14.491,175935900000.0,0.7652069009870336,3913357629.396552,270046785.7407407,,,1405-07-14,1405,0.029699510831586284,False,حآفرین
2026-10-06,9290.0,9290.0,9280.0,9290.0,9290.0,328777668500.0,35391050.0,643.0,52541198565480.0,0.754,170039366360.0,0.5171864839110871,1442030063.596491,1912572146.26506,,,1405-07-14,1405,0.029933481152993435,False,حسیر
2026-10-06,1240.0,1288.0,1240.0,1286.0,1287.0,33771859337.0,26266757.0,209.0,14158860000000.0,1.098,2572000000.0,0.07615808103233898,475761260.5915493,433431243.0833334,,,1405-07-14,1405,0.027977617905675434,False,حشکوه
2026-10-06,5640.0,5670.0,5610.0,5670.0,5670.0,484363043650.0,85435082.0,1624.0,102060000000000.0,1.83,268474687110.0,0.5542840037647451,1057582033.2,577819576.1281338,,,1405-07-14,1405,0.029038112522685955,False,حفاری
2026-10-06,3110.0,3250.0,3110.0,3240.0,3250.0,35782730670.0,11038979.0,325.0,14436444821040.0,2.17,-5850283320.0,-0.1634946022972148,408035321.3793104,188002114.3949045,,,1405-07-14,1405,0.025316455696202445,False,خاذین
2026-10-06,1600.0,1633.0,1600.0,1628.0,1633.0,574962924276.0,353170849.0,2848.0,181684800000000.0,1.173,33201023372.0,0.057744633558428335,738445721.6190476,629573072.148681,,,1405-07-14,1405,0.02648171500630525,False,خاور
2026-10-06,8850.0,8880.0,8670.0,8840.0,8880.0,166470937810.0,18827090.0,956.0,44200000000000.0,1.822,20650478680.0,0.12404855136678106,576970498.0988593,316649184.3478261,,,1405-07-14,1405,0.024333719582850577,False,خبرنا
2026-10-06,1816.0,1816.0,1782.0,1808.0,1814.0,73468495302.0,40641508.0,437.0,17812410576000.0,1.006,1446400000.0,0.019687350258834353,510276711.5555555,507277792.0,,,1405-07-14,1405,0.024943310657596474,False,خبنیان
2026-10-06,2549.0,2579.0,2549.0,2577.0,2579.0,1108110226072.0,430026000.0,2962.0,346962040959000.0,0.956,132344520234.0,0.11943263144780404,728553838.6189904,761756066.7154341,,,1405-07-14,1405,0.029153354632587947,False,خبهمن
2026-10-06,1660.0,1690.0,1660.0,1689.0,1690.0,84564400765.0,50058265.0,649.0,26061270000000.0,1.149,15582513009.0,0.18426800010447636,528427559.90625,459772643.84,,,1405-07-14,1405,0.02925045703839113,False,ختراک
2026-10-06,1760.0,1795.0,1760.0,1793.0,1795.0,218999919009.0,122141942.0,625.0,129096000000000.0,0.972,35735947709.0,0.16317790376685665,929841432.6666666,956169944.2777778,,,1405-07-14,1405,0.028686173264486525,False,خدیزل
2026-10-06,1844.0,1958.0,1844.0,1915.0,1940.0,135135254326.0,70562683.0,1040.0,27193000000000.0,0.811,3290439175.0,0.024349228418678603,356845032.40641713,439762172.1114865,,,1405-07-14,1405,0.007364544976328213,False,خریخت
2026-10-06,1724.0,1735.0,1715.0,1734.0,1735.0,798473421307.0,460551298.0,2985.0,159270396699900.0,1.695,161907082680.0,0.20277078530050327,1071510303.648415,632305508.7521739,,,1405-07-14,1405,0.02908011869436211,False,خزامیا
2026-10-06,2100.0,2111.0,2050.0,2110.0,2111.0,76781647198.0,36389304.0,415.0,18990000000000.0,1.317,7446190000.0,0.09697877385722402,602188963.2258065,457314567.6190476,,,1405-07-14,1405,0.029268292682926855,False,خزر
2026-10-06,691.0,703.0,686.0,701.0,703.0,3094893188664.0,4414722524.0,10270.0,1136422523026000.0,1.416,719727667846.0,0.23255331411184862,1115498244.159259,787864291.8326077,,,1405-07-14,1405,0.026354319180087904,False,خساپا
2026-10-06,2302.0,2411.0,2302.0,2401.0,2408.0,31543120398.0,13139331.0,285.0,21451972199000.0,0.899,864191930.0,0.02739716042978406,265105325.47058824,295032132.7019231,,,1405-07-14,1405,0.025630072618539,False,خفنر
2026-10-06,2143.0,2143.0,2143.0,2143.0,2143.0,135482182972.0,63220804.0,197.0,24001600000000.0,15.741,111371710000.0,0.8220395298990503,2724981843.822222,173114968.8,,,1405-07-14,1405,0.02979336857280157,False,خکار
2026-10-06,884.0,884.0,884.0,884.0,884.0,121859873824.0,137850536.0,262.0,49263527117168.0,3.829,21216000000.0,0.17410160813593065,3293510103.351352,860204049.7777778,,,1405-07-14,1405,0.029103608847497187,False,خکاوه
2026-10-06,2742.0,2742.0,2742.0,2742.0,2742.0,90088900818.0,32855179.0,213.0,32904000000000.0,4.727,0.0,0.0,2729966691.454545,577492953.9615384,,,1405-07-14,1405,0.02966579046188511,False,چکاپا
2026-10-06,6930.0,6930.0,6930.0,6930.0,6930.0,51501978990.0,7431743.0,122.0,26334000000000.0,5.883,33467880600.0,0.6498367879513595,1632550999.6551723,277521967.8,,,1405-07-14,1405,0.029717682020802272,False,خلنت
2026-10-06,4030.0,4040.0,3950.0,4040.0,4040.0,97966365290.0,24269115.0,472.0,26775983006640.0,1.344,-9611160000.0,-0.09810673256631547,768667233.3333333,571995438.8235294,,,1405-07-14,1405,0.027989821882951738,False,خمهر
2026-10-06,2619.0,2624.0,2534.0,2612.0,2624.0,209067496229.0,80034491.0,664.0,37651980000000.0,1.185,-6695067952.0,-0.032023476019756913,1001981417.4522294,845392528.3092784,,,1405-07-14,1405,0.02511773940345363,False,خموتور
2026-10-06,715.0,724.0,711.0,724.0,724.0,5631921931822.0,7784092836.0,12871.0,1856152153232000.0,1.453,343023428584.0,0.06090699280574499,1598043246.7666175,1100076665.8365543,,,1405-07-14,1405,0.029871977240398362,False,خودرو
2026-10-06,2996.0,3082.0,2960.0,3044.0,3082.0,129853088151.0,42655447.0,935.0,12396547845200.0,0.991,8393403840.0,0.0646376914058425,432362042.3838384,436429537.2654545,,,1405-07-14,1405,0.017039759438690183,False,خکمک
2026-10-06,4310.0,4310.0,4270.0,4310.0,4310.0,830126086810.0,192607978.0,2586.0,253465699570000.0,8.918,207305888340.0,0.24972819386586553,2488644276.83258,279059036.514658,,,1405-07-14,1405,0.02863961813842475,False,خگستر
2026-10-06,5690.0,5720.0,5600.0,5710.0,5720.0,193319001960.0,33859010.0,1403.0,39970000000000.0,2.015,42542195120.0,0.22006214954907788,476169838.9162562,236336613.6050157,,,1405-07-14,1405,0.026978417266187105,False,خیمن
2026-10-06,5190.0,5190.0,5190.0,5190.0,5190.0,251243929650.0,48409235.0,471.0,90461658480000.0,4.157,176169360000.0,0.7011885232228933,1947718426.859504,468539918.503937,,,1405-07-14,1405,0.029761904761904656,False,درازک
2026-10-06,3470.0,3520.0,3450.0,3500.0,3520.0,129370908350.0,37000360.0,973.0,21000000000000.0,1.099,25049447500.0,0.1936250415142115,417769406.9767442,379996769.8113207,,,1405-07-14,1405,0.023391812865497075,False,دسانکو
2026-10-06,9920.0,10010.0,9720.0,9970.0,10010.0,781448987730.0,78345619.0,3480.0,102044445500000.0,1.081,141441718040.0,0.1809992977927688,879855327.4829158,814285496.116129,,,1405-07-14,1405,0.025720164609053464,False,دلقما
2026-10-06,650.0,659.0,650.0,659.0,659.0,2527146238011.0,3836652466.0,6923.0,439608728882629.0,1.051,-14299157953.0,-0.005658223389657975,1222375944.9518335,1163343690.1552796,,,1405-07-14,1405,0.02968750000000009,False,ذوب
2026-10-06,9910.0,10070.0,9910.0,10020.0,10070.0,90612377450.0,9043005.0,319.0,100200000000000.0,1.269,-2511943860.0,-0.027721862406558013,738591905.2427185,582125260.0,,,1405-07-14,1405,0.024539877300613577,False,رتاپ
2026-10-06,8080.0,8140.0,8000.0,8130.0,8140.0,282706621200.0,34764576.0,991.0,98699508930000.0,0.668,-37134978240.0,-0.13135517690520931,474349550.15625,710251256.7293233,,,1405-07-14,1405,0.027812895069532217,False,زفکا
2026-10-06,1533.0,1560.0,1518.0,1538.0,1548.0,175114568142.0,113826446.0,2337.0,29009794450000.0,1.951,14011072340.0,0.08001088937751001,294668128.1594454,151028497.2003872,,,1405-07-14,1405,0.013843111404087116,False,زملارد
2026-10-06,15380.0,15380.0,14500.0,14640.0,14520.0,1207928696110.0,82485049.0,5257.0,30744000000000.0,0.315,-172129126560.0,-0.14249941003498195,609859287.2180451,1934906332.7027028,,,1405-07-14,1405,-0.02008032128514059,False,ساینا
2026-10-06,7090.0,7110.0,7020.0,7110.0,7110.0,85989377740.0,12096130.0,271.0,66123000000000.0,3.315,3386642310.0,0.03938442629786147,851169068.0,256735042.27941176,,,1405-07-14,1405,0.02894356005788712,False,سخزر
2026-10-06,8540.0,8540.0,8540.0,8540.0,8540.0,251307442540.0,29427101.0,350.0,128100000000000.0,7.765,202398000000.0,0.8053800474603325,2646228112.12766,340790018.6764706,,,1405-07-14,1405,0.028915662650602414,False,سرچشمه
2026-10-06,36300.0,37240.0,36300.0,37230.0,37240.0,1760436469660.0,47285496.0,4273.0,4523445000000000.0,0.954,107897901120.0,0.06129042597080413,2130078598.8888888,2233088554.526627,,,1405-07-14,1405,0.029590707964601837,False,پارسان
2026-10-06,1875.0,1910.0,1875.0,1902.0,1910.0,29062977106.0,15277423.0,252.0,95100000000000.0,1.097,-10224301806.0,-0.3517981577974409,260815431.29032257,237791518.43243244,,,1405-07-14,1405,0.025336927223719607,False,پارسیان
2026-10-06,14310.0,14700.0,13960.0,14160.0,14140.0,130616958850.0,9226940.0,1166.0,1132800000000000.0,0.721,13860643440.0,0.10611672145817994,338273377.3170732,469048426.6666667,,,1405-07-14,1405,-0.015983321751216084,False,پاکشو
2026-10-06,9030.0,9290.0,9030.0,9270.0,9290.0,36113701420.0,3896508.0,682.0,27810000000000.0,7.935,18945414180.0,0.5246046080867222,303534698.8235294,38252149.17594655,,,1405-07-14,1405,0.027716186252771724,False,پتوسعه
2026-10-06,6390.0,6390.0,6390.0,6390.0,6390.0,13830592680.0,2164412.0,90.0,7225396650000.0,13.6,0.0,0.0,2766118536.0,203391068.82352945,,,1405-07-14,1405,0.02898550724637672,False,پدرخش
2026-10-06,6440.0,6770.0,6440.0,6760.0,6770.0,18690697690.0,2766181.0,122.0,67600000000000.0,2.648,5942040000.0,0.3179142961142185,603205921.2903225,227809706.42857143,,,1405-07-14,1405,0.02735562310030404,False,پرداخت
2026-10-06,2239.0,2280.0,2217.0,2278.0,2280.0,57215928766.0,25116005.0,241.0,22780000000000.0,1.519,-11135633964.0,-0.19462471734999154,535693829.14285713,352685203.6981132,,,1405-07-14,1405,0.028906955736224038,False,پردیس
2026-10-06,23900.0,24000.0,23600.0,23980.0,24000.0,40644706570.0,1694608.0,151.0,20622800000000.0,0.603,-18457525900.0,-0.4541188129433702,328116969.71428573,544393088.0,,,1405-07-14,1405,0.02874302874302881,False,پسهند
2026-10-06,133900.0,133900.0,133900.0,132800.0,133900.0,1232013900.0,9201.0,5.0,8006905088000.0,1.0,0.0,0.0,407297600.0,407297600.0,,,1405-07-14,1405,0.021538461538461506,False,پشاهن
2026-10-06,5860.0,5900.0,5800.0,5890.0,5900.0,18569540720.0,3150702.0,107.0,8600508397870.0,3.556,6596800000.0,0.3552484199512286,773234782.5,217469723.27272728,,,1405-07-14,1405,0.027923211169284423,False,پلاسک
2026-10-06,8290.0,8330.0,8100.0,8280.0,8280.0,305371227240.0,36872421.0,924.0,163058040000000.0,0.829,-43457571720.0,-0.14231062995940166,749626473.5371178,903874093.1092438,,,1405-07-14,1405,0.023485784919653918,False,پکرمان
2026-10-06,809.0,809.0,809.0,809.0,809.0,5023604423.0,6209647.0,15.0,2757072000000.0,4.0,0.0,0.0,1674534807.6666665,418633701.9166666,,,1405-07-14,1405,0.018891687657430767,False,داراب
2026-10-06,10330.0,10330.0,10330.0,10330.0,10330.0,268044823360.0,25948192.0,503.0,535094000000000.0,2.309,136749097820.0,0.510172500650527,1346184827.103825,582993220.9574468,,,1405-07-14,1405,0.029910269192422678,False,دارو
2026-10-06,116500.0,116500.0,116500.0,116500.0,116500.0,7485358000.0,64252.0,45.0,87375000000000.0,6.4,0.0,0.0,1497071600.0,233917437.5,,,1405-07-14,1405,0.02915194346289751,False,داسوه
2026-10-06,16000.0,16070.0,15850.0,16060.0,16070.0,946488742150.0,58917323.0,2103.0,224840000000000.0,1.139,174618276140.0,0.18449060021923264,1209877233.306288,1062597480.8060454,,,1405-07-14,1405,0.028827674567584838,False,دالبر
2026-10-06,18860.0,19060.0,18860.0,19060.0,19060.0,495559658910.0,26003369.0,1277.0,174017800000000.0,0.539,47821540000.0,0.09650006642022693,1307598383.305785,2425208370.1136365,,,1405-07-14,1405,0.029713668287412176,False,دامین
2026-10-06,16930.0,16930.0,16930.0,16930.0,16930.0,94968140870.0,5609459.0,174.0,35553000000000.0,11.644,84650000000.0,0.8913515545795058,1552239675.762712,133310401.34615384,,,1405-07-14,1405,0.02980535279805352,False,داوه
2026-10-06,16500.0,17110.0,16500.0,17100.0,17110.0,362901171840.0,21216816.0,662.0,31122000000000.0,1.269,-38488594500.0,-0.10605806066939152,1753349346.5346534,1381903067.3076923,,,1405-07-14,1405,0.028880866425992746,False,دبالک
2026-10-06,58190.0,58300.0,56620.0,57790.0,57530.0,243719536860.0,4217671.0,971.0,161812000000000.0,0.56,-68453584170.0,-0.28087031943328306,485672618.99022806,866753299.6015936,,,1405-07-14,1405,0.020844373785550152,False,دتماد
2026-10-06,7800.0,7800.0,7800.0,7800.0,7800.0,50492988000.0,6473460.0,111.0,234000000000000.0,9.314,34217188200.0,0.6776621775681011,2093608173.913044,224770964.51612905,,,1405-07-14,1405,0.029023746701847042,False,دتوزیع
2026-10-06,9510.0,9510.0,9510.0,9510.0,9510.0,17435776650.0,1833415.0,101.0,28530000000000.0,16.788,6141415350.0,0.3522306733609139,2179472081.25,129820244.8275862,,,1405-07-14,1405,0.02922077922077926,False,دتولید
2026-10-06,60780.0,60780.0,60780.0,60780.0,60780.0,124506553620.0,2048479.0,388.0,137849040000000.0,1.031,54094200000.0,0.43446869604228305,625661073.4673367,607003048.4482758,,,1405-07-14,1405,0.02999491611591254,False,دجابر
2026-10-06,6290.0,6290.0,6290.0,6200.0,6290.0,3991363530.0,634557.0,29.0,40176000000000.0,2.2,0.0,0.0,786850680.0,357659400.0,,,1405-07-14,1405,0.014729950900163713,False,دحاوی
2026-10-06,23890.0,24110.0,23040.0,24030.0,24110.0,816158088680.0,33963161.0,2016.0,346032000000000.0,1.375,231946354980.0,0.2841929256072615,1062247793.7459284,772562114.6691177,,,1405-07-14,1405,0.026484408372490442,False,ددانا
2026-10-06,59500.0,60890.0,59240.0,60160.0,60620.0,211257026090.0,3511622.0,893.0,147392000000000.0,0.75,-4706798080.0,-0.02227995994791105,654392616.4210526,873099058.2648402,,,1405-07-14,1405,0.017591339648173276,False,دپارس
2026-10-06,13300.0,13590.0,13300.0,13560.0,13590.0,201733654960.0,14873769.0,611.0,176280000000000.0,0.932,-78309176280.0,-0.3881810216323461,542083533.5294118,581670992.7272727,,,1405-07-14,1405,0.027272727272727337,False,دماوند
2026-10-06,16760.0,16760.0,16760.0,16760.0,16760.0,45232893600.0,2698860.0,114.0,25968446800000.0,19.333,44414000000.0,0.981896059817849,2261644680.0,116984800.0,,,1405-07-14,1405,0.029484029484029506,False,دهدشت
2026-10-06,1758.0,1787.0,1758.0,1785.0,1787.0,504821818070.0,282747442.0,1777.0,240975000000000.0,7.067,-129112337970.0,-0.2557582365667423,2842665200.0,402250408.2502352,,,1405-07-14,1405,0.028818443804034644,False,دی
2026-10-06,21190.0,21190.0,21190.0,21190.0,21190.0,75503826580.0,3563182.0,139.0,37718200000000.0,4.131,46151820000.0,0.6112514039417577,2287994744.848485,553811444.9056604,,,1405-07-14,1405,0.029640427599611163,False,دیران
2026-10-06,4850.0,4990.0,4850.0,4990.0,4990.0,60166967190.0,12062575.0,274.0,299400000000000.0,1.677,25063801940.0,0.41657080472165975,667849457.6666667,398211923.2954545,,,1405-07-14,1405,0.028865979381443196,False,رانفور
2026-10-06,25010.0,25780.0,25000.0,25500.0,25200.0,13230773660.0,518941.0,97.0,5100000000000.0,1.72,0.0,0.0,529319820.0,307744081.39534885,,,1405-07-14,1405,0.01877746703955263,False,رتکو
2026-10-06,53860.0,53860.0,53860.0,53360.0,53860.0,806499640.0,14974.0,15.0,24033936829600.0,15.0,0.0,0.0,799012640.0,53267509.333333336,,,1405-07-14,1405,0.000562535158447508,False,رفاه
2026-10-06,11920.0,12370.0,11800.0,12020.0,11880.0,1994654651930.0,165916453.0,7752.0,2163600000000000.0,0.582,-54899234480.0,-0.027523177722459508,1016885857.9588944,1746453903.9390388,,,1405-07-14,1405,-0.005789909015715522,False,رمپنا
2026-10-06,12900.0,13140.0,12630.0,12920.0,12990.0,174879829130.0,13532564.0,1252.0,72998000000000.0,0.863,41006322880.0,0.23448286222602166,503259685.269461,582946844.0366971,,,1405-07-14,1405,0.0031055900621117516,False,رنیک
2026-10-06,62580.0,64440.0,62580.0,64210.0,64440.0,70294657840.0,1094812.0,527.0,20547200000000.0,15.677,20843336520.0,0.296513805749538,764869520.0,48788346.70103093,,,1405-07-14,1405,0.02621064407863183,False,رپویا
2026-10-06,2442.0,2566.0,2442.0,2564.0,2566.0,37395147837.0,14582857.0,270.0,25640000000000.0,0.962,10169080400.0,0.2719358255869328,339356052.25454545,352728381.14285713,,,1405-07-14,1405,0.028892455858748,False,رکیش
2026-10-06,19320.0,19320.0,19320.0,19320.0,19320.0,48179597760.0,2493768.0,163.0,19320000000000.0,4.714,33810000000.0,0.7017493207066575,825849960.0,175177433.2394366,,,1405-07-14,1405,0.029850746268656803,False,ریشمک
2026-10-06,160000.0,164700.0,160000.0,163900.0,164200.0,115546673500.0,704785.0,707.0,393360000000000.0,0.919,18064730200.0,0.15634141297888599,356046054.1666666,387405245.4081633,,,1405-07-14,1405,0.023735165521548973,False,زاگرس
2026-10-06,48850.0,49850.0,48850.0,49350.0,49400.0,31571474670.0,639723.0,394.0,7402500000000.0,0.984,0.0,0.0,250558175.00000003,254599435.8870968,,,1405-07-14,1405,0.01941747572815533,False,بالاس
2026-10-06,27100.0,27370.0,26630.0,27250.0,27370.0,63453312430.0,2328135.0,284.0,17440000000000.0,1.451,13625000000.0,0.21472480282303208,803059224.6835444,553518652.7777778,,,1405-07-14,1405,0.025206922498118844,False,بالبر
2026-10-06,30000.0,31490.0,30000.0,30650.0,30300.0,1993968310.0,65379.0,31.0,15470104701200.0,0.667,0.0,0.0,95422207.14285712,143133310.71428573,,,1405-07-14,1405,-0.0009778357235984414,False,بایکا
2026-10-06,256900.0,256900.0,256800.0,256900.0,256900.0,5395656800.0,21003.0,31.0,2312116184700.0,0.438,0.0,0.0,337229418.75,770810100.0,,,1405-07-14,1405,0.019849146486700997,False,بتک
2026-10-06,8380.0,8380.0,8380.0,8380.0,8380.0,110673553840.0,13206868.0,144.0,41900000000000.0,30.265,80929615360.0,0.7312461970544417,3953312087.619048,130621155.0,,,1405-07-14,1405,0.029484029484029506,False,بخاور
2026-10-06,7500.0,7580.0,7500.0,7570.0,7580.0,41115178490.0,5432389.0,130.0,45420000000000.0,3.651,16828034300.0,0.40929007043208876,763810686.9444444,209199028.03921568,,,1405-07-14,1405,0.028532608695652106,False,بزاگرس
2026-10-06,7170.0,7170.0,7170.0,7170.0,7170.0,89625559260.0,12500078.0,289.0,30114000000000.0,14.691,73134000000.0,0.8159949081917729,1457517364.918033,99211064.52830188,,,1405-07-14,1405,0.02869440459110484,False,بزندگی
2026-10-06,15000.0,15140.0,14610.0,14970.0,14930.0,42938477280.0,2868072.0,409.0,179640000000000.0,0.484,-15390207900.0,-0.35842463158721494,456409314.3396226,942378608.5714284,,,1405-07-14,1405,0.0006684491978610207,False,بساما
2026-10-06,5000.0,5040.0,4890.0,5010.0,5040.0,22382448110.0,4467932.0,120.0,120240000000000.0,1.957,5776530000.0,0.2580830287916168,722075461.9354839,369062429.3333333,,,1405-07-14,1405,0.022448979591836782,False,بسویچ
2026-10-06,13140.0,13440.0,13040.0,13250.0,13420.0,167590133610.0,12646117.0,629.0,1371375000000000.0,0.74,-24268474750.0,-0.14480849335961096,786099207.0063694,1062489570.1438848,,,1405-07-14,1405,0.015325670498084198,False,بپاس
2026-10-06,3050.0,3080.0,2990.0,3000.0,3010.0,3605549180.0,1200277.0,24.0,9000000000000.0,0.269,-2995236000.0,-0.8307294812714218,121119000.0,450103875.0,,,1405-07-14,1405,-0.0066225165562914245,False,بپردیس
2026-10-06,6160.0,6340.0,6160.0,6310.0,6300.0,39708598130.0,6292832.0,602.0,62734947570000.0,3.5,2234446720.0,0.05627110563522682,307023674.5299145,87727404.16666666,,,1405-07-14,1405,0.024350649350649345,False,بپویا
2026-10-06,17500.0,18500.0,17500.0,18430.0,18500.0,31510542870.0,1709483.0,1325.0,55290000000000.0,15.766,3630931160.0,0.1152290893552606,301463796.0465116,19120887.90737564,,,1405-07-14,1405,0.025598219254312715,False,بپیوند
2026-10-06,17250.0,17470.0,16900.0,17330.0,17310.0,6962316970.0,401841.0,167.0,86650000000000.0,0.544,404950110.0,0.058163124681753754,87048806.625,159974498.0487805,,,1405-07-14,1405,0.02001177163037071,False,ساراب
2026-10-06,86760.0,86800.0,84600.0,85740.0,86720.0,61053036890.0,712031.0,371.0,123465600000000.0,0.586,-2572200000.0,-0.042130582376014546,436398044.32835823,744506560.2439024,,,1405-07-14,1405,0.011681415929203576,False,ساربیل
2026-10-06,58450.0,59460.0,57600.0,58090.0,58490.0,42806742480.0,736852.0,353.0,77840600000000.0,1.468,28732301530.0,0.6712097175678386,306581761.3768116,208861254.4615385,,,1405-07-14,1405,0.004843452689845984,False,ساروج
2026-10-06,233800.0,234100.0,233600.0,234100.0,234100.0,174043704500.0,743597.0,489.0,234100000000000.0,1.027,-20569196500.0,-0.11818408806622477,753432923.4234235,733804584.5070423,,,1405-07-14,1405,0.02991641003079626,False,ساروم
2026-10-06,9800.0,9960.0,9730.0,9820.0,9830.0,309335433730.0,31494021.0,1062.0,1551560000000000.0,0.433,-57527995360.0,-0.18597286016128586,629488779.3314763,1453920344.3076923,,,1405-07-14,1405,0.012371134020618513,False,سامان
2026-10-06,11400.0,11640.0,11310.0,11630.0,11640.0,205929903290.0,17711004.0,769.0,199816057836140.0,1.28,-48081734550.0,-0.2334859278901767,437212354.4347826,341531789.2708334,,,1405-07-14,1405,0.028293545534924913,False,ساوه
2026-10-06,401900.0,401900.0,400000.0,401900.0,401900.0,999590588400.0,2487176.0,2492.0,241140000000000.0,0.789,307849371500.0,0.3079754602259318,1642798362.273476,2082565662.8398795,,,1405-07-14,1405,0.02998462327011797,False,سباقر
2026-10-06,60380.0,60380.0,60380.0,60380.0,60380.0,52774474820.0,874039.0,129.0,120760000000000.0,3.032,-7956151840.0,-0.15075757489082295,1528683588.5714283,504241539.4594594,,,1405-07-14,1405,0.02984820057990789,False,سبجنو
2026-10-06,13550.0,13550.0,13550.0,13550.0,13550.0,65326352150.0,4821133.0,259.0,50918157195450.0,6.849,32898858000.0,0.5036077619099079,1633158803.75,238437456.9852941,,,1405-07-14,1405,0.029635258358662542,False,سبزوا
2026-10-06,5830.0,5880.0,5830.0,5880.0,5880.0,80423500250.0,13685135.0,535.0,43512000000000.0,1.24,6488580000.0,0.08068014920800466,530302938.8059701,427629230.4635762,,,1405-07-14,1405,0.02977232924693518,False,سبهان
2026-10-06,15480.0,15680.0,15450.0,15680.0,15680.0,258697872780.0,16503042.0,584.0,266559999984320.0,1.131,-70544257280.0,-0.2726897462353382,863700631.7525773,763976329.5049505,,,1405-07-14,1405,0.029546946815495634,False,ستران
2026-10-06,10750.0,10760.0,10520.0,10750.0,10760.0,169910772640.0,15811914.0,699.0,107500000000000.0,0.48,-63109627250.0,-0.37142805173227067,445572823.0593607,928844367.052023,,,1405-07-14,1405,0.028708133971291794,False,سجام
2026-10-06,12080.0,12530.0,12080.0,12520.0,12530.0,60791435710.0,4855425.0,367.0,66356000000000.0,1.226,2194443000.0,0.03609789725099421,484726968.4615385,395222637.0491803,,,1405-07-14,1405,0.028759244042728005,False,سخاش
2026-10-06,6210.0,6500.0,6210.0,6420.0,6400.0,25115740740.0,3907456.0,177.0,18392021816520.0,1.157,642000000.0,0.025561658986929008,398188373.3333333,344279824.2253521,,,1405-07-14,1405,0.0046948356807512415,False,سخواف
2026-10-06,13680.0,14470.0,13670.0,13990.0,14090.0,4826068160.0,344892.0,76.0,181870000000000.0,0.812,0.0,0.0,132118936.875,162607922.3076923,,,1405-07-14,1405,-0.00709723207948898,False,سپ
2026-10-06,21500.0,21600.0,20920.0,21580.0,21600.0,307009278090.0,14223694.0,642.0,145665000000000.0,0.584,-99897747560.0,-0.32538999531706303,344152085.3333333,588890547.7056277,,,1405-07-14,1405,0.028598665395614953,False,سپاها
2026-10-06,46320.0,46520.0,44300.0,45490.0,45700.0,777134658820.0,17085389.0,3815.0,409410000000000.0,0.61,-149704496680.0,-0.19263649482228867,522050111.7226148,856260373.583815,,,1405-07-14,1405,0.007084348018596476,False,سپید
2026-10-06,10210.0,10530.0,10210.0,10500.0,10530.0,27262560360.0,2597163.0,897.0,164850000000000.0,7.444,7525434000.0,0.2760354823841645,207368026.71755725,27857840.425531916,,,1405-07-14,1405,0.02639296187683282,False,سپیدار
2026-10-06,10050.0,10540.0,10050.0,10280.0,10240.0,276667099020.0,26918277.0,1595.0,51337703200000.0,0.77,49415836640.0,0.17861117861516224,461294988.5375494,599346669.5765471,,,1405-07-14,1405,0.00390625,False,تلیسه
2026-10-06,2500.0,2559.0,2500.0,2559.0,2559.0,969870288990.0,379008875.0,952.0,53739000000000.0,3.492,800702389164.0,0.8255767789297191,6054800066.842106,1733727840.521739,,,1405-07-14,1405,0.029778672032193088,False,تماوند
2026-10-06,8800.0,8800.0,8800.0,8800.0,8800.0,1964978400.0,223293.0,22.0,3125504800000.0,19.0,0.0,0.0,1964978400.0,103419915.78947368,,,1405-07-14,1405,0.029239766081871288,False,تمحرکه
2026-10-06,2244.0,2244.0,2200.0,2210.0,2207.0,5967350968.0,2700677.0,231.0,172380000000000.0,2.014,-1548814410.0,-0.259548067191881,88393635.2,43886001.25,,,1405-07-14,1405,0.011441647597254079,False,تملت
2026-10-06,3253.0,3304.0,3176.0,3249.0,3176.0,122400050900.0,37668878.0,375.0,125086500000000.0,0.63,-58104446706.0,-0.47470933450404307,546566274.0,867876789.3658537,,,1405-07-14,1405,0.012464942349641683,False,تنوین
2026-10-06,3430.0,3570.0,3430.0,3570.0,3570.0,72799534860.0,20399839.0,389.0,51408000000000.0,1.843,11634826350.0,0.15982006440528512,863500932.5,468455784.4615385,,,1405-07-14,1405,0.028818443804034644,False,توریل
2026-10-06,2660.0,2785.0,2660.0,2781.0,2785.0,9236996454.0,3321475.0,436.0,139050000000000.0,22.16,656160264.0,0.0710361065166216,440191170.4736842,19864618.49226804,,,1405-07-14,1405,0.02847633136094685,False,تکاردان
2026-10-06,9100.0,9140.0,9090.0,9140.0,9140.0,14200400900.0,1554115.0,117.0,7312000000000.0,3.755,1870044000.0,0.1316895215261141,617591786.9565217,164460894.66666666,,,1405-07-14,1405,0.029279279279279313,False,تکشا
2026-10-06,8180.0,8640.0,8180.0,8620.0,8640.0,30274958640.0,3513766.0,179.0,14852497058620.0,2.827,8124470680.0,0.26835612813243465,671310850.2222222,237467930.96774197,,,1405-07-14,1405,0.027413587604290912,False,تکمبا
2026-10-06,2330.0,2344.0,2258.0,2332.0,2334.0,36438590227.0,15625046.0,309.0,74624000000000.0,0.947,926655180.0,0.025430599104610086,348119300.6923077,367476584.2916666,,,1405-07-14,1405,0.02370500438981571,False,تکیمیا
2026-10-06,29400.0,29650.0,28850.0,29640.0,29650.0,415225686950.0,14010100.0,1181.0,948480000000000.0,3.055,-15902156400.0,-0.0382976219915674,1287634180.0,421513124.7826087,,,1405-07-14,1405,0.0295241403265023,False,تیپیکو
2026-10-06,19090.0,19090.0,18710.0,19080.0,18780.0,7136087360.0,373966.0,46.0,3052800000000.0,1.2,0.0,0.0,475684752.0,396403960.00000006,,,1405-07-14,1405,0.029126213592232997,False,ثاصفا
2026-10-06,30670.0,30670.0,30670.0,30670.0,30670.0,31357836090.0,1022427.0,108.0,21469000000000.0,7.527,9415690000.0,0.30026593585654526,2090522406.0,277748684.6835443,,,1405-07-14,1405,0.02988582941571516,False,ثامان
2026-10-06,8330.0,8330.0,8330.0,8330.0,8330.0,304666259730.0,36574581.0,310.0,38484600000000.0,17.628,292252510550.0,0.9592545981593064,2476410497.75,140478548.0,,,1405-07-14,1405,0.02966625463535233,False,ثباغ
2026-10-06,4150.0,4270.0,4110.0,4200.0,4190.0,573568024210.0,136408878.0,2602.0,100800000000000.0,1.847,142167736200.0,0.24786551934413317,815257041.6666666,441278659.2000001,,,1405-07-14,1405,0.0023866348448686736,False,فاسمین
2026-10-06,10150.0,10150.0,10100.0,10150.0,10130.0,32451091830.0,3197407.0,175.0,4567500000000.0,1.254,13167310800.0,0.4057586373049933,590066928.1818182,470399274.3902439,,,1405-07-14,1405,0.02941176470588225,False,فافزا
2026-10-06,16170.0,16170.0,16170.0,16150.0,16170.0,114098333580.0,7056174.0,213.0,113050000000000.0,1.225,16902137800.0,0.14813658771053895,1068396496.3636364,872076447.9166666,,,1405-07-14,1405,0.02866242038216571,False,فافق
2026-10-06,7290.0,7290.0,7200.0,7290.0,7290.0,151263836700.0,20756487.0,338.0,91125000000000.0,0.902,6655310730.0,0.043998029371682595,965953099.6363636,1070962690.6451614,,,1405-07-14,1405,0.029661016949152463,False,فاما
2026-10-06,7560.0,7560.0,7560.0,7560.0,7560.0,113369760.0,14996.0,8.0,42706440000000.0,8.0,0.0,0.0,113369760.0,14171220.0,,,1405-07-14,1405,0.009345794392523255,False,فاهواز
2026-10-06,17130.0,17130.0,16740.0,16970.0,16980.0,43888644890.0,2586255.0,209.0,4797611337980.0,0.969,22551789370.0,0.5138410954934362,504468360.3448276,520413609.2682927,,,1405-07-14,1405,0.019831730769230838,False,فبستم
2026-10-06,2360.0,2420.0,2360.0,2420.0,2420.0,17402796181.0,7191404.0,67.0,12100000000000.0,4.1,0.0,0.0,1740319768.0,424468236.097561,,,1405-07-14,1405,0.029787234042553123,False,فبیرا
2026-10-06,7600.0,7630.0,7600.0,7630.0,7630.0,67579233010.0,8857531.0,534.0,20601000000000.0,8.112,21758471000.0,0.3219697831844333,993867081.3235294,122525375.7486631,,,1405-07-14,1405,0.029689608636977116,False,فتوسا
2026-10-06,19750.0,19900.0,19100.0,19870.0,19900.0,55625212790.0,2799216.0,260.0,23844000000000.0,0.861,19359023080.0,0.3480260498613366,519074223.55140185,603031980.6666666,,,1405-07-14,1405,0.027935851008794588,False,فجام
2026-10-06,5570.0,5570.0,5570.0,5520.0,5570.0,4017451620.0,721266.0,14.0,11645141040000.0,1.333,0.0,0.0,663564720.0,497673540.0,,,1405-07-14,1405,0.009140767824497242,False,فجوش
2026-10-06,53780.0,53780.0,53780.0,53780.0,53780.0,92514560980.0,1720241.0,241.0,55354850496000.0,7.025,11724040000.0,0.12672642961073477,2885152771.818182,410708896.6666666,,,1405-07-14,1405,0.029873611643048692,False,فپنتا
2026-10-06,4740.0,4740.0,4740.0,4740.0,4740.0,61672666140.0,13011111.0,174.0,23700000000000.0,55.298,58183296180.0,0.9434211267585066,1544888875.3846154,27937431.891891893,,,1405-07-14,1405,0.02819956616052055,False,ناما
2026-10-06,8720.0,8900.0,8690.0,8760.0,8720.0,32021704000.0,3654681.0,454.0,13140000000000.0,2.264,-9226548840.0,-0.2881342242124279,229787617.2631579,101491413.33333331,,,1405-07-14,1405,0.006896551724137945,False,نبابک
2026-10-06,2195.0,2195.0,2195.0,2138.0,2195.0,729712385.0,332443.0,14.0,8634409725258.0,14.0,0.0,0.0,710763134.0,50768795.28571429,,,1405-07-14,1405,0.0028142589118198558,False,نتوس
2026-10-06,26210.0,26930.0,26210.0,26920.0,26930.0,142111435470.0,5278683.0,486.0,34996000000000.0,4.16,16559864920.0,0.11652732143076423,1634927401.0526316,393046049.4890511,,,1405-07-14,1405,0.029445506692160617,False,نخریس
2026-10-06,9470.0,9490.0,9220.0,9470.0,9490.0,72575034380.0,7662355.0,386.0,18940000000000.0,0.549,3257680000.0,0.04488706106486863,487180284.6938776,887763920.1298702,,,1405-07-14,1405,0.027114967462039008,False,نمرینو
2026-10-06,9180.0,9730.0,9180.0,9690.0,9730.0,94467411570.0,9752376.0,659.0,48450000000000.0,0.978,28702855590.0,0.30383870070083685,437092303.0555556,447000556.9387755,,,1405-07-14,1405,0.025396825396825307,False,نوین
2026-10-06,4000.0,4050.0,3960.0,4040.0,4050.0,92586789780.0,22906301.0,892.0,48257646480000.0,2.162,11834561880.0,0.1278212789116102,380995811.797235,176222709.6517413,,,1405-07-14,1405,0.025380710659898442,False,نیان
2026-10-06,13030.0,13030.0,13030.0,13030.0,13030.0,15743732040.0,1208268.0,79.0,3909000000000.0,2.767,11727000000.0,0.7448678604415576,463050942.3529412,167363835.0,,,1405-07-14,1405,0.029225908372827902,False,نیرو
2026-10-06,14970.0,14970.0,14940.0,14970.0,14970.0,84283405510.0,5630364.0,263.0,40049151180000.0,2.247,6981124770.0,0.08282917292861058,625203973.018868,278241338.2978723,,,1405-07-14,1405,0.02957359009628613,False,درهآور
2026-10-06,34200.0,34200.0,34200.0,34200.0,34200.0,11144343600.0,325858.0,51.0,47869056000000.0,6.358,9576000000.0,0.8592699887681137,586544400.0,92255505.88235292,,,1405-07-14,1405,0.02981029810298108,False,دروز
2026-10-06,31350.0,31350.0,31350.0,31350.0,31350.0,187199032350.0,5971261.0,416.0,241395000000000.0,17.146,137313000000.0,0.7335134069671381,2559294593.382353,149264359.14634147,,,1405-07-14,1405,0.029894875164257595,False,دزاگرس
2026-10-06,5270.0,5280.0,5130.0,5280.0,5280.0,101007238740.0,19145799.0,453.0,56146543200000.0,1.012,-22819742880.0,-0.22592185634080822,272624575.38461536,269329993.2631579,,,1405-07-14,1405,0.029239766081871288,False,دزهراوی
2026-10-06,7070.0,7140.0,7070.0,7140.0,7140.0,449822191150.0,63016873.0,937.0,103679940000000.0,1.787,127396885140.0,0.28321609659652736,1528698973.8461535,855469870.2439024,,,1405-07-14,1405,0.028818443804034644,False,دسبحا
2026-10-06,21010.0,21010.0,21010.0,21010.0,21010.0,189299427680.0,9009968.0,271.0,210100000000000.0,4.474,122236180000.0,0.6457292634113684,2750683502.769231,614763561.7391305,,,1405-07-14,1405,0.02990196078431362,False,دسبحان
2026-10-06,96900.0,97620.0,94990.0,97350.0,97620.0,91901968190.0,944073.0,263.0,233640000000000.0,0.347,-50650718250.0,-0.5511385582655169,270932003.57142854,780946878.1914893,,,1405-07-14,1405,0.027115425195188836,False,دسینا
2026-10-06,492800.0,492800.0,470400.0,477300.0,478600.0,38245894700.0,80133.0,188.0,23865000000000.0,1.395,19280533500.0,0.5041203415748566,451067592.0,323323020.0,,,1405-07-14,1405,-0.0027162557459256,False,دشیری
2026-10-06,39300.0,40930.0,39300.0,40890.0,40930.0,38740624710.0,947479.0,275.0,36801000000000.0,1.275,8985495720.0,0.2319398767382448,407491662.3157895,319636690.32258064,,,1405-07-14,1405,0.02893809763462496,False,دشیمی
2026-10-06,29060.0,29930.0,29060.0,29880.0,29930.0,1081450841260.0,36189706.0,2501.0,1673280000000000.0,0.79,472957850880.0,0.43733643068690586,993759933.75,1258630216.5065503,,,1405-07-14,1405,0.028217481073640638,False,دعبید
2026-10-06,18570.0,19540.0,18570.0,19030.0,19350.0,3743031414530.0,196649865.0,11243.0,175190180000000.0,0.729,1562248192010.0,0.41737512165822055,1125346172.262193,1544408759.8173518,,,1405-07-14,1405,-0.005227391531625769,False,دفارا
2026-10-06,47400.0,48840.0,47400.0,48820.0,48840.0,107531592130.0,2202613.0,378.0,341740000000000.0,1.281,17069327160.0,0.1587377887920053,483647425.045045,377479763.0927835,,,1405-07-14,1405,0.02952340784479124,False,دفرا
2026-10-06,24540.0,24820.0,24000.0,24750.0,24820.0,290399861230.0,11731818.0,1117.0,257152500000000.0,0.609,-48058857000.0,-0.16549201089988413,444270464.7606383,729167972.0338982,,,1405-07-14,1405,0.026970954356846377,False,دقاضی
2026-10-06,29490.0,29730.0,29490.0,29730.0,29730.0,463767447840.0,15600829.0,807.0,274021410000000.0,0.607,-18635388330.0,-0.040182613973435276,494547603.38912135,814477771.0714285,,,1405-07-14,1405,0.029788708001385444,False,دلر
2026-10-06,19700.0,20870.0,19700.0,20590.0,20870.0,445177094810.0,21616803.0,1517.0,70006000000000.0,1.019,-52645932710.0,-0.11825840395600114,831794349.6700509,816250872.2746781,,,1405-07-14,1405,0.015786877158362023,False,دکوثر
2026-10-06,173600.0,176600.0,171100.0,176500.0,176600.0,161905362100.0,917554.0,686.0,52950000000000.0,0.844,17517801500.0,0.1081977846365596,688315303.4188035,815613519.8863636,,,1405-07-14,1405,0.029154518950437414,False,دکپسول
2026-10-06,86030.0,86030.0,86030.0,86030.0,86030.0,50287115900.0,584530.0,142.0,49553280000000.0,1.049,24088400000.0,0.4790173301626948,670494878.6666667,638993070.7317073,,,1405-07-14,1405,0.02992936669460078,False,دکیمی
2026-10-06,2024.0,2024.0,2024.0,2024.0,2024.0,20647542520.0,10201355.0,44.0,7628692156272.0,3.502,10120000000.0,0.49013096789593147,1474824465.714286,421101700.8,,,1405-07-14,1405,0.029501525940996975,False,وفردا
2026-10-06,4940.0,4940.0,4900.0,4940.0,4940.0,6048052060.0,1224303.0,38.0,4940000000000.0,1.125,0.0,0.0,378003551.25,336003156.6666666,,,1405-07-14,1405,0.029166666666666563,False,ولانا
2026-10-06,3090.0,3180.0,3040.0,3130.0,3180.0,70933732550.0,22627542.0,521.0,16561434090000.0,1.239,-1565000000.0,-0.022062845753913454,594363848.7931035,479668071.1564626,,,1405-07-14,1405,0.012944983818770295,False,ولتجار
2026-10-06,8170.0,8170.0,8170.0,8170.0,8170.0,31853236850.0,3898805.0,78.0,16340000000000.0,5.345,10995104300.0,0.345180125705184,2654436404.166667,496622203.5714285,,,1405-07-14,1405,0.02896725440806036,False,ولشرق
2026-10-06,3200.0,3220.0,3200.0,3220.0,3220.0,47205404100.0,14672047.0,207.0,19320000000000.0,11.773,35822361540.0,0.7588614528987795,1817076590.0,154346348.64864865,,,1405-07-14,1405,0.028753993610223683,False,ولصنم
2026-10-06,4050.0,4050.0,4050.0,4050.0,4050.0,222819866550.0,55017251.0,439.0,9720000000000.0,1.24,162516796200.0,0.72936403165618,1558180884.965035,1256313965.625,,,1405-07-14,1405,0.027918781725888353,False,ولغدر
2026-10-06,4090.0,4150.0,4060.0,4090.0,4150.0,3313231390.0,809953.0,37.0,22211154000000.0,0.201,-2512552440.0,-0.7583389580285246,66679610.833333336,331270777.0,,,1405-07-14,1405,0.002450980392156854,False,ولقمان
2026-10-06,4400.0,4400.0,4400.0,4400.0,4400.0,133521295600.0,30345749.0,713.0,17600000000000.0,59.572,121880000000.0,0.9128131917257999,1247182033.9622643,20935690.872210957,,,1405-07-14,1405,0.028037383177569986,False,ولپارس
2026-10-06,5340.0,5340.0,5340.0,5340.0,5340.0,136072315380.0,25481707.0,631.0,15486000000000.0,125.251,129228000000.0,0.9497008971965654,2267871923.0,18106654.444444444,,,1405-07-14,1405,0.028901734104046284,False,ولکار
2026-10-06,4560.0,4570.0,4420.0,4570.0,4570.0,53811327090.0,11775451.0,730.0,91400000000000.0,13.895,-22583212540.0,-0.4196739564186801,939211090.5,67593846.97712418,,,1405-07-14,1405,0.029279279279279313,False,وکبهمن
2026-10-06,10910.0,11550.0,10910.0,11320.0,11340.0,57180954910.0,5051555.0,433.0,9056000000000.0,0.879,-12432223960.0,-0.21741896370159797,332972356.0305343,378727044.59459454,,,1405-07-14,1405,0.00801424755120217,False,وگستر
2026-10-06,60700.0,63250.0,60700.0,63160.0,62790.0,68147922780.0,1078972.0,511.0,721991118200000.0,13.104,50062068680.0,0.7346088719624507,757198572.4444445,57782117.69968051,,,1405-07-14,1405,0.02849698746132545,False,نیشکر
2026-10-06,9570.0,9850.0,9450.0,9610.0,9590.0,610559266640.0,63527371.0,2930.0,198446500000000.0,0.461,12231636830.0,0.020033496334127477,512220016.6594125,1110166001.1622276,,,1405-07-14,1405,0.004179728317659448,False,هجرت
2026-10-06,9770.0,9800.0,9620.0,9790.0,9800.0,402893488660.0,41135432.0,730.0,873268000000000.0,1.948,2374505760.0,0.005893631510147921,1120306062.857143,575004708.2352941,,,1405-07-14,1405,0.028361344537815025,False,همراه
2026-10-06,1595.0,1598.0,1552.0,1594.0,1552.0,46197061001.0,28972998.0,198.0,5738400000000.0,0.802,234188886.0,0.0050693459914025844,584594415.3417722,729345554.3809524,,,1405-07-14,1405,0.027061855670102997,False,وآتوس
2026-10-06,7630.0,7670.0,7510.0,7660.0,7670.0,112449629690.0,14677621.0,349.0,13703740000000.0,2.16,1371109360.0,0.012193098045585925,1499074358.1333334,694121671.875,,,1405-07-14,1405,0.028187919463087185,False,وآذر
2026-10-06,2820.0,2981.0,2820.0,2971.0,2981.0,27584282211.0,9283959.0,124.0,11884000000000.0,2.093,-4492276782.0,-0.16285639581401107,888090977.1923077,424348341.3692308,,,1405-07-14,1405,0.02625215889464605,False,وآرین
2026-10-06,13060.0,13250.0,12860.0,13190.0,13250.0,29647611380.0,2247142.0,115.0,3957000000000.0,1.017,-5276000000.0,-0.17795700073022205,514056343.125,505251232.0930232,,,1405-07-14,1405,0.024864024864024836,False,وآفر
2026-10-06,9070.0,9600.0,9060.0,9140.0,9060.0,33030807810.0,3612020.0,416.0,255920000000000.0,0.436,0.0,0.0,191941062.7906977,440184837.3333334,,,1405-07-14,1405,-0.020364415862808127,False,وآفری
2026-10-06,7200.0,7200.0,7000.0,7080.0,7040.0,395104587780.0,55792842.0,1588.0,108324000000000.0,0.51,78984621600.0,0.19990813582751862,749472611.875,1470513108.1690142,,,1405-07-14,1405,0.0,False,واتی
2026-10-06,35840.0,35840.0,35840.0,35570.0,35840.0,56982374400.0,1589910.0,197.0,42069350400000.0,0.982,0.0,0.0,1028238158.181818,1047279605.5555556,,,1405-07-14,1405,0.022126436781609193,False,واحصا
2026-10-06,3820.0,3840.0,3760.0,3830.0,3840.0,22719592470.0,5926280.0,118.0,13405000000000.0,3.003,2172015980.0,0.0956010096953997,923576191.3043478,307584458.3870968,,,1405-07-14,1405,0.02680965147453085,False,واعتبار
2026-10-06,5940.0,5940.0,5770.0,5820.0,5820.0,420645440370.0,72321607.0,1203.0,2182500000000000.0,0.763,41306664300.0,0.0981982932316267,515174408.6037736,675280524.680851,,,1405-07-14,1405,0.006920415224913601,False,وامید
2026-10-06,272600.0,272600.0,272600.0,272600.0,272600.0,125726663800.0,461213.0,376.0,545137038941000.0,33.163,93174134800.0,0.7410849217172977,2034459233.3333333,61348028.67647059,,,1405-07-14,1405,0.029845107669059345,False,آلومینا
2026-10-06,1471.0,1471.0,1450.0,1470.0,1471.0,1033279884.0,702756.0,149.0,15862990500000.0,20.0,0.0,0.0,147578760.0,7378938.0,,,1405-07-14,1405,0.018711018711018657,False,استقلال
2026-10-06,2388.0,2417.0,2324.0,2378.0,2389.0,17104679809.0,7193898.0,201.0,18072800000000.0,0.873,-413058600.0,-0.024148864790948042,292877734.1052632,335433126.3529412,,,1405-07-14,1405,0.011484474691620505,False,اعتلا
2026-10-06,8280.0,8670.0,8280.0,8660.0,8670.0,71201297270.0,8226092.0,543.0,17666400000000.0,0.989,1039200000.0,0.014595239691480414,359787660.2020202,363724128.0829016,,,1405-07-14,1405,0.028503562945368266,False,افرا
2026-10-06,85320.0,85330.0,83120.0,85320.0,85330.0,361856742220.0,4241219.0,568.0,2559600000000000.0,0.905,21200654880.0,0.05858853078136243,687978624.9056604,760240917.9310344,,,1405-07-14,1405,0.029812914906457433,False,افق
2026-10-06,3510.0,3510.0,3510.0,3510.0,3510.0,263926075140.0,75192614.0,538.0,287145455220000.0,8.759,256198410000.0,0.9707203422931938,1201009518.9908257,137113783.90243903,,,1405-07-14,1405,0.029325513196480912,False,البرز
2026-10-06,3540.0,3640.0,3540.0,3630.0,3630.0,11016210290.0,3036448.0,119.0,126247770000000.0,1.569,1383164310.0,0.12555718106212732,256332703.255814,163375286.94915256,,,1405-07-14,1405,0.025423728813559254,False,امید
2026-10-06,2804.0,2887.0,2803.0,2877.0,2887.0,16603881468.0,5771592.0,1188.0,92064000000000.0,18.053,1656947733.0,0.09979279460609071,192336429.72727275,10653722.614864863,,,1405-07-14,1405,0.02640028540849082,False,امین
2026-10-06,22100.0,22440.0,21810.0,22420.0,22440.0,216240851140.0,9643324.0,836.0,90801000000000.0,2.116,59374011620.0,0.2745735197904845,839871427.6422765,396858112.0754717,,,1405-07-14,1405,0.0289123451124369,False,انرژی
2026-10-06,14670.0,14930.0,14510.0,14850.0,14930.0,41890319790.0,2820328.0,247.0,14850000000000.0,2.045,2970000000.0,0.07089943487872333,837637416.0,409598640.0,,,1405-07-14,1405,0.024137931034482696,False,اوان
2026-10-06,2457.0,2457.0,2457.0,2457.0,2457.0,2514346380.0,1023340.0,13.0,10110555000000.0,153.457,2457000000.0,0.9771923309945864,1257173190.0,8192340.0,,,1405-07-14,1405,0.029756915339480328,False,باران
2026-10-06,6040.0,6140.0,6040.0,6140.0,6140.0,166564129770.0,27140993.0,368.0,36840000000000.0,1.19,32809716280.0,0.196979483669775,2179789662.058824,1831999694.2857144,,,1405-07-14,1405,0.028475711892797406,False,بازرگام
2026-10-06,6890.0,6930.0,6680.0,6850.0,6820.0,115042583240.0,16782914.0,418.0,79802500000000.0,1.166,-9341783400.0,-0.08120283061195975,538772112.6315789,462023924.4274809,,,1405-07-14,1405,0.017830609212481363,False,وصنا
2026-10-06,28420.0,29690.0,28420.0,29670.0,29690.0,743754847150.0,25068400.0,1055.0,1209645900000000.0,0.961,-6825019770.0,-0.009176437365286219,1341973081.9117646,1395957853.1343284,,,1405-07-14,1405,0.02913631633714875,False,وصندوق
2026-10-06,2873.0,2961.0,2873.0,2961.0,2961.0,49580908063.0,16746575.0,316.0,100674000000000.0,1.558,7935480000.0,0.16005112270063265,527517112.5,338627061.58536583,,,1405-07-14,1405,0.029913043478260848,False,وصنعت
2026-10-06,6270.0,6280.0,6200.0,6260.0,6200.0,21270451850.0,3399817.0,152.0,28170000000000.0,3.01,13430999020.0,0.6314392902753497,383241926.9387755,127329890.47619048,,,1405-07-14,1405,0.026229508196721207,False,وطوبی
2026-10-06,2129.0,2242.0,2129.0,2229.0,2230.0,19096569340.0,8566855.0,143.0,7049212500000.0,0.985,0.0,0.0,289326057.5,293777227.6153846,,,1405-07-14,1405,0.023886081763895284,False,وفتخار
2026-10-06,3490.0,3490.0,3490.0,3490.0,3490.0,28347374930.0,8122457.0,405.0,41880000000000.0,76.111,24077510000.0,0.849373533156285,1012406247.5,13301759.906542055,,,1405-07-14,1405,0.029498525073746285,False,ولنوین
2026-10-06,4410.0,4440.0,4320.0,4430.0,4440.0,45315372210.0,10235116.0,200.0,17720000000000.0,2.576,-5471506290.0,-0.120742830151411,1121345549.6875,435311198.7368421,,,1405-07-14,1405,0.02546296296296302,False,ولیز
2026-10-06,3190.0,3190.0,3190.0,3190.0,3190.0,46250958270.0,14498733.0,328.0,82940000000000.0,16.198,17784250000.0,0.3845163573948151,1761259055.2173913,108730661.57894737,,,1405-07-14,1405,0.029032258064516148,False,ومدیر
2026-10-06,40420.0,40420.0,40420.0,40420.0,40420.0,39532659740.0,978047.0,107.0,42036800000000.0,0.874,4850400000.0,0.12269349019014424,1317755324.6666667,1507924336.521739,,,1405-07-14,1405,0.029808917197452267,False,ومشان
2026-10-06,3400.0,3400.0,3320.0,3390.0,3390.0,42241911140.0,12467779.0,262.0,25425000000000.0,2.088,12250480290.0,0.29000771886004206,728720186.3793103,349015006.0465116,,,1405-07-14,1405,0.024169184290030232,False,ومعلم
2026-10-06,4740.0,4740.0,4740.0,4710.0,4740.0,198231540.0,41821.0,13.0,4710000000000.0,3.333,0.0,0.0,65658970.0,19697691.0,,,1405-07-14,1405,0.0021276595744681437,False,وملت
2026-10-06,274800.0,284400.0,273800.0,281800.0,284400.0,108552918300.0,385225.0,534.0,69706087452000.0,1.191,19097304200.0,0.1759262164396367,517169305.88235295,434197156.7839196,,,1405-07-14,1405,0.020275162925416312,False,وملی
2026-10-06,43240.0,44390.0,43060.0,43620.0,43990.0,181419442460.0,4159125.0,1198.0,872400000000000.0,0.939,-68102466540.0,-0.37538681420551423,169614591.50214592,180574943.55704695,,,1405-07-14,1405,-0.0006872852233676952,False,ومپنا
2026-10-06,9620.0,9900.0,9620.0,9830.0,9900.0,148294686980.0,15080603.0,1268.0,58980000000000.0,1.014,3047300000.0,0.020548949271601207,349262806.46634614,344421374.0677966,,,1405-07-14,1405,0.021829521829521914,False,ونفت
2026-10-06,1631.0,1686.0,1631.0,1680.0,1684.0,23174638261.0,13797269.0,569.0,25200000000000.0,2.943,0.0,0.0,220756304.0,75014278.05825242,,,1405-07-14,1405,0.026267562614538775,False,وهامون
2026-10-06,4950.0,5060.0,4860.0,5000.0,5050.0,13622791840.0,2721950.0,101.0,4968740000000.0,1.809,1684765000.0,0.12367252027246714,350263636.3636364,193606568.62745097,,,1405-07-14,1405,0.016260162601626105,False,وهنر
2026-10-06,5660.0,5930.0,5660.0,5930.0,5930.0,11650615960.0,1966006.0,63.0,12168360000000.0,1.472,572944740.0,0.049177205906287554,582920779.0,395909672.85714287,,,1405-07-14,1405,0.02951388888888884,False,ویسا
2026-10-06,11550.0,12220.0,11550.0,11580.0,11700.0,43059786140.0,3719203.0,252.0,27792000000000.0,0.363,4632000000.0,0.10757136565750719,410174959.4285714,1130481492.3529413,,,1405-07-14,1405,-0.026890756302521024,False,تاتمس
2026-10-06,40060.0,40060.0,40060.0,40060.0,40060.0,1466434997960.0,36605966.0,3070.0,3825730000000000.0,4.654,1222955245340.0,0.8339648515217437,1702146421.5613382,365720671.9902912,,,1405-07-14,1405,0.029820051413881776,False,تاصیکو
2026-10-06,2775.0,2775.0,2775.0,2775.0,2775.0,90905234325.0,32758643.0,220.0,27750000000000.0,2.205,13880977350.0,0.15269722863672955,1715193100.4716983,778022797.7272727,,,1405-07-14,1405,0.029684601113172615,False,تاپکیش
2026-10-06,3480.0,3560.0,3480.0,3550.0,3550.0,162160435650.0,45673180.0,606.0,198090000000000.0,0.837,-22774446350.0,-0.1404439144401127,478090989.54545456,570942842.4242424,,,1405-07-14,1405,0.026011560693641522,False,تایرا
2026-10-06,21630.0,22520.0,21620.0,22470.0,22520.0,37980396280.0,1690165.0,286.0,50141899441410.0,1.61,10111500.0,0.0002662294496733461,463146433.5365853,287635576.1363636,,,1405-07-14,1405,0.027434842249657088,False,تبرک
2026-10-06,7030.0,7450.0,7030.0,7110.0,7030.0,51832647740.0,7286820.0,272.0,6418332637470.0,0.648,0.0,0.0,493421811.4285714,761901326.4705882,,,1405-07-14,1405,-0.017955801104972413,False,تشتاد
2026-10-06,1857.0,1863.0,1852.0,1862.0,1863.0,25478424161.0,13683760.0,137.0,55860000000000.0,2.078,744800000.0,0.029232577152085822,641714874.8387097,308844534.1935484,,,1405-07-14,1405,0.029297954671088977,False,تفارس
2026-10-06,27270.0,27270.0,27270.0,27270.0,27270.0,19319131530.0,708439.0,30.0,67154201790030.0,11.672,15407550000.0,0.7975280863984056,1382677627.5,118458153.0,,,1405-07-14,1405,0.011873840445268957,False,تپسی
2026-10-06,20000.0,20570.0,19540.0,19640.0,20200.0,78701276880.0,4007379.0,228.0,2474050800000.0,1.035,0.0,0.0,1380788132.631579,1333981755.2542372,,,1405-07-14,1405,-0.0248262164846077,False,تپولا
2026-10-06,8910.0,8910.0,8910.0,8910.0,8910.0,67331328570.0,7556827.0,249.0,13365000000000.0,0.87,15781766220.0,0.23438964528366205,690059898.0,793229918.0487806,,,1405-07-14,1405,0.02886836027713624,False,غشوکو
2026-10-06,35560.0,35560.0,35200.0,35530.0,35550.0,160048729830.0,4504366.0,667.0,60552918214690.0,0.592,19319721740.0,0.12071149680800937,732228472.4299065,1237632174.4144144,,,1405-07-14,1405,0.028960324355632894,False,غفارس
2026-10-06,26640.0,26640.0,26640.0,26640.0,26640.0,162505385280.0,6100052.0,158.0,68571360000000.0,25.556,124593388560.0,0.7667031363011332,3186530280.0,124687940.86956522,,,1405-07-14,1405,0.029764205643602715,False,غمایه
2026-10-06,22150.0,22150.0,22150.0,22150.0,22150.0,55982663100.0,2527434.0,211.0,110750000000000.0,1.802,28847340450.0,0.5152906069950788,479692843.8202247,266256204.80769232,,,1405-07-14,1405,0.029753602975360227,False,غمهرا
2026-10-06,9590.0,9870.0,9590.0,9850.0,9870.0,157896817220.0,16035266.0,967.0,68950000000000.0,1.175,33346052100.0,0.21118888073303244,427043688.1231672,363352250.9708738,,,1405-07-14,1405,0.027111574556829998,False,غمینو
2026-10-06,19730.0,19730.0,18930.0,19550.0,19730.0,558705096390.0,28575635.0,2444.0,19550000000000.0,0.921,33495972950.0,0.05995286809880535,718987984.8777349,780323464.0416048,,,1405-07-14,1405,0.02035490605427981,False,غنوش
2026-10-06,5710.0,5750.0,5500.0,5690.0,5750.0,17932365720.0,3149000.0,150.0,2276000000000.0,0.807,0.0,0.0,314347543.8596491,389517608.6956522,,,1405-07-14,1405,0.017889087656529412,False,غنیلی
2026-10-06,7370.0,7370.0,7370.0,7370.0,7370.0,166724832780.0,22622094.0,403.0,51590000000000.0,0.562,-78859000000.0,-0.4729889284342997,547800282.5862069,975368717.6712328,,,1405-07-14,1405,0.029329608938547524,False,غویتا
2026-10-06,4310.0,4320.0,4190.0,4240.0,4290.0,98136304260.0,23132157.0,526.0,15900000000000.0,1.125,-9349200000.0,-0.09526749626958084,771575179.8260869,685876543.2167833,,,1405-07-14,1405,0.0071258907363420665,False,غگرجی
2026-10-06,3230.0,3250.0,3200.0,3250.0,3250.0,164932157560.0,50779736.0,744.0,8572583500000.0,1.348,86271064750.0,0.523070006639644,684788970.9543569,508148885.483871,,,1405-07-14,1405,0.028481012658227778,False,غگز
2026-10-06,7370.0,7500.0,7370.0,7490.0,7500.0,202016439550.0,26980727.0,926.0,112350000000000.0,1.988,37974300000.0,0.18797628591311344,873858897.7934272,439636929.4658754,,,1405-07-14,1405,0.027434842249657088,False,غگل
2026-10-06,18990.0,18990.0,18980.0,18990.0,18990.0,83689415350.0,4407027.0,296.0,21173850000000.0,1.191,22564867500.0,0.26962630107559954,836894427.3,702581324.4827586,,,1405-07-14,1405,0.029826464208242864,False,غگلستا
2026-10-06,27960.0,27960.0,27510.0,27910.0,27960.0,181128592990.0,6489650.0,317.0,32933800000000.0,0.848,-16150930890.0,-0.08916831198976786,564519729.1891892,665809090.2298851,,,1405-07-14,1405,0.02799263351749537,False,غگلپا
2026-10-06,44030.0,44030.0,42750.0,43920.0,44030.0,174275775730.0,3967815.0,1161.0,43920000000000.0,1.22,16744895280.0,0.09608274707061033,381124160.4060913,312454388.5714286,,,1405-07-14,1405,0.027368421052631486,False,غگیلا
2026-10-06,15500.0,15680.0,15210.0,15600.0,15670.0,112587541140.0,7214998.0,1505.0,31200000000000.0,3.382,-7800000000.0,-0.06927942400217162,390873017.9104478,115558489.52772072,,,1405-07-14,1405,0.024294156270518785,False,شاروم
2026-10-06,45010.0,45010.0,45010.0,45010.0,45010.0,152426139950.0,3386495.0,286.0,225050000000000.0,15.054,43877683430.0,0.287861933946455,3800329330.0,252447240.76923075,,,1405-07-14,1405,0.029977116704805518,False,شاملا
2026-10-06,16480.0,16480.0,16410.0,16480.0,16480.0,135748595370.0,8237574.0,403.0,164800000000000.0,1.912,32161082560.0,0.23691650342562215,683058956.460177,357337932.6984127,,,1405-07-14,1405,0.030000000000000027,False,شبصیر
2026-10-06,14650.0,14650.0,14650.0,14650.0,14650.0,256879897600.0,17534464.0,560.0,25088125000000.0,0.524,11463126900.0,0.04462446071918708,1988910464.516129,3792931785.483871,,,1405-07-14,1405,0.029515108924806688,False,شتوکا
2026-10-06,13110.0,13110.0,13110.0,13110.0,13110.0,91574359470.0,6985077.0,205.0,119301000000000.0,8.283,53270806920.0,0.5817218621927861,1209327669.1836734,146006070.0,,,1405-07-14,1405,0.029850746268656803,False,شجم
2026-10-06,3096.0,3096.0,3096.0,3096.0,3096.0,35339672808.0,11414623.0,86.0,35294400000000.0,7.571,10627143840.0,0.300714268005172,2308368054.0,304879871.57142854,,,1405-07-14,1405,0.029940119760478945,False,شپارس
2026-10-06,51000.0,51380.0,51000.0,51370.0,51380.0,77509754060.0,1508809.0,285.0,123288000000000.0,2.008,9126702420.0,0.11774908243077452,813423080.9375,405022403.3962264,,,1405-07-14,1405,0.029665263579875756,False,شپاس
2026-10-06,5620.0,5820.0,5620.0,5690.0,5770.0,1971473469420.0,346601363.0,5962.0,159022560940000.0,0.64,1922747730.0,0.0009752846080985635,1163347007.9041915,1818994147.5820055,,,1405-07-14,1405,-0.01727115716753025,False,شپلی
2026-10-06,78460.0,78460.0,78460.0,78460.0,78460.0,29795969600.0,379760.0,62.0,274610000000000.0,8.164,25185660000.0,0.8452706972824942,1568208926.3157892,192096233.3333333,,,1405-07-14,1405,0.029929115253347405,False,کخاک
2026-10-06,86000.0,88950.0,86000.0,88780.0,88950.0,125409996510.0,1412554.0,655.0,22195000000000.0,1.309,-589854320.0,-0.0047034075146710165,665095132.6203208,507978228.1300813,,,1405-07-14,1405,0.028022232515053203,False,کدما
2026-10-06,9810.0,9810.0,9810.0,9810.0,9810.0,55626427800.0,5670380.0,405.0,24525000000000.0,5.617,11916403200.0,0.21422197454138875,715881684.375,127443701.5037594,,,1405-07-14,1405,0.029380902413431276,False,کربن
2026-10-06,28070.0,28070.0,28020.0,28070.0,28070.0,325755698780.0,11605170.0,617.0,586460559160000.0,3.214,167798193360.0,0.5151043987516638,1262393752.3936172,392835209.5480226,,,1405-07-14,1405,0.0297138664710197,False,کرماشا
2026-10-06,35750.0,35750.0,35600.0,35750.0,35750.0,54636582940.0,1528302.0,171.0,89375000000000.0,4.824,14192750000.0,0.2597664282114053,1313490750.0,272297157.4074074,,,1405-07-14,1405,0.029962546816479474,False,کساوه
2026-10-06,3490.0,3600.0,3490.0,3600.0,3600.0,27228829510.0,7565071.0,189.0,12780000000000.0,2.054,720000000.0,0.02644256154072192,618960354.5454546,301298359.09090906,,,1405-07-14,1405,0.02857142857142847,False,کساپا
2026-10-06,16970.0,16970.0,16500.0,16890.0,16970.0,152300369590.0,9018350.0,501.0,16573298244840.0,0.82,-12617792730.0,-0.08284807688889864,790463722.1641791,963739280.4878048,,,1405-07-14,1405,0.02487864077669899,False,کسرام
2026-10-06,141200.0,141200.0,139600.0,141200.0,141200.0,10624392400.0,75247.0,119.0,11860800000000.0,1.725,1491072000.0,0.1403442139430016,366375048.2758621,212414055.8139535,,,1405-07-14,1405,0.029905178701677526,False,کشرق
2026-10-06,7560.0,7990.0,7560.0,7930.0,7990.0,65270909000.0,8233985.0,314.0,18270720000000.0,0.786,-14612999570.0,-0.22388227456737272,445364874.3243243,566800890.442478,,,1405-07-14,1405,0.021907216494845283,False,کصدف
2026-10-06,23710.0,23710.0,23710.0,23710.0,23710.0,184710810780.0,7790418.0,189.0,46234500000000.0,0.809,77057500000.0,0.4171791552134943,2515637668.4375,3109011510.3703704,,,1405-07-14,1405,0.029973935708079935,False,کطبس
2026-10-06,4830.0,4970.0,4730.0,4890.0,4970.0,1023049136700.0,209108367.0,2231.0,96417379395000.0,0.753,-92136001020.0,-0.09006019135815767,2287259621.116751,3037664500.7339454,,,1405-07-14,1405,0.012422360248447228,False,کفرا
2026-10-06,6880.0,6880.0,6880.0,6880.0,6880.0,3886745920.0,564934.0,79.0,17200000000000.0,18.5,0.0,0.0,971686480.0,52523593.51351351,,,1405-07-14,1405,0.029940119760478945,False,کفپارس
2026-10-06,8040.0,8060.0,7840.0,7980.0,8060.0,243622790120.0,30517817.0,1054.0,175560000000000.0,1.802,134854195560.0,0.5535368653054814,837382134.1463414,464645272.8634361,,,1405-07-14,1405,0.019157088122605304,False,حتاید
2026-10-06,2693.0,2693.0,2693.0,2693.0,2693.0,22378417971.0,8309847.0,121.0,15982955000000.0,4.034,12234299000.0,0.5467007996657459,639383370.6,158501858.921875,,,1405-07-14,1405,0.029827915869980792,False,حتوکا
2026-10-06,13570.0,13570.0,13320.0,13540.0,13570.0,592320226170.0,43751814.0,1801.0,203100000000000.0,0.651,142468773640.0,0.24052660595640452,1087357980.1363635,1671486256.8159204,,,1405-07-14,1405,0.0273141122913505,False,حخزر
2026-10-06,28760.0,29920.0,28760.0,29090.0,28760.0,24841600060.0,853868.0,134.0,5818000000000.0,0.573,-9384521270.0,-0.37777442867341615,444167276.3636363,775549722.2580645,,,1405-07-14,1405,-0.008520790729379724,False,حرهشا
2026-10-06,2868.0,2869.0,2780.0,2864.0,2869.0,40187023014.0,14031806.0,269.0,14520480000000.0,1.909,2692160000.0,0.06699077956240075,550508114.849315,288422556.8,,,1405-07-14,1405,0.027997128499640977,False,حریل
2026-10-06,18220.0,19290.0,18220.0,18700.0,18510.0,378520084920.0,20237278.0,1919.0,168208706600000.0,1.012,129903701400.0,0.3431883975917819,624671449.2565056,617274066.7664671,,,1405-07-14,1405,-0.0016017084890549427,False,حسینا
2026-10-06,9850.0,10060.0,9610.0,9920.0,9750.0,689714634100.0,69544373.0,1335.0,195913442880000.0,0.614,-112187521920.0,-0.16265788251164498,1388060815.2785144,2261517613.096085,,,1405-07-14,1405,0.01535312180143289,False,حفارس
2026-10-06,8500.0,8500.0,8450.0,8500.0,8500.0,410829986470.0,48333945.0,983.0,986000000000000.0,2.946,71680500000.0,0.17447728345222513,934770234.375,317299614.0552995,,,1405-07-14,1405,0.029055690072639306,False,حکشتی
2026-10-06,2258.0,2258.0,2212.0,2257.0,2212.0,35883283435.0,15898319.0,180.0,4017460000000.0,1.4,10663501195.0,0.29717183530086283,739558666.3125,528410952.9361702,,,1405-07-14,1405,0.02918376652986776,False,حگردش
2026-10-06,2923.0,2924.0,2923.0,2924.0,2924.0,47849328992.0,16364408.0,96.0,64211040000000.0,3.043,12848056000.0,0.2685106828174766,2215301932.8,727909749.7142857,,,1405-07-14,1405,0.029940119760478945,False,حگهر
2026-10-06,31740.0,31750.0,31740.0,31750.0,31750.0,8091633750.0,254865.0,31.0,9525000000000.0,2.167,0.0,0.0,1348660625.0,622458750.0,,,1405-07-14,1405,0.029841063898799813,False,خبازرس
2026-10-06,10450.0,10450.0,10450.0,10450.0,10450.0,141470825100.0,13537878.0,144.0,56430000000000.0,70.774,114473082900.0,0.8091638881662252,7505869250.0,106053303.77358492,,,1405-07-14,1405,0.029556650246305383,False,فرود
2026-10-06,4040.0,4070.0,4030.0,4070.0,4070.0,31403620330.0,7717641.0,181.0,36368706000000.0,1.593,13353670000.0,0.4252270871853328,442405617.8873239,277801982.61538464,,,1405-07-14,1405,0.02777777777777768,False,فروس
2026-10-06,16140.0,16140.0,16000.0,16140.0,16140.0,53500434640.0,3315418.0,261.0,25824000000000.0,1.364,18575203200.0,0.3471972391437753,652571299.0243902,478570456.43835616,,,1405-07-14,1405,0.029993618379068332,False,فروسیل
2026-10-06,2183.0,2183.0,2057.0,2094.0,2081.0,413048703270.0,197223751.0,2698.0,41461200000000.0,0.514,13856261844.0,0.03354631483963889,461838824.097852,899191982.5301205,,,1405-07-14,1405,-0.01226415094339628,False,فروژ
2026-10-06,372000.0,372000.0,372000.0,372000.0,372000.0,1450047444000.0,3897977.0,3409.0,2008800000000000.0,3.52,981018684000.0,0.6765424731854498,1651739191.6376305,469285914.893617,,,1405-07-14,1405,0.029900332225913706,False,فزر
2026-10-06,911.0,911.0,911.0,909.0,911.0,993122095.0,1090145.0,19.0,3168774000000.0,8.5,0.0,0.0,495470902.5,58290694.41176471,,,1405-07-14,1405,0.016778523489932917,False,فسا
2026-10-06,90880.0,90880.0,90880.0,90880.0,90880.0,315005802240.0,3466173.0,503.0,363520000000000.0,63.871,246193920000.0,0.781553603931483,5716106430.638298,89494351.55378486,,,1405-07-14,1405,0.029918404351767958,False,فسبزوار
2026-10-06,151800.0,157700.0,151800.0,152700.0,151800.0,276896398100.0,1813546.0,862.0,14934060000000.0,0.674,4428300000.0,0.015992624065845513,1073366179.0697676,1593568270.1754386,,,1405-07-14,1405,-0.02365728900255759,False,فسدید
2026-10-06,29890.0,29890.0,29890.0,29890.0,29890.0,139461359800.0,4665820.0,209.0,71736000000000.0,7.843,90752316900.0,0.6507344904004012,3031768691.304348,386579705.5555555,,,1405-07-14,1405,0.029979324603721658,False,فسوژ
2026-10-06,9750.0,9750.0,9750.0,9750.0,9750.0,30855912750.0,3164709.0,23.0,409500000000000.0,1.154,0.0,0.0,2373531750.0,2057060850.0,,,1405-07-14,1405,0.029567053854276715,False,فغدیر
2026-10-06,12550.0,12550.0,12160.0,12310.0,12170.0,22627910090.0,1838704.0,156.0,4714730000000.0,0.707,0.0,0.0,390249073.1034483,552059664.3902439,,,1405-07-14,1405,0.00901639344262306,False,فکمند
2026-10-06,4700.0,4710.0,4660.0,4710.0,4710.0,100913919300.0,21430717.0,329.0,34618500000000.0,3.82,39116550000.0,0.3876229391479001,1904503340.943396,498565540.8870968,,,1405-07-14,1405,0.028384279475982543,False,ختور
2026-10-06,5900.0,5900.0,5900.0,5900.0,5900.0,69954996100.0,11856779.0,332.0,36587740800000.0,3.277,23659000000.0,0.3382031494388147,908506442.8571428,277221533.5329341,,,1405-07-14,1405,0.029668411867364686,False,ختوقا
2026-10-06,51520.0,53480.0,51520.0,53450.0,53480.0,344987090810.0,6454262.0,626.0,641400000000000.0,4.292,42939324750.0,0.12446646814865496,1300831858.59375,303112136.84210527,,,1405-07-14,1405,0.02927017138455623,False,خراسان
2026-10-06,21360.0,21360.0,21360.0,21360.0,21360.0,51857530320.0,2427787.0,103.0,21360000000000.0,7.4,27768000000.0,0.5354670735118031,3241095645.0,437991460.3636364,,,1405-07-14,1405,0.02989392478302788,False,خرینگ
2026-10-06,3280.0,3350.0,3280.0,3350.0,3350.0,58082808890.0,17353782.0,368.0,18014390500000.0,1.245,7715907600.0,0.13284322413905214,505748299.0566038,406136390.2654867,,,1405-07-14,1405,0.027607361963190247,False,خشرق
2026-10-06,6680.0,7020.0,6640.0,6840.0,6930.0,12624309270.0,1845825.0,97.0,9579734640000.0,0.929,0.0,0.0,300605785.7142857,323729307.6923077,,,1405-07-14,1405,0.0,False,خعمرا
2026-10-06,25570.0,25700.0,25200.0,25610.0,25300.0,18629103950.0,727456.0,136.0,2561000000000.0,1.332,-538399030.0,-0.028900962249448395,415391639.0,311892083.45454544,,,1405-07-14,1405,0.02604166666666674,False,خفناور
2026-10-06,15270.0,15270.0,15270.0,15270.0,15270.0,5225455080.0,342204.0,36.0,4428300000000.0,7.25,0.0,0.0,1306363770.0,180188106.2068965,,,1405-07-14,1405,0.029669588671611624,False,خفولا
2026-10-06,6480.0,6480.0,6120.0,6250.0,6200.0,768778646730.0,122944784.0,2517.0,34797154250000.0,0.838,12375000000.0,0.016096961137821744,1057867076.7004342,1262936994.7275925,,,1405-07-14,1405,-0.007936507936507908,False,خپویش
2026-10-06,24990.0,25190.0,24210.0,25030.0,25190.0,61327253340.0,2450107.0,204.0,23830931567470.0,3.714,28817139120.0,0.46989124003706767,1916443069.0625,516016493.4920635,,,1405-07-14,1405,0.023303352412101352,False,خچرخش
2026-10-06,4790.0,4810.0,4700.0,4810.0,4810.0,71815601840.0,14945610.0,318.0,48100000000000.0,0.802,-20683000000.0,-0.28800148533295367,635781369.7368422,793130851.7241379,,,1405-07-14,1405,0.02997858672376874,False,لخزر
2026-10-06,6420.0,6450.0,6320.0,6450.0,6450.0,22269548410.0,3455036.0,141.0,9139650000000.0,1.913,-214688250.0,-0.009640440212231496,681926465.0,356422106.8965517,,,1405-07-14,1405,0.028708133971291794,False,لسرما
2026-10-06,4290.0,4290.0,4290.0,4290.0,4290.0,12694500390.0,2959091.0,274.0,26592247110000.0,67.617,8151171600.0,0.6421025916404733,1269450039.0,18774085.909090903,,,1405-07-14,1405,0.02877697841726623,False,لطیف
2026-10-06,3830.0,3850.0,3740.0,3850.0,3850.0,35533906270.0,9235030.0,159.0,57750000000000.0,2.331,2285664150.0,0.06432346988908742,770117938.3333334,330442444.4444444,,,1405-07-14,1405,0.02941176470588225,False,ما
2026-10-06,29790.0,30250.0,29740.0,30170.0,30190.0,652177069350.0,21618741.0,2419.0,1961050000000000.0,0.674,-7623114240.0,-0.01168871859845926,711126282.9608939,1055549940.8943088,,,1405-07-14,1405,0.02723867892407217,False,مارون
2026-10-06,19240.0,19240.0,19240.0,19240.0,19240.0,193850965360.0,10075414.0,495.0,173160000000000.0,3.669,12074119720.0,0.062285579530528476,2193225778.095238,597766825.1388888,,,1405-07-14,1405,0.02997858672376874,False,محتشم
2026-10-06,9190.0,9460.0,8980.0,9310.0,9440.0,28448080290.0,3056090.0,179.0,53998000000000.0,0.583,-14895692770.0,-0.5236097697332532,187811593.10344827,322359564.625,,,1405-07-14,1405,0.00648648648648642,False,مداران
2026-10-06,4910.0,5130.0,4910.0,5120.0,5130.0,38757544470.0,7564982.0,409.0,19200000000000.0,88.97,34168586240.0,0.8815983238166172,1249442188.387097,14043451.076923078,,,1405-07-14,1405,0.02605210420841675,False,مدیریت
2026-10-06,3333.0,3333.0,3333.0,3333.0,3333.0,13062653604.0,3919188.0,33.0,4999500000000.0,1.385,0.0,0.0,1004819508.0,725702978.0,,,1405-07-14,1405,0.029975278121137316,False,معیار
2026-10-06,3570.0,3580.0,3430.0,3490.0,3430.0,130007597030.0,37241018.0,1026.0,80270000000000.0,1.158,-1263017040.0,-0.009714947963452871,476059101.8218624,411244343.2179931,,,1405-07-14,1405,-0.011331444759206777,False,معین
2026-10-06,14830.0,14830.0,14830.0,14830.0,14830.0,2913383160.0,196452.0,54.0,12440895260310.0,27.834,296600000.0,0.10180603913424144,1456691580.0,52335663.2,,,1405-07-14,1405,0.029861111111111116,False,مفاخر
2026-10-06,6920.0,6920.0,6920.0,6920.0,6920.0,57277047600.0,8277030.0,221.0,212147920181080.0,2.297,30448000000.0,0.5315916457956538,389828763.6363636,169688491.66666666,,,1405-07-14,1405,0.029761904761904656,False,ملت
2026-10-06,17050.0,17050.0,17050.0,17050.0,17050.0,5504694800.0,322856.0,12.0,23699500000000.0,1.75,0.0,0.0,1376173700.0,786384971.4285715,,,1405-07-14,1405,0.02958937198067635,False,ممسنی
2026-10-06,9650.0,9650.0,9650.0,9650.0,9650.0,30788489050.0,3190517.0,108.0,17370000000000.0,2.521,2895000000.0,0.09402864802162157,1052547097.6190476,417575848.9130435,,,1405-07-14,1405,0.029882604055496254,False,ثتران
2026-10-06,15660.0,15720.0,14980.0,15670.0,15720.0,35773845270.0,2282878.0,192.0,3917500000000.0,1.861,3134000000.0,0.0876059024783723,674956570.9433962,362652202.8888889,,,1405-07-14,1405,0.026195153896529044,False,ثتوسا
2026-10-06,18140.0,18680.0,17980.0,18350.0,18480.0,115514611200.0,6296491.0,818.0,25690000000000.0,0.545,15410330000.0,0.13340589419739138,354419048.6196319,650196622.4025973,,,1405-07-14,1405,0.011576626240352716,False,ثجنوب
2026-10-06,2299.0,2308.0,2270.0,2305.0,2272.0,14914963963.0,6469985.0,80.0,24900949575000.0,1.987,317301690.0,0.02127405006053919,828517523.6111112,417028963.85714287,,,1405-07-14,1405,0.028558679161088785,False,ثجوان
2026-10-06,6030.0,6040.0,5950.0,6040.0,6040.0,47504475950.0,7870369.0,307.0,12080000000000.0,0.793,0.0,0.0,516706834.3478261,651192174.7945205,,,1405-07-14,1405,0.028960817717206044,False,ثرود
2026-10-06,106200.0,109800.0,106200.0,108400.0,107700.0,34223633700.0,315825.0,237.0,7154400000000.0,0.883,0.0,0.0,444615974.025974,503462205.8823529,,,1405-07-14,1405,0.015932521087160367,False,ثزاگرس
2026-10-06,11500.0,11630.0,11370.0,11620.0,11630.0,170178987830.0,14650574.0,999.0,73094587440000.0,2.414,11536359240.0,0.06778956313645622,761237474.8514851,315373859.60088694,,,1405-07-14,1405,0.02831858407079646,False,ثشاهد
2026-10-06,52330.0,54850.0,52330.0,52380.0,52330.0,16883176520.0,322322.0,49.0,7410039364800.0,1.188,0.0,0.0,1055201647.5,888590861.0526315,,,1405-07-14,1405,-0.028921023359288145,False,ثعتما
2026-10-06,14720.0,14950.0,14690.0,14860.0,14950.0,32820271740.0,2209129.0,303.0,19318000000000.0,1.221,-2878441440.0,-0.08770315684168677,514313968.2608696,421220380.6349207,,,1405-07-14,1405,0.023415977961432466,False,ثعمرا
2026-10-06,2750.0,2750.0,2632.0,2665.0,2670.0,49932669106.0,18739612.0,282.0,9327500000000.0,0.943,0.0,0.0,567512113.4090909,601699590.120482,,,1405-07-14,1405,-0.0037383177570093906,False,ثقزوی
2026-10-06,2430.0,2430.0,2430.0,2422.0,2430.0,9879767640.0,4065748.0,35.0,8020120333456.0,2.372,712341686.0,0.07210105661958666,984724165.6,415222725.9090909,,,1405-07-14,1405,0.02627118644067794,False,ثنام
2026-10-06,81920.0,81930.0,81920.0,81930.0,81930.0,31277923830.0,381764.0,57.0,6106272394800.0,1.019,-4519258800.0,-0.1444871732715643,1677031472.3076923,1645041746.25,,,1405-07-14,1405,0.029918290383406765,False,ثنظام
2026-10-06,6870.0,7280.0,6870.0,7240.0,7280.0,52496170370.0,7253086.0,144.0,8691518640000.0,1.473,-14480000000.0,-0.2758296442948701,1267744754.6666667,860858076.0655738,,,1405-07-14,1405,0.0240452616690241,False,ثنور
2026-10-06,4270.0,4440.0,4270.0,4440.0,4440.0,84843803900.0,19127890.0,499.0,19980000000000.0,1.05,0.0,0.0,606627368.5714285,577740351.0204082,,,1405-07-14,1405,0.02777777777777768,False,ثپردیس
2026-10-06,1799.0,1799.0,1754.0,1789.0,1754.0,1250820975.0,699092.0,10.0,35694142184981.0,3.0,0.0,0.0,416891862.6666666,138963954.22222224,,,1405-07-14,1405,0.02345537757437066,False,خلیبل
2026-10-06,6190.0,6240.0,6150.0,6240.0,6240.0,78216127020.0,12541198.0,444.0,35780715360000.0,2.589,633360000.0,0.00809756279338721,717990661.8181819,277353210.70866144,,,1405-07-14,1405,0.02970297029702973,False,خمحرکه
2026-10-06,5440.0,5700.0,5440.0,5690.0,5700.0,21413968770.0,3763224.0,211.0,35991634110000.0,1.364,0.0,0.0,389322628.3636364,285503260.8,,,1405-07-14,1405,0.02707581227436817,False,خمحور
2026-10-06,4780.0,4790.0,4780.0,4790.0,4790.0,33795960300.0,7059952.0,201.0,12454000000000.0,1.455,7711900000.0,0.2281899946485616,520264155.0769231,357606439.4520548,,,1405-07-14,1405,0.027896995708154515,False,خنصیر
2026-10-06,8850.0,8910.0,8850.0,8910.0,8910.0,59292822740.0,6656947.0,390.0,55687500000000.0,14.669,33858000000.0,0.5710303277087665,1348031767.5,91896742.85198556,,,1405-07-14,1405,0.02886836027713624,False,خنور
2026-10-06,17650.0,17650.0,17030.0,17650.0,17650.0,296344984550.0,16794347.0,644.0,176500000000000.0,1.688,66718853250.0,0.22513913421316245,1619752699.264706,959796961.5625,,,1405-07-14,1405,0.02975495915986004,False,خودکفا
2026-10-06,19360.0,20470.0,19360.0,20310.0,20470.0,63274253890.0,3115557.0,262.0,22744686068820.0,1.506,8643103290.0,0.13659747462254904,542991192.1518987,360560009.368421,,,1405-07-14,1405,0.021629778672032085,False,خوساز
2026-10-06,11740.0,11750.0,11610.0,11750.0,11750.0,557042435330.0,47414629.0,2059.0,58750000000000.0,0.979,210074255000.0,0.3771243296312766,401648242.830424,410430900.18315023,,,1405-07-14,1405,0.029798422436459138,False,خکرمان
2026-10-06,68810.0,70700.0,68810.0,70670.0,70700.0,185406343880.0,2623527.0,401.0,127206000000000.0,3.196,57885938340.0,0.3122112066319874,1582857062.839506,495249885.5633803,,,1405-07-14,1405,0.029424617625637195,False,دابور
2026-10-06,3790.0,3830.0,3720.0,3830.0,3830.0,47416797790.0,12384089.0,414.0,45960000000000.0,5.462,10340394860.0,0.21807450823220173,803916285.9322034,147185182.5793651,,,1405-07-14,1405,0.029569892473118253,False,داتام
2026-10-06,15360.0,15360.0,15140.0,15350.0,15360.0,114477874470.0,7455694.0,447.0,55874475834650.0,2.023,48339851600.0,0.42226370662278423,1133117850.4950497,560212299.1525424,,,1405-07-14,1405,0.028820375335120607,False,زبینا
2026-10-06,9600.0,9820.0,9600.0,9750.0,9810.0,187069443240.0,19189501.0,459.0,40950000000000.0,0.444,-80728791000.0,-0.4315445088294261,374795009.174312,844315604.1666666,,,1405-07-14,1405,0.022012578616352307,False,زدشت
2026-10-06,18160.0,19040.0,18160.0,18770.0,18880.0,49445621450.0,2634878.0,349.0,45137851990000.0,0.612,-5082165200.0,-0.10278291688858933,330767538.9230769,540246575.9550562,,,1405-07-14,1405,0.014046461372231311,False,زشریف
2026-10-06,34600.0,34850.0,34340.0,34740.0,34490.0,157687744320.0,4538503.0,836.0,33350400000000.0,0.594,-16670371140.0,-0.10571760799729854,355978527.23549485,598871681.2871288,,,1405-07-14,1405,0.02659574468085113,False,زشگزا
2026-10-06,25300.0,25590.0,25000.0,25270.0,25200.0,61028749250.0,2415274.0,799.0,36356206248600.0,2.554,1505889840.0,0.024675089339144536,237956415.3266332,93185847.17479676,,,1405-07-14,1405,0.016901408450704203,False,زفارس
2026-10-06,54660.0,54690.0,53210.0,54630.0,54690.0,150493393470.0,2754965.0,684.0,49167000000000.0,1.833,7158005010.0,0.04756358299161423,503982420.8108108,275011957.95527154,,,1405-07-14,1405,0.028813559322034,False,زفجر
2026-10-06,10800.0,11450.0,10800.0,11010.0,10950.0,503776541480.0,45773668.0,2525.0,75936842652600.0,0.285,-183349243740.0,-0.3639495463630654,579957233.0677291,2036428217.76824,,,1405-07-14,1405,-0.010781671159029615,False,زقیام
2026-10-06,13110.0,13280.0,13030.0,13280.0,13280.0,118509617650.0,8926391.0,537.0,15006400000000.0,1.777,18731440000.0,0.15805839535589794,979689855.2066116,551442168.3977901,,,1405-07-14,1405,0.029457364341085368,False,زماهان
2026-10-06,111400.0,111400.0,108000.0,110700.0,111400.0,123951023400.0,1119956.0,512.0,33210000000000.0,0.528,-38717325000.0,-0.3123598655176574,199357827.9069768,377446609.4594594,,,1405-07-14,1405,0.02310536044362288,False,زمگسا
2026-10-06,2868.0,2868.0,2868.0,2818.0,2868.0,3724602768.0,1298676.0,37.0,24657500000000.0,44.93,2818000000.0,0.7565907495454023,1219889656.0,27150611.87096774,,,1405-07-14,1405,0.011849192100538586,False,زنجان
2026-10-06,9360.0,9360.0,9360.0,9360.0,9360.0,7816713840.0,835119.0,55.0,13731138720000.0,17.333,0.0,0.0,2605571280.0,150321420.0,,,1405-07-14,1405,0.02970297029702973,False,زنگان
2026-10-06,49480.0,49480.0,48200.0,49470.0,49480.0,269485853150.0,5447286.0,797.0,69027469800000.0,0.606,-7766790000.0,-0.028820770772248608,774475766.25,1277334493.6842103,,,1405-07-14,1405,0.029766860949208995,False,زپارس
2026-10-06,15400.0,15420.0,15210.0,15410.0,15420.0,228602328760.0,14832342.0,942.0,36984000000000.0,0.935,94425853700.0,0.4130572694171184,761712211.6326531,814575701.3836478,,,1405-07-14,1405,0.02870493991989309,False,زکشت
2026-10-06,100400.0,100400.0,100400.0,100400.0,100400.0,86242194400.0,858986.0,154.0,276100000000000.0,4.592,-33915923200.0,-0.39326368532199596,2911472218.181818,634058823.076923,,,1405-07-14,1405,0.029954862535904736,False,زکوثر
2026-10-06,11540.0,11550.0,11360.0,11550.0,11550.0,273394467500.0,23680041.0,655.0,64680000000000.0,0.565,-38371537050.0,-0.1403522807205307,646531411.8421053,1143633857.142857,,,1405-07-14,1405,0.02941176470588225,False,زگلدشت
2026-10-06,80390.0,80390.0,78420.0,80380.0,80390.0,113629293280.0,1413639.0,419.0,237868621131920.0,2.539,-26464150440.0,-0.23289901464746662,382700343.8888889,150716714.68164796,,,1405-07-14,1405,0.029852658552210087,False,سآبیک
2026-10-06,30540.0,30540.0,30540.0,30540.0,30540.0,7856598240.0,257256.0,61.0,6963120000000.0,1.765,0.0,0.0,462152837.6470588,261886608.00000003,,,1405-07-14,1405,0.029669588671611624,False,ساذری
2026-10-06,3180.0,3180.0,3180.0,3180.0,3180.0,11741491740.0,3692293.0,68.0,38160000000000.0,3.152,6360000000.0,0.5416688220571878,652305096.6666666,206980451.53846157,,,1405-07-14,1405,0.029126213592232997,False,وتعاون
2026-10-06,7580.0,7590.0,7310.0,7570.0,7590.0,13445461680.0,1777273.0,216.0,24224000000000.0,1.312,0.0,0.0,210218072.03125,160166150.1190476,,,1405-07-14,1405,0.027137042062415295,False,وتوس
2026-10-06,4320.0,4340.0,4300.0,4340.0,4340.0,60734840610.0,14003102.0,512.0,112840000000000.0,0.677,2660007700.0,0.0437970639798144,399832036.1904762,590687385.4736842,,,1405-07-14,1405,0.028436018957346043,False,وتوسم
2026-10-06,1672.0,1672.0,1661.0,1672.0,1672.0,13953557156.0,8345768.0,61.0,33440000000000.0,2.09,7594325992.0,0.5442573465028203,664482099.8095238,317989905.2,,,1405-07-14,1405,0.029556650246305383,False,وتوسکا
2026-10-06,8370.0,8820.0,8370.0,8790.0,8820.0,96788677160.0,11005304.0,301.0,87900000000000.0,3.005,47679166290.0,0.4926109922050308,1535501939.047619,511015165.3125,,,1405-07-14,1405,0.025670945157526326,False,وتوشه
2026-10-06,3030.0,3110.0,3030.0,3100.0,3110.0,52730775850.0,17020661.0,550.0,108500000000000.0,1.217,5359962000.0,0.10164769840002269,277480353.4759358,228082667.1568628,,,1405-07-14,1405,0.026490066225165476,False,وتوصا
2026-10-06,5290.0,5320.0,5110.0,5290.0,5320.0,22984593650.0,4346681.0,170.0,5846984100000.0,0.639,0.0,0.0,376949876.8852459,589588268.9743589,,,1405-07-14,1405,0.023210831721470093,False,وثخوز
2026-10-06,6780.0,6780.0,6770.0,6780.0,6780.0,149839156140.0,22100613.0,271.0,22374000000000.0,0.472,13221000000.0,0.08823461330526418,1959908689.6875,4156042820.0,,,1405-07-14,1405,0.028831562974203306,False,وثنو
2026-10-06,45940.0,46920.0,45700.0,46770.0,46920.0,46677707170.0,998050.0,135.0,14966400000000.0,1.844,6950022000.0,0.14889381722816958,1611919055.7692308,873996836.25,,,1405-07-14,1405,0.02655838454784898,False,وثوق
2026-10-06,2825.0,2987.0,2819.0,2930.0,2970.0,23649215655.0,8070567.0,170.0,14650000000000.0,1.214,-216336550.0,-0.009147726214516606,576957067.75,475400393.06122446,,,1405-07-14,1405,0.010344827586206806,False,وجامی
2026-10-06,2430.0,2446.0,2370.0,2443.0,2446.0,203394166289.0,83242888.0,449.0,20765500000000.0,1.016,10427317649.0,0.05126655222836611,1813958430.125,1784592838.1944444,,,1405-07-14,1405,0.02863157894736834,False,وحافظ
2026-10-06,5710.0,5710.0,5650.0,5710.0,5710.0,22102685870.0,3871101.0,60.0,7708500000000.0,0.387,0.0,0.0,713031829.3548387,1841998892.5,,,1405-07-14,1405,0.028828828828828756,False,ودانا
2026-10-06,7130.0,7130.0,7070.0,7120.0,7130.0,32818342380.0,4607346.0,153.0,142400000000000.0,1.394,8035525200.0,0.2448486004246507,355951409.122807,255285523.3333333,,,1405-07-14,1405,0.02741702741702734,False,ودی
2026-10-06,8080.0,8410.0,8080.0,8410.0,8410.0,75084114490.0,8930728.0,294.0,22118300000000.0,0.993,-11907020970.0,-0.15858242520241514,710045596.3636364,715298398.5576923,,,1405-07-14,1405,0.02937576499387995,False,ثنوسا
2026-10-06,367800.0,367800.0,367800.0,367800.0,367800.0,187200637200.0,508974.0,413.0,735600000000000.0,36.913,176875020000.0,0.9448419762109656,3699876744.0,100232311.11111112,,,1405-07-14,1405,0.02996359563147588,False,جم پیلن
2026-10-06,80730.0,82170.0,78060.0,81230.0,81000.0,313142747760.0,3854780.0,849.0,1462140000000000.0,0.396,-127745872120.0,-0.40794772682363845,457331053.7878788,1155726838.6976745,,,1405-07-14,1405,0.01664580725907383,False,جم
2026-10-06,673.0,673.0,673.0,673.0,673.0,387809520.0,576240.0,19.0,2229649000000.0,16.0,0.0,0.0,387809520.0,24238095.0,,,1405-07-14,1405,0.01969696969696977,False,جهرم
2026-10-06,6910.0,6950.0,6720.0,6800.0,6780.0,99897723610.0,14635812.0,456.0,101391264000000.0,0.819,-1733320000.0,-0.017350945921118972,697383744.8818898,851896750.9433962,,,1405-07-14,1405,0.004431314623338345,False,جوین
2026-10-06,4480.0,4620.0,4480.0,4580.0,4600.0,12973491730.0,2835218.0,199.0,17404000000000.0,0.976,196605660.0,0.015154413637568951,164526923.63636363,168540100.8108108,,,1405-07-14,1405,0.020044543429844186,False,حآسا
2026-10-06,10450.0,10450.0,10340.0,10430.0,10450.0,34843811190.0,3339263.0,80.0,31290000000000.0,0.943,-18415187140.0,-0.5285066848624489,1492120540.909091,1583114231.3636365,,,1405-07-14,1405,0.02758620689655178,False,حبندر
2026-10-06,22300.0,23040.0,21850.0,22800.0,23040.0,92148023310.0,4040927.0,312.0,43320000000000.0,1.044,-25438666800.0,-0.27606307640935984,674322790.2439024,645865084.8000001,,,1405-07-14,1405,0.019222172552525674,False,حپارسا
2026-10-06,17620.0,17620.0,17520.0,17620.0,17620.0,55004975780.0,3121739.0,145.0,24632760000000.0,1.051,1044108340.0,0.0189820707162213,1119997680.0,1065895029.5,,,1405-07-14,1405,0.02980713033313842,False,حپترو
2026-10-06,11350.0,12050.0,11350.0,11730.0,11500.0,209018770720.0,17817335.0,1146.0,35190000000000.0,1.117,-1540747230.0,-0.0073713342810917855,780932925.4545455,699350301.5151515,,,1405-07-14,1405,0.002564102564102555,False,حپرتو
2026-10-06,27060.0,27060.0,27060.0,27060.0,27060.0,5868935160.0,216886.0,30.0,52225800000000.0,14.226,2706000000.0,0.4610717150945658,1956311720.0,137518920.0,,,1405-07-14,1405,0.029680365296803624,False,چافست
2026-10-06,242800.0,242800.0,242800.0,242800.0,242800.0,41062578800.0,169121.0,567.0,48560000000000.0,32.797,18347182000.0,0.4468102719354782,1466520671.4285717,44715348.03149606,,,1405-07-14,1405,0.02968617472434265,False,چخزر
2026-10-06,6470.0,6810.0,6470.0,6730.0,6810.0,48214178360.0,7164140.0,456.0,12114000000000.0,1.063,1905929270.0,0.03953047287810299,330237412.3287671,310796865.3020134,,,1405-07-14,1405,0.0166163141993958,False,چفیبر
2026-10-06,16010.0,16730.0,16010.0,16530.0,16620.0,49057685990.0,2967254.0,350.0,28431600000000.0,1.21,0.0,0.0,467130558.2857143,386210304.0944882,,,1405-07-14,1405,0.016605166051660625,False,چنوپا
2026-10-06,5230.0,5230.0,5230.0,5230.0,5230.0,6525178120.0,1247644.0,88.0,15466652850000.0,13.983,2092000000.0,0.320604274937402,815647265.0,58331291.05263158,,,1405-07-14,1405,0.029527559055118058,False,چکارن
2026-10-06,16630.0,16630.0,16630.0,16630.0,16630.0,178103275540.0,10709758.0,259.0,11641000000000.0,0.534,24945000000.0,0.14005918714503166,2095332653.4117649,3927135270.25641,,,1405-07-14,1405,0.029721362229102155,False,چکاوه
2026-10-06,26680.0,26680.0,26410.0,26670.0,26680.0,151457651560.0,5678659.0,241.0,64008000000000.0,0.319,-38157115710.0,-0.2519325720225105,1016171247.9545454,3189504638.25,,,1405-07-14,1405,0.029332304129679576,False,کاریز
2026-10-06,15990.0,15990.0,15990.0,15990.0,15990.0,10531317810.0,658619.0,29.0,19667700000000.0,1.868,-1336204350.0,-0.12687912131292903,1299365674.285714,695450938.0,,,1405-07-14,1405,0.02962009014810052,False,کازرو
2026-10-06,39240.0,39240.0,39020.0,39240.0,39240.0,257747123990.0,6568900.0,1038.0,311565600000000.0,1.926,132393641040.0,0.5136571030958877,686285843.1683168,356372497.3584906,,,1405-07-14,1405,0.029921259842519587,False,کاسپین
2026-10-06,14300.0,14480.0,14210.0,14470.0,14480.0,57123264400.0,3948685.0,550.0,81032000000000.0,5.778,23311170000.0,0.4080853964641418,554030310.1941748,95891908.94886364,,,1405-07-14,1405,0.02916073968705546,False,کانسار
2026-10-06,6890.0,7070.0,6760.0,6910.0,6900.0,693720277700.0,100332120.0,2844.0,421510000000000.0,1.057,160970288060.0,0.23203918529481382,608773432.8606356,576079282.0854701,,,1405-07-14,1405,0.002902757619738683,False,کاوه
2026-10-06,16030.0,16040.0,15850.0,16040.0,16040.0,52394499140.0,3266610.0,105.0,7907703960000.0,12.489,47247712720.0,0.9017685729517597,2381655654.5454545,190693025.1851852,,,1405-07-14,1405,0.029525032092426295,False,کایتا
2026-10-06,23280.0,23550.0,23100.0,23520.0,23550.0,79694058560.0,3387952.0,305.0,26292843360000.0,1.18,-2352000000.0,-0.029512865105611706,878779898.1818182,744716177.9439253,,,1405-07-14,1405,0.028421512898994417,False,کباده
2026-10-06,46610.0,47430.0,46610.0,47370.0,47430.0,64996920250.0,1372125.0,468.0,57554550000000.0,1.026,-38985510.0,-0.0005998054961688742,350607957.01986754,341811529.16129035,,,1405-07-14,1405,0.028664495114006483,False,کبافق
2026-10-06,3740.0,3740.0,3740.0,3740.0,3740.0,24175943440.0,6464156.0,143.0,10084562180000.0,5.106,8789000000.0,0.36354320656865335,1208797172.0,236722206.76923075,,,1405-07-14,1405,0.027472527472527375,False,کترام
2026-10-06,18760.0,19760.0,18760.0,19750.0,19760.0,14572308930.0,737897.0,722.0,21132500000000.0,29.234,8415415750.0,0.5774936415652835,285754230.3921569,9774682.53968254,,,1405-07-14,1405,0.029181865554976483,False,کتوسعه
2026-10-06,20190.0,20380.0,20190.0,20370.0,20380.0,152399818360.0,7481982.0,328.0,51128700000000.0,1.316,-28497365190.0,-0.1869908081037427,1076216198.235294,817494032.3529412,,,1405-07-14,1405,0.029307731177362406,False,کپارس
2026-10-06,23310.0,23310.0,23310.0,23310.0,23310.0,79997728860.0,3431906.0,210.0,39860100000000.0,1.549,37655626680.0,0.47070869656686404,783304060.0000001,505725532.9411764,,,1405-07-14,1405,0.02959363957597172,False,کپرور
2026-10-06,6540.0,6540.0,6540.0,6540.0,6540.0,9052118640.0,1384116.0,28.0,31784400000000.0,8.952,2984712120.0,0.3297252542416965,3017372880.0,337078140.0,,,1405-07-14,1405,0.029921259842519587,False,لابسا
2026-10-06,229800.0,229800.0,229800.0,227100.0,229800.0,32601726000.0,141870.0,77.0,49394250000000.0,0.624,-11355000000.0,-0.3482944430610821,745131321.4285713,1193284333.3333333,,,1405-07-14,1405,0.017473118279569988,False,لازما
2026-10-06,37100.0,37100.0,36740.0,37100.0,37100.0,168268221760.0,4536129.0,740.0,37100000000000.0,1.152,42467108600.0,0.25237747303570246,728208596.969697,631904911.0552763,,,1405-07-14,1405,0.02998334258745139,False,لپارس
2026-10-06,142000.0,142000.0,142000.0,142000.0,142000.0,37177588000.0,261814.0,99.0,25560000000000.0,0.591,-14200000000.0,-0.3819505450434278,999025565.2173913,1689890363.6363635,,,1405-07-14,1405,0.029731689630166702,False,لپیام
2026-10-06,11520.0,11520.0,11020.0,11040.0,11020.0,76355180000.0,6915924.0,507.0,6624000000000.0,0.723,38781389280.0,0.5079077710248342,565568896.0,782716910.0,,,1405-07-14,1405,-0.028169014084507005,False,کیا
2026-10-06,7260.0,7540.0,7260.0,7530.0,7540.0,15427189520.0,2048152.0,262.0,75300000000000.0,4.929,1546918020.0,0.10027218619402817,335273577.3913044,68017973.23529412,,,1405-07-14,1405,0.027285129604365688,False,کیانا
2026-10-06,6350.0,6600.0,6350.0,6590.0,6600.0,112411774510.0,17060507.0,489.0,32950000000000.0,1.083,-4943336930.0,-0.04397525927820175,516563598.7857143,476927412.09876543,,,1405-07-14,1405,0.02808112324492984,False,کیمیا
2026-10-06,23500.0,24200.0,23080.0,23710.0,23730.0,636106510060.0,26824287.0,2148.0,355650000000000.0,0.864,-60144730220.0,-0.09455135149352098,760817520.837521,880741079.041096,,,1405-07-14,1405,-0.002943650126156383,False,کیمیاتک
2026-10-06,6700.0,6870.0,6700.0,6860.0,6870.0,121323807910.0,17687662.0,1707.0,10290000000000.0,4.624,4169151280.0,0.034363834698402686,473947270.78125,102503368.3639545,,,1405-07-14,1405,0.028485757121439192,False,گدنا
2026-10-06,27440.0,27530.0,26730.0,27520.0,27530.0,88863054970.0,3228741.0,425.0,40882170192000.0,1.226,-3462043520.0,-0.0389593124068127,461109943.5294118,375982930.9090909,,,1405-07-14,1405,0.029554807332585087,False,گشان
2026-10-06,17010.0,17800.0,17010.0,17400.0,17290.0,23523989220.0,1351615.0,81.0,365400000000000.0,1.973,12359498400.0,0.5253997646577735,605529666.6666666,306907892.30769235,,,1405-07-14,1405,-0.00400686891814539,False,گنگین
2026-10-06,6780.0,7050.0,6770.0,6940.0,7050.0,55843753700.0,8052426.0,404.0,138800000000000.0,1.166,1208628760.0,0.02164304295325334,242468938.02816904,207878777.14285716,,,1405-07-14,1405,0.013138686131386912,False,گوهران
2026-10-06,278200.0,284900.0,277800.0,278300.0,284900.0,7667279400.0,27551.0,27.0,4259940048100.0,0.588,0.0,0.0,451026076.47058827,766744330.0,,,1405-07-14,1405,-0.027942717429270014,False,گپارس
2026-10-06,9640.0,9640.0,9350.0,9530.0,9640.0,3268739040.0,343091.0,34.0,3903488000000.0,0.829,1767700640.0,0.5407897719482678,155697963.3333333,187744573.75,,,1405-07-14,1405,0.018162393162393098,False,گکیش
2026-10-06,9200.0,9200.0,9200.0,9200.0,9200.0,29937858000.0,3254115.0,98.0,37260000000000.0,4.202,11040000000.0,0.3687638574543309,1301646000.0,309800950.81967217,,,1405-07-14,1405,0.029082774049216997,False,بشهاب
2026-10-06,3720.0,3870.0,3670.0,3820.0,3850.0,148281591520.0,38780474.0,802.0,99320000000000.0,0.676,-41807111400.0,-0.28194404289463754,318340776.3535912,471217023.3175355,,,1405-07-14,1405,0.015957446808510634,False,بموتو
2026-10-06,8790.0,8790.0,8710.0,8780.0,8790.0,87972816950.0,10014393.0,801.0,74375380000000.0,1.501,15874301460.0,0.1804455286343994,259620223.93650797,172981808.60892388,,,1405-07-14,1405,0.02810304449648715,False,بمولد
2026-10-06,7220.0,7360.0,7120.0,7200.0,7150.0,75173309530.0,10445117.0,400.0,113040000000000.0,1.311,26598038400.0,0.3538229002593708,471971031.19266057,360098608.6956522,,,1405-07-14,1405,0.006993006993007089,False,بمپنا
2026-10-06,6900.0,7280.0,6900.0,7210.0,7280.0,144567151520.0,20045265.0,615.0,8183350000000.0,0.299,-757050000.0,-0.0052366667810790106,392812324.18032783,1313876005.909091,,,1405-07-14,1405,0.01980198019801982,False,بمیلا
2026-10-06,3980.0,3980.0,3980.0,3980.0,3980.0,22968305380.0,5770931.0,117.0,94724000000000.0,8.683,12198700000.0,0.5311101449662108,1640593241.4285717,188940445.2631579,,,1405-07-14,1405,0.028423772609819098,False,بنیرو
2026-10-06,9250.0,9250.0,9250.0,9250.0,9250.0,16825287500.0,1818950.0,21.0,22200000000000.0,1.291,5651750000.0,0.3359080788366915,2403612500.0,1862256250.0,,,1405-07-14,1405,0.028921023359288034,False,بهامرز
2026-10-06,15530.0,15570.0,15220.0,15570.0,15570.0,149834318800.0,9625979.0,652.0,83019240000000.0,1.582,42127484310.0,0.28116044873692847,715163520.4545455,452158603.3636364,,,1405-07-14,1405,0.029761904761904656,False,بهپاک
2026-10-06,4980.0,4980.0,4940.0,4980.0,4980.0,7829497180.0,1573449.0,71.0,2988000000000.0,0.752,1662015240.0,0.21227611451799513,214811394.54545456,285618988.42105263,,,1405-07-14,1405,0.018404907975460016,False,بهیر
2026-10-06,62000.0,64270.0,62000.0,64230.0,64270.0,485577594470.0,7560280.0,1505.0,1290380700000000.0,3.034,35377305930.0,0.07285613325840075,672976155.9139785,221809376.37554583,,,1405-07-14,1405,0.029326923076923084,False,بوعلی
2026-10-06,13360.0,13360.0,13140.0,13330.0,13360.0,50431475470.0,3782095.0,339.0,9811546500000.0,1.452,13811213000.0,0.27386097414928556,458321148.6363636,315552701.29310346,,,1405-07-14,1405,0.026964560862865916,False,بکاب
2026-10-06,5840.0,5840.0,5840.0,5840.0,5840.0,42960377360.0,7356229.0,100.0,35872200000000.0,7.28,31962086400.0,0.7439898893849008,1952744425.4545453,268250999.02439025,,,1405-07-14,1405,0.029982363315696592,False,بکابل
2026-10-06,25430.0,26250.0,25430.0,26220.0,26190.0,28545184970.0,1088711.0,1341.0,112746000000000.0,23.176,11642151960.0,0.40784993939382413,328114970.3448276,14157328.693467338,,,1405-07-14,1405,0.028638681836014035,False,بگیلان
2026-10-06,32710.0,32710.0,32710.0,32710.0,32710.0,29423397330.0,899523.0,310.0,58956504000000.0,9.297,6108265400.0,0.2075989163145356,980779911.0,105498334.52488688,,,1405-07-14,1405,0.029911838790932066,False,بیوتیک
2026-10-06,19360.0,19580.0,18920.0,19160.0,18930.0,9577597740.0,499911.0,91.0,118792000000000.0,0.185,-5939600000.0,-0.6201555088489236,98343101.62162162,532127486.6666666,,,1405-07-14,1405,-0.01592193117616847,False,پارتا
2026-10-06,12790.0,12790.0,12790.0,12790.0,12790.0,19102709140.0,1493566.0,49.0,14836400000000.0,8.376,13889940000.0,0.7271188551426586,2728958448.5714283,325798071.25,,,1405-07-14,1405,0.029790660225442744,False,فلامی
2026-10-06,2527.0,2554.0,2486.0,2525.0,2540.0,119265354977.0,47237227.0,953.0,28532500000000.0,1.014,69959710400.0,0.5865887072862991,313863256.4404432,309606608.39285713,,,1405-07-14,1405,0.015687851971037725,False,فلوله
2026-10-06,29780.0,31460.0,29780.0,31020.0,31460.0,95148730310.0,3067770.0,425.0,12563100000000.0,1.597,5397480000.0,0.05672676852770081,1086687648.2758622,680491186.259542,,,1405-07-14,1405,0.01538461538461533,False,فماک
2026-10-06,3940.0,3940.0,3940.0,3940.0,3940.0,25841226780.0,6558687.0,120.0,8699475805020.0,26.848,18502240000.0,0.7159969670758797,3230153347.5,120311258.6885246,,,1405-07-14,1405,0.02872062663185382,False,فمراد
2026-10-06,10700.0,10830.0,10530.0,10820.0,10830.0,433647023300.0,40066613.0,1527.0,64920000000000.0,6.338,208654557100.0,0.4811622031028017,1614108300.8653846,254669277.5150301,,,1405-07-14,1405,0.028517110266159662,False,فن افزار
2026-10-06,8850.0,8990.0,8800.0,8980.0,8960.0,84089642880.0,9367276.0,419.0,58370000000000.0,1.466,1631396600.0,0.019400684128580283,646223321.2698413,440843877.7900553,,,1405-07-14,1405,0.028636884306987298,False,فنر
2026-10-06,5420.0,5430.0,5380.0,5430.0,5430.0,77310078610.0,14244245.0,445.0,18462000000000.0,0.959,2008888230.0,0.025984816806797966,301856958.0,314885884.6938776,,,1405-07-14,1405,0.02840909090909083,False,فنفت
2026-10-06,15420.0,15420.0,15420.0,15420.0,15420.0,171340023900.0,11111545.0,280.0,176514389940000.0,6.71,28590175740.0,0.1668622140305421,1437406140.0,214204485.36585367,,,1405-07-14,1405,0.029372496662216196,False,فنوال
2026-10-06,12900.0,12930.0,12700.0,12920.0,12930.0,117896464210.0,9122074.0,344.0,81861120000000.0,1.902,7752000000.0,0.06575260803574187,1609845658.2857144,846267710.3225806,,,1405-07-14,1405,0.02866242038216571,False,فنورد
2026-10-06,5940.0,5940.0,5780.0,5940.0,5920.0,1383401868660.0,233061217.0,3072.0,19008000000000.0,0.655,-52856329680.0,-0.03820750201183265,1663101785.1724138,2537543836.3106794,,,1405-07-14,1405,0.029462738301559765,False,فولای
2026-10-06,7860.0,7860.0,7860.0,7860.0,7860.0,7738154280.0,984498.0,26.0,186675000000000.0,13.355,4696192800.0,0.6068879774260587,1934538570.0,144855308.57142857,,,1405-07-14,1405,0.028795811518324665,False,فوکا
2026-10-06,12610.0,12930.0,12610.0,12900.0,12930.0,111959792720.0,8678564.0,715.0,45795000000000.0,3.942,27973533900.0,0.24985339129698952,799667682.8571428,202850100.7246377,,,1405-07-14,1405,0.027070063694267565,False,فگستر
2026-10-06,118500.0,118500.0,118500.0,118500.0,118500.0,3220474500.0,27177.0,11.0,40669200000000.0,2.5,0.0,0.0,1610237250.0,644094900.0,,,1405-07-14,1405,0.009369676320272635,False,قاروم
2026-10-06,26390.0,26390.0,26390.0,26390.0,26390.0,82781207600.0,3136840.0,499.0,26390000000000.0,0.131,-3635380840.0,-0.04391553282921666,252862066.32587856,1925144362.7906976,,,1405-07-14,1405,-0.029779411764705888,False,آ س پ
2026-10-06,1169.0,1169.0,1169.0,1169.0,1169.0,43377720610.0,37106690.0,150.0,13867131572000.0,5.411,18444283270.0,0.4252017628088089,1515155025.4166665,279991208.4375,,,1405-07-14,1405,0.0299559471365638,False,آباد
2026-10-06,10780.0,11170.0,10560.0,11120.0,11170.0,18484215790.0,1662636.0,1117.0,27800000000000.0,11.597,2587579520.0,0.1399886015937926,157698335.04950494,13598320.407747198,,,1405-07-14,1405,0.02488479262672816,False,آبادا
2026-10-06,14810.0,14810.0,14810.0,14810.0,14810.0,25421483480.0,1716508.0,82.0,26696729008980.0,2.503,592681390.0,0.023314193700233264,1412304637.777778,564290956.5909091,,,1405-07-14,1405,0.029902642559109793,False,آبین
2026-10-06,37350.0,37370.0,36490.0,37330.0,37370.0,25656672510.0,687314.0,250.0,74660000000000.0,27.481,14745350000.0,0.5747179410834675,1603589476.25,58353377.64705883,,,1405-07-14,1405,0.028658032515844534,False,آردینه
2026-10-06,2022.0,2022.0,2022.0,2022.0,2022.0,5617763040.0,2778320.0,13.0,28308000000000.0,49.052,5560500000.0,0.9898067897146478,936293840.0,19087680.0,,,1405-07-14,1405,0.029531568228105876,False,آرمان
2026-10-06,8100.0,8180.0,8000.0,8080.0,8080.0,86430023160.0,10698726.0,271.0,1212000000000000.0,0.527,-52729070000.0,-0.610078165805735,644552690.1960784,1222875102.857143,,,1405-07-14,1405,0.002481389578163684,False,آریان
2026-10-06,10360.0,10560.0,10140.0,10340.0,10350.0,92080627600.0,8904360.0,947.0,103400000000000.0,0.6,20576000280.0,0.223456342732399,226661860.55555555,378044243.1693989,,,1405-07-14,1405,0.0009680542110357404,False,آپ
2026-10-06,5970.0,6240.0,5970.0,6110.0,6120.0,4230377990.0,692747.0,99.0,30550000000000.0,0.943,-2118813580.0,-0.5008567993235045,60029156.08695652,63626984.90909091,,,1405-07-14,1405,0.0016393442622950616,False,اتکاسا
2026-10-06,3620.0,3620.0,3550.0,3600.0,3600.0,20859012130.0,5787572.0,147.0,97200000000000.0,0.915,3024201600.0,0.1449829733619317,378822894.54545456,414210641.8604651,,,1405-07-14,1405,0.022727272727272707,False,اتکای
2026-10-06,16380.0,17090.0,16380.0,17050.0,17090.0,12239877740.0,717999.0,561.0,18755000000000.0,5.749,-2883496000.0,-0.235582091688442,100306346.49122807,17446161.76470588,,,1405-07-14,1405,0.027108433734939652,False,اخشان
2026-10-06,29930.0,30360.0,29510.0,30350.0,30360.0,142564739760.0,4696855.0,543.0,68894500000000.0,4.128,-7452746000.0,-0.0522762221047525,642334039.0625,155596862.5,,,1405-07-14,1405,0.029511533242876586,False,اردستان
2026-10-06,14790.0,14790.0,14790.0,14790.0,14790.0,70658308020.0,4777438.0,300.0,295800000000000.0,29.248,51454410000.0,0.7282145786088694,1709819135.6756756,58459891.188118815,,,1405-07-14,1405,0.029944289693593307,False,اپال
2026-10-06,5130.0,5130.0,5130.0,5130.0,5130.0,26160886440.0,5099588.0,96.0,11542500000000.0,46.949,24154912800.0,0.9233216487292699,1744059096.0,37147660.0,,,1405-07-14,1405,0.028056112224448926,False,اپرداز
2026-10-06,10310.0,10310.0,10310.0,10310.0,10310.0,33055117820.0,3206122.0,348.0,50367218613160.0,173.923,29368035000.0,0.8884565216170813,2203674521.333333,12670387.6975945,,,1405-07-14,1405,0.029970029970030065,False,غانیزان
2026-10-06,18400.0,19320.0,18400.0,19140.0,19320.0,545420249780.0,28495936.0,2131.0,669900000000000.0,0.81,-106941745020.0,-0.19607219398827946,619970903.2871287,765076595.9562842,,,1405-07-14,1405,0.02025586353944564,False,غبشهر
2026-10-06,5560.0,5560.0,5560.0,5560.0,5560.0,1943414600.0,349535.0,17.0,12788000000000.0,7.0,0.0,0.0,971707300.0,138815328.57142857,,,1405-07-14,1405,0.029629629629629672,False,غبهار
2026-10-06,97570.0,97570.0,97560.0,97570.0,97570.0,43496210850.0,445795.0,121.0,35125200000000.0,11.918,17562600000.0,0.4037731024563488,2407689857.6923075,202020119.8529412,,,1405-07-14,1405,0.029979942995883135,False,غبهنوش
2026-10-06,21190.0,21190.0,20830.0,21180.0,21190.0,393498729030.0,18576060.0,1234.0,42360000000000.0,0.802,10534593120.0,0.02677160646990769,812777660.2262443,1013700967.1511627,,,1405-07-14,1405,0.029154518950437414,False,غدانه
2026-10-06,14750.0,14750.0,14540.0,14750.0,14750.0,228201688120.0,15473262.0,593.0,73750000000000.0,1.48,95229702250.0,0.4173049859294792,915081992.8571428,618187109.5238096,,,1405-07-14,1405,0.0293091416608513,False,غدیس
2026-10-06,9130.0,9150.0,9050.0,9130.0,9150.0,58481405400.0,6406045.0,469.0,54780000000000.0,1.425,-4794354730.0,-0.08198083984486461,282875178.5106383,198576688.44444445,,,1405-07-14,1405,0.02699662542182235,False,غسالم
2026-10-06,22160.0,22160.0,22160.0,22160.0,22160.0,68272145680.0,3080873.0,123.0,37985290279680.0,5.298,3752175520.0,0.05495909763239186,2012934283.076923,379931697.62711865,,,1405-07-14,1405,0.029739776951672958,False,غشاذر
2026-10-06,22790.0,22790.0,22700.0,22790.0,22790.0,253301282720.0,11114941.0,650.0,53852770000000.0,0.42,22913407850.0,0.09045910705208923,946749008.4644196,2253613504.019608,,,1405-07-14,1405,0.029823768639855475,False,غشان
2026-10-06,26420.0,26420.0,25110.0,26320.0,26420.0,66568765570.0,2528853.0,249.0,56471139200000.0,1.423,25437911520.0,0.38212983675130513,557998090.5050505,392156571.57894737,,,1405-07-14,1405,0.025720966484801266,False,غشصفا
2026-10-06,9750.0,9750.0,9750.0,9750.0,9750.0,28196210250.0,2891919.0,158.0,18525000000000.0,1.788,4077713250.0,0.14461919576585652,552866867.6470588,309211500.0,,,1405-07-14,1405,0.029567053854276715,False,غشهد
2026-10-06,34040.0,34040.0,34020.0,34040.0,34040.0,267176093650.0,7848915.0,625.0,34040000000000.0,0.351,26434647040.0,0.09894091450648021,1994681418.7692304,5679852131.707317,,,1405-07-14,1405,0.02995461422087753,False,غپآذر
2026-10-06,8550.0,8820.0,8550.0,8770.0,8820.0,67664746670.0,7716228.0,463.0,27634270000000.0,1.155,-21681097530.0,-0.32041940001251173,385583094.27350426,333971597.8,,,1405-07-14,1405,0.023337222870478458,False,غپونه
2026-10-06,94970.0,94970.0,92900.0,94960.0,94970.0,44819843920.0,471968.0,152.0,132944000000000.0,2.69,14269544240.0,0.31837558973810903,1016466227.878788,377918456.47058827,,,1405-07-14,1405,0.029823229584643673,False,سخوز
2026-10-06,39160.0,39200.0,38150.0,39180.0,39170.0,72664998210.0,1854525.0,487.0,9795000000000.0,1.027,20344567620.0,0.2799775424366587,429942541.4201184,418525775.04,,,1405-07-14,1405,0.02942722017866517,False,سدبیر
2026-10-06,42440.0,42440.0,41250.0,42330.0,42190.0,39491537500.0,933053.0,283.0,143922000000000.0,0.82,3809700000.0,0.09646876878369195,464660394.0,566451325.2380952,,,1405-07-14,1405,0.027177869449162895,False,سدشت
2026-10-06,36470.0,36470.0,36470.0,36470.0,36470.0,56106469160.0,1538428.0,141.0,23402700713350.0,21.401,4816665840.0,0.08584867150103873,2165406250.0,101183135.78947368,,,1405-07-14,1405,0.02993504659700652,False,سدور
2026-10-06,26600.0,26950.0,26500.0,26930.0,26950.0,207249266450.0,7694506.0,535.0,166966000000000.0,1.838,20295605990.0,0.09792848166676828,1296277712.2627738,705356235.8295964,,,1405-07-14,1405,0.029040886511272346,False,سشرق
2026-10-06,19100.0,19850.0,18810.0,19770.0,19850.0,35529467600.0,1796952.0,154.0,98850000000000.0,2.386,-6158137530.0,-0.17332479054653777,745041511.25,312196542.85714287,,,1405-07-14,1405,0.02541493775933601,False,سشمال
2026-10-06,1980.0,2010.0,1921.0,1950.0,1921.0,1517765846595.0,778225495.0,6256.0,124745400000000.0,0.461,281605174500.0,0.18553927480431928,851376303.0882353,1847439842.709984,,,1405-07-14,1405,0.23261694058154236,True,سصفها
2026-10-06,163500.0,167400.0,163500.0,166800.0,167400.0,684397054900.0,4103295.0,2210.0,183480000000000.0,0.414,-254486760000.0,-0.3718408169321887,560946803.8277512,1356153033.557047,,,1405-07-14,1405,0.02583025830258312,False,سصوفی
2026-10-06,23900.0,23970.0,23230.0,23970.0,23970.0,511139228060.0,21327385.0,587.0,155805000000000.0,1.821,28285055430.0,0.05533728165876512,1067096460.0,585913642.1311476,,,1405-07-14,1405,0.029639175257731853,False,سغدیر
2026-10-06,8460.0,8730.0,8460.0,8710.0,8730.0,46961162800.0,5390337.0,318.0,49211500000000.0,1.172,-8919040000.0,-0.1899237469477651,252526541.42857143,215533481.55405405,,,1405-07-14,1405,0.027122641509433887,False,سغرب
2026-10-06,225000.0,225400.0,218000.0,224000.0,225400.0,15406615700.0,68765.0,111.0,52192000000000.0,0.845,-65632000.0,-0.004259988129644851,289391094.3396226,342296888.8888889,,,1405-07-14,1405,0.019572143832498945,False,سفار
2026-10-06,14970.0,14970.0,14970.0,14970.0,14970.0,873005490.0,58317.0,15.0,1810771200000.0,14.0,0.0,0.0,873005490.0,62357535.0,,,1405-07-14,1405,0.01975476839237067,False,سفارود
2026-10-06,5550.0,5550.0,5300.0,5540.0,5550.0,18098046630.0,3267766.0,95.0,3656400000000.0,1.027,0.0,0.0,489281720.0,476405885.2631579,,,1405-07-14,1405,0.027829313543599188,False,سفاسی
2026-10-06,61100.0,62930.0,61100.0,62740.0,62890.0,98827952200.0,1575077.0,688.0,100384000000000.0,0.554,-28648715240.0,-0.28988474011910165,402370553.3727811,726686757.593985,,,1405-07-14,1405,0.026841243862520514,False,سفانو
2026-10-06,35000.0,35370.0,35000.0,35360.0,35370.0,107451776080.0,3039089.0,446.0,141440000000000.0,1.183,49332857600.0,0.459116260333107,630781958.3233533,533406947.04761904,,,1405-07-14,1405,0.02970297029702973,False,سقاین
2026-10-06,5240.0,5470.0,5240.0,5300.0,5250.0,120145144340.0,22668692.0,592.0,30143344629500.0,0.347,0.0,0.0,632337197.8947369,1820364660.6060605,,,1405-07-14,1405,-0.0056285178236398226,False,سکارون
2026-10-06,14900.0,15390.0,14900.0,15330.0,15390.0,54927218060.0,3583188.0,288.0,44457000000000.0,1.183,-350305830.0,-0.006377636486474552,411648069.2957747,347968455.88235295,,,1405-07-14,1405,0.025418060200668835,False,سکرد
2026-10-06,8480.0,8750.0,8460.0,8600.0,8560.0,22630966350.0,2630134.0,261.0,24431748600000.0,0.574,-1998132600.0,-0.08829196990962783,206210198.0,359034165.0793651,,,1405-07-14,1405,0.0,False,قتربت
2026-10-06,4410.0,4410.0,4370.0,4410.0,4410.0,32810607790.0,7440189.0,260.0,28500987690000.0,4.262,7493092740.0,0.22837409132919936,630985259.4230769,148059302.63157895,,,1405-07-14,1405,0.027972027972027913,False,قثابت
2026-10-06,14460.0,14460.0,14460.0,14460.0,14460.0,12572189160.0,869446.0,49.0,9399000000000.0,2.25,14460.0,1.1501576866188355e-06,1047682430.0,465636100.0,,,1405-07-14,1405,0.029914529914529808,False,قجام
2026-10-06,24510.0,24880.0,24260.0,24850.0,24880.0,88852432140.0,3575015.0,361.0,422450000000000.0,1.165,-7530966450.0,-0.08475813513054838,337268737.82608694,289480445.625,,,1405-07-14,1405,0.0285596026490067,False,قرن
2026-10-06,12530.0,12920.0,12410.0,12550.0,12680.0,258717063820.0,20614528.0,635.0,50200000000000.0,1.103,22635443550.0,0.08749111177973325,446851770.3125,405246528.0,,,1405-07-14,1405,-0.0015910898965791898,False,قزوین
2026-10-06,5060.0,5120.0,5000.0,5120.0,5120.0,41005379740.0,8015151.0,325.0,12595676160000.0,0.88,1536000000.0,0.03745849958564486,313263916.94656485,355870028.1081081,,,1405-07-14,1405,0.028112449799196693,False,قشکر
2026-10-06,16320.0,16340.0,16000.0,16330.0,16340.0,54160451990.0,3316616.0,351.0,12718977408480.0,1.443,6043390070.0,0.1115830804203006,563014002.8125,390292310.5691057,,,1405-07-14,1405,0.02898550724637672,False,قشیر
2026-10-06,27290.0,28800.0,27290.0,27670.0,28010.0,162308953660.0,5866303.0,938.0,49806000000000.0,1.128,98540534590.0,0.607117058966567,482981784.37689966,428088457.2340426,,,1405-07-14,1405,-0.016352648418059057,False,قلرست
2026-10-06,9550.0,9790.0,9540.0,9780.0,9790.0,44698935240.0,4570646.0,293.0,48900000000000.0,1.075,1134480000.0,0.025380470338022307,384134561.25,357424378.8,,,1405-07-14,1405,0.028391167192429068,False,قمرو
2026-10-06,1879.0,1977.0,1879.0,1962.0,1973.0,16984982220.0,8655340.0,144.0,15366949056000.0,1.196,137218356.0,0.008078804806661729,389446323.0697674,325666147.7647059,,,1405-07-14,1405,0.02187500000000009,False,قنقش
2026-10-06,3340.0,3440.0,3340.0,3430.0,3440.0,29643545740.0,8633846.0,314.0,13720000000000.0,1.644,3280815580.0,0.11067554498289921,379667843.3333333,230993650.87719297,,,1405-07-14,1405,0.026946107784431073,False,قنیشا
2026-10-06,11850.0,11900.0,11800.0,11880.0,11900.0,20468236330.0,1722869.0,123.0,89100000000000.0,1.018,775740240.0,0.03789971092247985,435987477.3913044,428437416.00000006,,,1405-07-14,1405,0.02768166089965396,False,قهکمت
2026-10-06,22890.0,22890.0,22800.0,22890.0,22890.0,68516738130.0,2993725.0,190.0,57891762810000.0,0.908,-1670970000.0,-0.024387763422560934,1319341450.0,1453365125.0,,,1405-07-14,1405,0.029689608636977116,False,قپیرا
2026-10-06,48730.0,49700.0,48730.0,48750.0,48730.0,276757105340.0,5677026.0,790.0,73125000000000.0,0.32,28518750000.0,0.10304613485881171,826241469.072165,2584359969.512195,,,1405-07-14,1405,-0.029464463468046986,False,قیستو
2026-10-06,125500.0,125500.0,125500.0,123600.0,125500.0,2732386000.0,21772.0,16.0,11606040000000.0,2.25,0.0,0.0,672754800.0,299002133.3333334,,,1405-07-14,1405,0.013945857260049266,False,کابگن
2026-10-06,40200.0,40200.0,40200.0,40200.0,40200.0,40286992800.0,1002164.0,95.0,7236000000000.0,11.776,30023490600.0,0.7452402999908199,5755284685.714286,488738200.0,,,1405-07-14,1405,0.02997694081475788,False,کفرآور
2026-10-06,760.0,800.0,760.0,784.0,790.0,30908737192.0,39427236.0,204.0,19911568656000.0,0.941,0.0,0.0,454572838.5882353,482983641.0,,,1405-07-14,1405,0.007712082262210762,False,کقزوی
2026-10-06,13630.0,13630.0,13630.0,13630.0,13630.0,123607948450.0,9068815.0,263.0,100375837527200.0,48.049,107744195900.0,0.8716607406811143,5856471613.0,121886186.4935065,,,1405-07-14,1405,0.02945619335347427,False,کلر
2026-10-06,8510.0,8510.0,8500.0,8510.0,8510.0,116178871000.0,13652100.0,204.0,45528500000000.0,1.362,9453180320.0,0.08136746586218763,553137140.4444444,406262921.0526316,,,1405-07-14,1405,0.0290205562273278,False,کلوند
2026-10-06,4790.0,4870.0,4790.0,4850.0,4870.0,18999835510.0,3914221.0,251.0,9215000000000.0,1.051,720258950.0,0.03790869397900382,204128729.56989247,194294818.0851064,,,1405-07-14,1405,0.025369978858351017,False,کمرجان
2026-10-06,10800.0,10800.0,10800.0,10800.0,10800.0,25913973600.0,2399442.0,141.0,48600000000000.0,7.748,12139200000.0,0.4684422461555645,906958944.0,117053040.0,,,1405-07-14,1405,0.029551954242135414,False,کمنگنز
2026-10-06,17980.0,19080.0,17980.0,19050.0,19080.0,200838339840.0,10540157.0,310.0,24250650000000.0,2.212,77397063900.0,0.385369964527984,3051967078.947368,1379500851.4285717,,,1405-07-14,1405,0.028062601187264002,False,کمینا
2026-10-06,6960.0,6960.0,6960.0,6960.0,6960.0,403175372160.0,57927496.0,624.0,482328000000000.0,2.542,264340800000.0,0.6556471904119591,2430037567.552448,955799680.0,,,1405-07-14,1405,0.029585798816567976,False,کنور
2026-10-06,35130.0,36550.0,35130.0,35950.0,36540.0,22620171200.0,629247.0,215.0,2696250000000.0,2.871,0.0,0.0,729723537.0967741,254173366.85393256,,,1405-07-14,1405,0.003069196428571397,False,کهرام
2026-10-06,7580.0,7880.0,7570.0,7620.0,7570.0,27816823700.0,3650221.0,193.0,15240000000000.0,0.607,0.0,0.0,331127190.71428573,545385961.1764705,,,1405-07-14,1405,-0.023076923076923106,False,کورز
2026-10-06,51170.0,51170.0,51170.0,51170.0,51170.0,50774762920.0,992276.0,138.0,43494500000000.0,19.622,40424300000.0,0.7961494584168115,3626768780.0,184829695.0,,,1405-07-14,1405,0.029991948470209362,False,کگاز
2026-10-06,14280.0,14280.0,14280.0,14280.0,14280.0,70466002320.0,4934594.0,296.0,24847200000000.0,4.212,55080944520.0,0.7816669415964109,629160735.0,149369493.20388347,,,1405-07-14,1405,0.02956020187454933,False,کی بی سی
2026-10-06,4200.0,4200.0,4040.0,4150.0,4160.0,95842843940.0,23099511.0,504.0,49800000000000.0,0.602,-16132519100.0,-0.16832262521445376,362673194.2622951,602202289.4160584,,,1405-07-14,1405,0.00728155339805836,False,وسالت
2026-10-06,4850.0,4880.0,4750.0,4870.0,4880.0,82037321280.0,16851517.0,1253.0,365250000000000.0,12.156,39953470260.0,0.48701578301948184,536906308.6754967,44166898.33512352,,,1405-07-14,1405,0.02742616033755274,False,وسپهر
2026-10-06,26330.0,26330.0,26100.0,26310.0,26310.0,53001614200.0,2014612.0,129.0,13155000000000.0,0.604,0.0,0.0,1104259202.5,1827739369.6551723,,,1405-07-14,1405,0.028940164254986245,False,شلیا
2026-10-06,11900.0,12380.0,11800.0,12370.0,12350.0,560264144100.0,45277907.0,1766.0,49480000000000.0,5.876,306487976920.0,0.547041926826029,1381165177.8175895,235059465.34,,,1405-07-14,1405,0.02911813643926786,False,شمس
2026-10-06,12760.0,12760.0,12760.0,12760.0,12760.0,117656285120.0,9220712.0,190.0,34681552400000.0,36.819,89354962400.0,0.7594576210600656,3840468646.666667,104306856.2962963,,,1405-07-14,1405,0.02986279257465707,False,شملی
2026-10-06,18400.0,18440.0,18300.0,18440.0,18440.0,244536942160.0,13262587.0,478.0,623272000000000.0,4.311,15136639960.0,0.06189919537840679,1121779669.2307692,260216282.1686747,,,1405-07-14,1405,0.02959240647682848,False,شنفت
2026-10-06,2557.0,2627.0,2557.0,2626.0,2627.0,13859205790.0,5277334.0,481.0,131300000000000.0,6.434,-1969452732.0,-0.14210429961441534,169586008.16326532,26356838.8,,,1405-07-14,1405,0.02940023520188162,False,شهر
2026-10-06,49020.0,49020.0,48500.0,49020.0,49020.0,64680716420.0,1319501.0,225.0,49020000000000.0,2.124,17103176040.0,0.26442465369340756,887089554.6428571,417613320.7692308,,,1405-07-14,1405,0.029831932773109138,False,شوینده
2026-10-06,27350.0,27630.0,27350.0,27540.0,27540.0,9005341200.0,327003.0,177.0,81931500000000.0,0.104,-1776825720.0,-0.19730798428825772,39901223.07692307,382590270.0,,,1405-07-14,1405,0.005843681519357213,False,شگامرن
2026-10-06,2503.0,2503.0,2503.0,2503.0,2503.0,102603796984.0,40992328.0,179.0,102584126430127.0,10.921,74648906322.0,0.7275452616401782,2153297604.27907,197174622.65934065,,,1405-07-14,1405,0.02961744138214728,False,شگستر
2026-10-06,3400.0,3400.0,3390.0,3400.0,3400.0,41035824110.0,12069436.0,268.0,57800000000000.0,4.238,20954200000.0,0.51063187969201,759927451.8518518,179302521.42857143,,,1405-07-14,1405,0.027190332326284095,False,شگل
2026-10-06,14400.0,14460.0,14120.0,14390.0,14430.0,1113856949310.0,77394572.0,3107.0,489260000000000.0,0.455,-661146333940.0,-0.5935648508092173,563190624.9661018,1238689280.1371572,,,1405-07-14,1405,0.024928774928774988,False,شگویا
2026-10-06,68600.0,68670.0,66500.0,68600.0,68670.0,245663968460.0,3581218.0,687.0,1049580000000000.0,0.928,-1261416800.0,-0.005134724509692959,340636670.5202312,367021712.19512194,,,1405-07-14,1405,0.02894855257237139,False,شیراز
2026-10-06,11280.0,11310.0,11270.0,11310.0,11310.0,435462992760.0,38513738.0,1739.0,615644581500000.0,0.818,94109797470.0,0.21611434044836836,600635770.4743832,734076744.4554455,,,1405-07-14,1405,0.0291173794358508,False,شیران
2026-10-06,35670.0,35670.0,35330.0,35670.0,35670.0,324549710470.0,9098770.0,874.0,30801294690000.0,0.948,-49947773580.0,-0.15389868475823817,1405606213.255814,1482506250.5769231,,,1405-07-14,1405,0.029734411085450274,False,غاذر
2026-10-06,29600.0,31320.0,29600.0,31040.0,31320.0,173886675320.0,5602137.0,1298.0,14340480000000.0,0.694,-40403402240.0,-0.23235479179555574,329597358.61728394,475110198.0327869,,,1405-07-14,1405,0.020716869450838615,False,غالبر
2026-10-06,112300.0,112700.0,111000.0,112700.0,112700.0,403279559600.0,3578702.0,830.0,676200000000000.0,7.836,81586122100.0,0.2023066137567762,3410696450.0,435251872.2222222,,,1405-07-14,1405,0.029223744292237397,False,شرانل
2026-10-06,18550.0,19100.0,18550.0,19080.0,19100.0,22032811550.0,1154487.0,90.0,19080000000000.0,0.283,-16044123960.0,-0.7281923109808471,79541794.28571428,281371466.44067794,,,1405-07-14,1405,0.02857142857142847,False,شرنگی
2026-10-06,4980.0,4980.0,4980.0,4980.0,4980.0,37848024900.0,7600005.0,81.0,194385776809680.0,48.588,37445118000.0,0.9893546122667024,1305104306.8965518,26860460.0,,,1405-07-14,1405,0.02892561983471076,False,شساخت
2026-10-06,1942.0,1944.0,1920.0,1941.0,1944.0,23673330662.0,12195250.0,197.0,9705000000000.0,3.951,5458732530.0,0.2305857425783461,946839210.0,239634838.4210526,,,1405-07-14,1405,0.02807203389830515,False,شستان
2026-10-06,4050.0,4240.0,4050.0,4220.0,4220.0,53948253050.0,12792895.0,508.0,20256000000000.0,0.796,-422000000.0,-0.007822310754138497,265168400.4950495,333247017.90123457,,,1405-07-14,1405,0.024271844660194164,False,شسینا
2026-10-06,17170.0,17180.0,16760.0,17090.0,17080.0,215905621100.0,12635242.0,1069.0,34180000000000.0,0.75,-45836200320.0,-0.2122973921960571,592410979.8550725,789968417.9622642,,,1405-07-14,1405,0.024580335731414937,False,شصدف
2026-10-06,87300.0,87870.0,86400.0,87010.0,86860.0,636362740160.0,7313631.0,1876.0,113113000000000.0,0.665,125447711620.0,0.19713239588549578,646349389.9121523,972335143.6615384,,,1405-07-14,1405,0.019807782466010337,False,شغدیر
2026-10-06,76970.0,76970.0,76970.0,76970.0,76970.0,11771406950.0,152935.0,36.0,208742640000000.0,4.5,0.0,0.0,1961901158.3333333,435978035.1851852,,,1405-07-14,1405,0.02997457513716051,False,شفا
2026-10-06,2013.0,2013.0,2013.0,2013.0,2013.0,18644842821.0,9262217.0,80.0,29033833158000.0,6.578,10424513748.0,0.5591097682120814,1864484282.1,283459623.20689654,,,1405-07-14,1405,0.02966751918158561,False,شفارا
2026-10-06,3134.0,3134.0,3134.0,3134.0,3134.0,94812748434.0,30252951.0,249.0,15670000000000.0,472.503,81484000000.0,0.8594202925856721,2165177590.368421,4582360.890173411,,,1405-07-14,1405,0.02990469930989148,False,شفام
2026-10-06,7850.0,7920.0,7690.0,7920.0,7920.0,351387007100.0,44373846.0,567.0,245124000000000.0,2.755,-15433664400.0,-0.0439221259982666,2477767912.2580647,899230185.9574468,,,1405-07-14,1405,0.02990897269180759,False,شفن
2026-10-06,12440.0,12440.0,12200.0,12430.0,12440.0,166095982570.0,13359092.0,515.0,216282000000000.0,1.252,-40568151470.0,-0.2442452300307916,698280685.462963,557608007.2115384,,,1405-07-14,1405,0.0289735099337749,False,شکام
2026-10-06,144200.0,145900.0,144200.0,145800.0,145900.0,78684919900.0,539537.0,149.0,524880000000000.0,2.483,26844987600.0,0.3411706796437878,1710370393.548387,688855121.0526316,,,1405-07-14,1405,0.028934368383909614,False,شکبیر
2026-10-06,34920.0,34920.0,34700.0,34920.0,34920.0,80723030000.0,2311704.0,249.0,139680000000000.0,3.293,40768296840.0,0.5050392290775012,1429924000.909091,434281552.9411765,,,1405-07-14,1405,0.029784724270126794,False,شکلر
2026-10-06,49220.0,50760.0,49220.0,50430.0,50400.0,209128351580.0,4146706.0,657.0,174417551010000.0,0.662,-38045551890.0,-0.181924409591332,711189497.5977653,1073691376.3636364,,,1405-07-14,1405,0.023128423615337734,False,وسنا
2026-10-06,3270.0,3300.0,3240.0,3300.0,3300.0,235796113050.0,71455239.0,548.0,112200000000000.0,5.14,152311691400.0,0.645946574054436,3375035760.9375,656604095.8762887,,,1405-07-14,1405,0.028037383177569986,False,وسکاب
2026-10-06,4450.0,4650.0,4450.0,4470.0,4450.0,756008849180.0,169051394.0,3005.0,14840400000000.0,0.255,-13085343900.0,-0.017308453352355507,670193490.3249098,2632960735.818815,,,1405-07-14,1405,-0.024017467248908297,False,وآوا
2026-10-06,11500.0,12140.0,11500.0,12090.0,12140.0,327139530260.0,27055693.0,751.0,76167000000000.0,1.591,-45668657190.0,-0.1395999350910115,2409394905.1851854,1514651852.264151,,,1405-07-14,1405,0.025445292620865034,False,وامیر
2026-10-06,6260.0,6500.0,6260.0,6480.0,6500.0,75747553220.0,11695996.0,240.0,194400000000000.0,4.579,19780284240.0,0.26113429938192795,1222089316.3636365,266865755.84415585,,,1405-07-14,1405,0.025316455696202445,False,وامین
2026-10-06,3580.0,3580.0,3500.0,3530.0,3510.0,9493199240.0,2692994.0,74.0,7766000000000.0,1.211,-211556430.0,-0.022285051082526316,442605351.9047619,365625723.84615386,,,1405-07-14,1405,0.011461318051575908,False,وایرا
2026-10-06,4870.0,4900.0,4850.0,4890.0,4900.0,42022227210.0,8588343.0,296.0,10415700000000.0,1.348,0.0,0.0,471876373.8202247,349974977.25,,,1405-07-14,1405,0.027310924369747802,False,وایران
2026-10-06,58050.0,60270.0,58050.0,60210.0,60270.0,30667087590.0,509344.0,145.0,21178867500000.0,4.409,0.0,0.0,1393981920.0,316160847.83505154,,,1405-07-14,1405,0.02887901572112095,False,وبرق
2026-10-06,7730.0,7740.0,7560.0,7740.0,7720.0,150471418700.0,19447125.0,461.0,464400000000000.0,0.74,-12169377540.0,-0.08087501031848782,489786023.15789473,661536465.5172414,,,1405-07-14,1405,0.0292553191489362,False,وبشهر
2026-10-06,2810.0,2930.0,2810.0,2850.0,2870.0,133717399280.0,46900450.0,1358.0,45600000000000.0,0.623,-2975935800.0,-0.022255411906183464,331192608.0310881,531773506.097561,,,1405-07-14,1405,-0.01384083044982698,False,وبیمه
2026-10-06,2365.0,2365.0,2365.0,2365.0,2365.0,44370907295.0,18761483.0,461.0,30745000000000.0,47.508,22175668460.0,0.49977946839277043,2610053370.294118,54938709.98762376,,,1405-07-14,1405,0.029603831084022536,False,وپایا
2026-10-06,71460.0,74670.0,71460.0,74480.0,74670.0,340677394850.0,4574289.0,677.0,135553600000000.0,1.158,49055358240.0,0.1439935815571181,1205790194.157303,1041354064.9056604,,,1405-07-14,1405,0.027310344827586208,False,وپترو
2026-10-06,59780.0,59780.0,58070.0,59770.0,59780.0,747179600700.0,12500534.0,1606.0,502068000000000.0,0.782,399616302770.0,0.5348329938285479,1067016876.1862916,1365238814.3421052,,,1405-07-14,1405,0.029807029634734583,False,وپخش
2026-10-06,2400.0,2502.0,2400.0,2477.0,2446.0,27249525842.0,11001002.0,165.0,6192500000000.0,1.568,0.0,0.0,619306408.0454546,394920028.3188406,,,1405-07-14,1405,0.019341563786008154,False,وپسا
2026-10-06,2830.0,2992.0,2819.0,2981.0,2980.0,26289662728.0,8818658.0,180.0,10135398521424.0,1.038,76215227.0,0.002899056857006629,461200342.07017547,444274648.66101694,,,1405-07-14,1405,0.02616179001721175,False,سلار
2026-10-06,96100.0,96100.0,96090.0,96100.0,96100.0,196228031340.0,2041915.0,261.0,236982600000000.0,4.003,14567895100.0,0.07423962315943805,786745410.5263158,196518339.74358976,,,1405-07-14,1405,0.029900332225913706,False,سمازن
2026-10-06,6100.0,6100.0,6100.0,6100.0,6100.0,19192454400.0,3146304.0,136.0,24400000000000.0,4.508,9347475300.0,0.48703907823274545,599764200.0,133040258.10810812,,,1405-07-14,1405,0.02866779089376048,False,سمایه
2026-10-06,65110.0,65110.0,63910.0,65070.0,65050.0,42723492990.0,656557.0,205.0,130140000000000.0,1.985,11524482630.0,0.2697457961290164,1302864075.0,656224752.8571428,,,1405-07-14,1405,0.029262891490034804,False,سمتاز
2026-10-06,3600.0,3600.0,3590.0,3600.0,3600.0,31006175670.0,8613524.0,108.0,7200000000000.0,1.309,10800000000.0,0.34831770660609174,912020188.2352942,696851255.1724138,,,1405-07-14,1405,0.02857142857142847,False,سنوین
2026-10-06,6810.0,6810.0,6710.0,6810.0,6810.0,103601724110.0,15216032.0,410.0,23119950000000.0,0.381,-44929969260.0,-0.4336797446758244,335250138.57142854,880483547.9439253,,,1405-07-14,1405,0.028700906344410804,False,سنیر
2026-10-06,20060.0,20160.0,19760.0,20100.0,19850.0,62953455570.0,3131654.0,349.0,146649600000000.0,1.243,11691486600.0,0.18571635971594688,448097546.1538462,360494923.0088495,,,1405-07-14,1405,0.026557711950970342,False,سهرمز
2026-10-06,151000.0,153600.0,150800.0,153500.0,153600.0,141832556300.0,924084.0,430.0,111869111500000.0,0.701,-64927890500.0,-0.45777846915955217,744300654.3209876,1061154605.9322034,,,1405-07-14,1405,0.028820375335120607,False,سهگمت
2026-10-06,71110.0,74000.0,71110.0,72360.0,72010.0,238590074890.0,3297128.0,732.0,108540000000000.0,1.052,142621849440.0,0.597769414782885,888942600.0,845258868.0,,,1405-07-14,1405,0.005978034199916493,False,سکرما
2026-10-06,31400.0,31590.0,30680.0,31570.0,31590.0,738450363780.0,23393790.0,2238.0,694540000000000.0,1.515,-78772769460.0,-0.10667307286135765,305422269.09090906,201618230.0,,,1405-07-14,1405,0.02934463645255958,False,سیتا
2026-10-06,12120.0,12420.0,11720.0,12230.0,12300.0,113991192930.0,9321286.0,633.0,293520000000000.0,0.63,-38265774350.0,-0.3356906210596317,357927947.62711865,567704028.3798882,,,1405-07-14,1405,0.014096185737976885,False,سیدکو
2026-10-06,61000.0,61650.0,61000.0,61630.0,61650.0,76119771280.0,1235185.0,266.0,616300000000000.0,0.532,-30647489660.0,-0.40262193572896926,350068131.0526316,658076639.3103449,,,1405-07-14,1405,0.02956899432008009,False,سیستم
2026-10-06,21520.0,22670.0,21520.0,22180.0,22200.0,37622536220.0,1696114.0,300.0,26616000000000.0,0.718,2837088160.0,0.07540927446809964,316132844.7058824,440287599.4936709,,,1405-07-14,1405,0.00045105999097883043,False,سیلام
2026-10-06,3550.0,3550.0,3550.0,3490.0,3550.0,15765628100.0,4441022.0,41.0,101210000000000.0,21.252,14309000000.0,0.9076073537469782,760640356.8421053,35791695.0,,,1405-07-14,1405,0.011594202898550732,False,شارپیلن
2026-10-06,98700.0,100040.0,98700.0,99861.0,100040.0,1912721543912.0,19153774.0,1847.0,249652500000000.0,5.288,-60403022931.0,-0.03157962178198742,8967082968.364079,1695664101.7013335,,,1405-07-14,1405,0.03813167278284291,False,موج
2026-10-06,46050.0,46085.0,45300.0,46082.0,46085.0,6653796636740.0,144389157.0,7140.0,92164000000000.0,1.741,5155689873550.0,0.7748493311445732,2370078088.231049,1361418586.420202,,,1405-07-14,1405,0.03992056507119801,False,دوایکس
2026-10-06,67100.0,68791.0,67100.0,68457.0,68791.0,2265977217151.0,33100917.0,2835.0,171142500000000.0,1.835,-2601366000.0,-0.0011480106597323526,3419015270.4969788,1863478186.734375,,,1405-07-14,1405,0.034937864723490364,False,نارنج اهرم
2026-10-06,71850.0,73070.0,71850.0,72824.0,73070.0,5424953167472.0,74494185.0,6262.0,400532000000000.0,2.341,-116778964272.0,-0.021526262193783764,4412920934.65,1884966621.117735,,,1405-07-14,1405,0.03649302590378589,False,اهرم
