date,o,h,l,c,last,value,vol,ntr,mcap,bp,net,nrp,pcb,pcs,float,pe,jdate,jy,rawpct,gap,sym
2026-10-07,9270.0,9270.0,9270.0,9270.0,9270.0,51101227260.0,5512538.0,118.0,185400000000000.0,9.644,21635818470.0,0.423391367098059,2081602406.8421052,215838882.6506024,,,1405-07-15,1405,0.030000000000000027,False,فجر
2026-10-07,3710.0,3710.0,3710.0,3710.0,3710.0,322994462420.0,87060502.0,895.0,630700000000000.0,29.444,168453688970.0,0.5215373901703438,1618221412.347826,54958795.79439252,,,1405-07-15,1405,0.027700831024930705,False,فجهان
2026-10-07,3750.0,3840.0,3680.0,3810.0,3840.0,670234194470.0,176051605.0,1653.0,474345000000000.0,7.358,536689401600.0,0.8007490605942554,3274545348.5074625,445033748.9010989,,,1405-07-15,1405,0.02144772117962468,False,فخاس
2026-10-07,3200.0,3290.0,3150.0,3270.0,3290.0,2647987110340.0,809620744.0,7423.0,801150000000000.0,0.712,-1020959991870.0,-0.385560786109306,1065501405.5783134,1496721255.695208,,,1405-07-15,1405,0.02187500000000009,False,فخوز
2026-10-07,8790.0,8790.0,8790.0,8790.0,8790.0,16945871820.0,1927858.0,84.0,43950000000000.0,6.367,2751894090.0,0.16239318456027363,1412155985.0,221780902.03125,,,1405-07-15,1405,0.02927400468384067,False,فرآور
2026-10-07,7660.0,7700.0,7610.0,7690.0,7700.0,670489574430.0,87140544.0,1955.0,121502000000000.0,1.879,186227453460.0,0.2777484700165795,1307046740.6036215,695757922.852853,,,1405-07-15,1405,0.02807486631016043,False,فرابورس
2026-10-07,3163.0,3163.0,3098.0,3162.0,3163.0,83042086225.0,26262368.0,400.0,28458000000000.0,1.86,-30525729822.0,-0.3675934843362613,456260104.9,245344644.55932203,,,1405-07-15,1405,0.029632041680234478,False,فروی
2026-10-07,9740.0,9740.0,9550.0,9720.0,9740.0,368513021500.0,37895151.0,983.0,41796000000000.0,0.842,-22703353920.0,-0.06160801001708972,1080321661.1464968,1283419700.425532,,,1405-07-15,1405,0.02748414376321362,False,فزرین
2026-10-07,14810.0,14810.0,14810.0,14810.0,14810.0,74702602650.0,5044065.0,290.0,103670000000000.0,3.498,10374405000.0,0.13887608506234556,1301103752.777778,371957749.378882,,,1405-07-15,1405,0.029902642559109793,False,فسازان
2026-10-07,2684.0,2684.0,2568.0,2663.0,2684.0,220973937827.0,82971264.0,1347.0,29511685560000.0,0.963,3225236527.0,0.014595551668744893,489357591.9157428,508119246.3247664,,,1405-07-15,1405,0.02187260168841143,False,فسرب
2026-10-07,10620.0,10620.0,10620.0,10620.0,10620.0,61994823480.0,5837554.0,112.0,132750000000000.0,6.466,28692245160.0,0.4628167893607494,2418383629.565217,374035810.0,,,1405-07-15,1405,0.029069767441860517,False,فسپا
2026-10-07,4450.0,4450.0,4390.0,4450.0,4450.0,191445928300.0,43032235.0,1329.0,222500000000000.0,7.354,75690530600.0,0.3953624465775593,983455446.6145834,133726850.05910166,,,1405-07-15,1405,0.02771362586605086,False,فصبا
2026-10-07,30970.0,30970.0,30970.0,30970.0,30970.0,2524631042000.0,81518600.0,4671.0,4.45968e+16,4.329,390872184180.0,0.15482348813644983,2929006315.890767,676675271.8066157,,,1405-07-15,1405,0.029930162953109463,False,فملی
2026-10-07,4050.0,4080.0,3860.0,4040.0,4080.0,195951498810.0,48521823.0,674.0,35552000000000.0,0.823,-67743705760.0,-0.34571670118066394,771889265.1748252,937494056.2105262,,,1405-07-15,1405,0.017632241813602123,False,فن آوا
2026-10-07,3990.0,3990.0,3990.0,3990.0,3990.0,6310002349770.0,1581454223.0,12906.0,7720650000000000.0,8.03,2931395687640.0,0.46456332742044854,3568873400.05698,444423657.3225807,,,1405-07-15,1405,0.028350515463917425,False,فولاد
2026-10-07,6710.0,6710.0,6570.0,6700.0,6710.0,199771258630.0,29822245.0,688.0,388600000000000.0,0.701,-73563963200.0,-0.368240975726389,582682250.0,830736033.9622642,,,1405-07-15,1405,0.027607361963190247,False,فولاژ
2026-10-07,2855.0,2855.0,2855.0,2855.0,2855.0,115077604160.0,40307392.0,193.0,135944658828185.0,10.483,89912026795.0,0.7813164642356419,2505093276.3636365,238965616.05882356,,,1405-07-15,1405,0.029942279942279937,False,قاسم
2026-10-07,6310.0,6310.0,6200.0,6300.0,6310.0,190794925910.0,30285924.0,1223.0,59535000000000.0,0.878,-24207592500.0,-0.12687754867977452,475612107.62463343,541835236.0465117,,,1405-07-15,1405,0.027732463295269127,False,قچار
2026-10-07,3640.0,3650.0,3480.0,3520.0,3520.0,54536907140.0,15494961.0,811.0,46301896960000.0,0.45,-2252553600.0,-0.041303288325785316,170324785.40716612,378765713.3333333,,,1405-07-15,1405,-0.016759776536312887,False,قشهد
2026-10-07,2350.0,2389.0,2350.0,2384.0,2389.0,120869607000.0,50700780.0,510.0,71975288583920.0,1.291,12747929824.0,0.10546844769669847,747803426.1192054,579019581.0404624,,,1405-07-15,1405,0.02758620689655178,False,قصفها
2026-10-07,6240.0,6240.0,6130.0,6240.0,6240.0,138767185630.0,22244862.0,678.0,24960000000000.0,1.169,28036320000.0,0.20203854299354504,622457125.0224215,532555860.00000006,,,1405-07-15,1405,0.02970297029702973,False,کاذر
2026-10-07,13920.0,13920.0,13910.0,13920.0,13920.0,984528782070.0,70727803.0,2403.0,863040000000000.0,0.977,324699994080.0,0.32980243949527704,1059071310.2267004,1084459298.8235295,,,1405-07-15,1405,0.029585798816567976,False,کالا
2026-10-07,5790.0,5790.0,5790.0,5790.0,5790.0,610798627890.0,105491991.0,1220.0,246480300000000.0,8.348,359984489730.0,0.5893668932649114,3573568500.7741933,428076441.2582781,,,1405-07-15,1405,0.02841918294849033,False,کاما
2026-10-07,3790.0,3850.0,3660.0,3820.0,3850.0,152686918870.0,40011955.0,973.0,16260422100000.0,1.431,2516382980.0,0.016480671681786227,706804072.15311,493896830.2721088,,,1405-07-15,1405,0.021390374331550888,False,کایزد
2026-10-07,8850.0,8850.0,8760.0,8840.0,8850.0,212987768330.0,24087556.0,792.0,30940000000000.0,0.885,3333201560.0,0.015649732311555038,846932369.8333333,956605584.6889952,,,1405-07-15,1405,0.027906976744185963,False,کتوکا
2026-10-07,2803.0,2803.0,2790.0,2803.0,2803.0,352358744616.0,125710275.0,1076.0,61682032975002.0,0.838,-22122590607.0,-0.0627842814887684,844427440.4156626,1008241669.4166667,,,1405-07-15,1405,0.029757531227038836,False,کحافظ
2026-10-07,2089.0,2089.0,2046.0,2089.0,2089.0,242920467085.0,116307279.0,900.0,102569900000000.0,1.173,14123737356.0,0.05814140539692763,727912248.6262294,620565667.0895523,,,1405-07-15,1405,0.029571217348447476,False,کرازی
2026-10-07,1568.0,1568.0,1550.0,1568.0,1568.0,752034084702.0,479753385.0,2731.0,66828439104000.0,1.673,83950467552.0,0.11163120031356837,1128213992.216216,674181869.9636363,,,1405-07-15,1405,0.029546946815495634,False,کرمان
2026-10-07,5540.0,5540.0,5440.0,5520.0,5540.0,114154716530.0,20666895.0,946.0,16284000000000.0,1.476,-7239816720.0,-0.06342109148067804,399616512.3735409,270791281.773399,,,1405-07-15,1405,0.026022304832713727,False,کرومیت
2026-10-07,6340.0,6340.0,6340.0,6340.0,6340.0,156691033160.0,24714674.0,766.0,95100000000000.0,4.935,17517832100.0,0.11179856145381485,1190956431.2280705,241328981.75510207,,,1405-07-15,1405,0.02922077922077926,False,کزغال
2026-10-07,2917.0,2917.0,2752.0,2790.0,2762.0,289968885400.0,103922503.0,2041.0,49574360520000.0,0.551,-26766467640.0,-0.09230806816764761,434257068.2673267,787843073.396739,,,1405-07-15,1405,-0.016566795911173826,False,کسرا
2026-10-07,5880.0,5880.0,5880.0,5880.0,5880.0,251304573240.0,42738873.0,387.0,35280000000000.0,2.559,176400000000.0,0.701937086642411,1949535728.4375,761880971.25,,,1405-07-15,1405,0.02977232924693518,False,کماسه
2026-10-07,6970.0,6970.0,6780.0,6970.0,6970.0,211358534480.0,30339824.0,603.0,115005000000000.0,1.701,33355569270.0,0.1578151048031434,882422284.4871794,518916950.7960199,,,1405-07-15,1405,0.02954209748892178,False,کهمدا
2026-10-07,1901.0,1901.0,1875.0,1901.0,1897.0,327741173867.0,172413007.0,940.0,76040000000000.0,2.44,158515035179.0,0.4836592037206978,1285241029.5470085,526782836.0555555,,,1405-07-15,1405,0.0297941495124594,False,کوثر
2026-10-07,3150.0,3150.0,3150.0,3150.0,3150.0,703122729750.0,223213565.0,2453.0,1800225000000000.0,2.336,189734157900.0,0.26984500695555846,780763247.5393701,334238403.63489497,,,1405-07-15,1405,0.02941176470588225,False,کچاد
2026-10-07,3200.0,3240.0,3170.0,3240.0,3240.0,2877734315400.0,889440048.0,8696.0,2122200000000000.0,1.069,389648287080.0,0.1354010636057761,943605720.6927518,882802474.677551,,,1405-07-15,1405,0.02857142857142847,False,کگل
2026-10-07,7950.0,7950.0,7950.0,7950.0,7950.0,685603031250.0,86239375.0,793.0,1669500000000000.0,16.273,606096870000.0,0.8840346999268026,3651551313.920455,224393627.3006135,,,1405-07-15,1405,0.029792746113989743,False,کگهر
2026-10-07,18970.0,19460.0,18700.0,19060.0,19210.0,494933961920.0,25971542.0,2288.0,182977121585700.0,0.718,-62027434500.0,-0.12532466808173082,331751871.4893617,462363287.34375,,,1405-07-15,1405,0.004744333157617353,False,سرود
2026-10-07,30600.0,30600.0,30600.0,30600.0,30600.0,1082681886600.0,35381761.0,1084.0,612000000000000.0,3.241,16069834800.0,0.014842619054489685,1029415800.0,317609202.85714287,,,1405-07-15,1405,0.029956243688993522,False,سفارس
2026-10-07,1546.0,1546.0,1520.0,1545.0,1546.0,166152511366.0,107576860.0,631.0,28982655000000.0,1.008,6736332870.0,0.04054306982553659,939349885.5279504,932251604.516129,,,1405-07-15,1405,0.02931379080612917,False,سلیم
2026-10-07,4300.0,4320.0,4160.0,4220.0,4170.0,692804782070.0,164097093.0,3029.0,105500000000000.0,0.681,4359893000.0,0.006293104656369826,794337396.7658474,1165703469.7896748,,,1405-07-15,1405,-0.009389671361502372,False,سمگا
2026-10-07,6730.0,6780.0,6630.0,6770.0,6780.0,714800831990.0,105650398.0,2256.0,846250000000000.0,1.773,-281637456620.0,-0.3940082943607151,955006796.883117,538615107.6333021,,,1405-07-15,1405,0.0273141122913505,False,سیسکو
2026-10-07,5550.0,5550.0,5420.0,5550.0,5550.0,212034938680.0,38211430.0,644.0,162030535050000.0,1.6,46070550000.0,0.21727810655549082,1119193811.1702127,699310155.319149,,,1405-07-15,1405,0.029684601113172615,False,سیمرغ
2026-10-07,31600.0,31600.0,31600.0,31600.0,31600.0,397308380000.0,12573050.0,1148.0,537200000000000.0,2.634,63766114000.0,0.1604952656674395,1415529181.8181818,537370662.020906,,,1405-07-15,1405,0.02998696219035213,False,شاراک
2026-10-07,14600.0,14970.0,14170.0,14690.0,14970.0,1711415871050.0,116540347.0,6248.0,932080500000000.0,0.535,-353890399850.0,-0.20678223559588627,546611301.5050378,1021663166.0869564,,,1405-07-15,1405,0.01031636863823926,False,شبهرن
2026-10-07,8610.0,8610.0,8610.0,8610.0,8610.0,5971878780.0,693598.0,62.0,48160035000000.0,18.667,0.0,0.0,1990626260.0,106640692.5,,,1405-07-15,1405,0.029904306220095656,False,شدوص
2026-10-07,3690.0,3720.0,3640.0,3710.0,3720.0,6497807868950.0,1750956631.0,16368.0,6069609921760000.0,1.032,-263668575870.0,-0.04057808128337396,1192150757.636834,1154716630.6357615,,,1405-07-15,1405,0.024861878453038777,False,شستا
2026-10-07,26820.0,26820.0,26820.0,26820.0,26820.0,239815938060.0,8941683.0,306.0,1501920000000000.0,6.255,173444940000.0,0.7232419221303193,2578666000.645161,412242223.9751553,,,1405-07-15,1405,0.02995391705069128,False,شسپا
2026-10-07,2500.0,2513.0,2460.0,2503.0,2512.0,98634529634.0,39401877.0,835.0,29884453362000.0,1.32,1251500000.0,0.012688254353155038,516350251.9947644,391049791.6907631,,,1405-07-15,1405,0.025819672131147442,False,شفارس
2026-10-07,3850.0,3850.0,3680.0,3700.0,3710.0,875507665950.0,236840047.0,3602.0,152990319500000.0,0.518,-120699268800.0,-0.13786203535868652,741034961.5309126,1431068455.228758,,,1405-07-15,1405,-0.0237467018469657,False,شلرد
2026-10-07,2900.0,2943.0,2821.0,2855.0,2831.0,287757788914.0,100787924.0,1726.0,91931000000000.0,0.548,-35436973750.0,-0.12314861704956588,373319097.9508197,680989117.6345608,,,1405-07-15,1405,-0.010741510741510751,False,شپاکسا
2026-10-07,2761.0,2761.0,2700.0,2751.0,2761.0,165193640741.0,60040902.0,621.0,27510000000000.0,1.659,22799625009.0,0.1380175708140397,960305356.988372,578751611.3536586,,,1405-07-15,1405,0.02610966057441244,False,شپترو
2026-10-07,12550.0,12550.0,11930.0,12290.0,12450.0,2168938963220.0,176463145.0,10437.0,2870609367880000.0,0.657,-106652914960.0,-0.04917285214963515,509274424.7931797,775259250.8025248,,,1405-07-15,1405,0.0,False,شپدیس
2026-10-07,12530.0,12540.0,12320.0,12510.0,12490.0,218314878380.0,17449235.0,1685.0,79877951280000.0,1.063,37596340530.0,0.17221153596576966,676576585.8173077,636614748.888889,,,1405-07-15,1405,0.027093596059113212,False,شکربن
2026-10-07,1540.0,1540.0,1513.0,1539.0,1540.0,68053251223.0,44213602.0,549.0,12092670954000.0,1.397,17130639780.0,0.2517240465685546,384433522.4745763,275211317.28648645,,,1405-07-15,1405,0.02874331550802145,False,شلعاب
2026-10-07,11240.0,11240.0,11240.0,11240.0,11240.0,966803890440.0,86014581.0,2685.0,1292600000000000.0,1.707,218821983520.0,0.22633543956925165,862457475.5108879,505230596.1774744,,,1405-07-15,1405,0.0293040293040292,False,صبا
2026-10-07,6170.0,6230.0,6000.0,6150.0,6190.0,406016088870.0,66015727.0,4005.0,123000000000000.0,0.646,58818600000.0,0.14486765823418588,213372143.42532468,330209764.8129921,,,1405-07-15,1405,0.009852216748768461,False,عالیس
2026-10-07,4770.0,4770.0,4770.0,4770.0,4770.0,82124050140.0,17216782.0,209.0,22991400000000.0,11.67,63547375770.0,0.7737973914056645,1792115956.0465117,153563753.86363637,,,1405-07-15,1405,0.028017241379310276,False,غدشت
2026-10-07,5580.0,5620.0,5370.0,5500.0,5590.0,923703772740.0,167815482.0,5899.0,236500000000000.0,0.885,-225604885000.0,-0.24423943222704825,410481335.2534562,463728848.9932886,,,1405-07-15,1405,-0.0036231884057971175,False,غزر
2026-10-07,2610.0,2614.0,2520.0,2588.0,2607.0,172365193019.0,66607304.0,1089.0,28933840000000.0,0.95,-37101516240.0,-0.21524946881769952,405242821.1,426545317.1150895,,,1405-07-15,1405,0.01970055161544515,False,غشهداب
2026-10-07,6400.0,6400.0,6240.0,6390.0,6400.0,377298551540.0,59074998.0,1103.0,375206224410000.0,0.864,-107226992430.0,-0.2841966712894527,540475548.3333334,625613717.5139664,,,1405-07-15,1405,0.027331189710610992,False,غصینو
2026-10-07,2480.0,2509.0,2400.0,2435.0,2423.0,249625301932.0,102519659.0,1156.0,85225000000000.0,0.65,-18262500000.0,-0.07315965111972045,661366004.7844828,1018106023.217213,,,1405-07-15,1405,-0.010162601626016232,False,غمارگ
2026-10-07,1117.0,1161.0,1105.0,1135.0,1124.0,39892591381.0,35139968.0,365.0,20847047716470.0,1.031,9801147220.0,0.2456884068119997,247322650.96774197,239780367.05882356,,,1405-07-15,1405,-0.002636203866432374,False,غناب
2026-10-07,2700.0,2705.0,2700.0,2704.0,2705.0,127709429169.0,47224299.0,660.0,35998921451584.0,0.717,1446640000.0,0.01132758958687097,494939939.9069768,689879040.9617487,,,1405-07-15,1405,0.029311001141987036,False,غپاک
2026-10-07,2115.0,2115.0,2060.0,2077.0,2085.0,367726959826.0,177020796.0,2818.0,228760790528313.0,0.549,-54632186724.0,-0.14856725965877157,297672468.7416107,542161163.771028,,,1405-07-15,1405,0.009722897423432242,False,غپینو
2026-10-07,5670.0,5670.0,5530.0,5600.0,5670.0,62253227100.0,11109750.0,422.0,25200000000000.0,0.595,-12190203200.0,-0.195816406118487,344168641.322314,578866761.2903225,,,1405-07-15,1405,0.01449275362318847,False,غچین
2026-10-07,30300.0,30300.0,29080.0,29440.0,29150.0,1005841545790.0,34166130.0,7176.0,1295360000000000.0,0.536,39120136960.0,0.03889294205806003,314683506.74556214,586549180.115607,,,1405-07-15,1405,-0.013074086490110659,False,غکورش
2026-10-07,1959.0,1959.0,1959.0,1959.0,1959.0,118104732684.0,60288276.0,293.0,35509764525000.0,2.665,-7836000000.0,-0.06634789158674897,2004886048.8,752259443.8471338,,,1405-07-15,1405,0.029968454258675115,False,فاذر
2026-10-07,3276.0,3276.0,3276.0,3276.0,3276.0,41605380180.0,12700055.0,351.0,87862470696000.0,19.497,491400000.0,0.01181097247216646,2773692012.0,142262907.19723183,,,1405-07-15,1405,0.02986482238289856,False,فاراک
2026-10-07,13190.0,13280.0,12730.0,13130.0,13280.0,1831873527680.0,139537375.0,5870.0,1.64125e+16,0.643,-753136038460.0,-0.4111288399990249,560822332.8105168,872042639.2561983,,,1405-07-15,1405,0.01782945736434116,False,فارس
2026-10-07,1480.0,1499.0,1428.0,1466.0,1470.0,78873100560.0,53797783.0,881.0,21257000000000.0,0.832,-852323604.0,-0.010806264720779224,295340178.87258685,354795550.146789,,,1405-07-15,1405,0.002050580997949414,False,فالوم
2026-10-07,16200.0,16350.0,15710.0,16180.0,16350.0,1090463979560.0,67401773.0,3354.0,1003160000000000.0,1.411,201715655500.0,0.18498149345693368,946410609.830986,670807243.195435,,,1405-07-15,1405,0.018891687657430767,False,فایرا
2026-10-07,12840.0,12850.0,12500.0,12810.0,12850.0,864274911380.0,67476622.0,3963.0,314912479256340.0,0.635,-274264264890.0,-0.31733452085526626,383034104.872038,602991329.36,,,1405-07-15,1405,0.02644230769230771,False,فباهنر
2026-10-07,2395.0,2396.0,2273.0,2280.0,2274.0,559199651961.0,245213799.0,2332.0,68375321403120.0,0.656,-6679239480.0,-0.011944284043413222,669664746.2172285,1020828385.7142856,,,1405-07-15,1405,-0.02688860435339313,False,وسدید
2026-10-07,1660.0,1690.0,1625.0,1677.0,1675.0,26469719808.0,15786214.0,157.0,23478000000000.0,1.458,-1149528159.0,-0.04342804409484439,671777970.5,460609729.0363636,,,1405-07-15,1405,0.021937842778793515,False,وسرمد
2026-10-07,3350.0,3410.0,3290.0,3370.0,3400.0,176931346500.0,52473667.0,782.0,263312702210000.0,0.87,-76686668560.0,-0.43342612870467245,667515760.9016393,767590249.4660194,,,1405-07-15,1405,0.015060240963855387,False,وسینا
2026-10-07,22250.0,22370.0,21600.0,22230.0,22370.0,1796866308190.0,80843510.0,3396.0,4801680000000000.0,1.333,28895309820.0,0.016080945860188402,1041423280.7805597,781372232.5230414,,,1405-07-15,1405,0.023480662983425438,False,وغدیر
2026-10-07,3610.0,3630.0,3480.0,3490.0,3480.0,201225106460.0,57629077.0,740.0,35947000000000.0,0.426,-34207214060.0,-0.16999476189518026,772638677.0466322,1815113650.7920792,,,1405-07-15,1405,-0.025139664804469275,False,ولبهمن
2026-10-07,1905.0,1905.0,1905.0,1905.0,1905.0,109414019805.0,57435181.0,285.0,37393245000000.0,4.68,45720000000.0,0.417862355130386,1853603789.7413795,396083460.2884616,,,1405-07-15,1405,0.029729729729729648,False,ولساپا
2026-10-07,3800.0,3800.0,3800.0,3800.0,3800.0,1913807227800.0,503633481.0,4597.0,2166000000000000.0,3.243,680111296600.0,0.35537084755491066,1088854749.4117646,335725363.0642955,,,1405-07-15,1405,0.02981029810298108,False,ومعادن
2026-10-07,5900.0,5970.0,5780.0,5930.0,5970.0,1446520488390.0,243819094.0,4414.0,533700000000000.0,1.424,45238285880.0,0.03127386458960628,1317411559.4359577,925089381.9432504,,,1405-07-15,1405,0.022413793103448265,False,ومهان
2026-10-07,3900.0,3920.0,3780.0,3880.0,3920.0,2109992730080.0,543573370.0,6445.0,1156296558760000.0,1.0,-95122149840.0,-0.045081742929224906,992093753.4407583,991990494.9782796,,,1405-07-15,1405,0.018372703412073532,False,ونوین
2026-10-07,4210.0,4210.0,4050.0,4090.0,4090.0,366089344210.0,89476011.0,2571.0,64417500000000.0,0.723,-17154678820.0,-0.04685926834887484,472959392.1389645,654051835.9964094,,,1405-07-15,1405,-0.01918465227817745,False,ونیرو
2026-10-07,5870.0,5890.0,5770.0,5870.0,5880.0,255223387220.0,43492673.0,1527.0,704400000000000.0,0.718,92685850110.0,0.3631557872480774,370539899.1436865,516241715.5555556,,,1405-07-15,1405,0.02622377622377625,False,ونیکی
2026-10-07,3126.0,3126.0,3126.0,3126.0,3126.0,463267973328.0,148198328.0,420.0,250631060658000.0,20.314,409744832652.0,0.8844661324384172,3813700902.981818,187735897.61538464,,,1405-07-15,1405,0.029983525535420164,False,وهور
2026-10-07,5130.0,5130.0,5130.0,5130.0,5130.0,42006933180.0,8188486.0,115.0,35910000000000.0,3.594,16974046530.0,0.40407726165740526,1769429340.0,492291941.70731705,,,1405-07-15,1405,0.028056112224448926,False,وکادو
2026-10-07,6790.0,6790.0,6790.0,6790.0,6790.0,176090311880.0,25933772.0,221.0,642664285970000.0,14.231,143608500000.0,0.8155389042519537,11005644492.5,773376473.3333333,,,1405-07-15,1405,0.028787878787878807,False,وکار
2026-10-07,8260.0,8260.0,8260.0,8260.0,8260.0,629326946780.0,76189703.0,773.0,826000000000000.0,25.835,566636000000.0,0.9003841372107725,2498816011.880342,96721640.53475936,,,1405-07-15,1405,0.029925187032418865,False,وکغدیر
2026-10-07,1930.0,1930.0,1901.0,1930.0,1930.0,994084742372.0,515101430.0,1834.0,307738500000000.0,1.359,190733736100.0,0.19186868882514732,1881731403.457944,1384340776.0810812,,,1405-07-15,1405,0.029882604055496254,False,وگردش
2026-10-07,2699.0,2699.0,2600.0,2650.0,2619.0,42572005113.0,16063782.0,1038.0,7685000000000.0,1.954,-2373464550.0,-0.05575176794468689,167314696.38297874,85610714.98973306,,,1405-07-15,1405,0.0026485054861900004,False,آواک
2026-10-07,5750.0,5750.0,5750.0,5750.0,5750.0,142591403750.0,24798505.0,422.0,69000000000000.0,55.873,120853856500.0,0.8475535924443832,2495120825.4716983,44657048.03921568,,,1405-07-15,1405,0.028622540250447193,False,الکتروماد
2026-10-07,2655.0,2659.0,2610.0,2650.0,2659.0,709304208236.0,267702336.0,1110.0,406352597950000.0,0.875,-87612566900.0,-0.12351902876466442,1581794303.1914897,1807464300.0,,,1405-07-15,1405,0.026336173508907823,False,انتخاب
2026-10-07,4050.0,4050.0,4050.0,4050.0,4050.0,658002345750.0,162469715.0,1918.0,364500000000000.0,15.881,533522700000.0,0.8108218814811117,1528183614.375,96226170.48267329,,,1405-07-15,1405,0.027918781725888353,False,بترانس
2026-10-07,10710.0,10710.0,10710.0,10710.0,10710.0,70029112860.0,6538666.0,93.0,66937500000000.0,0.575,0.0,0.0,1750727821.5,3044744037.3913045,,,1405-07-15,1405,0.029807692307692202,False,بتهران
2026-10-07,3020.0,3060.0,2950.0,3040.0,3060.0,276055721010.0,90715518.0,1534.0,111097809529280.0,1.351,-102766464320.0,-0.372267105872721,680773205.6872038,503905134.396728,,,1405-07-15,1405,0.020134228187919545,False,بجهرم
2026-10-07,5250.0,5250.0,5060.0,5170.0,5180.0,632456315400.0,122408433.0,4758.0,89647800000000.0,0.821,-14523951750.0,-0.022964355634292714,356580271.27251595,434438864.8755187,,,1405-07-15,1405,0.009765625,False,برکت
2026-10-07,11310.0,11310.0,11210.0,11310.0,11310.0,365143426100.0,32288450.0,1098.0,441090000000000.0,1.323,125812440000.0,0.34455622368385286,1155640409.8101263,873612881.3868613,,,1405-07-15,1405,0.0291173794358508,False,بفجر
2026-10-07,2059.0,2065.0,2034.0,2063.0,2065.0,60893070683.0,29522152.0,443.0,49512000000000.0,1.387,15462917365.0,0.2539355823505367,420028962.5931034,302941881.40666664,,,1405-07-15,1405,0.028927680798005007,False,بنو
2026-10-07,5510.0,5510.0,5510.0,5510.0,5510.0,380347701710.0,69028621.0,903.0,176320000000000.0,9.921,198729170000.0,0.5224934161729814,3313087017.1,333953480.3778338,,,1405-07-15,1405,0.02990654205607468,False,بورس
2026-10-07,3400.0,3400.0,3330.0,3390.0,3400.0,114517146230.0,33742769.0,710.0,59931225696210.0,1.512,3335976960.0,0.029130807654776117,666094022.6315789,440502394.063745,,,1405-07-15,1405,0.024169184290030232,False,بکام
2026-10-07,3570.0,3570.0,3570.0,3570.0,3570.0,638044651440.0,178723992.0,1549.0,1949395203790440.0,3.114,103918433850.0,0.16287015903270557,3052806897.368421,980327519.8795182,,,1405-07-15,1405,0.028818443804034644,False,پارس
2026-10-07,12190.0,12510.0,11820.0,12120.0,12500.0,476427796080.0,39310163.0,2153.0,52116000000000.0,1.077,-102937705200.0,-0.21606150196726784,596752630.6516854,554124249.3834587,,,1405-07-15,1405,-0.0049261083743842304,False,پاسا
2026-10-07,2938.0,2938.0,2921.0,2937.0,2938.0,223072652950.0,75940792.0,937.0,55215600000000.0,1.252,29073363000.0,0.1303313634169069,679994225.9268292,543318608.1344538,,,1405-07-15,1405,0.029442691903259766,False,پتایر
2026-10-07,2470.0,2514.0,2368.0,2484.0,2513.0,780258542456.0,314081125.0,3572.0,248400000000000.0,1.213,-110078325864.0,-0.14107929599528543,783678147.0,645926665.1744682,,,1405-07-15,1405,0.017615731257681233,False,پترول
2026-10-07,15020.0,15290.0,14670.0,14850.0,14740.0,760609067240.0,51226048.0,4154.0,148500000000000.0,0.569,138441976200.0,0.182014627701403,475824182.3665893,836488932.6315789,,,1405-07-15,1405,-0.0020161290322581182,False,پخش
2026-10-07,2030.0,2030.0,1936.0,1979.0,1975.0,142281316865.0,71878229.0,1332.0,13853000000000.0,0.568,4840218410.0,0.034018650632763804,301390032.32127655,530283320.85658914,,,1405-07-15,1405,-0.00802005012531326,False,پلاست
2026-10-07,3340.0,3380.0,3260.0,3320.0,3300.0,314450389240.0,94848159.0,2863.0,111780508960000.0,0.503,4070353200.0,0.012944341426441543,303067195.6456777,601943245.4193548,,,1405-07-15,1405,-0.0030030030030030463,False,پکویر
2026-10-07,7400.0,7500.0,7180.0,7380.0,7320.0,368991952250.0,49970469.0,1309.0,51660000000000.0,1.793,-29343691800.0,-0.07952393438683729,1177454021.5384614,656520034.0508806,,,1405-07-15,1405,0.012345679012345734,False,پی پاد
2026-10-07,14920.0,14920.0,14920.0,14920.0,14920.0,87696328400.0,5877770.0,469.0,140173400000000.0,51.84,78333834440.0,0.8932396129824747,1512005662.0689657,29166647.85046729,,,1405-07-15,1405,0.029675638371290614,False,پیزد
2026-10-07,54350.0,54350.0,53110.0,54340.0,54350.0,255178145670.0,4695527.0,896.0,1868143992000000.0,3.655,1992973840.0,0.0078101274494616875,1017008212.0,278243790.0,,,1405-07-15,1405,0.02975175288989962,False,آریا
2026-10-07,4180.0,4230.0,4100.0,4190.0,4220.0,127532811060.0,30413501.0,739.0,167600000000000.0,1.404,4775967310.0,0.03744892996793636,513282406.5656565,365486600.7169811,,,1405-07-15,1405,0.019464720194647178,False,آسیا
2026-10-07,1093.0,1093.0,1093.0,1093.0,1093.0,897666876810.0,821287170.0,1152.0,1049838885486892.0,8.019,648952383418.0,0.7229323039345665,3404173590.3238864,424509941.13274336,,,1405-07-15,1405,0.029190207156308823,False,اخابر
2026-10-07,15670.0,15670.0,15670.0,15670.0,15670.0,194456332220.0,12409466.0,414.0,658140000000000.0,5.024,69653604430.0,0.3581966379536396,864819892.3636364,172139079.25675675,,,1405-07-15,1405,0.029566360052562413,False,ارفع
2026-10-07,5060.0,5060.0,5060.0,5060.0,5060.0,34557037240.0,6829454.0,251.0,58190000000000.0,10.349,-2277000000.0,-0.06589106537652936,1329502068.8888888,128470770.78431372,,,1405-07-15,1405,0.028455284552845628,False,اسیاتک
2026-10-07,53300.0,53540.0,51120.0,52990.0,53540.0,3638243362690.0,68653358.0,9035.0,5378485000000000.0,0.551,-607736269140.0,-0.16704112632274806,715744121.20229,1297990115.2586207,,,1405-07-15,1405,0.019234468166955176,False,تاپیکو
2026-10-07,2070.0,2070.0,1978.0,2036.0,2025.0,197962475469.0,97231925.0,1674.0,240044400000000.0,0.356,1104139088.0,0.0055775170793563,201227283.41142857,565809551.8218623,,,1405-07-15,1405,0.007920792079207928,False,تجلی
2026-10-07,15710.0,15710.0,15710.0,15710.0,15710.0,225512462680.0,14354708.0,598.0,117825000000000.0,1.278,-6815783500.0,-0.030223533630917468,838022941.7123288,655670725.8375634,,,1405-07-15,1405,0.029488859764089215,False,توسن
2026-10-07,582.0,582.0,573.0,581.0,582.0,254780740191.0,438343174.0,1171.0,48579752011000.0,1.376,16136943830.0,0.06333659215332647,755199341.75,548740379.7725118,,,1405-07-15,1405,0.026501766784452263,False,تپکو
2026-10-07,4080.0,4090.0,3940.0,3990.0,3970.0,75872220550.0,18991905.0,961.0,10192255500000.0,0.698,-481313700.0,-0.006343740785638572,218406260.20408165,312840916.80497926,,,1405-07-15,1405,-0.007462686567164201,False,تکنو
2026-10-07,880.0,893.0,864.0,889.0,890.0,551872519725.0,620725927.0,3038.0,73172267168000.0,1.141,43866145694.0,0.07948601194322677,618566965.7618483,542181829.2619047,,,1405-07-15,1405,0.025374855824682907,False,ثاخت
2026-10-07,1995.0,2019.0,1940.0,1972.0,1966.0,80106234245.0,40617345.0,1318.0,104466700000000.0,6.027,13975481176.0,0.17446184192427333,397897204.4186047,66015561.19272728,,,1405-07-15,1405,0.0050968399592252744,False,ثامید
2026-10-07,2160.0,2190.0,2101.0,2126.0,2119.0,655923444357.0,308536702.0,5229.0,85596106324000.0,1.288,-35046453066.0,-0.053430706536729974,513620396.4747216,398768985.3878064,,,1405-07-15,1405,-0.01299907149489321,False,ثبهساز
2026-10-07,6420.0,6420.0,6420.0,6420.0,6420.0,37061151300.0,5772765.0,208.0,25680000000000.0,5.703,152327340.0,0.004110162114688542,1482446052.0,259921295.49295777,,,1405-07-15,1405,0.028846153846153744,False,ثشرق
2026-10-07,15100.0,15140.0,14530.0,14750.0,14590.0,576786271110.0,39094230.0,3354.0,59737500000000.0,1.075,66445475500.0,0.11519947479354628,617131272.189349,573808889.6595209,,,1405-07-15,1405,0.002719238613188235,False,ثفارس
2026-10-07,3480.0,3480.0,3400.0,3480.0,3480.0,215605421300.0,61987844.0,939.0,54984000000000.0,0.958,-45408780000.0,-0.21061056686889534,708239719.2857143,739327815.6521739,,,1405-07-15,1405,0.029585798816567976,False,ثمسکن
2026-10-07,5090.0,5090.0,5090.0,5090.0,5090.0,181511084790.0,35660331.0,404.0,101800000000000.0,2.622,-5395400000.0,-0.029724906367246003,1326368938.2692308,505895134.6258504,,,1405-07-15,1405,0.028282828282828243,False,چدن
2026-10-07,3600.0,3600.0,3550.0,3600.0,3600.0,474618155090.0,131889772.0,1266.0,306000000000000.0,1.499,77409036000.0,0.16309750305552728,1015041229.7142856,677183643.2432432,,,1405-07-15,1405,0.02857142857142847,False,لوتوس
2026-10-07,1501.0,1540.0,1498.0,1502.0,1498.0,46989446225.0,31276688.0,255.0,13661365900000.0,0.534,-1051400000.0,-0.022375237089740783,363005003.21367526,680046646.5,,,1405-07-15,1405,-0.017015706806282727,False,لکما
2026-10-07,3440.0,3450.0,3270.0,3330.0,3290.0,382482710640.0,114918044.0,2682.0,77922000000000.0,0.805,-24572472930.0,-0.06424466321336046,453529266.2849162,563386173.5322582,,,1405-07-15,1405,-0.011869436201780381,False,مادیرا
2026-10-07,11510.0,11550.0,11010.0,11230.0,11110.0,1059422661320.0,94329418.0,6319.0,681812829600000.0,0.508,-117553068330.0,-0.11095955620161399,480416703.8370847,945023893.4669152,,,1405-07-15,1405,-0.010572687224669641,False,مبین
2026-10-07,4170.0,4170.0,4170.0,4170.0,4170.0,109680720270.0,26302331.0,613.0,25020000000000.0,176.416,94247521080.0,0.8592897716936191,6451807074.705882,36571562.06161137,,,1405-07-15,1405,0.029629629629629672,False,مهر
2026-10-07,4850.0,4850.0,4720.0,4850.0,4850.0,255619289090.0,52718386.0,897.0,38476757200000.0,7.13,98455000000.0,0.38516263913610743,2155390903.539823,302300358.5416667,,,1405-07-15,1405,0.02972399150743099,False,مهرمام
2026-10-07,13080.0,13190.0,12860.0,13010.0,13030.0,212991763870.0,16367989.0,1444.0,474865000000000.0,4.392,58387761140.0,0.27413154423960306,665116081.8875502,151449354.87288135,,,1405-07-15,1405,-0.003828483920367498,False,مهرگان
2026-10-07,6380.0,6480.0,6190.0,6310.0,6250.0,728885098150.0,115431676.0,3429.0,1829900000000000.0,0.416,-88994107220.0,-0.12209620891671127,563243153.1095407,1355569695.0373137,,,1405-07-15,1405,-0.010971786833855801,False,میدکو
2026-10-07,2586.0,2586.0,2442.0,2461.0,2465.0,176209260665.0,71602216.0,1274.0,19688000000000.0,0.565,-1682558629.0,-0.009548639059321599,382442739.154185,676878618.5521235,,,1405-07-15,1405,-0.022248708780293946,False,میهن
2026-10-07,6470.0,6510.0,6350.0,6440.0,6470.0,201846300750.0,31325495.0,2107.0,64400000000000.0,1.62,-53370707880.0,-0.2644126133681447,315861922.3529412,194930987.43434343,,,1405-07-15,1405,-0.003095975232198178,False,نان
2026-10-07,2610.0,2610.0,2467.0,2477.0,2467.0,392793308182.0,158601218.0,2067.0,15971067577669.0,0.493,-19658641144.0,-0.05004830972041715,558003664.0684931,1132747942.6304984,,,1405-07-15,1405,-0.02595359811246556,False,نطرین
2026-10-07,50000.0,50220.0,49260.0,50020.0,50220.0,2489703210130.0,49775126.0,8043.0,4801920000000000.0,1.027,-363154703800.0,-0.14586264833591867,766310189.816156,746215233.6995708,,,1405-07-15,1405,0.025840853158326516,False,نوری
2026-10-07,469.0,472.0,457.0,462.0,461.0,169580630995.0,366773071.0,1645.0,32986800000000.0,0.824,0.0,0.0,301510958.72242,365980904.5399568,,,1405-07-15,1405,-0.006451612903225823,False,های وب
2026-10-07,4500.0,4500.0,4400.0,4500.0,4500.0,222802286980.0,49556718.0,633.0,628200000000000.0,1.397,-8359303500.0,-0.03751893040824297,837307945.9459459,599411156.8047336,,,1405-07-15,1405,0.029748283752860427,False,هرمز
2026-10-07,27760.0,27760.0,27760.0,27760.0,27760.0,283895412800.0,10226780.0,260.0,444160000000000.0,9.229,222040469760.0,0.782120667502381,2784544974.712644,301715567.76119405,,,1405-07-15,1405,0.029673590504450953,False,واحیا
2026-10-07,2890.0,2890.0,2745.0,2836.0,2815.0,822765107170.0,290091828.0,3411.0,204192000000000.0,0.656,-143556482272.0,-0.174480518219568,695683800.1492865,1060469882.957708,,,1405-07-15,1405,0.010691375623663513,False,کویر
2026-10-07,1823.0,1825.0,1780.0,1803.0,1794.0,219355432011.0,121656116.0,1402.0,50484000000000.0,1.352,37978013370.0,0.17313459266463718,628427437.4913294,464916787.56994814,,,1405-07-15,1405,0.008389261744966348,False,کیسون
2026-10-07,4080.0,4120.0,3940.0,4090.0,4120.0,471058045260.0,115255454.0,1917.0,126790000000000.0,1.062,-128346932120.0,-0.272465216147957,708182127.1328671,667110928.3870968,,,1405-07-15,1405,0.022499999999999964,False,والبر
2026-10-07,2891.0,2898.0,2867.0,2897.0,2898.0,45849741172.0,15829182.0,170.0,19120200000000.0,0.443,-23688464815.0,-0.5166542756726906,248561198.22580644,560604677.8571429,,,1405-07-15,1405,0.029495380241648883,False,والماس
2026-10-07,15060.0,15060.0,14760.0,15040.0,15060.0,2535439803680.0,168584008.0,5155.0,755760000000000.0,0.665,-39087832000.0,-0.015416588452727985,1349306277.0967743,2028865476.9955816,,,1405-07-15,1405,0.028024606971975397,False,وبانک
2026-10-07,941.0,941.0,924.0,939.0,941.0,1946201943971.0,2073185636.0,4854.0,734630379708000.0,3.036,982662421089.0,0.5049128761448007,1467636726.0237467,483467608.4566597,,,1405-07-15,1405,0.027352297592997843,False,وبصادر
2026-10-07,1520.0,1534.0,1492.0,1519.0,1534.0,14060175984917.0,9256536884.0,42580.0,5137258000000000.0,0.895,-356658189342.0,-0.025366552290995766,1212931644.939664,1355088181.100244,,,1405-07-15,1405,0.01946308724832213,False,وبملت
2026-10-07,2201.0,2232.0,2150.0,2201.0,2187.0,181228099005.0,82335908.0,1232.0,110050000000000.0,1.016,43668804038.0,0.2409604486156156,584033156.2163935,574620976.9572649,,,1405-07-15,1405,0.011954022988505786,False,وبهمن
2026-10-07,3910.0,3910.0,3800.0,3850.0,3910.0,39359005540.0,10232459.0,394.0,46200000000000.0,1.121,0.0,0.0,368177263.0841121,328291392.9166667,,,1405-07-15,1405,0.007853403141361293,False,وبوعلی
2026-10-07,911.0,924.0,898.0,919.0,924.0,4095795650018.0,4455573019.0,8264.0,1461764276480109.0,1.679,877323533800.0,0.2142010023854936,2016346084.5615563,1200751700.053216,,,1405-07-15,1405,0.023385300668151476,False,وتجارت
2026-10-07,4040.0,4040.0,4040.0,4040.0,4040.0,190063630120.0,47045453.0,386.0,81406000000000.0,3.219,125583408080.0,0.6607440255703352,2017376645.238095,626803287.4285715,,,1405-07-15,1405,0.027989821882951738,False,وتوکا
2026-10-07,1660.0,1660.0,1593.0,1627.0,1611.0,59841499679.0,36791127.0,611.0,13666800000000.0,1.929,-18568106587.0,-0.3102881225671564,382324602.2407407,198209151.089404,,,1405-07-15,1405,-0.004892966360856232,False,وحکمت
2026-10-07,10650.0,10650.0,10650.0,10650.0,10650.0,229517393850.0,21550929.0,431.0,852000000000000.0,10.493,134403000000.0,0.5855896049771219,2965866581.25,282640692.3214286,,,1405-07-15,1405,0.029980657640232167,False,وخارزم
2026-10-07,7580.0,7610.0,7460.0,7520.0,7610.0,1205537856580.0,160296258.0,2894.0,902400000000000.0,0.52,-161424440320.0,-0.1339024232535893,1082145701.9469025,2081996763.897436,,,1405-07-15,1405,0.017591339648173276,False,وخاور
2026-10-07,1903.0,1903.0,1880.0,1902.0,1903.0,204211846985.0,107344984.0,540.0,36213039606000.0,1.375,50747727990.0,0.24850530828276374,2243628127.1208787,1632153527.425532,,,1405-07-15,1405,0.02922077922077926,False,ورازی
2026-10-07,7640.0,7660.0,7400.0,7590.0,7610.0,438420268150.0,57734308.0,1518.0,189750000000000.0,1.247,20556346140.0,0.04688730798587738,1235468369.5726497,990630819.1366906,,,1405-07-15,1405,0.01879194630872494,False,ورنا
2026-10-07,2100.0,2126.0,2037.0,2074.0,2090.0,162175888258.0,78191815.0,1257.0,63967814451974.0,0.891,11888775682.0,0.07330791161190718,444468398.64387465,498683848.5882353,,,1405-07-15,1405,-0.012380952380952381,False,وساخت
2026-10-07,9270.0,9400.0,9090.0,9260.0,9280.0,1134124786880.0,122453907.0,3532.0,240760000000000.0,0.898,-18639546600.0,-0.016435181397699426,1148884621.161563,1279344835.6531794,,,1405-07-15,1405,-0.0010787486515642097,False,وساپا
2026-10-07,7740.0,7760.0,7480.0,7710.0,7760.0,571490992250.0,74087694.0,1817.0,398607000000000.0,0.71,-8052424230.0,-0.014090203238894532,581006617.2563176,818685087.3200992,,,1405-07-15,1405,0.022546419098143256,False,وسپه
2026-10-07,2120.0,2149.0,2070.0,2106.0,2109.0,2867651741405.0,1361378165.0,15530.0,1053000000000000.0,0.783,-137904557076.0,-0.04808971573669331,839895408.1784703,1072550935.8,,,1405-07-15,1405,-0.010338345864661647,False,وپارس
2026-10-07,8800.0,8920.0,8610.0,8790.0,8730.0,4681539321830.0,532787288.0,12743.0,4126761186810000.0,0.492,-121450885020.0,-0.025942510928761185,1052629516.8929776,2139922348.1892583,,,1405-07-15,1405,-0.001136363636363602,False,وپاسار
2026-10-07,10200.0,10450.0,10060.0,10380.0,10450.0,359264073750.0,34621616.0,1419.0,514277100000000.0,1.614,-10372339560.0,-0.028871073725055426,992593192.2580644,615072226.0674157,,,1405-07-15,1405,0.022660098522167438,False,وپست
2026-10-07,3035.0,3035.0,2957.0,3034.0,3035.0,472649964034.0,155792304.0,969.0,34891000000000.0,0.926,27565595108.0,0.058321373544031566,1419538482.957055,1532408275.8309858,,,1405-07-15,1405,0.029521547336274212,False,حآفرین
2026-10-07,9560.0,9560.0,9020.0,9190.0,9020.0,812463596560.0,88454934.0,2433.0,51975631304280.0,0.584,-30135710150.0,-0.037091766668187566,1029942417.7006804,1764895486.9058297,,,1405-07-15,1405,-0.01076426264800856,False,حسیر
2026-10-07,1300.0,1324.0,1255.0,1308.0,1289.0,69952530934.0,53478718.0,400.0,14401080000000.0,1.15,0.0,0.0,609210260.1769911,529544303.0769231,,,1405-07-15,1405,0.01710730948678063,False,حشکوه
2026-10-07,5780.0,5820.0,5590.0,5690.0,5710.0,652147269620.0,114621021.0,2816.0,102420000000000.0,0.761,-34035383660.0,-0.052189720398326735,790152398.2650273,1038011761.338983,,,1405-07-15,1405,0.003527336860670305,False,حفاری
2026-10-07,3320.0,3320.0,3150.0,3190.0,3150.0,70054106390.0,21963951.0,696.0,14213660178740.0,0.738,-9630472830.0,-0.13747192457763932,266274433.0,360903958.1481481,,,1405-07-15,1405,-0.015432098765432056,False,خاذین
2026-10-07,1633.0,1663.0,1611.0,1642.0,1644.0,434510715091.0,264552483.0,3082.0,183247200000000.0,0.993,-7039249074.0,-0.016200403878476884,469121569.8509455,472224163.4030837,,,1405-07-15,1405,0.008599508599508532,False,خاور
2026-10-07,9070.0,9070.0,8820.0,8930.0,8820.0,201186497000.0,22535608.0,1059.0,44650000000000.0,1.118,-8858792180.0,-0.04403273734618482,552517371.757925,494045123.5960591,,,1405-07-15,1405,0.010180995475113086,False,خبرنا
2026-10-07,1835.0,1838.0,1780.0,1806.0,1820.0,105007279180.0,58149434.0,708.0,17792706582000.0,0.809,0.0,0.0,488455245.6,603551021.862069,,,1405-07-15,1405,-0.0011061946902655162,False,خبنیان
2026-10-07,2630.0,2651.0,2540.0,2599.0,2606.0,950238302312.0,365609452.0,3801.0,349924076233000.0,0.857,96539405373.0,0.10159494217199254,665646955.8093922,777113137.2655088,,,1405-07-15,1405,0.008537058595265767,False,خبهمن
2026-10-07,1693.0,1736.0,1660.0,1695.0,1681.0,44555195895.0,26289907.0,483.0,26153850000000.0,0.849,339000000.0,0.007608540220514275,259077862.5872093,304982016.3103448,,,1405-07-15,1405,0.003552397868561208,False,ختراک
2026-10-07,1810.0,1844.0,1770.0,1792.0,1793.0,126528986517.0,70596806.0,650.0,129024000000000.0,0.903,17231053056.0,0.13618265292660742,493460214.7747748,546255116.1183431,,,1405-07-15,1405,-0.000557724484104849,False,خدیزل
2026-10-07,1970.0,1970.0,1905.0,1922.0,1921.0,44305483532.0,23056933.0,435.0,27292400000000.0,0.832,-1567379468.0,-0.03537664738198709,255976321.9041916,307746008.5138889,,,1405-07-15,1405,0.0036553524804177062,False,خریخت
2026-10-07,1775.0,1786.0,1743.0,1779.0,1785.0,1198522406245.0,673655410.0,4471.0,163403711493150.0,1.526,-6723195021.0,-0.005609569738511551,1136028879.017301,744489664.5112612,,,1405-07-15,1405,0.02595155709342567,False,خزامیا
2026-10-07,2168.0,2168.0,2081.0,2120.0,2120.0,101700795436.0,47967307.0,741.0,19080000000000.0,0.564,-8091552400.0,-0.07956233149712176,347700927.78210115,616776524.3037975,,,1405-07-15,1405,0.004739336492890933,False,خزر
2026-10-07,702.0,711.0,693.0,702.0,702.0,2794424736821.0,3980953947.0,12148.0,1138043667852000.0,1.044,296501065380.0,0.10610450926558367,809563924.6347656,775665478.434136,,,1405-07-15,1405,0.0014265335235377208,False,خساپا
2026-10-07,2402.0,2473.0,2366.0,2437.0,2473.0,84346186505.0,34612059.0,460.0,21773617763000.0,1.199,-19746657635.0,-0.23411440935541797,520634153.7966101,434125603.1176471,,,1405-07-15,1405,0.014993752603082111,False,خفنر
2026-10-07,2207.0,2207.0,2207.0,2207.0,2207.0,151757460332.0,68761876.0,234.0,24718400000000.0,12.34,133297233946.0,0.8783570419166574,2517427571.3,204004831.40229884,,,1405-07-15,1405,0.029864675688287434,False,خکار
2026-10-07,906.0,909.0,877.0,901.0,901.0,660456141292.0,732695017.0,2032.0,50210902638652.0,0.672,18627073978.0,0.028203347373773033,1006528775.6852714,1497824195.5795724,,,1405-07-15,1405,0.019230769230769162,False,خکاوه
2026-10-07,2824.0,2824.0,2824.0,2824.0,2824.0,67839127696.0,24022354.0,295.0,33888000000000.0,9.144,-2824000000.0,-0.04162789375262724,2708963654.0,296240732.29694325,,,1405-07-15,1405,0.029905178701677526,False,چکاپا
2026-10-07,7130.0,7130.0,7000.0,7120.0,7130.0,206548611420.0,28995498.0,967.0,27056000000000.0,0.639,16585470400.0,0.08029814524521194,530680378.5974026,830648121.0619469,,,1405-07-15,1405,0.02741702741702734,False,خلنت
2026-10-07,4160.0,4160.0,4110.0,4160.0,4130.0,181653394250.0,43716350.0,803.0,27571309234560.0,1.239,1909286080.0,0.010510599528750617,895823525.8638743,723047040.0,,,1405-07-15,1405,0.02970297029702973,False,خمهر
2026-10-07,2612.0,2660.0,2538.0,2579.0,2590.0,98189109810.0,38067268.0,777.0,37176285000000.0,0.62,-13746712171.0,-0.14000241164830252,337360995.8888889,543894512.3409091,,,1405-07-15,1405,-0.012633996937212899,False,خموتور
2026-10-07,735.0,743.0,717.0,732.0,732.0,5716356310422.0,7809658720.0,20557.0,1876662121776000.0,0.775,-427514750208.0,-0.07478798153791773,907236064.1592848,1170277602.9657977,,,1405-07-15,1405,0.011049723756906049,False,خودرو
2026-10-07,3135.0,3135.0,3035.0,3062.0,3043.0,94241054464.0,30781951.0,720.0,12469852004600.0,0.92,-275065584.0,-0.0029187447611282277,399719119.8376069,434302498.2685185,,,1405-07-15,1405,0.005913272010512394,False,خکمک
2026-10-07,4420.0,4430.0,4310.0,4400.0,4430.0,2144891015990.0,487891000.0,9208.0,258758486800000.0,1.238,-204680740000.0,-0.09542710490841753,906759392.4271843,732628168.3987274,,,1405-07-15,1405,0.02088167053364276,False,خگستر
2026-10-07,5860.0,5860.0,5540.0,5580.0,5550.0,351582102100.0,62966238.0,3145.0,39060000000000.0,1.221,-30759794640.0,-0.08748964880826338,363178748.7471526,297558073.22553194,,,1405-07-15,1405,-0.02276707530647981,False,خیمن
2026-10-07,5340.0,5340.0,5260.0,5340.0,5340.0,489686421230.0,91713740.0,1044.0,93076157280000.0,1.208,-8857030800.0,-0.018087148052324604,1534228908.235294,1270112388.5714283,,,1405-07-15,1405,0.028901734104046284,False,درازک
2026-10-07,3570.0,3590.0,3410.0,3510.0,3500.0,166637457630.0,47465524.0,1158.0,21060000000000.0,0.916,35097518430.0,0.2106220229783519,394902666.5413534,431227625.0704225,,,1405-07-15,1405,0.0028571428571428914,False,دسانکو
2026-10-07,10100.0,10260.0,9900.0,10180.0,10260.0,1080915642890.0,106191456.0,5384.0,104193827000000.0,0.775,38087228040.0,0.03523607812554894,703011196.3050625,906941777.9595426,,,1405-07-15,1405,0.02106318956870612,False,دلقما
2026-10-07,667.0,676.0,649.0,665.0,662.0,3373979810375.0,5072863170.0,15733.0,443611236277615.0,0.654,-451462054820.0,-0.13380698172281666,631528573.5501641,966081986.97328,,,1405-07-15,1405,0.009104704097116834,False,ذوب
2026-10-07,10300.0,10300.0,10100.0,10230.0,10170.0,137052730500.0,13395531.0,352.0,102300000000000.0,0.786,-31271115150.0,-0.2281684942424405,462726233.5955056,589054877.5609756,,,1405-07-15,1405,0.020958083832335328,False,رتاپ
2026-10-07,8290.0,8290.0,7950.0,8140.0,8150.0,283192521280.0,34786137.0,1567.0,98820910540000.0,0.793,30081768860.0,0.10622374038704699,519946507.6245211,655788880.7608696,,,1405-07-15,1405,0.0012300123001229846,False,زفکا
2026-10-07,1562.0,1577.0,1514.0,1543.0,1534.0,131282694511.0,85110235.0,2109.0,29104104575000.0,2.041,-2622911754.0,-0.01997911273660086,267016582.1680498,130801697.56872512,,,1405-07-15,1405,0.0032509752925877766,False,زملارد
2026-10-07,7320.0,7320.0,7180.0,7320.0,7320.0,188051745650.0,25707291.0,566.0,68076000000000.0,1.723,22246541400.0,0.11830010576665977,669161186.1224489,388368127.3469387,,,1405-07-15,1405,0.029535864978903037,False,سخزر
2026-10-07,8790.0,8790.0,8790.0,8790.0,8790.0,229574222610.0,26117659.0,383.0,131850000000000.0,7.454,175800000000.0,0.7657654156522987,2106021371.25,282524330.78431374,,,1405-07-15,1405,0.02927400468384067,False,سرچشمه
2026-10-07,37900.0,38340.0,37550.0,38180.0,38340.0,862065731390.0,22576333.0,2146.0,4638870000000000.0,1.28,54283369500.0,0.0629689448535127,1166061068.7106018,911297011.5762274,,,1405-07-15,1405,0.02551705613752353,False,پارسان
2026-10-07,1943.0,1943.0,1860.0,1910.0,1909.0,34000116945.0,17796995.0,398.0,95500000000000.0,0.673,-11659346700.0,-0.3429207822685035,181568404.4715447,269779844.84126985,,,1405-07-15,1405,0.004206098843322792,False,پارسیان
2026-10-07,14470.0,14580.0,14150.0,14470.0,14580.0,124094623440.0,8578337.0,473.0,1157600000000000.0,0.474,-90229276700.0,-0.7271006124099005,280279462.5333333,591756576.5425532,,,1405-07-15,1405,0.021892655367231617,False,پاکشو
2026-10-07,9330.0,9540.0,9000.0,9360.0,9540.0,282587571720.0,30189028.0,1094.0,28080000000000.0,3.458,87590412000.0,0.30995847222463263,1163333238.2608695,336404173.4579439,,,1405-07-15,1405,0.009708737864077666,False,پتوسعه
2026-10-07,6580.0,6580.0,6580.0,6580.0,6580.0,28218941940.0,4288593.0,142.0,7440236300000.0,2.441,0.0,0.0,829968880.5882353,339987252.2891566,,,1405-07-15,1405,0.029733959311424085,False,پدرخش
2026-10-07,6940.0,6960.0,6800.0,6900.0,6960.0,38849882950.0,5630340.0,270.0,69000000000000.0,1.061,1249134600.0,0.03215285362912528,517991280.0,488314433.76623374,,,1405-07-15,1405,0.020710059171597628,False,پرداخت
2026-10-07,2262.0,2346.0,2262.0,2336.0,2346.0,114731405454.0,49120125.0,386.0,23360000000000.0,2.534,16017122720.0,0.1396053910140746,1607128677.3333333,634178661.8591549,,,1405-07-15,1405,0.025460930640913038,False,پردیس
2026-10-07,136700.0,136700.0,136700.0,135600.0,136700.0,1266115400.0,9262.0,8.0,8175725376000.0,3.0,0.0,0.0,627963600.0,209321200.0,,,1405-07-15,1405,0.02108433734939763,False,پشاهن
2026-10-07,6060.0,6060.0,5900.0,5960.0,5960.0,8890674080.0,1492050.0,144.0,8702721570680.0,0.939,-403462200.0,-0.04538038357604489,141485930.0,150722338.98305085,,,1405-07-15,1405,0.011884550084889645,False,پلاسک
2026-10-07,8460.0,8520.0,8160.0,8420.0,8520.0,364940566870.0,43336823.0,989.0,165815060000000.0,1.041,-73597426540.0,-0.20166962300526334,594354454.3,571122603.560831,,,1405-07-15,1405,0.01690821256038655,False,پکرمان
2026-10-07,825.0,825.0,825.0,825.0,825.0,1764802050.0,2139154.0,24.0,2811600000000.0,19.0,0.0,0.0,1764802050.0,92884318.42105263,,,1405-07-15,1405,0.01977750309023496,False,داراب
2026-10-07,10630.0,10630.0,10400.0,10620.0,10630.0,614379303400.0,57840325.0,1406.0,550116000000000.0,1.372,351932431140.0,0.5728259874517121,998971372.3778502,728233959.6100278,,,1405-07-15,1405,0.028073572120038692,False,دارو
2026-10-07,119900.0,119900.0,119900.0,119900.0,119900.0,2355915100.0,19649.0,22.0,89925000000000.0,10.5,0.0,0.0,1177957550.0,112186433.33333331,,,1405-07-15,1405,0.029184549356223277,False,داسوه
2026-10-07,16540.0,16540.0,16540.0,16540.0,16540.0,528419572660.0,31947979.0,829.0,231560000000000.0,13.875,91741309820.0,0.17361451877754144,4026689294.3589754,290220322.93333334,,,1405-07-15,1405,0.0298879202988791,False,دالبر
2026-10-07,19140.0,19630.0,19140.0,19580.0,19560.0,400448190740.0,20451278.0,1219.0,178765400000000.0,0.597,-71966172520.0,-0.17971406584959615,760331145.9351621,1273172169.054054,,,1405-07-15,1405,0.02728226652675758,False,دامین
2026-10-07,17430.0,17430.0,17430.0,17430.0,17430.0,39122123040.0,2244528.0,142.0,36603000000000.0,7.036,23183747580.0,0.5925994240214424,1304070768.0,185329947.20930237,,,1405-07-15,1405,0.02953337271116352,False,داوه
2026-10-07,17400.0,17610.0,16780.0,17060.0,16820.0,366726661580.0,21494353.0,1446.0,31049200000000.0,0.643,-50978214320.0,-0.139008748642289,690979141.1219512,1074854219.2282958,,,1405-07-15,1405,-0.002339181286549752,False,دبالک
2026-10-07,59040.0,59040.0,56060.0,56680.0,56130.0,253966432340.0,4480675.0,1501.0,158704000000000.0,0.614,31056218960.0,0.12228473926201078,425090156.71755725,692025354.368231,,,1405-07-15,1405,-0.0192074753417546,False,دتماد
2026-10-07,8030.0,8030.0,8030.0,8030.0,8030.0,45967735000.0,5724500.0,113.0,240900000000000.0,17.841,37153356570.0,0.8082485806620665,2419354473.6842103,135605822.0,,,1405-07-15,1405,0.029487179487179382,False,دتوزیع
2026-10-07,9790.0,9790.0,9790.0,9790.0,9790.0,124292185490.0,12695831.0,204.0,29370000000000.0,2.02,-1146477530.0,-0.009224051580396747,2329048486.470588,1153153368.653846,,,1405-07-15,1405,0.029442691903259766,False,دتولید
2026-10-07,62600.0,62600.0,62600.0,62600.0,62600.0,72671588800.0,1160888.0,231.0,141976800000000.0,2.099,1878000000.0,0.02584228624983633,1084650579.1044776,516741524.0875912,,,1405-07-15,1405,0.02994406054623222,False,دجابر
2026-10-07,6380.0,6380.0,6380.0,6220.0,6380.0,751436400.0,117780.0,8.0,40305600000000.0,8.0,0.0,0.0,732591600.0,91573950.0,,,1405-07-15,1405,0.003225806451612856,False,دحاوی
2026-10-07,12970.0,13350.0,12950.0,13140.0,13020.0,281783184790.0,21447791.0,1458.0,37062552600000.0,0.617,28291865400.0,0.10040295846994782,675885812.4519231,1094704037.142857,,,1405-07-15,1405,0.07352941176470584,False,ددام
2026-10-07,24540.0,24750.0,23990.0,24570.0,24680.0,988868544900.0,40251095.0,4179.0,353808000000000.0,0.531,340033910580.0,0.3438615904345366,395823067.44765705,745463321.3793104,,,1405-07-15,1405,0.022471910112359605,False,ددانا
2026-10-07,60990.0,60990.0,60010.0,60310.0,60200.0,133065408320.0,2206536.0,596.0,147759500000000.0,0.915,-19499670440.0,-0.14654199529532544,585445957.3195876,639789356.5384616,,,1405-07-15,1405,0.002493351063829863,False,دپارس
2026-10-07,13660.0,13950.0,13650.0,13840.0,13880.0,77213571210.0,5579568.0,630.0,179920000000000.0,2.078,9688000000.0,0.12547017121706835,830335710.9677418,399604858.6982249,,,1405-07-15,1405,0.020648967551622377,False,دماوند
2026-10-07,17200.0,17260.0,16260.0,16910.0,17250.0,74949483660.0,4433402.0,306.0,26200861300000.0,1.216,11799984010.0,0.1574391634708161,841690326.835443,692323440.6329113,,,1405-07-15,1405,0.008949880668257748,False,دهدشت
2026-10-07,1820.0,1838.0,1810.0,1833.0,1813.0,1510533542153.0,823974027.0,3869.0,247455000000000.0,1.281,-146988270000.0,-0.09730884213964164,1529899784.4094205,1194041631.3268583,,,1405-07-15,1405,0.026890756302520913,False,دی
2026-10-07,21820.0,21820.0,21820.0,21820.0,21820.0,19409042740.0,889507.0,104.0,38839600000000.0,8.793,2622764000.0,0.1351310332577484,1566094794.5454545,178100960.24390244,,,1405-07-15,1405,0.029731005191127924,False,دیران
2026-10-07,4970.0,5130.0,4970.0,5120.0,5120.0,60124264340.0,11736274.0,446.0,307200000000000.0,1.928,19557882880.0,0.32529101344843164,482314911.47540987,250219976.56050956,,,1405-07-15,1405,0.02605210420841675,False,رانفور
2026-10-07,25010.0,25400.0,24740.0,24870.0,24740.0,17771333450.0,714594.0,94.0,4974000000000.0,1.207,0.0,0.0,612825957.9310346,507770079.42857146,,,1405-07-15,1405,-0.024705882352941133,False,رتکو
2026-10-07,53890.0,53890.0,53890.0,53410.0,53890.0,1635238160.0,30344.0,28.0,24056457385100.0,11.5,0.0,0.0,810336520.0,70464045.21739131,,,1405-07-15,1405,0.0009370314842578331,False,رفاه
2026-10-07,12000.0,12000.0,11660.0,11800.0,11740.0,899315015620.0,76183139.0,4387.0,2124000000000000.0,0.691,147964743000.0,0.1645304931309204,584319206.7190851,845325539.3939393,,,1405-07-15,1405,-0.01830282861896837,False,رمپنا
2026-10-07,12950.0,13220.0,12860.0,13040.0,12950.0,202449559460.0,15523563.0,893.0,73676000000000.0,1.538,-7783093520.0,-0.03844460586014653,1012266663.1884058,658374522.5,,,1405-07-15,1405,0.009287925696594534,False,رنیک
2026-10-07,66130.0,66130.0,65000.0,66130.0,65890.0,176849840960.0,2674342.0,907.0,21161600000000.0,1.477,-7569239800.0,-0.04280037662975346,570567343.8194444,386275583.8651685,,,1405-07-15,1405,0.029901884441675852,False,رپویا
2026-10-07,2640.0,2640.0,2590.0,2638.0,2640.0,49738845976.0,18857341.0,190.0,26380000000000.0,1.524,8428410000.0,0.16945326805665895,777276024.34375,510089574.79012346,,,1405-07-15,1405,0.028861154446177872,False,رکیش
2026-10-07,19890.0,19890.0,19890.0,19890.0,19890.0,78436493460.0,3943514.0,150.0,19890000000000.0,3.016,9479355210.0,0.12085388818196156,2298119724.642857,762055515.0,,,1405-07-15,1405,0.029503105590062084,False,ریشمک
2026-10-07,167000.0,167500.0,161200.0,164700.0,164100.0,124791852300.0,757840.0,752.0,395280000000000.0,0.977,4941000000.0,0.03959393108551527,413457109.48905104,423227531.25,,,1405-07-15,1405,0.004881025015253115,False,زاگرس
2026-10-07,50700.0,50700.0,48370.0,49170.0,48760.0,69888229610.0,1421438.0,632.0,7375500000000.0,0.793,256224870.0,0.00366620919473596,358421058.7692308,452181049.2857143,,,1405-07-15,1405,-0.0036474164133738496,False,بالاس
2026-10-07,28000.0,28000.0,26550.0,27200.0,27540.0,38558587020.0,1417360.0,312.0,17408000000000.0,1.57,10874587200.0,0.2820276374328615,452236819.5121951,288009142.85714287,,,1405-07-15,1405,-0.0018348623853210455,False,بالبر
2026-10-07,29790.0,31100.0,29790.0,30660.0,30140.0,1493210440.0,48633.0,28.0,15475152043680.0,2.793,245280000.0,0.16426351800754888,248514630.0,88986270.0,,,1405-07-15,1405,0.00032626427406201586,False,بایکا
2026-10-07,262000.0,262000.0,262000.0,259600.0,262000.0,1114024000.0,4252.0,11.0,2336416354800.0,2.0,0.0,0.0,275954800.0,137977400.0,,,1405-07-15,1405,0.010509926041261108,False,بتک
2026-10-07,8630.0,8630.0,8630.0,8630.0,8630.0,128821511620.0,14927174.0,158.0,43150000000000.0,71.134,112254483360.0,0.8713954831637925,3061824638.3783784,43042844.16666666,,,1405-07-15,1405,0.029832935560859086,False,بخاور
2026-10-07,7790.0,7790.0,7610.0,7790.0,7790.0,71663835160.0,9201226.0,361.0,46740000000000.0,1.141,19225642100.0,0.2682753728861418,564390161.7322835,494829324.9056604,,,1405-07-15,1405,0.029062087186261465,False,بزاگرس
2026-10-07,7380.0,7380.0,7170.0,7370.0,7380.0,183496681380.0,24903586.0,677.0,30954000000000.0,3.67,92862000000.0,0.5060690978257735,1090513574.0,297176586.0409556,,,1405-07-15,1405,0.02789400278940035,False,بزندگی
2026-10-07,14610.0,15200.0,14610.0,14990.0,14980.0,11923526370.0,795344.0,157.0,179880000000000.0,0.241,-10304126000.0,-0.8641844434483353,89893364.44444445,372568955.0,,,1405-07-15,1405,0.0013360053440214514,False,بساما
2026-10-07,5140.0,5160.0,4970.0,5060.0,5040.0,16999919270.0,3359258.0,216.0,121440000000000.0,0.73,-215540820.0,-0.012678931974716371,203621037.14285716,278848432.98245615,,,1405-07-15,1405,0.009980039920159722,False,بسویچ
2026-10-07,13630.0,13640.0,13450.0,13640.0,13610.0,222210442270.0,16295053.0,758.0,1411740000000000.0,1.323,163243588200.0,0.734635089748161,825453038.6100386,624058627.1604939,,,1405-07-15,1405,0.029433962264150848,False,بپاس
2026-10-07,2970.0,3010.0,2960.0,2990.0,3000.0,1798993000.0,600950.0,10.0,8970000000000.0,0.609,-1249820000.0,-0.6947331090226588,182340166.6666667,299473416.6666666,,,1405-07-15,1405,-0.0033333333333332993,False,بپردیس
2026-10-07,6380.0,6380.0,6130.0,6220.0,6180.0,86358030490.0,13878407.0,1185.0,61840154340000.0,2.885,5688040720.0,0.06586579948298679,316994479.07173,109872865.221519,,,1405-07-15,1405,-0.014263074484944571,False,بپویا
2026-10-07,17960.0,18980.0,17960.0,18770.0,18770.0,40276433560.0,2145721.0,1289.0,56310000000000.0,12.999,898932840.0,0.022319077449120598,355347167.5862069,27337222.896174863,,,1405-07-15,1405,0.018448182311448624,False,بپیوند
2026-10-07,17810.0,17840.0,17300.0,17800.0,17840.0,25355368600.0,1424708.0,205.0,89000000000000.0,1.328,2438600000.0,0.09617687040842308,507196048.0,382020040.0,,,1405-07-15,1405,0.027120600115406734,False,ساراب
2026-10-07,88170.0,88310.0,85800.0,88250.0,88310.0,197116709390.0,2233507.0,458.0,127080000000000.0,0.562,-32703861500.0,-0.1659111579186047,238635100.57471263,424326311.5079365,,,1405-07-15,1405,0.02927455096804299,False,ساربیل
2026-10-07,59390.0,59390.0,57790.0,58150.0,58700.0,107257932520.0,1844430.0,483.0,77921000000000.0,1.03,42515558400.0,0.3963861450720419,536289120.5128205,520829675.9493671,,,1405-07-15,1405,0.0010328800137717753,False,ساروج
2026-10-07,241100.0,241100.0,241100.0,241100.0,241100.0,193971700800.0,804528.0,326.0,241100000000000.0,1.481,-32789600000.0,-0.16904321540083128,438142147.3684211,295786336.6906475,,,1405-07-15,1405,0.02990175138829554,False,ساروم
2026-10-07,10000.0,10070.0,9840.0,9970.0,10010.0,290364108720.0,29126716.0,833.0,1575260000000000.0,0.355,-189600058290.0,-0.6529734653701039,345158484.5848375,973409414.7440274,,,1405-07-15,1405,0.014242115971515812,False,سامان
2026-10-07,11970.0,11970.0,11730.0,11970.0,11970.0,144324298130.0,12058604.0,556.0,205657627884660.0,1.598,-68546432430.0,-0.474947277195534,588004580.1724138,367923649.0322581,,,1405-07-15,1405,0.02923473774720553,False,ساوه
2026-10-07,413500.0,413900.0,395000.0,407600.0,406100.0,1043677141500.0,2560778.0,5265.0,244560000000000.0,0.542,-163165133200.0,-0.1563367891391152,449360347.8944413,828440165.77816,,,1405-07-15,1405,0.014182632495645775,False,سباقر
2026-10-07,62190.0,62190.0,62190.0,62190.0,62190.0,71689398120.0,1152748.0,128.0,124380000000000.0,2.03,-5768122500.0,-0.08045990971140267,1001246562.0,493143378.75,,,1405-07-15,1405,0.02997681351440873,False,سبجنو
2026-10-07,13950.0,13950.0,13800.0,13950.0,13950.0,199301462940.0,14288443.0,685.0,52421276227050.0,1.102,-45174438450.0,-0.22666385777408884,745142304.1420119,676298370.9486166,,,1405-07-15,1405,0.029520295202952074,False,سبزوا
2026-10-07,5960.0,6050.0,5850.0,5990.0,6040.0,113782639430.0,19001547.0,733.0,44326000000000.0,0.683,-52203443010.0,-0.4587997191093109,309647246.21761656,453301058.8259109,,,1405-07-15,1405,0.018707482993197244,False,سبهان
2026-10-07,16150.0,16150.0,16150.0,16150.0,16150.0,236691202300.0,14655802.0,432.0,274549999983850.0,12.553,-28236579250.0,-0.11929712205446007,6315589007.142857,503095154.8611111,,,1405-07-15,1405,0.029974489795918435,False,ستران
2026-10-07,11070.0,11070.0,10800.0,11060.0,11070.0,141872993140.0,12832876.0,1064.0,110600000000000.0,0.617,-7994433440.0,-0.05634922660799232,262136034.75862068,425169367.80487806,,,1405-07-15,1405,0.028837209302325473,False,سجام
2026-10-07,12850.0,12890.0,12520.0,12820.0,12890.0,84619207480.0,6602782.0,482.0,67946000000000.0,0.644,-44009303660.0,-0.5200864551987411,209338572.98969072,324823965.85858583,,,1405-07-15,1405,0.023961661341852958,False,سخاش
2026-10-07,6400.0,6610.0,6400.0,6600.0,6570.0,62576120670.0,9487311.0,236.0,18907685979600.0,2.496,660000000.0,0.01054715429677338,1277882706.1224492,512035145.45454544,,,1405-07-15,1405,0.028037383177569986,False,سخواف
2026-10-07,14380.0,14380.0,13580.0,13830.0,13630.0,4812146130.0,348042.0,107.0,179790000000000.0,0.773,0.0,0.0,109395928.63636364,141571201.7647059,,,1405-07-15,1405,-0.011436740528949274,False,سپ
2026-10-07,22200.0,22220.0,21400.0,22210.0,22220.0,493302355570.0,22210346.0,877.0,149917500000000.0,1.305,-45478439760.0,-0.09219181551941033,601454469.6402878,461002182.2857143,,,1405-07-15,1405,0.02919369786839665,False,سپاها
2026-10-07,46240.0,46850.0,45120.0,45840.0,46350.0,601056123070.0,13113308.0,2862.0,412560000000000.0,0.835,-194624767440.0,-0.323804649798624,548827104.4725738,657124537.8876405,,,1405-07-15,1405,0.007693998681028713,False,سپید
2026-10-07,10800.0,10810.0,10290.0,10780.0,10790.0,31712709800.0,2941378.0,876.0,169246000000000.0,4.509,1306956420.0,0.04121238545184177,233147462.05882356,51702548.33333333,,,1405-07-15,1405,0.026666666666666616,False,سپیدار
2026-10-07,10440.0,10440.0,9980.0,10000.0,10050.0,962495695450.0,96230034.0,4668.0,49939400000000.0,1.18,727925930000.0,0.7562900628450805,640475348.6750349,542779829.0598291,,,1405-07-15,1405,-0.027237354085603127,False,تلیسه
2026-10-07,2635.0,2635.0,2500.0,2601.0,2600.0,663630515686.0,255096540.0,1181.0,54621000000000.0,0.418,-197195915223.0,-0.2971471482428096,1400330886.837838,3351040911.818181,,,1405-07-15,1405,0.016412661195779554,False,تماوند
2026-10-07,9060.0,9060.0,9060.0,9060.0,9060.0,3746228460.0,413491.0,24.0,3217849260000.0,5.0,0.0,0.0,936557115.0,187311423.0,,,1405-07-15,1405,0.02954545454545454,False,تمحرکه
2026-10-07,2260.0,2260.0,2165.0,2199.0,2215.0,21894336363.0,9955494.0,366.0,171522000000000.0,1.396,-8067187629.0,-0.36846002067607864,101513242.26760565,72736323.0,,,1405-07-15,1405,-0.004977375565610842,False,تملت
2026-10-07,3220.0,3334.0,3152.0,3164.0,3173.0,384673227432.0,121578994.0,837.0,121814000000000.0,0.36,-243303202744.0,-0.6324932056442881,605911797.8162162,1684345428.151659,,,1405-07-15,1405,-0.026161895967990123,False,تنوین
2026-10-07,3510.0,3670.0,3510.0,3670.0,3670.0,111738884240.0,30481284.0,579.0,52848000000000.0,1.59,24784959650.0,0.2218114116547402,804793613.5251799,506286933.8953489,,,1405-07-15,1405,0.028011204481792618,False,توریل
2026-10-07,2787.0,2864.0,2787.0,2863.0,2864.0,12282484916.0,4289935.0,411.0,143150000000000.0,17.197,5266202200.0,0.4287570663441147,361237761.9117647,21005633.84730539,,,1405-07-15,1405,0.029485796476087733,False,تکاردان
2026-10-07,9390.0,9410.0,9200.0,9330.0,9290.0,73911928030.0,7921413.0,633.0,7464000000000.0,1.039,-722347260.0,-0.009773081006719343,397233213.2786885,382375131.71875,,,1405-07-15,1405,0.020787746170678245,False,تکشا
2026-10-07,2380.0,2401.0,2280.0,2397.0,2401.0,377552520131.0,157519907.0,1227.0,76704000000000.0,0.325,19373064561.0,0.05131223744521185,135201866.5945946,415626009.664557,,,1405-07-15,1405,0.027873070325900473,False,تکیمیا
2026-10-07,30000.0,30000.0,28900.0,29540.0,29370.0,807239608830.0,27329586.0,3716.0,945280000000000.0,0.577,-66849669880.0,-0.08281267315028165,350147807.3081081,606733527.3913043,,,1405-07-15,1405,-0.003373819163292824,False,تیپیکو
2026-10-07,18710.0,19650.0,18710.0,19480.0,19650.0,27087322700.0,1390777.0,77.0,3116800000000.0,2.0,0.0,0.0,1693270997.5,846635498.75,,,1405-07-15,1405,0.020964360587002018,False,ثاصفا
2026-10-07,31590.0,31590.0,30600.0,31340.0,30800.0,780471992820.0,24907021.0,3582.0,21938000000000.0,0.707,3353380000.0,0.004296605170780791,831705733.7701396,1177045279.6030536,,,1405-07-15,1405,0.021845451581349762,False,ثامان
2026-10-07,8570.0,8570.0,8570.0,8570.0,8570.0,199225693040.0,23246872.0,233.0,39593400000000.0,6.776,181389766190.0,0.9104737618033084,2205496511.818182,325485303.84615386,,,1405-07-15,1405,0.02881152460984393,False,ثباغ
2026-10-07,4250.0,4280.0,4230.0,4280.0,4280.0,262024514310.0,61266430.0,1117.0,102720000000000.0,1.458,35213815560.0,0.13439130171743663,741227479.2380952,508391898.4615384,,,1405-07-15,1405,0.01904761904761898,False,فاسمین
2026-10-07,10130.0,10450.0,10130.0,10390.0,10450.0,44337478870.0,4269349.0,304.0,4675500000000.0,3.335,31531946040.0,0.7111804018549059,792116716.25,237529445.74074072,,,1405-07-15,1405,0.02364532019704435,False,فافزا
2026-10-07,16630.0,16630.0,16630.0,16630.0,16630.0,139452112250.0,8385575.0,207.0,116410000000000.0,5.914,106976133600.0,0.7671173413868458,2631171929.245283,444876419.8630137,,,1405-07-15,1405,0.029721362229102155,False,فافق
2026-10-07,7500.0,7500.0,7160.0,7360.0,7190.0,156171108590.0,21206800.0,601.0,92000000000000.0,0.644,-9644529280.0,-0.06175616839168395,822401551.0588235,1277374298.8034189,,,1405-07-15,1405,0.009602194787379892,False,فاما
2026-10-07,7560.0,7560.0,7560.0,7560.0,7560.0,9457945560.0,1251051.0,25.0,42706440000000.0,14.89,3754288440.0,0.39694544826709705,1884078000.0,126529704.0,,,1405-07-15,1405,0.009345794392523255,False,فاهواز
2026-10-07,17390.0,17390.0,16470.0,16520.0,16470.0,56012372420.0,3390591.0,251.0,4670391237680.0,1.161,35646756880.0,0.6364086243787065,513876727.706422,442734922.6086957,,,1405-07-15,1405,-0.026517383618149704,False,فبستم
2026-10-07,2492.0,2492.0,2492.0,2492.0,2492.0,1353853760.0,543280.0,29.0,12460000000000.0,28.0,0.0,0.0,1353853760.0,48351919.99999999,,,1405-07-15,1405,0.02975206611570247,False,فبیرا
2026-10-07,7850.0,7850.0,7720.0,7850.0,7850.0,125762665090.0,16030621.0,670.0,21195000000000.0,4.801,40042614500.0,0.31839826606206345,1039430761.570248,216486130.42929292,,,1405-07-15,1405,0.028833551769331667,False,فتوسا
2026-10-07,20280.0,20280.0,19290.0,19670.0,20050.0,129755771760.0,6595937.0,559.0,23604000000000.0,0.635,-13428630320.0,-0.10349158374887539,697398657.8787879,1098285545.897436,,,1405-07-15,1405,-0.010065425264217387,False,فجام
2026-10-07,5630.0,5630.0,5630.0,5590.0,5630.0,4615924400.0,819880.0,31.0,11792814930000.0,0.706,0.0,0.0,269595835.2941177,381927433.3333333,,,1405-07-15,1405,0.0126811594202898,False,فجوش
2026-10-07,54980.0,54980.0,52170.0,52600.0,52170.0,989173520970.0,18804060.0,3855.0,54140296320000.0,0.632,1379592800.0,0.0013946924081096998,672487958.0722892,1063445184.4783716,,,1405-07-15,1405,-0.021941242097433977,False,فپنتا
2026-10-07,4880.0,4880.0,4880.0,4880.0,4880.0,74707261200.0,15308865.0,183.0,24400000000000.0,10.9,68868677920.0,0.9218471780892966,1383467800.0,126925723.47826087,,,1405-07-15,1405,0.029535864978903037,False,ناما
2026-10-07,8890.0,8990.0,8770.0,8880.0,8830.0,17921460880.0,2019295.0,472.0,13320000000000.0,5.858,812093760.0,0.04531403803728304,253056092.3076923,43194895.69060773,,,1405-07-15,1405,0.013698630136986356,False,نبابک
2026-10-07,2202.0,2202.0,2202.0,2162.0,2202.0,2891223798.0,1312999.0,21.0,8731334811042.0,9.0,0.0,0.0,1419351919.0,157705768.7777778,,,1405-07-15,1405,0.011225444340505097,False,نتوس
2026-10-07,27720.0,27720.0,27110.0,27690.0,27690.0,140136813090.0,5060784.0,630.0,35997000000000.0,4.822,52621771410.0,0.3755028407575156,1271417088.440367,263689236.9018405,,,1405-07-15,1405,0.028603268945022187,False,نخریس
2026-10-07,9700.0,9730.0,9190.0,9490.0,9600.0,54040121770.0,5696321.0,633.0,18980000000000.0,0.454,-896520300.0,-0.016589901551585642,188549563.0909091,415335827.9527559,,,1405-07-15,1405,0.002111932418162654,False,نمرینو
2026-10-07,9980.0,9980.0,9400.0,9470.0,9410.0,95269445860.0,10061111.0,884.0,47350000000000.0,0.65,-23469112730.0,-0.24634459157543798,254239297.46428573,391140975.2892562,,,1405-07-15,1405,-0.02270381836945301,False,نوین
2026-10-07,13410.0,13420.0,12860.0,13410.0,13260.0,18540267820.0,1382079.0,114.0,4023000000000.0,0.915,1535525460.0,0.08282110457668675,358180820.625,391428848.25,,,1405-07-15,1405,0.029163468917881907,False,نیرو
2026-10-07,15400.0,15410.0,14700.0,15010.0,14770.0,109057520460.0,7266650.0,944.0,40156162940000.0,0.631,-4786073590.0,-0.043885773028880026,339225554.15841585,537857082.5,,,1405-07-15,1405,0.002672010688042681,False,درهآور
2026-10-07,35220.0,35220.0,35220.0,35220.0,35220.0,6710043960.0,190518.0,27.0,49296729600000.0,4.702,5283000000.0,0.7873271816836205,610003996.3636363,129731269.0909091,,,1405-07-15,1405,0.029824561403508865,False,دروز
2026-10-07,32290.0,32290.0,32290.0,32290.0,32290.0,1999244520360.0,61915284.0,1898.0,248633000000000.0,0.933,253080366280.0,0.12658800046851112,3227693925.172414,3458909266.417233,,,1405-07-15,1405,0.02998405103668267,False,دزاگرس
2026-10-07,5420.0,5430.0,5370.0,5430.0,5430.0,120703789000.0,22245926.0,623.0,57741615450000.0,2.09,37524177900.0,0.31087821029379614,751577363.625,359687827.3043478,,,1405-07-15,1405,0.02840909090909083,False,دزهراوی
2026-10-07,7330.0,7350.0,7190.0,7340.0,7350.0,677622664380.0,92363348.0,1552.0,106584140000000.0,1.207,33660762900.0,0.049674789037344805,1290913800.0507617,1069728095.3153152,,,1405-07-15,1405,0.028011204481792618,False,دسبحا
2026-10-07,21640.0,21640.0,21640.0,21640.0,21640.0,357375056760.0,16514559.0,465.0,216400000000000.0,0.929,-30122880000.0,-0.08428926258339686,2478959380.0,2669591856.226415,,,1405-07-15,1405,0.02998572108519748,False,دسبحان
2026-10-07,100270.0,100270.0,99000.0,100150.0,100270.0,66242595730.0,661458.0,251.0,240360000000000.0,0.545,-33831571350.0,-0.5107223075601539,242494078.67647055,445320076.9911504,,,1405-07-15,1405,0.028762198253723614,False,دسینا
2026-10-07,486000.0,486000.0,463000.0,465700.0,464700.0,68859135000.0,147850.0,283.0,23285000000000.0,1.572,37035723900.0,0.5378476494077365,597137823.7113402,379757181.8181818,,,1405-07-15,1405,-0.024303373140582396,False,دشیری
2026-10-07,42110.0,42110.0,41130.0,42090.0,42110.0,58050371120.0,1379278.0,236.0,37881000000000.0,2.953,10859220000.0,0.18706547073664945,1003729795.9090908,339845826.7346939,,,1405-07-15,1405,0.02934702861335281,False,دشیمی
2026-10-07,30600.0,30770.0,29800.0,30400.0,30770.0,1713691219940.0,56369870.0,4916.0,1702400000000000.0,0.419,-106158593600.0,-0.06194732887977149,564687905.5086849,1347784098.808234,,,1405-07-15,1405,0.01740294511378848,False,دعبید
2026-10-07,19480.0,19480.0,18900.0,19120.0,19080.0,1043086257310.0,54554545.0,4096.0,176018720000000.0,0.561,84183256800.0,0.0807059399067331,736424822.7044024,1313635004.1294298,,,1405-07-15,1405,0.004729374671571307,False,دفارا
2026-10-07,50280.0,50280.0,48820.0,49860.0,49500.0,63381439070.0,1271257.0,340.0,349020000000000.0,0.835,-7333707960.0,-0.1157075015589418,291164560.1834862,348845044.8214286,,,1405-07-15,1405,0.021302744776730886,False,دفرا
2026-10-07,25400.0,25490.0,24820.0,25290.0,25490.0,485889635750.0,19215387.0,1337.0,262763100000000.0,0.665,-32879630160.0,-0.06766892672910857,692714320.9368635,1041906038.3798884,,,1405-07-15,1405,0.021818181818181737,False,دقاضی
2026-10-07,29490.0,30620.0,29490.0,30300.0,30590.0,485945316150.0,16037998.0,1184.0,279275100000000.0,0.354,-242284647900.0,-0.4985841818983854,420536564.7272728,1189143532.2259135,,,1405-07-15,1405,0.019172552976791213,False,دلر
2026-10-07,20990.0,20990.0,20280.0,20570.0,20410.0,544446912680.0,26464730.0,1699.0,69938000000000.0,0.81,-159065033050.0,-0.2921589402849472,793275798.8571428,979907627.8691984,,,1405-07-15,1405,-0.0009713453132588201,False,دکوثر
2026-10-07,180000.0,180000.0,176300.0,177500.0,177300.0,101313318200.0,570788.0,744.0,53250000000000.0,0.755,12258682500.0,0.12099773966341179,302100448.7179487,399983695.1219512,,,1405-07-15,1405,0.0056657223796034994,False,دکپسول
2026-10-07,88610.0,88610.0,88610.0,88610.0,88610.0,72343596470.0,816427.0,162.0,51039360000000.0,1.961,56090130000.0,0.7753295763123953,861233291.3095238,439282877.5675676,,,1405-07-15,1405,0.02998953853306996,False,دکیمی
2026-10-07,2084.0,2084.0,2083.0,2084.0,2084.0,59162911524.0,28389161.0,165.0,7854839156952.0,1.799,14588000000.0,0.24657339580189927,1314733589.422222,730737893.8360655,,,1405-07-15,1405,0.029644268774703608,False,وفردا
2026-10-07,5080.0,5080.0,5070.0,5080.0,5080.0,6627035220.0,1304584.0,30.0,5080000000000.0,1.112,-4301012480.0,-0.6490100530958096,387712373.3333333,348804564.2105263,,,1405-07-15,1405,0.028340080971659853,False,ولانا
2026-10-07,3180.0,3210.0,3040.0,3080.0,3040.0,68767484360.0,22320494.0,635.0,16296874440000.0,0.477,-616000000.0,-0.00895772189041001,356707442.513089,747251320.8695652,,,1405-07-15,1405,-0.015974440894568676,False,ولتجار
2026-10-07,8410.0,8410.0,8410.0,8410.0,8410.0,39330710600.0,4676660.0,83.0,16820000000000.0,4.752,11318093900.0,0.2877673382285648,3025439276.923077,636650379.5454546,,,1405-07-15,1405,0.02937576499387995,False,ولشرق
2026-10-07,3310.0,3310.0,3270.0,3310.0,3310.0,48969712010.0,14802342.0,442.0,19860000000000.0,1.506,7843323040.0,0.16016681981708064,480350510.0,319011077.3643411,,,1405-07-15,1405,0.02795031055900621,False,ولصنم
2026-10-07,4170.0,4170.0,4170.0,4170.0,4170.0,149664285720.0,35890716.0,321.0,10008000000000.0,3.8,119679000000.0,0.7996496921376548,1705899835.862069,448973214.375,,,1405-07-15,1405,0.029629629629629672,False,ولغدر
2026-10-07,4530.0,4530.0,4530.0,4530.0,4530.0,130504249050.0,28808885.0,698.0,18120000000000.0,160.876,117327665910.0,0.8990333017053593,1197933158.910891,7446307.195121951,,,1405-07-15,1405,0.02954545454545454,False,ولپارس
2026-10-07,5500.0,5500.0,5380.0,5500.0,5500.0,121084118660.0,22021451.0,865.0,15950000000000.0,6.302,55247857500.0,0.4562766621371219,924564736.6412214,146704060.13363028,,,1405-07-15,1405,0.029962546816479474,False,ولکار
2026-10-07,4700.0,4700.0,4700.0,4700.0,4700.0,46294013000.0,9849790.0,700.0,94000000000000.0,991.342,25498853600.0,0.5508024028938688,4739002166.666667,4780389.90228013,,,1405-07-15,1405,0.02844638949671774,False,وکبهمن
2026-10-07,11200.0,11250.0,10990.0,11010.0,10990.0,107320479030.0,9750586.0,723.0,8808000000000.0,0.334,-20365802550.0,-0.18976622853413666,325798312.0224719,975945016.9090908,,,1405-07-15,1405,-0.02738515901060068,False,وگستر
2026-10-07,63400.0,64880.0,61270.0,62700.0,62760.0,31835393140.0,507735.0,627.0,716732791500000.0,2.39,5580300.0,0.00017528604014594557,180530946.10778445,75546585.71428572,,,1405-07-15,1405,-0.007283090563647843,False,نیشکر
2026-10-07,9840.0,9840.0,9500.0,9620.0,9550.0,453196867880.0,47090652.0,1669.0,198653000000000.0,0.685,-25505207780.0,-0.05627842906176794,607072185.3169734,885614028.5714287,,,1405-07-15,1405,0.0010405827263266776,False,هجرت
2026-10-07,10080.0,10080.0,10080.0,10080.0,10080.0,292776694560.0,29045307.0,422.0,899136000000000.0,16.47,-38808000000.0,-0.1325515340567755,4948115760.0,300424098.94736844,,,1405-07-15,1405,0.02962206332992845,False,همراه
2026-10-07,7880.0,7880.0,7760.0,7880.0,7880.0,67740497480.0,8599876.0,342.0,14097320000000.0,2.708,9377200000.0,0.13842827184386364,903560305.0666668,333656130.7428572,,,1405-07-15,1405,0.02872062663185382,False,وآذر
2026-10-07,2941.0,3059.0,2930.0,3045.0,3040.0,8118821046.0,2665870.0,73.0,12180000000000.0,2.479,-2431274160.0,-0.29946147922521904,437407691.5384616,176469003.26086956,,,1405-07-15,1405,0.024907438572871143,False,وآرین
2026-10-07,13190.0,13190.0,12800.0,12880.0,12990.0,37622138180.0,2922048.0,201.0,3864000000000.0,0.68,-2704800000.0,-0.07189384045795347,623771040.0,917950688.7804878,,,1405-07-15,1405,-0.023502653525398043,False,وآفر
2026-10-07,8900.0,9180.0,8870.0,8920.0,8900.0,39827425300.0,4464926.0,362.0,249760000000000.0,0.338,-7957166280.0,-0.1997911293552787,224436434.08450705,663785665.3333334,,,1405-07-15,1405,-0.024070021881838044,False,وآفری
2026-10-07,7030.0,7290.0,7030.0,7270.0,7290.0,409378723740.0,56299857.0,1444.0,111231000000000.0,1.003,129736290640.0,0.31691019370707857,1151712754.2406878,1148571563.670886,,,1405-07-15,1405,0.026836158192090398,False,واتی
2026-10-07,36630.0,36630.0,36610.0,36110.0,36630.0,40618942910.0,1108905.0,166.0,42708019200000.0,0.738,0.0,0.0,616039377.6923077,834219990.625,,,1405-07-15,1405,0.015181332583637852,False,واحصا
2026-10-07,3920.0,3920.0,3840.0,3880.0,3880.0,6651451790.0,1716124.0,121.0,13580000000000.0,0.975,-454072520.0,-0.06826667836376214,144290432.55813953,147968024.8888889,,,1405-07-15,1405,0.01305483028720622,False,واعتبار
2026-10-07,5890.0,5970.0,5810.0,5870.0,5870.0,198416139160.0,33795461.0,1029.0,2201250000000000.0,0.922,-12863547350.0,-0.06483115438319771,541748038.5820895,587553983.9776951,,,1405-07-15,1405,0.00859106529209619,False,وامید
2026-10-07,280700.0,280700.0,280700.0,280700.0,280700.0,12428834600.0,44278.0,320.0,561335168124500.0,38.375,0.0,0.0,1553604325.0,40484803.257329,,,1405-07-15,1405,0.0297138664710197,False,آلومینا
2026-10-07,1499.0,1499.0,1499.0,1499.0,1499.0,2002175326.0,1335674.0,148.0,16175933850000.0,9.071,0.0,0.0,143012523.28571427,15765160.047244094,,,1405-07-15,1405,0.019727891156462674,False,استقلال
2026-10-07,2316.0,2401.0,2311.0,2328.0,2321.0,24119580746.0,10362746.0,373.0,17692800000000.0,0.442,-943901568.0,-0.03913424441080042,186852789.67741933,423046447.15789473,,,1405-07-15,1405,-0.021026072329688783,False,اعتلا
2026-10-07,8860.0,8910.0,8660.0,8860.0,8910.0,158252057730.0,17864546.0,601.0,18074400000000.0,1.35,-10506834780.0,-0.0663930373526398,842941081.5384616,624342357.387755,,,1405-07-15,1405,0.023094688221708903,False,افرا
2026-10-07,87870.0,87870.0,86040.0,87870.0,87870.0,520843948920.0,5927719.0,1078.0,2636100000000000.0,0.726,59612765400.0,0.11445417677139287,540723340.888889,744767232.0560747,,,1405-07-15,1405,0.029887482419127975,False,افق
2026-10-07,3610.0,3610.0,3550.0,3610.0,3610.0,568285383890.0,157445832.0,1467.0,295326237420000.0,1.267,128159472790.0,0.22551956538584345,1408060093.8935575,1111329319.673591,,,1405-07-15,1405,0.028490028490028463,False,البرز
2026-10-07,3570.0,3730.0,3560.0,3660.0,3670.0,30207462120.0,8251331.0,191.0,127291140000000.0,0.699,-10480527120.0,-0.34695159356207445,260840819.0,373299660.85714287,,,1405-07-15,1405,0.008264462809917328,False,امید
2026-10-07,2895.0,2895.0,2846.0,2876.0,2851.0,23960166809.0,8330824.0,893.0,92032000000000.0,4.794,-11049292896.0,-0.461152586460693,157225869.46341464,32797005.74246576,,,1405-07-15,1405,-0.0003475842891901282,False,امین
2026-10-07,22860.0,23090.0,22650.0,23080.0,23090.0,317195285500.0,13742211.0,1030.0,93474000000000.0,3.296,147393934520.0,0.4646788311738637,1187414507.121212,360267885.813449,,,1405-07-15,1405,0.02943800178412137,False,انرژی
2026-10-07,15280.0,15290.0,14520.0,14990.0,14520.0,46218051140.0,3083491.0,337.0,14990000000000.0,1.107,0.0,0.0,616287067.8666667,556885904.6987952,,,1405-07-15,1405,0.00942760942760934,False,اوان
2026-10-07,2530.0,2530.0,2530.0,2530.0,2530.0,7035869280.0,2780976.0,21.0,10410950000000.0,45.608,6881600000.0,0.9780738848519369,1172644880.0,25711546.666666664,,,1405-07-15,1405,0.02971102971102968,False,باران
2026-10-07,6240.0,6320.0,6240.0,6320.0,6320.0,106697401200.0,16883885.0,311.0,37920000000000.0,1.67,22402529280.0,0.20996321398688386,1884288432.3076923,1128066704.477612,,,1405-07-15,1405,0.02931596091205213,False,بازرگام
2026-10-07,3590.0,3590.0,3590.0,3540.0,3590.0,86890816300.0,24203570.0,198.0,1949180917245720.0,2.842,70800000000.0,0.8148156849574907,1084565035.443038,381554815.3846154,,,1405-07-15,1405,0.014326647564469885,False,وشهر
2026-10-07,6980.0,7050.0,6870.0,6980.0,6930.0,43570615120.0,6239029.0,294.0,81317000000000.0,0.954,-10004817900.0,-0.2296230583948662,356671881.7283951,373992695.38461536,,,1405-07-15,1405,0.01897810218978102,False,وصنا
2026-10-07,30560.0,30560.0,29420.0,29700.0,29670.0,858942026320.0,28918417.0,1377.0,1210869000000000.0,0.932,44245901700.0,0.05151209318464076,1340208787.5,1438074000.0,,,1405-07-15,1405,0.0010111223458038054,False,وصندوق
2026-10-07,2982.0,3045.0,2982.0,3020.0,3030.0,22642899956.0,7496596.0,295.0,102680000000000.0,1.419,0.0,0.0,243437848.60215056,171513029.6969697,,,1405-07-15,1405,0.019925700776764588,False,وصنعت
2026-10-07,6310.0,6440.0,6310.0,6380.0,6440.0,6367292120.0,997265.0,100.0,28710000000000.0,0.967,-1914000000.0,-0.30059874180862933,130839726.47058824,135373419.14893618,,,1405-07-15,1405,0.019169329073482455,False,وطوبی
2026-10-07,2181.0,2280.0,2163.0,2178.0,2163.0,46255447705.0,21240879.0,274.0,6887925000000.0,0.695,0.0,0.0,440596518.6857143,633734718.6575342,,,1405-07-15,1405,-0.02288021534320328,False,وفتخار
2026-10-07,3590.0,3590.0,3500.0,3570.0,3590.0,53599588610.0,15018693.0,766.0,42840000000000.0,3.027,6970778430.0,0.13005283456036584,264593732.4,87406943.86666666,,,1405-07-15,1405,0.022922636103151817,False,ولنوین
2026-10-07,4550.0,4560.0,4420.0,4550.0,4560.0,48915890610.0,10760998.0,251.0,18200000000000.0,3.291,-2475732350.0,-0.050612026462702894,1198194530.0,364037220.4918032,,,1405-07-15,1405,0.02708803611738153,False,ولیز
2026-10-07,3280.0,3280.0,3200.0,3270.0,3280.0,88271475950.0,27019518.0,664.0,85020000000000.0,5.326,36238211940.0,0.4105313925024497,960367650.652174,180330837.0934256,,,1405-07-15,1405,0.02507836990595602,False,ومدیر
2026-10-07,41630.0,41630.0,41630.0,41630.0,41630.0,26687036390.0,641053.0,87.0,43295200000000.0,0.846,4995600000.0,0.18719201064498567,833969887.1875,985974381.3636364,,,1405-07-15,1405,0.029935675408213847,False,ومشان
2026-10-07,3430.0,3450.0,3290.0,3330.0,3340.0,37947887250.0,11379891.0,298.0,24975000000000.0,1.077,13753456110.0,0.3624300878568674,371519970.88235295,344879727.4285714,,,1405-07-15,1405,-0.017699115044247815,False,ومعلم
2026-10-07,4750.0,4750.0,4750.0,4750.0,4750.0,711407500.0,149770.0,18.0,4750000000000.0,7.0,0.0,0.0,355703750.0,50814821.42857143,,,1405-07-15,1405,0.00849256900212314,False,وملت
2026-10-07,289500.0,290200.0,281800.0,287900.0,290100.0,118332660600.0,410954.0,510.0,71214984306000.0,1.42,25257467000.0,0.21344459654615422,626455335.4651163,441138239.0374332,,,1405-07-15,1405,0.021646557842441405,False,وملی
2026-10-07,42330.0,44920.0,42330.0,44400.0,44790.0,141180874180.0,3179547.0,945.0,888000000000000.0,2.191,-41335112400.0,-0.29278124703562447,292704292.68292683,133571226.94300516,,,1405-07-15,1405,0.017881705639614776,False,ومپنا
2026-10-07,10090.0,10100.0,9840.0,9990.0,10040.0,121752021770.0,12181944.0,1042.0,59940000000000.0,0.978,-3996000000.0,-0.03282081021659571,333432352.86118984,340889693.4453781,,,1405-07-15,1405,0.016276703967446515,False,ونفت
2026-10-07,1680.0,1717.0,1680.0,1703.0,1703.0,23180007799.0,13609283.0,653.0,25545000000000.0,2.8,0.0,0.0,193138407.90833333,68978002.82440476,,,1405-07-15,1405,0.013690476190476142,False,وهامون
2026-10-07,5150.0,5150.0,4850.0,5000.0,4930.0,24925939900.0,4986928.0,156.0,4968740000000.0,0.822,-1047040000.0,-0.04200603885753572,281999435.483871,343166759.2592593,,,1405-07-15,1405,0.0,False,وهنر
2026-10-07,6090.0,6100.0,6090.0,6100.0,6100.0,6524207870.0,1069885.0,49.0,12517200000000.0,1.199,2378109400.0,0.3645054614116702,310776119.04761904,259261818.75,,,1405-07-15,1405,0.02866779089376048,False,ویسا
2026-10-07,11700.0,11840.0,11240.0,11280.0,11430.0,44687137580.0,3960941.0,250.0,27072000000000.0,0.278,0.0,0.0,496437938.6666667,1787176579.2,,,1405-07-15,1405,-0.025906735751295318,False,تاتمس
2026-10-07,41260.0,41260.0,41260.0,41260.0,41260.0,366171112240.0,8874724.0,1024.0,3940330000000000.0,2.925,168877180000.0,0.4611974411823962,1058676417.9141104,361912386.5297741,,,1405-07-15,1405,0.029955067398901747,False,تاصیکو
2026-10-07,2857.0,2858.0,2705.0,2813.0,2778.0,217653960776.0,77361164.0,989.0,28130000000000.0,1.158,8019086612.0,0.03684328363889916,770109606.0789474,664966447.9898648,,,1405-07-15,1405,0.013693693693693776,False,تاپکیش
2026-10-07,3620.0,3650.0,3600.0,3650.0,3650.0,228829278240.0,62718882.0,685.0,203670000000000.0,1.524,-9141417700.0,-0.039948636688056705,633916593.6046512,416066959.1503268,,,1405-07-15,1405,0.028169014084507005,False,تایرا
2026-10-07,23140.0,23140.0,22920.0,23140.0,23140.0,87187139920.0,3768358.0,525.0,51637007257420.0,0.63,347100000.0,0.0039810917105262,405580484.2790697,643353363.8518519,,,1405-07-15,1405,0.029817534490431674,False,تبرک
2026-10-07,7000.0,7210.0,6900.0,7060.0,6900.0,18271336290.0,2588524.0,103.0,6373196683620.0,1.343,0.0,0.0,522142269.7142857,388829349.787234,,,1405-07-15,1405,-0.007032348804500654,False,تشتاد
2026-10-07,1917.0,1917.0,1916.0,1917.0,1917.0,127459626461.0,66489633.0,216.0,57510000000000.0,19.826,88600776318.0,0.6951281655066673,6056376634.058824,305481414.0638298,,,1405-07-15,1405,0.029538131041890514,False,تفارس
2026-10-07,298200.0,298200.0,298200.0,293600.0,298200.0,248698800.0,834.0,2.0,3523200000000.0,2.0,0.0,0.0,244862400.0,122431200.0,,,1405-07-15,1405,0.004103967168262557,False,تفیرو
2026-10-07,27590.0,27590.0,27590.0,27590.0,27590.0,25100581890.0,909771.0,35.0,67942223226510.0,20.177,18347350000.0,0.7309531739305826,1780234717.2727273,88230849.28571428,,,1405-07-15,1405,0.011734506784011778,False,تپسی
2026-10-07,19210.0,19690.0,19060.0,19220.0,19130.0,14147278400.0,736214.0,137.0,2421143400000.0,1.051,0.0,0.0,362821361.025641,345122758.0487805,,,1405-07-15,1405,-0.021384928716904228,False,تپولا
2026-10-07,9170.0,9170.0,9170.0,9170.0,9170.0,2357267710.0,257063.0,24.0,13755000000000.0,6.333,0.0,0.0,785755903.3333334,124066721.57894737,,,1405-07-15,1405,0.029180695847362603,False,غشوکو
2026-10-07,36570.0,36590.0,35550.0,36310.0,36590.0,147135209010.0,4052109.0,692.0,61882253317630.0,1.061,13246795750.0,0.0900314468517164,817460862.3809525,770724404.5341614,,,1405-07-15,1405,0.021953278919223163,False,غفارس
2026-10-07,27430.0,27430.0,27430.0,27430.0,27430.0,156683232160.0,5712112.0,161.0,70604820000000.0,2.992,14144087490.0,0.09027186441722432,3055501327.894737,1021172970.6976744,,,1405-07-15,1405,0.029654654654654555,False,غمایه
2026-10-07,22810.0,22810.0,22810.0,22810.0,22810.0,29524055070.0,1294347.0,103.0,114050000000000.0,0.751,-13799365700.0,-0.4673939832208828,169890780.8333333,226257929.57142857,,,1405-07-15,1405,0.02979683972911973,False,غمهرا
2026-10-07,10110.0,10110.0,9620.0,9770.0,9700.0,231165010920.0,23661232.0,1548.0,68390000000000.0,0.693,-5107120950.0,-0.022092966966213747,347435863.4079174,501131616.44067794,,,1405-07-15,1405,-0.008121827411167515,False,غمینو
2026-10-07,19740.0,20130.0,18990.0,19920.0,20120.0,393250940810.0,19741747.0,1727.0,19920000000000.0,1.097,54614385120.0,0.1388792230414194,703498390.4114491,641365937.7272727,,,1405-07-15,1405,0.01892583120204594,False,غنوش
2026-10-07,5860.0,5860.0,5810.0,5860.0,5860.0,15242794760.0,2602486.0,112.0,2344000000000.0,1.351,410200000.0,0.026911075459497953,435730513.1428572,322616694.7826087,,,1405-07-15,1405,0.02987697715289972,False,غنیلی
2026-10-07,7590.0,7590.0,7590.0,7590.0,7590.0,40593308580.0,5348262.0,215.0,53130000000000.0,6.197,-12144000000.0,-0.299162606469167,1540894286.25,248637220.13513517,,,1405-07-15,1405,0.029850746268656803,False,غویتا
2026-10-07,4310.0,4310.0,4120.0,4170.0,4120.0,42633402080.0,10228311.0,386.0,15637500000000.0,0.76,-7779301800.0,-0.18246964634448895,274318229.29133856,361167092.5423729,,,1405-07-15,1405,-0.01650943396226412,False,غگرجی
2026-10-07,3340.0,3340.0,3270.0,3330.0,3280.0,423145942600.0,127229478.0,2776.0,8783600940000.0,0.578,119480253480.0,0.28236180818811424,378351433.9659803,654726346.1339093,,,1405-07-15,1405,0.024615384615384706,False,غگز
2026-10-07,7710.0,7710.0,7600.0,7710.0,7710.0,369939945530.0,47997768.0,1343.0,115650000000000.0,0.968,-36082800000.0,-0.09753691223667517,775810863.2664757,801150891.0704961,,,1405-07-15,1405,0.029372496662216196,False,غگل
2026-10-07,19550.0,19550.0,19550.0,19550.0,19550.0,28798127500.0,1473050.0,89.0,21798250000000.0,25.441,20591428500.0,0.7150266453956078,3599765937.5,141494810.3448276,,,1405-07-15,1405,0.029489204844655115,False,غگلستا
2026-10-07,28690.0,28740.0,28150.0,28570.0,28740.0,99555943700.0,3484206.0,281.0,33712600000000.0,0.53,-30118065450.0,-0.3025240315209829,408847556.6,771769794.673913,,,1405-07-15,1405,0.02364743819419557,False,غگلپا
2026-10-07,45240.0,45240.0,42650.0,43930.0,44190.0,198256856090.0,4513047.0,1679.0,43930000000000.0,1.189,-41575264140.0,-0.20970404232137443,322932282.5974026,271528957.34860885,,,1405-07-15,1405,0.0,False,غگیلا
2026-10-07,15820.0,16050.0,15600.0,15800.0,15740.0,108715895390.0,6880526.0,1502.0,31600000000000.0,3.462,24768001000.0,0.22782317996047366,342702307.7922078,99000379.65686277,,,1405-07-15,1405,0.012820512820512775,False,شاروم
2026-10-07,46360.0,46360.0,46360.0,46360.0,46360.0,188183770240.0,4059184.0,331.0,231800000000000.0,7.534,31665363520.0,0.16826830220063935,1464009062.857143,194310213.3333333,,,1405-07-15,1405,0.029993334814485628,False,شاملا
2026-10-07,16970.0,16970.0,16910.0,16970.0,16970.0,229628751140.0,13533063.0,830.0,169700000000000.0,0.888,59488335000.0,0.259063095124927,762977007.0099667,859433051.0606061,,,1405-07-15,1405,0.029733009708737823,False,شبصیر
2026-10-07,14850.0,15080.0,14220.0,14490.0,15080.0,1278618257640.0,88247121.0,3430.0,24814125000000.0,1.218,25185344310.0,0.019697313220355277,2167024277.9469028,1779203817.106825,,,1405-07-15,1405,-0.010921501706484649,False,شتوکا
2026-10-07,13500.0,13500.0,13500.0,13500.0,13500.0,116777403000.0,8650178.0,243.0,122850000000000.0,23.95,100959210000.0,0.8645440590933504,2824405342.105263,117929500.0,,,1405-07-15,1405,0.029748283752860427,False,شجم
2026-10-07,3188.0,3188.0,3188.0,3188.0,3188.0,28548182944.0,8954888.0,110.0,36343200000000.0,20.806,15589677056.0,0.5460829884192856,2302605454.5454545,110670260.72727272,,,1405-07-15,1405,0.029715762273901714,False,شپارس
2026-10-07,52900.0,52910.0,51780.0,52860.0,52910.0,235470933610.0,4454944.0,530.0,126864000000000.0,2.644,13045848000.0,0.05540322026160246,1274409291.4285717,482043053.1645569,,,1405-07-15,1405,0.029005255985984135,False,شپاس
2026-10-07,5820.0,5860.0,5700.0,5830.0,5860.0,749287000350.0,128448863.0,1835.0,162935242580000.0,1.458,48156849400.0,0.06427023207062904,2084822172.6478872,1429659136.1363635,,,1405-07-15,1405,0.024604569420035194,False,شپلی
2026-10-07,80810.0,80810.0,80810.0,80810.0,80810.0,29324251990.0,362879.0,62.0,282835000000000.0,13.252,25940010000.0,0.8845923847894201,1724955999.4117649,130163153.46153846,,,1405-07-15,1405,0.029951567677797497,False,کخاک
2026-10-07,91400.0,91400.0,88630.0,89770.0,89590.0,138984739780.0,1548202.0,832.0,22442500000000.0,1.061,4257611560.0,0.030633662132543513,485144073.7762238,457461202.5170068,,,1405-07-15,1405,0.011151160171209762,False,کدما
2026-10-07,10100.0,10100.0,10000.0,10100.0,10100.0,236949463100.0,23460349.0,814.0,25250000000000.0,6.527,113016172000.0,0.47696319089064015,2723557757.4712644,417284016.49831647,,,1405-07-15,1405,0.029561671763506547,False,کربن
2026-10-07,28690.0,28910.0,27640.0,28510.0,28910.0,466402015890.0,16361036.0,1275.0,595653385880000.0,0.791,-122897657860.0,-0.2635015580399746,565881082.6829269,715792698.3294663,,,1405-07-15,1405,0.015675097969362284,False,کرماشا
2026-10-07,36820.0,36820.0,35840.0,36800.0,36820.0,83993788140.0,2282712.0,325.0,92000000000000.0,0.462,-32688851200.0,-0.38918177074612414,486567760.0,1053151058.8235294,,,1405-07-15,1405,0.029370629370629286,False,کساوه
2026-10-07,17390.0,17390.0,17150.0,17360.0,17390.0,106864400240.0,6154692.0,366.0,17034485348160.0,0.895,-15849107120.0,-0.1483104484225382,799842767.8431373,893881371.0091743,,,1405-07-15,1405,0.027827116637063387,False,کسرام
2026-10-07,144900.0,145400.0,142800.0,144800.0,145000.0,11513561700.0,79488.0,103.0,12163200000000.0,1.689,382272000.0,0.03320188921209325,383662080.0,227093681.63265303,,,1405-07-15,1405,0.025495750708215192,False,کشرق
2026-10-07,8120.0,8120.0,7780.0,7960.0,7830.0,26772272040.0,3361566.0,158.0,18339840000000.0,0.842,0.0,0.0,352079807.368421,418094771.25,,,1405-07-15,1405,0.003783102143757988,False,کصدف
2026-10-07,24420.0,24420.0,24420.0,24420.0,24420.0,161907359460.0,6630113.0,175.0,47619000000000.0,0.816,34157987820.0,0.21097242234031305,2244237447.692308,2751411982.0,,,1405-07-15,1405,0.02994517081400261,False,کطبس
2026-10-07,5030.0,5030.0,5030.0,5030.0,5030.0,48206674960.0,9583832.0,110.0,99177795165000.0,3.462,7474580000.0,0.1550528014264023,1648841664.7619047,476334999.2982456,,,1405-07-15,1405,0.02862985685071573,False,کفرا
2026-10-07,7080.0,7080.0,7080.0,7080.0,7080.0,12427764720.0,1755334.0,128.0,17700000000000.0,16.429,0.0,0.0,1775394960.0,108067519.30434784,,,1405-07-15,1405,0.029069767441860517,False,کفپارس
2026-10-07,8060.0,8210.0,7980.0,8130.0,8210.0,195677722440.0,24059657.0,676.0,178860000000000.0,0.64,-65208177180.0,-0.333242723631938,366802238.493976,573169767.1363636,,,1405-07-15,1405,0.018796992481203034,False,حتاید
2026-10-07,2772.0,2773.0,2717.0,2773.0,2773.0,60165635118.0,21697674.0,265.0,16457755000000.0,2.841,10933939000.0,0.18173063375057513,956577500.0333332,336671818.85507244,,,1405-07-15,1405,0.029706646862235342,False,حتوکا
2026-10-07,13940.0,13940.0,13140.0,13340.0,13700.0,912951375070.0,68428413.0,2603.0,200100000000000.0,0.664,-78544492620.0,-0.08603359912128689,748810194.3195267,1128549904.2857144,,,1405-07-15,1405,-0.01477104874446089,False,حخزر
2026-10-07,29090.0,29590.0,28510.0,28700.0,28510.0,20734906310.0,722584.0,71.0,5740000000000.0,0.882,-861000000.0,-0.041524180872944585,795086432.0,901659165.2173913,,,1405-07-15,1405,-0.013406668958404921,False,حرهشا
2026-10-07,2945.0,2946.0,2882.0,2919.0,2929.0,37913567904.0,12986684.0,328.0,14799330000000.0,1.645,5546100000.0,0.1462827242754663,403277985.0638297,245166898.45454547,,,1405-07-15,1405,0.0192039106145252,False,حریل
2026-10-07,18300.0,19260.0,18210.0,18820.0,19260.0,384245611060.0,20413067.0,1705.0,169288120760000.0,0.896,-47006751640.0,-0.12233516867069665,628606507.0783848,701914619.6396396,,,1405-07-15,1405,0.0064171122994651775,False,حسینا
2026-10-07,9900.0,9900.0,9630.0,9630.0,9630.0,750675141290.0,77912741.0,1590.0,190186134570000.0,0.378,-415541847690.0,-0.5535574908953437,699226571.7226892,1847836286.0,,,1405-07-15,1405,-0.029233870967741882,False,حفارس
2026-10-07,8750.0,8750.0,8550.0,8720.0,8750.0,1077941859550.0,123628726.0,3095.0,1011520000000000.0,0.525,-438579594000.0,-0.4068675783525935,464966903.3001108,884994544.0,,,1405-07-15,1405,0.025882352941176467,False,حکشتی
2026-10-07,2324.0,2324.0,2229.0,2318.0,2270.0,47121411032.0,20326706.0,252.0,4126040000000.0,1.5,0.0,0.0,812367319.1034483,541578212.7356322,,,1405-07-15,1405,0.027027027027026973,False,حگردش
2026-10-07,2970.0,2970.0,2872.0,2906.0,2880.0,28745127420.0,9891783.0,205.0,63815760000000.0,0.409,-12055137066.0,-0.41938019233174095,259321054.6229508,633493668.1363636,,,1405-07-15,1405,-0.006155950752393946,False,حگهر
2026-10-07,32700.0,32700.0,31100.0,32190.0,31750.0,4449277600.0,136654.0,31.0,9657000000000.0,1.958,-446153400.0,-0.10027546943800494,373379857.5,190732903.3333333,,,1405-07-15,1405,0.013858267716535533,False,خبازرس
2026-10-07,10760.0,10760.0,10760.0,10760.0,10760.0,180859320120.0,16808487.0,196.0,58104000000000.0,29.798,159248000000.0,0.8805075673973511,3651028698.2608695,122525635.49295774,,,1405-07-15,1405,0.02966507177033484,False,فرود
2026-10-07,4190.0,4190.0,4070.0,4170.0,4190.0,132000106970.0,31636495.0,707.0,37262286000000.0,0.931,5071800030.0,0.03842269636306189,727215515.4696132,781198816.4814816,,,1405-07-15,1405,0.024570024570024662,False,فروس
2026-10-07,16620.0,16620.0,16490.0,16610.0,16620.0,54696103010.0,3291988.0,209.0,26576000000000.0,7.859,36990752370.0,0.6762959394609346,1744688145.483871,222007534.2857143,,,1405-07-15,1405,0.029120198265179642,False,فروسیل
2026-10-07,2040.0,2087.0,2032.0,2036.0,2032.0,113606286116.0,55803227.0,903.0,40312800000000.0,0.299,0.0,0.0,222339276.2661448,742584118.7712418,,,1405-07-15,1405,-0.02769818529130852,False,فروژ
2026-10-07,383100.0,383100.0,382700.0,383100.0,383100.0,15151113786900.0,39549073.0,41388.0,2068740000000000.0,0.387,2075199449100.0,0.1369667918997655,1026336563.9223948,2651098865.478548,,,1405-07-15,1405,0.029838709677419306,False,فزر
2026-10-07,927.0,927.0,927.0,927.0,927.0,1303815303.0,1406489.0,21.0,3231522000000.0,5.333,0.0,0.0,434605101.0,81488456.4375,,,1405-07-15,1405,0.01980198019801982,False,فسا
2026-10-07,93600.0,93600.0,93600.0,93600.0,93600.0,467723599200.0,4997047.0,634.0,374400000000000.0,24.08,389282400000.0,0.8322915513902511,3807259642.105263,158110244.5229682,,,1405-07-15,1405,0.029929577464788748,False,فسبزوار
2026-10-07,153800.0,153800.0,148200.0,149000.0,148200.0,42067511600.0,282271.0,175.0,14572200000000.0,0.447,0.0,0.0,553399723.6842105,1237011147.058823,,,1405-07-15,1405,-0.024230517354289494,False,فسدید
2026-10-07,30780.0,30780.0,30780.0,30780.0,30780.0,40458924900.0,1314455.0,126.0,73872000000000.0,8.7,9234000000.0,0.22823147235926677,2889923207.142857,332180052.1276596,,,1405-07-15,1405,0.029775844764135195,False,فسوژ
2026-10-07,12010.0,12400.0,12010.0,12140.0,12050.0,47426487710.0,3906591.0,248.0,4649620000000.0,0.754,0.0,0.0,687333546.9565217,912038745.0,,,1405-07-15,1405,-0.01380991064175463,False,فکمند
2026-10-07,4830.0,4850.0,4710.0,4810.0,4760.0,274162928300.0,56948134.0,1438.0,35353500000000.0,0.656,-43615906360.0,-0.15908754196071956,541681478.190709,826054925.046729,,,1405-07-15,1405,0.02123142250530785,False,ختور
2026-10-07,6070.0,6070.0,5900.0,6020.0,6010.0,123488601630.0,20517802.0,886.0,37331898240000.0,0.969,-28382289320.0,-0.2298373205734389,357541198.59922177,368927537.9141104,,,1405-07-15,1405,0.02033898305084736,False,ختوقا
2026-10-07,55050.0,55050.0,55050.0,55050.0,55050.0,263997174450.0,4795589.0,490.0,660600000000000.0,3.489,36333000000.0,0.13762647299424532,1955291092.3728812,560490598.9361702,,,1405-07-15,1405,0.029934518241347075,False,خراسان
2026-10-07,22000.0,22000.0,22000.0,22000.0,22000.0,51647860000.0,2347630.0,122.0,22000000000000.0,5.147,22000000000.0,0.4259615015994854,2347630000.0,456120923.0769231,,,1405-07-15,1405,0.029962546816479474,False,خرینگ
2026-10-07,3430.0,3440.0,3250.0,3360.0,3320.0,77224232620.0,22984358.0,652.0,18068164800000.0,1.09,0.0,0.0,436313236.6101695,400142191.0880829,,,1405-07-15,1405,0.0029850746268655914,False,خشرق
2026-10-07,6930.0,6990.0,6640.0,6700.0,6660.0,11450770040.0,1708640.0,73.0,9383658200000.0,0.882,0.0,0.0,336702588.2352941,381596266.6666666,,,1405-07-15,1405,-0.020467836257309968,False,خعمرا
2026-10-07,25180.0,25720.0,25040.0,25370.0,25480.0,10959365740.0,431901.0,93.0,2537000000000.0,1.055,-1514259190.0,-0.13817033083157237,262554130.0,248922180.0,,,1405-07-15,1405,-0.009371339320577876,False,خفناور
2026-10-07,15720.0,15720.0,15600.0,15720.0,15720.0,47281584010.0,3008558.0,208.0,4558800000000.0,1.119,0.0,0.0,705888533.7313433,630593756.8,,,1405-07-15,1405,0.02946954813359537,False,خفولا
2026-10-07,6130.0,6400.0,6070.0,6160.0,6080.0,157456782010.0,25542769.0,1035.0,34296075228800.0,0.913,-15814882160.0,-0.10043951081761346,478775570.4827586,524270500.3389831,,,1405-07-15,1405,-0.014399999999999968,False,خپویش
2026-10-07,25780.0,25780.0,25750.0,25780.0,25780.0,49765609260.0,1930402.0,172.0,24545002629220.0,2.266,19710279460.0,0.39606225570401066,1309625356.8421052,577990078.8461539,,,1405-07-15,1405,0.029964043148222208,False,خچرخش
2026-10-07,23140.0,23140.0,23140.0,23140.0,23140.0,41698511400.0,1802010.0,91.0,20826000000000.0,1.397,27768000000.0,0.665923052591273,1389950380.0,995036528.5714284,,,1405-07-15,1405,0.029817534490431674,False,لخانه
2026-10-07,4890.0,4890.0,4760.0,4820.0,4770.0,60834491030.0,12628086.0,488.0,48200000000000.0,0.618,9147747860.0,0.15037107576833128,363938019.8795181,589263947.5862069,,,1405-07-15,1405,0.0020790020790020236,False,لخزر
2026-10-07,6590.0,6640.0,6450.0,6620.0,6640.0,55185933060.0,8339405.0,254.0,9380540000000.0,0.966,-585333780.0,-0.010606575762044386,619584736.2790698,641305013.0952381,,,1405-07-15,1405,0.02635658914728678,False,لسرما
2026-10-07,4410.0,4410.0,4410.0,4410.0,4410.0,16467526530.0,3734133.0,293.0,27336086190000.0,72.725,8380539090.0,0.508913046214476,2352503790.0,32347949.76,,,1405-07-15,1405,0.027972027972027913,False,لطیف
2026-10-07,3900.0,3960.0,3840.0,3890.0,3910.0,18264534270.0,4690326.0,143.0,58350000000000.0,0.373,-12863669840.0,-0.7042977198235452,142387909.69696972,381792844.7826087,,,1405-07-15,1405,0.010389610389610393,False,ما
2026-10-07,30590.0,30600.0,29320.0,29870.0,30030.0,940862992390.0,31493531.0,3558.0,1941550000000000.0,0.454,-224157144880.0,-0.23824631927608428,537188993.9334341,1182120550.7551022,,,1405-07-15,1405,-0.009943652635067912,False,مارون
2026-10-07,19810.0,19810.0,19810.0,19810.0,19810.0,221897614330.0,11201293.0,525.0,178290000000000.0,4.148,6477870000.0,0.029193058337104474,2818403018.7323947,679399102.9122808,,,1405-07-15,1405,0.029625779625779725,False,محتشم
2026-10-07,9580.0,9580.0,9100.0,9410.0,9510.0,7131143070.0,758067.0,110.0,54578000000000.0,0.895,-1629294450.0,-0.22847591669479714,130320501.5,145576904.4680851,,,1405-07-15,1405,0.01074113856068748,False,مداران
2026-10-07,5270.0,5270.0,5070.0,5230.0,5270.0,21362445410.0,4084882.0,509.0,19612500000000.0,7.277,6843690350.0,0.3203608116323795,277048929.46666664,38073714.09836066,,,1405-07-15,1405,0.021484375,False,مدیریت
2026-10-07,3432.0,3432.0,3234.0,3331.0,3234.0,74276394797.0,22298463.0,242.0,4996500000000.0,0.6,0.0,0.0,645879828.2869565,1076466380.4782608,,,1405-07-15,1405,-0.0006000600060005468,False,معیار
2026-10-07,3400.0,3590.0,3400.0,3490.0,3520.0,271435501490.0,77830353.0,1400.0,80270000000000.0,4.738,160156079060.0,0.590033647702124,1200082508.7946427,253292314.4755245,,,1405-07-15,1405,0.0,False,معین
2026-10-07,15270.0,15270.0,15270.0,15270.0,15270.0,9509392500.0,622750.0,70.0,12810011505390.0,9.19,1527000000.0,0.16057808109193095,1358484642.8571427,147822083.3333333,,,1405-07-15,1405,0.029669588671611624,False,مفاخر
2026-10-07,7120.0,7120.0,7120.0,7120.0,7120.0,50893183280.0,7147919.0,259.0,218279362960880.0,1.422,24208000000.0,0.47566291671743904,431298163.38983047,303240719.0909091,,,1405-07-15,1405,0.028901734104046284,False,ملت
2026-10-07,17560.0,17560.0,17560.0,17560.0,17560.0,2233719800.0,127205.0,10.0,24408400000000.0,4.58,526800000.0,0.2358397861719272,1116859900.0,243845685.7142857,,,1405-07-15,1405,0.029912023460410664,False,ممسنی
2026-10-07,9930.0,9930.0,9930.0,9930.0,9930.0,36064389660.0,3631862.0,96.0,17874000000000.0,63.263,32073900000.0,0.8893509720358318,4007154406.666667,63341105.71428571,,,1405-07-15,1405,0.02901554404145079,False,ثتران
2026-10-07,15740.0,15910.0,15210.0,15560.0,15580.0,23392558480.0,1503716.0,196.0,3890000000000.0,1.027,0.0,0.0,311970946.1333333,303867804.6753246,,,1405-07-15,1405,-0.007019783024888371,False,ثتوسا
2026-10-07,18510.0,18900.0,18240.0,18880.0,18900.0,189529763870.0,10036765.0,598.0,26432000000000.0,0.913,-25676800.0,-0.00013547634669988786,622363295.652174,681788828.5714285,,,1405-07-15,1405,0.028882833787466033,False,ثجنوب
2026-10-07,2252.0,2373.0,2241.0,2272.0,2290.0,3184469848.0,1401458.0,48.0,24544450080000.0,1.455,0.0,0.0,144732389.8181818,99503518.0,,,1405-07-15,1405,-0.014316702819956562,False,ثجوان
2026-10-07,6110.0,6220.0,6000.0,6180.0,6220.0,86018452170.0,13910027.0,370.0,12360000000000.0,1.505,-30900000.0,-0.0003592252501699485,1010977257.1764704,671593491.09375,,,1405-07-15,1405,0.023178807947019875,False,ثرود
2026-10-07,109300.0,109300.0,107300.0,108000.0,107400.0,30876618600.0,285800.0,270.0,7128000000000.0,0.92,0.0,0.0,350754545.45454544,381066666.6666666,,,1405-07-15,1405,-0.0036900369003689537,False,ثزاگرس
2026-10-07,11920.0,11960.0,11700.0,11960.0,11960.0,383451736150.0,32070949.0,1581.0,75233327520000.0,0.962,-94094020280.0,-0.24538686726193873,631306855.8333333,656204976.744186,,,1405-07-15,1405,0.029259896729776358,False,ثشاهد
2026-10-07,53890.0,53890.0,50810.0,50980.0,50810.0,1571788300.0,30830.0,16.0,7211985620800.0,0.417,0.0,0.0,130976116.66666666,314342680.0,,,1405-07-15,1405,-0.026727758686521552,False,ثعتما
2026-10-07,15270.0,15290.0,15050.0,15180.0,15170.0,17387347790.0,1145089.0,205.0,19734000000000.0,1.731,278416380.0,0.016012584746255887,515709128.0,297899165.88235295,,,1405-07-15,1405,0.021534320323014722,False,ثعمرا
2026-10-07,2676.0,2697.0,2586.0,2607.0,2586.0,31412780017.0,12050505.0,267.0,9124500000000.0,0.614,-3389152140.0,-0.10789086919928308,301360369.83870965,490869789.609375,,,1405-07-15,1405,-0.021763602251407166,False,ثقزوی
2026-10-07,2494.0,2494.0,2373.0,2460.0,2494.0,5971176859.0,2394501.0,38.0,8145952114080.0,3.222,0.0,0.0,654496940.0,203119740.0,,,1405-07-15,1405,0.015689512799339278,False,ثنام
2026-10-07,84380.0,84380.0,83500.0,84370.0,84380.0,60411634020.0,716053.0,115.0,6288126473200.0,1.618,-20320177020.0,-0.3363619830788348,2746613430.0,1697762169.9999998,,,1405-07-15,1405,0.029781520810447937,False,ثنظام
2026-10-07,7340.0,7450.0,7340.0,7410.0,7450.0,13148043870.0,1774335.0,101.0,8895601260000.0,2.409,0.0,0.0,597628288.6363636,248072119.81132072,,,1405-07-15,1405,0.023480662983425438,False,ثنور
2026-10-07,4400.0,4570.0,4350.0,4500.0,4530.0,114285262890.0,25393064.0,764.0,20250000000000.0,1.162,0.0,0.0,577115090.9090909,496820817.3913043,,,1405-07-15,1405,0.013513513513513598,False,ثپردیس
2026-10-07,1740.0,1793.0,1736.0,1738.0,1736.0,11340630322.0,6524074.0,87.0,34676589780602.0,0.682,0.0,0.0,515401846.0,755922707.4666667,,,1405-07-15,1405,-0.028507546115148164,False,خلیبل
2026-10-07,6380.0,6420.0,6240.0,6400.0,6420.0,103757164290.0,16218717.0,786.0,36698169600000.0,1.53,1280000000.0,0.012336497520522204,469682302.2624434,306945475.4491018,,,1405-07-15,1405,0.02564102564102555,False,خمحرکه
2026-10-07,5800.0,5860.0,5690.0,5830.0,5860.0,19395900740.0,3325763.0,149.0,36877192770000.0,0.744,-14279139160.0,-0.7361936602692678,182502111.7857143,245432889.74683544,,,1405-07-15,1405,0.024604569420035194,False,خمحور
2026-10-07,4920.0,4930.0,4750.0,4840.0,4800.0,94929322360.0,19612168.0,843.0,12584000000000.0,0.591,-48400000.0,-0.000509853002178325,310047363.1372549,524435873.5911602,,,1405-07-15,1405,0.010438413361169019,False,خنصیر
2026-10-07,9170.0,9170.0,9170.0,9170.0,9170.0,68821345180.0,7505054.0,294.0,57312500000000.0,20.674,46296285560.0,0.6727024215948346,2294044839.333333,110960884.8275862,,,1405-07-15,1405,0.029180695847362603,False,خنور
2026-10-07,18170.0,18170.0,17710.0,17970.0,17820.0,211628589810.0,11773899.0,750.0,179700000000000.0,0.762,-53589666780.0,-0.25322508092178264,616847827.7227722,809967854.4545455,,,1405-07-15,1405,0.018130311614730887,False,خودکفا
2026-10-07,20880.0,20910.0,20230.0,20880.0,20910.0,32924038710.0,1577097.0,182.0,23383015515360.0,1.965,835200000.0,0.025367483234865873,700633731.0638298,356606503.99999994,,,1405-07-15,1405,0.028064992614475592,False,خوساز
2026-10-07,12100.0,12100.0,11760.0,11910.0,11920.0,206718209950.0,17358013.0,1710.0,59550000000000.0,0.514,-48698846640.0,-0.23558082595519303,205507266.8270481,399872214.37137336,,,1405-07-15,1405,0.013617021276595809,False,خکرمان
2026-10-07,70810.0,72790.0,70810.0,72640.0,72380.0,369192174600.0,5082296.0,1146.0,130752000000000.0,0.595,-8701255040.0,-0.023568362599850186,810382378.4455959,1362325648.8135593,,,1405-07-15,1405,0.027876043582849785,False,دابور
2026-10-07,3900.0,3940.0,3800.0,3940.0,3940.0,182058897020.0,46217636.0,567.0,47280000000000.0,28.173,161540000000.0,0.8872952799568707,2529131747.7777777,89770680.52401747,,,1405-07-15,1405,0.02872062663185382,False,داتام
2026-10-07,15750.0,15810.0,15370.0,15700.0,15810.0,162404696910.0,10343483.0,891.0,57148486684300.0,1.193,8170970800.0,0.05031240447761259,589023458.227848,493574044.1860465,,,1405-07-15,1405,0.0228013029315961,False,زبینا
2026-10-07,9630.0,10000.0,9630.0,9770.0,9640.0,46422361490.0,4750836.0,393.0,41034000000000.0,0.5,-14786093860.0,-0.31851231573355276,194411672.4637681,388924342.6168224,,,1405-07-15,1405,0.002051282051282133,False,زدشت
2026-10-07,19000.0,19320.0,18500.0,18970.0,19010.0,42574735710.0,2244901.0,335.0,45618809390000.0,0.736,-10757223050.0,-0.2526668191970322,240419618.8034188,326775785.2941176,,,1405-07-15,1405,0.010655301012253648,False,زشریف
2026-10-07,34870.0,35650.0,34400.0,34940.0,34900.0,130872922890.0,3745927.0,899.0,33542400000000.0,0.529,-28378407760.0,-0.2168394128696303,296101776.8553459,559537775.3424658,,,1405-07-15,1405,0.005757052389176787,False,زشگزا
2026-10-07,24930.0,25990.0,24890.0,25240.0,25290.0,143670810840.0,5692899.0,1607.0,36313044943200.0,3.246,32949179400.0,0.22933802076675186,326346354.08219177,100545204.01400232,,,1405-07-15,1405,-0.0011871784724970524,False,زفارس
2026-10-07,55240.0,56260.0,55240.0,56230.0,56240.0,107089249900.0,1904586.0,728.0,50607000000000.0,1.916,18253776210.0,0.17045386186797823,493810757.4509804,257761307.21875003,,,1405-07-15,1405,0.02928793703093535,False,زفجر
2026-10-07,11110.0,11280.0,10980.0,11050.0,11020.0,243035198210.0,21985447.0,1589.0,76212725823000.0,1.447,130806905450.0,0.538222061715412,769249159.0425532,531613317.28395057,,,1405-07-15,1405,0.0036330608537693543,False,زقیام
2026-10-07,13530.0,13530.0,12890.0,13020.0,12980.0,254477994170.0,19540341.0,1883.0,14712600000000.0,0.388,-6890848020.0,-0.027078365036926053,378915528.4969325,976706817.6923076,,,1405-07-15,1405,-0.01957831325301207,False,زماهان
2026-10-07,114000.0,114000.0,107800.0,113700.0,114000.0,215038865800.0,1890880.0,599.0,34110000000000.0,0.306,-64933046700.0,-0.3019595851123579,173699760.7142857,568027332.8571428,,,1405-07-15,1405,0.027100271002709952,False,زمگسا
2026-10-07,2902.0,2902.0,2902.0,2902.0,2902.0,9592769944.0,3305572.0,67.0,25392500000000.0,7.521,4142906808.0,0.4318780531780884,872069994.909091,115954534.80851065,,,1405-07-15,1405,0.029808374733853782,False,زنجان
2026-10-07,9640.0,9640.0,9550.0,9640.0,9640.0,347364542960.0,36037128.0,613.0,14141899280000.0,0.759,20065197280.0,0.0577640916053731,1571936262.081448,2071726054.6835444,,,1405-07-15,1405,0.029914529914529808,False,زنگان
2026-10-07,50890.0,50900.0,47990.0,48260.0,47990.0,258724755630.0,5360568.0,1362.0,67339108400000.0,0.464,-15308313300.0,-0.059168336105773676,440742434.5155393,949608981.4074074,,,1405-07-15,1405,-0.02445926824337985,False,زپارس
2026-10-07,15820.0,15820.0,14950.0,15190.0,15000.0,217538185910.0,14319566.0,1262.0,36456000000000.0,0.54,-22405751270.0,-0.1029968654756996,431734203.2972973,798892133.7280701,,,1405-07-15,1405,-0.014276443867618394,False,زکشت
2026-10-07,103410.0,103410.0,103410.0,103410.0,103410.0,33193989540.0,320994.0,126.0,284377500000000.0,33.268,15669820710.0,0.4720680137323439,2654121060.0,79779309.02912621,,,1405-07-15,1405,0.029980079681274807,False,زکوثر
2026-10-07,11510.0,11890.0,11510.0,11860.0,11810.0,196501362760.0,16564156.0,584.0,66416000000000.0,1.43,12222607640.0,0.062201134222810824,854264174.8514853,597242532.4193548,,,1405-07-15,1405,0.026839826839826886,False,زگلدشت
2026-10-07,82740.0,82790.0,80990.0,82780.0,82790.0,208153895120.0,2514693.0,497.0,244970943733520.0,0.833,-123571086700.0,-0.593652531117718,439067001.3636363,527269500.95940965,,,1405-07-15,1405,0.02985817367504362,False,سآبیک
2026-10-07,31450.0,31450.0,29630.0,30200.0,29630.0,35378533530.0,1171425.0,206.0,6885600000000.0,0.814,-900564000.0,-0.025455096923006917,405605541.1764706,498268098.5915493,,,1405-07-15,1405,-0.01113294040602486,False,ساذری
2026-10-07,3270.0,3270.0,3090.0,3220.0,3260.0,148493094120.0,46099685.0,606.0,38640000000000.0,1.019,-57331288560.0,-0.3860872379268327,730535549.4230769,716704224.1935483,,,1405-07-15,1405,0.012578616352201255,False,وتعاون
2026-10-07,7770.0,7780.0,7450.0,7660.0,7750.0,19126810400.0,2497225.0,345.0,24512000000000.0,1.096,-3393755340.0,-0.17743446340640256,220735347.5,201388707.81609195,,,1405-07-15,1405,0.011889035667107084,False,وتوس
2026-10-07,4400.0,4470.0,4400.0,4460.0,4460.0,64278039750.0,14399960.0,487.0,115960000000000.0,1.051,3138881100.0,0.048832869082632534,562975628.0701754,535441583.3333334,,,1405-07-15,1405,0.02764976958525356,False,وتوسم
2026-10-07,1720.0,1722.0,1648.0,1701.0,1722.0,17871684987.0,10506241.0,78.0,34020000000000.0,2.799,680400000.0,0.03807139620550207,1374701226.2307692,491163312.6,,,1405-07-15,1405,0.01734449760765555,False,وتوسکا
2026-10-07,8990.0,8990.0,8730.0,8850.0,8810.0,25363901390.0,2864803.0,185.0,88500000000000.0,0.753,-2694081600.0,-0.1062171610973922,321972520.4545455,427576213.39285713,,,1405-07-15,1405,0.006825938566553003,False,وتوشه
2026-10-07,3110.0,3190.0,3070.0,3180.0,3190.0,91206815940.0,28720819.0,850.0,111300000000000.0,1.09,2405463300.0,0.02637372300752636,387175379.74025977,355232854.7755102,,,1405-07-15,1405,0.02580645161290329,False,وتوصا
2026-10-07,5300.0,5350.0,5140.0,5210.0,5260.0,10299556290.0,1977945.0,106.0,5758560900000.0,1.214,0.0,0.0,245359367.85714287,202060655.88235292,,,1405-07-15,1405,-0.015122873345935761,False,وثخوز
2026-10-07,6980.0,6980.0,6980.0,6980.0,6980.0,132418480420.0,18971129.0,176.0,23034000000000.0,3.279,51652000000.0,0.390066400370795,6969393706.31579,2125433695.2631576,,,1405-07-15,1405,0.029498525073746285,False,وثنو
2026-10-07,46790.0,48170.0,46790.0,47800.0,48170.0,65275471550.0,1365737.0,199.0,15296000000000.0,2.279,21018424800.0,0.3219957558468224,1588011600.0,696754740.9836066,,,1405-07-15,1405,0.022022664100919354,False,وثوق
2026-10-07,2999.0,3000.0,2930.0,2965.0,2981.0,8082967429.0,2726030.0,101.0,14825000000000.0,1.571,-1531256460.0,-0.18944236426169075,382412793.5294117,243402240.9090909,,,1405-07-15,1405,0.011945392491467643,False,وجامی
2026-10-07,2510.0,2510.0,2427.0,2460.0,2459.0,88994349824.0,36179392.0,390.0,20910000000000.0,0.832,0.0,0.0,747910120.3361344,899003073.9393939,,,1405-07-15,1405,0.0069586573884568015,False,وحافظ
2026-10-07,5800.0,5880.0,5710.0,5840.0,5880.0,18163202250.0,3107951.0,87.0,7884000000000.0,2.0,0.0,0.0,955285991.5789474,477642995.7894737,,,1405-07-15,1405,0.022767075306479923,False,ودانا
2026-10-07,7070.0,7330.0,7070.0,7320.0,7330.0,39707168800.0,5424823.0,170.0,146400000000000.0,3.481,28527957840.0,0.7184586235219067,610071217.5,175276668.0,,,1405-07-15,1405,0.028089887640449396,False,ودی
2026-10-07,8600.0,8600.0,8160.0,8260.0,8170.0,109271281930.0,13224957.0,766.0,21723800000000.0,0.51,-7081859680.0,-0.0648098892491871,403779783.1620554,791580759.5652174,,,1405-07-15,1405,-0.017835909631391256,False,ثنوسا
2026-10-07,378800.0,378800.0,378800.0,378800.0,378800.0,329416980400.0,869633.0,697.0,757600000000000.0,12.169,221976800000.0,0.6738474735894338,3707967358.823529,304696771.7171717,,,1405-07-15,1405,0.029907558455682492,False,جم پیلن
2026-10-07,81900.0,82290.0,79270.0,81130.0,81050.0,526202553890.0,6485696.0,1177.0,1460340000000000.0,0.5,-308168816410.0,-0.585646751677342,803405510.1333333,1608339000.625,,,1405-07-15,1405,-0.0012310722639419236,False,جم
2026-10-07,673.0,673.0,673.0,673.0,673.0,562323131.0,835547.0,23.0,2229649000000.0,19.0,0.0,0.0,562323131.0,29595954.263157893,,,1405-07-15,1405,0.01969696969696977,False,جهرم
2026-10-07,6940.0,6940.0,6700.0,6800.0,6850.0,71462299020.0,10505015.0,427.0,101391264000000.0,1.001,-8322730800.0,-0.1164632388564876,522828297.1428572,522476876.03305787,,,1405-07-15,1405,0.0,False,جوین
2026-10-07,4580.0,4640.0,4520.0,4570.0,4540.0,15019804510.0,3287351.0,222.0,17366000000000.0,0.977,-660808290.0,-0.043995798318150016,161375121.12359548,165090044.7252747,,,1405-07-15,1405,-0.0021834061135370675,False,حآسا
2026-10-07,10740.0,10740.0,10680.0,10730.0,10740.0,46048818290.0,4290552.0,97.0,32190000000000.0,0.304,-31571340390.0,-0.6856058757289774,482209419.00000006,1587504240.0,,,1405-07-15,1405,0.028763183125599223,False,حبندر
2026-10-07,23380.0,23380.0,22310.0,22730.0,23090.0,38544571800.0,1696033.0,174.0,43187000000000.0,0.312,-23832586840.0,-0.6183124037195816,181925237.5,583927467.5806452,,,1405-07-15,1405,-0.0030701754385964453,False,حپارسا
2026-10-07,18140.0,18140.0,17530.0,17780.0,17570.0,40815502180.0,2295848.0,201.0,24856440000000.0,0.895,-524865600.0,-0.012859466917380949,629614247.5,703796162.7586206,,,1405-07-15,1405,0.009080590238365494,False,حپترو
2026-10-07,11730.0,11900.0,11380.0,11420.0,11380.0,64314962280.0,5629758.0,454.0,34260000000000.0,0.383,0.0,0.0,312096293.0097088,813820713.4177216,,,1405-07-15,1405,-0.026427962489343537,False,حپرتو
2026-10-07,27870.0,27870.0,27870.0,27870.0,27870.0,3937612950.0,141285.0,33.0,53789100000000.0,46.2,2787000000.0,0.7077892203701738,1968806475.0,42615294.44444445,,,1405-07-15,1405,0.029933481152993435,False,چافست
2026-10-07,250000.0,250000.0,250000.0,250000.0,250000.0,22678500000.0,90714.0,564.0,50000000000000.0,245.864,18643000000.0,0.8220561324602598,1889875000.0,7686666.666666667,,,1405-07-15,1405,0.029654036243822013,False,چخزر
2026-10-07,6900.0,6900.0,6570.0,6650.0,6620.0,53728642560.0,8075762.0,490.0,11970000000000.0,0.622,-1454946850.0,-0.02707953859759676,299964217.73255813,482261748.1818181,,,1405-07-15,1405,-0.011887072808320909,False,چفیبر
2026-10-07,16990.0,17020.0,16510.0,16980.0,17020.0,140878225490.0,8294930.0,588.0,29205600000000.0,1.742,0.0,0.0,1135870253.2258065,652073663.8888888,,,1405-07-15,1405,0.02722323049001818,False,چنوپا
2026-10-07,5380.0,5380.0,5240.0,5370.0,5380.0,41697698050.0,7760797.0,269.0,15880674150000.0,1.427,912900000.0,0.02189329489856575,484598603.372093,339688165.75,,,1405-07-15,1405,0.026768642447418722,False,چکارن
2026-10-07,17120.0,17120.0,17120.0,17120.0,17120.0,14044374880.0,820349.0,59.0,11984000000000.0,4.778,0.0,0.0,1560486097.777778,326613369.3023256,,,1405-07-15,1405,0.02946482260974137,False,چکاوه
2026-10-07,2425.0,2425.0,2425.0,2424.0,2425.0,1063149100.0,438412.0,12.0,3719359309296.0,12.794,315120000.0,0.29640245192325326,1062710688.0,83065632.0,,,1405-07-15,1405,0.029299363057324834,False,کارام
2026-10-07,27470.0,27470.0,26690.0,27270.0,26900.0,87450425480.0,3206915.0,237.0,65448000000000.0,0.584,2410831620.0,0.027567980450265043,811628881.4423077,1389806305.9322035,,,1405-07-15,1405,0.022497187851518552,False,کاریز
2026-10-07,16460.0,16460.0,16460.0,16460.0,16460.0,76345726680.0,4638258.0,183.0,20245800000000.0,0.99,6099549280.0,0.07989378771081729,1341571666.9230769,1354514412.7659576,,,1405-07-15,1405,0.029393370856785506,False,کازرو
2026-10-07,40410.0,40410.0,40410.0,40410.0,40410.0,204984776250.0,5072625.0,591.0,320855400000000.0,2.87,-28803520620.0,-0.14051541361721,1094951784.6,381511917.1232877,,,1405-07-15,1405,0.029816513761467878,False,کاسپین
2026-10-07,14840.0,14900.0,14540.0,14810.0,14900.0,62716977100.0,4235619.0,583.0,82936000000000.0,2.229,1903973600.0,0.030358185104556006,457281077.1969697,205112731.8947369,,,1405-07-15,1405,0.023496890117484348,False,کانسار
2026-10-07,7040.0,7040.0,6710.0,6760.0,6770.0,1076281783410.0,159299989.0,3470.0,412360000000000.0,0.735,117430873560.0,0.10910792635358184,492729123.5203095,670172718.2222222,,,1405-07-15,1405,-0.02170767004341534,False,کاوه
2026-10-07,16520.0,16520.0,16520.0,16520.0,16520.0,1664951680.0,100784.0,17.0,8144343480000.0,6.5,0.0,0.0,832475840.0,128073206.15384616,,,1405-07-15,1405,0.029925187032418865,False,کایتا
2026-10-07,23520.0,23520.0,22820.0,23010.0,22840.0,117490741770.0,5105550.0,408.0,25722717930000.0,0.687,2702639550.0,0.023003000145242848,775700302.3489934,1128767055.0,,,1405-07-15,1405,-0.02168367346938771,False,کباده
2026-10-07,48790.0,48790.0,48770.0,48790.0,48790.0,43396635820.0,889458.0,266.0,59279850000000.0,3.702,20582695770.0,0.47429242799770555,586441294.864865,158430278.125,,,1405-07-15,1405,0.029976778551826122,False,کبافق
2026-10-07,3850.0,3850.0,3850.0,3850.0,3850.0,41337130450.0,10736917.0,165.0,10381166950000.0,7.818,17837050000.0,0.4315018920235669,2296507247.2222223,293751005.625,,,1405-07-15,1405,0.02941176470588225,False,کترام
2026-10-07,19260.0,20340.0,19260.0,20110.0,19870.0,12914855940.0,642200.0,551.0,21517700000000.0,6.012,383517810.0,0.029695864342719102,165572333.33333334,27540932.285714287,,,1405-07-15,1405,0.018227848101265876,False,کتوسعه
2026-10-07,20960.0,20980.0,20500.0,20860.0,20830.0,131321601860.0,6295010.0,525.0,52358600000000.0,0.462,-57839439840.0,-0.4404411690139278,311398080.0,673882939.8773006,,,1405-07-15,1405,0.02405498281786933,False,کپارس
2026-10-07,24000.0,24000.0,24000.0,24000.0,24000.0,28547448000.0,1189477.0,99.0,41040000000000.0,8.692,648000000.0,0.022699051768130026,3049635428.5714283,350838101.6949153,,,1405-07-15,1405,0.029601029601029616,False,کپرور
2026-10-07,34510.0,35540.0,34510.0,35260.0,35540.0,294436655080.0,8351041.0,852.0,211560000000000.0,1.258,16936647360.0,0.057522210865349706,1083704278.7283237,861334307.3737373,,,1405-07-15,1405,0.09741674447556803,False,کپشیر
2026-10-07,6730.0,6730.0,6730.0,6730.0,6730.0,6203041000.0,921700.0,34.0,32707800000000.0,17.633,4004350000.0,0.645546273190843,1550760250.0,87947640.0,,,1405-07-15,1405,0.02905198776758411,False,لابسا
2026-10-07,233900.0,233900.0,233900.0,233200.0,233900.0,49768072500.0,212775.0,94.0,50721000000000.0,0.795,-23320000000.0,-0.46857350161592054,1195415000.0,1503610000.0,,,1405-07-15,1405,0.026860413914575165,False,لازما
2026-10-07,38110.0,38210.0,37220.0,38130.0,38210.0,236687514170.0,6208174.0,1085.0,38130000000000.0,0.877,25928400000.0,0.10954696994019303,705304696.2420382,804680142.4691359,,,1405-07-15,1405,0.02776280323450142,False,لپارس
2026-10-07,146200.0,146200.0,145500.0,146200.0,146200.0,53158842600.0,363676.0,167.0,26316000000000.0,0.935,14620000000.0,0.27502479897859927,901176800.0,963735780.0,,,1405-07-15,1405,0.029577464788732355,False,لپیام
2026-10-07,11370.0,11370.0,10980.0,11300.0,11150.0,28535164120.0,2525552.0,146.0,6780000000000.0,2.266,10130065800.0,0.35500289248029737,731762502.5641025,322959154.38596493,,,1405-07-15,1405,0.023550724637681153,False,کیا
2026-10-07,7600.0,7750.0,7600.0,7740.0,7750.0,31738614670.0,4101390.0,162.0,77400000000000.0,63.461,25542000000.0,0.804761022671315,3174475860.0,50022246.77419355,,,1405-07-15,1405,0.027888446215139417,False,کیانا
2026-10-07,6610.0,6780.0,6590.0,6740.0,6780.0,219613208460.0,32570564.0,790.0,33700000000000.0,0.982,-73564195060.0,-0.33497163297169746,793680608.7116565,808502527.0119522,,,1405-07-15,1405,0.022761760242792084,False,کیمیا
2026-10-07,23700.0,24100.0,23000.0,23180.0,23000.0,350296761390.0,15113500.0,1906.0,347700000000000.0,0.762,-68381000000.0,-0.19520877021146243,495518330.404218,649964619.6660483,,,1405-07-15,1405,-0.02235343736819906,False,کیمیاتک
2026-10-07,7060.0,7060.0,6950.0,7050.0,7060.0,168918795270.0,23954962.0,1806.0,10575000000000.0,5.28,3765849150.0,0.022293843287128957,735180803.7117904,139247508.37563452,,,1405-07-15,1405,0.0276967930029155,False,گدنا
2026-10-07,28340.0,28340.0,28000.0,28340.0,28340.0,75852010200.0,2676530.0,307.0,42100316251500.0,5.761,20835001200.0,0.27467961818103537,1403142920.8333333,243538528.79581156,,,1405-07-15,1405,0.029796511627907085,False,گشان
2026-10-07,17670.0,17920.0,17480.0,17780.0,17600.0,42504624980.0,2391114.0,52.0,373380000000000.0,1.0,6789648600.0,0.15973905435455038,1131714780.0,1131794790.0,,,1405-07-15,1405,0.02183908045977012,False,گنگین
2026-10-07,7140.0,7140.0,6970.0,7040.0,7100.0,28554106290.0,4058684.0,167.0,140800000000000.0,0.925,-315370880.0,-0.011044676965093696,112938026.66666669,122050982.12765956,,,1405-07-15,1405,0.014409221902017322,False,گوهران
2026-10-07,270100.0,286600.0,270100.0,285500.0,286600.0,15094566800.0,52862.0,41.0,4370150498500.0,3.286,0.0,0.0,2156014428.5714283,656178304.3478261,,,1405-07-15,1405,0.025871361839741258,False,گپارس
2026-10-07,7020.0,7020.0,7020.0,7020.0,7020.0,44397990000.0,6324500.0,106.0,26881872556500.0,9.491,27812846880.0,0.6264438295517433,4036180909.090909,425260080.0,,,1405-07-15,1405,0.029325513196480912,False,گکوثر
2026-10-07,9600.0,9810.0,9590.0,9760.0,9790.0,14223034440.0,1457508.0,77.0,3997696000000.0,1.313,439200000.0,0.030879486501475418,646603549.090909,492359931.4285714,,,1405-07-15,1405,0.02413431269674704,False,گکیش
2026-10-07,9470.0,9470.0,9210.0,9450.0,9470.0,194303657590.0,20558415.0,753.0,38272500000000.0,0.759,18517360050.0,0.09530113987392594,661126354.095563,871605282.0895523,,,1405-07-15,1405,0.02717391304347827,False,بشهاب
2026-10-07,3850.0,3930.0,3810.0,3920.0,3930.0,90874337390.0,23167886.0,391.0,101920000000000.0,0.702,-40747741440.0,-0.4483965727873793,295291024.0,420672007.6712329,,,1405-07-15,1405,0.02617801047120416,False,بموتو
2026-10-07,9040.0,9040.0,8790.0,8940.0,8930.0,43871094010.0,4907914.0,852.0,75730740000000.0,1.181,-2530136220.0,-0.05767205667183224,122851477.2077922,104042245.36082476,,,1405-07-15,1405,0.018223234624145768,False,بمولد
2026-10-07,7250.0,7410.0,7250.0,7410.0,7410.0,880830515350.0,118875934.0,1235.0,116337000000000.0,3.064,651154676250.0,0.7392508148872002,3093625197.1673822,1009565140.4347824,,,1405-07-15,1405,0.029166666666666563,False,بمپنا
2026-10-07,7420.0,7420.0,7300.0,7420.0,7420.0,93927730670.0,12664316.0,355.0,8421700000000.0,0.361,2981593440.0,0.03174348425892828,449023389.1262136,1243294787.7777777,,,1405-07-15,1405,0.029126213592232997,False,بمیلا
2026-10-07,4090.0,4090.0,4090.0,4090.0,4090.0,32020687710.0,7829019.0,139.0,97342000000000.0,6.739,10337687680.0,0.32284402426408726,1092351269.5,162103348.028169,,,1405-07-15,1405,0.027638190954773822,False,بنیرو
2026-10-07,9520.0,9520.0,9520.0,9520.0,9520.0,49732756080.0,5224029.0,73.0,22848000000000.0,0.409,-13864804240.0,-0.27878616294051967,1195598394.6666667,2925456240.0,,,1405-07-15,1405,0.029189189189189113,False,بهامرز
2026-10-07,16000.0,16000.0,15230.0,15410.0,15410.0,304003002760.0,19727838.0,2090.0,82166120000000.0,0.673,-50013910090.0,-0.16451781606079818,432488495.8584071,642729061.6812227,,,1405-07-15,1405,-0.010276172125883054,False,بهپاک
2026-10-07,4900.0,5060.0,4890.0,4910.0,4950.0,14423010900.0,2938705.0,134.0,2946000000000.0,0.481,-1879169930.0,-0.1302897115608503,224104850.35714287,465452953.2258065,,,1405-07-15,1405,-0.014056224899598346,False,بهیر
2026-10-07,66150.0,66150.0,65100.0,66110.0,66150.0,551896317840.0,8347829.0,2253.0,1328149900000000.0,1.121,-173231074060.0,-0.3138833662416667,373214098.3086054,332966843.1959911,,,1405-07-15,1405,0.029269811614510255,False,بوعلی
2026-10-07,13710.0,13710.0,13200.0,13410.0,13410.0,87561984590.0,6528546.0,583.0,9870430500000.0,0.995,21849140970.0,0.24952770397229299,417592295.7142857,419675021.4705882,,,1405-07-15,1405,0.006001500375093727,False,بکاب
2026-10-07,6010.0,6010.0,5790.0,5930.0,5900.0,161242387710.0,27179902.0,964.0,36425025000000.0,0.601,-4090478420.0,-0.025368505627421413,452458212.9938272,753434697.15,,,1405-07-15,1405,0.015410958904109595,False,بکابل
2026-10-07,26230.0,26850.0,25680.0,26280.0,26420.0,41920674060.0,1595019.0,1369.0,113004000000000.0,4.702,-19429644960.0,-0.46348598622700676,176761470.0,37595764.44033302,,,1405-07-15,1405,0.0022883295194509046,False,بگیلان
2026-10-07,33690.0,33690.0,33070.0,33670.0,33690.0,347548644570.0,10320931.0,1640.0,60686808000000.0,0.934,10321201800.0,0.02969714300790835,653206290.9210526,699552997.8630705,,,1405-07-15,1405,0.02934882298991126,False,بیوتیک
2026-10-07,19010.0,19700.0,18900.0,19210.0,19420.0,4514294890.0,235057.0,80.0,119102000000000.0,0.419,-3870565270.0,-0.8574019562997578,42991980.0,102623749.3181818,,,1405-07-15,1405,0.0026096033402922547,False,پارتا
2026-10-07,13170.0,13170.0,12980.0,13170.0,13170.0,47176792460.0,3582941.0,217.0,15277200000000.0,0.898,6775965000.0,0.1436292008564416,604965807.3076923,673522799.5,,,1405-07-15,1405,0.029710711493354136,False,فلامی
2026-10-07,2540.0,2600.0,2536.0,2586.0,2600.0,184162583739.0,71210595.0,979.0,29221800000000.0,1.205,89192182158.0,0.4843121786584265,553004800.8108108,458736311.65217394,,,1405-07-15,1405,0.02415841584158418,False,فلوله
2026-10-07,31950.0,31950.0,31950.0,31950.0,31950.0,39111496650.0,1224147.0,127.0,12939750000000.0,3.228,29219584950.0,0.7470842962487348,905899916.25,280656468.0,,,1405-07-15,1405,0.029980657640232167,False,فماک
2026-10-07,4050.0,4050.0,4050.0,4050.0,4050.0,14889829050.0,3676501.0,116.0,8942354571150.0,5.725,6220800000.0,0.41778854405316357,709039478.5714285,123843272.14285712,,,1405-07-15,1405,0.027918781725888353,False,فمراد
2026-10-07,10830.0,10890.0,10510.0,10680.0,10820.0,202375085830.0,18941751.0,1634.0,64080000000000.0,1.543,-35748042600.0,-0.17664250741827592,458113093.5977337,296935285.1729323,,,1405-07-15,1405,-0.012939001848428888,False,فن افزار
2026-10-07,9050.0,9200.0,8720.0,8860.0,8720.0,221328551960.0,24970077.0,1176.0,57590000000000.0,0.935,-42528000000.0,-0.1921487292235389,549867329.9076923,588390644.2021277,,,1405-07-15,1405,-0.013363028953229383,False,فنر
2026-10-07,5570.0,5590.0,5280.0,5530.0,5590.0,113400061860.0,20513166.0,690.0,18802000000000.0,1.257,-14069774390.0,-0.12407201688628779,410306629.5530726,326547242.8358209,,,1405-07-15,1405,0.018416206261510082,False,فنفت
2026-10-07,15880.0,15880.0,15880.0,15880.0,15880.0,128131750000.0,8068750.0,222.0,181780059160000.0,5.004,35778291080.0,0.27923048799380323,3372451480.0,673907500.0,,,1405-07-15,1405,0.0298313878080414,False,فنوال
2026-10-07,13210.0,13210.0,12570.0,12850.0,12860.0,203104284200.0,15808171.0,1192.0,81417600000000.0,0.57,-20646609000.0,-0.10165521166293547,506205912.0845921,887739461.7924528,,,1405-07-15,1405,-0.005417956656346701,False,فنورد
2026-10-07,5990.0,6110.0,5840.0,6030.0,6000.0,663097164470.0,109999781.0,2410.0,19296000000000.0,0.648,-80621051760.0,-0.12158256147036725,909976052.282092,1405184422.2103004,,,1405-07-15,1405,0.015151515151515138,False,فولای
2026-10-07,8090.0,8090.0,7710.0,8040.0,8090.0,888893881590.0,110505631.0,1568.0,190950000000000.0,0.462,614304240.0,0.0006910883883025153,1743236751.574468,3772843175.115208,,,1405-07-15,1405,0.022900763358778553,False,فوکا
2026-10-07,13280.0,13280.0,13030.0,13280.0,13280.0,178423843540.0,13437416.0,757.0,47144000000000.0,4.039,-7351170560.0,-0.04120060645567236,1093928844.8,270867877.1229698,,,1405-07-15,1405,0.029457364341085368,False,فگستر
2026-10-07,119600.0,119600.0,119600.0,119600.0,119600.0,64225200.0,537.0,2.0,41046720000000.0,2.0,0.0,0.0,64225200.0,32112600.0,,,1405-07-15,1405,0.009282700421940904,False,قاروم
2026-10-07,25600.0,25600.0,25600.0,25600.0,25600.0,20320998400.0,793789.0,194.0,25600000000000.0,0.057,0.0,0.0,127805021.3836478,2257888711.111111,,,1405-07-15,1405,-0.029935581659719546,False,آ س پ
2026-10-07,1204.0,1204.0,1190.0,1204.0,1204.0,159269424602.0,132284749.0,624.0,14282315152000.0,1.305,8909600000.0,0.055940429384135036,971163645.0975608,744362563.3465346,,,1405-07-15,1405,0.029940119760478945,False,آباد
2026-10-07,11050.0,11450.0,11030.0,11370.0,11450.0,31007669380.0,2726993.0,1136.0,28425000000000.0,13.032,7538855760.0,0.2431287455890695,295731786.2376237,22693144.969512194,,,1405-07-15,1405,0.02248201438848918,False,آبادا
2026-10-07,15250.0,15250.0,15250.0,15250.0,15250.0,13947970250.0,914621.0,54.0,27489879634500.0,3.0,0.0,0.0,1162330854.1666667,387443618.0555556,,,1405-07-15,1405,0.029709655638082477,False,آبین
2026-10-07,38440.0,38440.0,38440.0,38440.0,38440.0,21337352080.0,555082.0,269.0,76880000000000.0,8.009,2306400000.0,0.10809213773820806,762048288.5714285,95154760.4,,,1405-07-15,1405,0.029734797749799036,False,آردینه
2026-10-07,2082.0,2082.0,2082.0,2082.0,2082.0,5785830114.0,2778977.0,14.0,29148000000000.0,167.83,5725500000.0,0.989572781638711,1446457528.5,8618587.714285715,,,1405-07-15,1405,0.029673590504450953,False,آرمان
2026-10-07,7910.0,8130.0,7910.0,8080.0,8080.0,60785829140.0,7523067.0,209.0,1212000000000000.0,0.084,-51848810560.0,-0.8529752952877135,109030013.55932204,1295146252.4444444,,,1405-07-15,1405,0.0,False,آریان
2026-10-07,10340.0,10490.0,10150.0,10240.0,10170.0,130821654420.0,12775071.0,1150.0,102400000000000.0,1.351,70532474880.0,0.5391498463515609,375956213.6416185,278263434.7663552,,,1405-07-15,1405,-0.009671179883945835,False,آپ
2026-10-07,6190.0,6290.0,6100.0,6200.0,6210.0,1314209700.0,211999.0,89.0,31000000000000.0,1.793,0.0,0.0,45323924.13793104,25276803.846153848,,,1405-07-15,1405,0.014729950900163713,False,اتکاسا
2026-10-07,2200.0,2200.0,2200.0,2200.0,2200.0,59810660800.0,27186664.0,122.0,64900000000000.0,22.23,58913800000.0,0.9850050009813635,1329125795.5555556,59790720.0,,,1405-07-15,1405,0.029962546816479474,False,اتکام
2026-10-07,3680.0,3680.0,3530.0,3610.0,3610.0,33171957780.0,9197799.0,149.0,97470000000000.0,0.387,-18125174640.0,-0.5464005097380177,359914743.75,929193268.2857144,,,1405-07-15,1405,0.002777777777777768,False,اتکای
2026-10-07,17200.0,17300.0,16550.0,16920.0,17000.0,17810779300.0,1052876.0,653.0,18612000000000.0,5.569,-2082429000.0,-0.11691958925121261,185085093.17647055,33236309.552238807,,,1405-07-15,1405,-0.007624633431084993,False,اخشان
2026-10-07,31260.0,31260.0,31020.0,31250.0,31260.0,117440306280.0,3757697.0,774.0,70937500000000.0,1.261,24459312500.0,0.20827016954199995,447456223.628692,354729619.5652174,,,1405-07-15,1405,0.029654036243822013,False,اردستان
2026-10-07,15230.0,15230.0,15230.0,15230.0,15230.0,78531895850.0,5156395.0,339.0,304600000000000.0,27.728,52991262000.0,0.6747737518169186,2550444684.4827585,91980850.21929824,,,1405-07-15,1405,0.02974983096686956,False,اپال
2026-10-07,5280.0,5280.0,5280.0,5280.0,5280.0,36211000320.0,6858144.0,131.0,11880000000000.0,3.688,-3612000480.0,-0.09974870752203512,712973536.0,193332480.0,,,1405-07-15,1405,0.029239766081871288,False,اپرداز
2026-10-07,19690.0,19710.0,19330.0,19630.0,19710.0,312162713270.0,15903436.0,1433.0,687050000000000.0,0.547,-107801894330.0,-0.34533879207014234,357820880.2118644,654121394.3026005,,,1405-07-15,1405,0.025600835945663425,False,غبشهر
2026-10-07,5720.0,5720.0,5720.0,5720.0,5720.0,8535504120.0,1492221.0,48.0,13156000000000.0,7.39,-1716000000.0,-0.20104260695969298,1704876030.0,230689300.54054052,,,1405-07-15,1405,0.02877697841726623,False,غبهار
2026-10-07,100490.0,100490.0,100490.0,100490.0,100490.0,59710856530.0,594197.0,113.0,36176400000000.0,36.405,38737287160.0,0.6487478058623655,7238108075.714286,198824489.5,,,1405-07-15,1405,0.02992723173106482,False,غبهنوش
2026-10-07,21770.0,21770.0,20550.0,20680.0,20560.0,1070881978870.0,51793886.0,4461.0,41360000000000.0,0.55,6932349600.0,0.006473495433469755,663785860.1481482,1206892296.8187425,,,1405-07-15,1405,-0.023607176581680878,False,غدانه
2026-10-07,15190.0,15190.0,14500.0,15140.0,15190.0,411293009410.0,27157822.0,1545.0,75700000000000.0,0.606,99721275400.0,0.24245798765957682,615515643.1493506,1016132221.0181818,,,1405-07-15,1405,0.026440677966101722,False,غدیس
2026-10-07,9400.0,9400.0,9400.0,9400.0,9400.0,23613561400.0,2512081.0,90.0,56400000000000.0,5.63,9926400000.0,0.42036861072552995,1242819021.0526316,220760667.74193543,,,1405-07-15,1405,0.02957283680175249,False,غسالم
2026-10-07,22820.0,22820.0,22820.0,22820.0,22820.0,45532974200.0,1995310.0,120.0,39116621127360.0,2.974,19282900000.0,0.4234930912990964,1300942120.0,437501236.6666666,,,1405-07-15,1405,0.029783393501805033,False,غشاذر
2026-10-07,23470.0,23470.0,23350.0,23450.0,23470.0,300349095390.0,12808152.0,1070.0,55412350000000.0,0.463,63934267600.0,0.21286652292720262,711005803.8461539,1535391700.6622517,,,1405-07-15,1405,0.028960070206230704,False,غشان
2026-10-07,27100.0,27100.0,27100.0,27100.0,27100.0,85633154500.0,3159895.0,160.0,58144676000000.0,4.371,59511600000.0,0.6949598008794596,1902958988.8888888,435359241.6666666,,,1405-07-15,1405,0.029635258358662542,False,غشصفا
2026-10-07,10040.0,10040.0,9620.0,9800.0,9720.0,75706431220.0,7725284.0,448.0,18620000000000.0,0.541,-23520000000.0,-0.31067373829380196,289692842.3529412,535057229.4117648,,,1405-07-15,1405,0.00512820512820511,False,غشهد
2026-10-07,35060.0,35060.0,35060.0,35060.0,35060.0,194280887980.0,5541383.0,438.0,35060000000000.0,0.947,-29236148340.0,-0.1504839134923538,2342658263.773585,2474145747.096774,,,1405-07-15,1405,0.029964747356051813,False,غپآذر
2026-10-07,8900.0,8950.0,8520.0,8770.0,8860.0,83443356530.0,9511454.0,762.0,27634270000000.0,1.034,-1754000000.0,-0.021020247422206616,326645806.32,315967619.6212121,,,1405-07-15,1405,0.0,False,غپونه
2026-10-07,97300.0,97800.0,96500.0,97740.0,97800.0,40754440280.0,416967.0,141.0,136836000000000.0,0.789,-11072866860.0,-0.2716971889179384,152092748.57142857,192794791.62162164,,,1405-07-15,1405,0.029275484414490238,False,سخوز
2026-10-07,39880.0,39880.0,38690.0,39350.0,39500.0,63449865090.0,1612507.0,569.0,9837500000000.0,1.269,-39350000.0,-0.0006201746834951387,503276194.04761904,396575940.3125,,,1405-07-15,1405,0.004338948443083135,False,سدبیر
2026-10-07,42440.0,42980.0,41070.0,41380.0,41220.0,41783960640.0,1009809.0,422.0,140692000000000.0,0.563,-2482800000.0,-0.05941992960866431,267368002.85714287,474839732.0454545,,,1405-07-15,1405,-0.022442712024568823,False,سدشت
2026-10-07,37560.0,37560.0,37560.0,37560.0,37560.0,78072403800.0,2078605.0,256.0,24102150775800.0,1.29,22986720000.0,0.29442823432061405,1000928253.846154,775854701.4084507,,,1405-07-15,1405,0.029887578831916617,False,سدور
2026-10-07,27730.0,27730.0,27390.0,27730.0,27730.0,572123190130.0,20632149.0,976.0,171926000000000.0,0.815,-35168627960.0,-0.06147037660194975,770063767.9699248,944903898.5826772,,,1405-07-15,1405,0.029706646862235342,False,سشرق
2026-10-07,20360.0,20360.0,19790.0,20360.0,20360.0,125193281790.0,6149441.0,272.0,101800000000000.0,0.287,-75700821400.0,-0.604671595133843,304731712.9411765,1060955101.8604652,,,1405-07-15,1405,0.029843196762771917,False,سشمال
2026-10-07,1950.0,1980.0,1892.0,1904.0,1892.0,1546256663392.0,811952836.0,10196.0,121802688000000.0,0.464,443962949472.0,0.2871211228917747,485625224.5299685,1047293510.7915868,,,1405-07-15,1405,-0.02358974358974364,False,سصفها
2026-10-07,171100.0,171800.0,167300.0,171700.0,171800.0,753911342400.0,4391361.0,1987.0,188870000000000.0,1.13,-156456302300.0,-0.20752612873807852,1180379086.5979383,1044971748.1292516,,,1405-07-15,1405,0.029376498800959272,False,سصوفی
2026-10-07,24680.0,24680.0,23300.0,24650.0,24680.0,254364155670.0,10318249.0,395.0,160225000000000.0,0.27,-103640111550.0,-0.40744778397337467,322328550.7462687,1192724994.7619047,,,1405-07-15,1405,0.028368794326241176,False,سغدیر
2026-10-07,8880.0,8900.0,8660.0,8750.0,8770.0,92652505820.0,10592314.0,673.0,49437500000000.0,0.441,-3155223750.0,-0.034054381174857686,279568433.59375,634363852.7397261,,,1405-07-15,1405,0.004592422502870175,False,سغرب
2026-10-07,225500.0,230700.0,223000.0,229500.0,230700.0,53166882900.0,231649.0,241.0,53473500000000.0,1.185,-34084192500.0,-0.6410793832714989,660478050.0,557383191.7808219,,,1405-07-15,1405,0.024553571428571397,False,سفار
2026-10-07,15260.0,15260.0,15260.0,15260.0,15260.0,1438132920.0,94242.0,23.0,1845849600000.0,11.0,0.0,0.0,719066460.0,65369678.18181819,,,1405-07-15,1405,0.019372077488309936,False,سفارود
2026-10-07,5700.0,5700.0,5450.0,5570.0,5660.0,41767525350.0,7494766.0,187.0,3676200000000.0,0.937,0.0,0.0,662632486.031746,707556722.3728814,,,1405-07-15,1405,0.005415162454873723,False,سفاسی
2026-10-07,64620.0,64620.0,61060.0,64350.0,64620.0,494432333960.0,7683255.0,1357.0,102960000000000.0,0.365,-213483892050.0,-0.43177575046552485,526559828.8088642,1441328536.607143,,,1405-07-15,1405,0.025661459993624458,False,سفانو
2026-10-07,36420.0,36420.0,36040.0,36410.0,36420.0,144324268160.0,3964241.0,787.0,145640000000000.0,0.825,37044335020.0,0.25667433129771433,431534675.1877133,522779677.251462,,,1405-07-15,1405,0.0296945701357465,False,سقاین
2026-10-07,5380.0,5380.0,5250.0,5300.0,5320.0,26790465790.0,5051266.0,204.0,30143344629500.0,0.883,-710857200.0,-0.026533961953932865,347478034.6666666,393701614.7058823,,,1405-07-15,1405,0.0,False,سکارون
2026-10-07,15750.0,15780.0,15460.0,15770.0,15460.0,120699343960.0,7652967.0,365.0,45733000000000.0,0.595,-69768498560.0,-0.5780354413783841,553344806.1702129,929861208.2524272,,,1405-07-15,1405,0.028701891715590344,False,سکرد
2026-10-07,8700.0,8710.0,8590.0,8650.0,8610.0,8295997090.0,958944.0,149.0,24573793650000.0,1.353,-330923050.0,-0.03988948482140801,180998694.3181818,133788154.83870968,,,1405-07-15,1405,0.005813953488372103,False,قتربت
2026-10-07,4540.0,4540.0,4350.0,4530.0,4540.0,260822355750.0,57604009.0,790.0,29276524770000.0,4.362,149263500000.0,0.5722803153540645,1734021798.413793,397547318.17120624,,,1405-07-15,1405,0.027210884353741527,False,قثابت
2026-10-07,25570.0,25590.0,25020.0,25430.0,25590.0,67772133840.0,2665296.0,407.0,432310000000000.0,0.8,-26843729990.0,-0.39608801536888427,168097653.6842105,210076997.7625571,,,1405-07-15,1405,0.023340040241448756,False,قرن
2026-10-07,12850.0,12850.0,12540.0,12600.0,12600.0,25686235270.0,2038515.0,190.0,50400000000000.0,0.598,-9773013600.0,-0.3804766832224067,274349575.8620689,458665875.0,,,1405-07-15,1405,0.003984063745019917,False,قزوین
2026-10-07,5250.0,5270.0,5200.0,5250.0,5270.0,45385441700.0,8641522.0,395.0,12915488250000.0,1.035,-210000000.0,-0.004627034399887751,297092042.7631579,287139180.37974685,,,1405-07-15,1405,0.025390625,False,قشکر
2026-10-07,16260.0,16730.0,16150.0,16300.0,16300.0,40522578810.0,2485379.0,418.0,12695611252800.0,1.033,411216400.0,0.010147833925577355,304599080.4511278,294856333.08823526,,,1405-07-15,1405,-0.001837109614207022,False,قشیر
2026-10-07,28000.0,28500.0,27320.0,27920.0,28500.0,60214159700.0,2156853.0,354.0,50256000000000.0,0.792,-16494549680.0,-0.2739314101895538,269353150.63829786,339949153.17073166,,,1405-07-15,1405,0.009035056017347332,False,قلرست
2026-10-07,10050.0,10050.0,9640.0,9790.0,9900.0,26597563980.0,2716018.0,457.0,48950000000000.0,0.581,-2427920000.0,-0.09128354768976854,162515258.71428573,279778402.4444444,,,1405-07-15,1405,0.0010224948875254825,False,قمرو
2026-10-07,1955.0,1981.0,1913.0,1936.0,1923.0,20630536629.0,10657762.0,204.0,15163309568000.0,0.743,-461135840.0,-0.022352101076798414,255345460.65822783,343890453.8666667,,,1405-07-15,1405,-0.013754457463066694,False,قنقش
2026-10-07,3480.0,3530.0,3430.0,3520.0,3530.0,35973142560.0,10232445.0,363.0,14080000000000.0,1.484,857507200.0,0.02383742811931858,367532718.3673469,247610557.7464789,,,1405-07-15,1405,0.026239067055393583,False,قنیشا
2026-10-07,12230.0,12230.0,11530.0,11660.0,11540.0,139907027520.0,12002684.0,766.0,87450000000000.0,0.823,15104597200.0,0.1079616761769938,511287727.826087,620930423.5869565,,,1405-07-15,1405,-0.01851851851851849,False,قهکمت
2026-10-07,23520.0,23570.0,23300.0,23550.0,23570.0,27091993130.0,1150373.0,99.0,59560987950000.0,4.462,8878350000.0,0.3277112155387587,2257607012.5,505914837.5,,,1405-07-15,1405,0.028833551769331667,False,قپیرا
2026-10-07,47370.0,48690.0,47290.0,47300.0,47290.0,64244371160.0,1358152.0,250.0,70950000000000.0,0.529,36732896200.0,0.5717683205041741,412426687.3239437,779703335.7142857,,,1405-07-15,1405,-0.029743589743589705,False,قیستو
2026-10-07,127300.0,127300.0,127300.0,127000.0,127300.0,5380334500.0,42265.0,30.0,11925300000000.0,2.429,0.0,0.0,766807857.1428572,315744411.76470584,,,1405-07-15,1405,0.027508090614886793,False,کابگن
2026-10-07,41400.0,41400.0,41400.0,41400.0,41400.0,1959503400.0,47331.0,18.0,7452000000000.0,8.0,0.0,0.0,979751700.0,122468962.5,,,1405-07-15,1405,0.029850746268656803,False,کفرآور
2026-10-07,800.0,807.0,800.0,807.0,807.0,69429837006.0,86085987.0,275.0,20495709063000.0,1.321,1297940871.0,0.018694280830413506,950432228.0735294,719675575.4318181,,,1405-07-15,1405,0.029336734693877542,False,کقزوی
2026-10-07,14030.0,14030.0,13640.0,14000.0,14030.0,316780773160.0,22619778.0,963.0,103100640160000.0,1.113,15817606000.0,0.04993234230162961,921442947.7911648,827991038.7596899,,,1405-07-15,1405,0.027146001467351466,False,کلر
2026-10-07,8760.0,8760.0,8740.0,8760.0,8760.0,121095618400.0,13823987.0,234.0,46866000000000.0,6.958,94372172040.0,0.7793194608269989,1951272925.423729,280445007.5675676,,,1405-07-15,1405,0.029377203290246845,False,کلوند
2026-10-07,4970.0,4970.0,4750.0,4830.0,4810.0,41455155910.0,8586498.0,567.0,9177000000000.0,0.962,0.0,0.0,224177218.05405405,232993176.0674157,,,1405-07-15,1405,-0.004123711340206171,False,کمرجان
2026-10-07,11120.0,11120.0,11120.0,11120.0,11120.0,64164857520.0,5770221.0,249.0,50040000000000.0,2.827,2490880000.0,0.03882000360124855,1105377150.4,390947981.6296296,,,1405-07-15,1405,0.029629629629629672,False,کمنگنز
2026-10-07,19100.0,19620.0,19100.0,19610.0,19620.0,39940831830.0,2036681.0,71.0,24963530000000.0,34.789,14548011870.0,0.36423908074625594,12787651585.0,367576376.6666666,,,1405-07-15,1405,0.029396325459317696,False,کمینا
2026-10-07,36660.0,36660.0,35260.0,36290.0,36140.0,7160497230.0,197321.0,78.0,2721750000000.0,1.591,0.0,0.0,325489958.6363636,204593688.2857143,,,1405-07-15,1405,0.00945757997218366,False,کهرام
2026-10-07,7400.0,7630.0,7400.0,7440.0,7400.0,17504081980.0,2354150.0,125.0,14880000000000.0,0.788,0.0,0.0,336824538.46153843,427192097.5609756,,,1405-07-15,1405,-0.023622047244094446,False,کورز
2026-10-07,52700.0,52700.0,51960.0,52440.0,52700.0,120910460250.0,2305598.0,603.0,44574000000000.0,1.571,40003906440.0,0.3308556295070426,748564062.8571428,476419572.0710059,,,1405-07-15,1405,0.024819230017588456,False,کگاز
2026-10-07,14700.0,14700.0,14700.0,14700.0,14700.0,69333564300.0,4716569.0,265.0,25578000000000.0,3.954,37590972300.0,0.5421756789734232,942549504.1666667,238366866.14173228,,,1405-07-15,1405,0.02941176470588225,False,کی بی سی
2026-10-07,5010.0,5010.0,4870.0,4960.0,4990.0,82470249740.0,16636330.0,1260.0,372000000000000.0,4.954,-2244593440.0,-0.027217007915902064,447872448.9411765,90407047.0126874,,,1405-07-15,1405,0.01848049281314168,False,وسپهر
2026-10-07,27070.0,27090.0,26780.0,27070.0,27090.0,39174914240.0,1447360.0,84.0,13535000000000.0,1.067,0.0,0.0,1306001173.3333335,1224376100.0,,,1405-07-15,1405,0.02888635499809955,False,شلیا
2026-10-07,12540.0,12600.0,12120.0,12410.0,12390.0,255382851860.0,20581086.0,1426.0,49640000000000.0,2.182,64987806890.0,0.2544720854069955,639272651.6897507,292914523.6219081,,,1405-07-15,1405,0.003233629749393785,False,شمس
2026-10-07,13140.0,13140.0,13140.0,13140.0,13140.0,83135163780.0,6326877.0,143.0,35714388600000.0,8.663,65667833280.0,0.7898923908272596,2507299902.0,289429205.45454544,,,1405-07-15,1405,0.029780564263322873,False,شملی
2026-10-07,18990.0,18990.0,18680.0,18990.0,18990.0,344183490320.0,18126350.0,638.0,641862000000000.0,1.496,-40788981810.0,-0.11850940837422791,647555473.2857144,432753090.1507538,,,1405-07-15,1405,0.029826464208242864,False,شنفت
2026-10-07,2700.0,2704.0,2628.0,2698.0,2704.0,27942891082.0,10357590.0,546.0,134900000000000.0,7.385,-2328163556.0,-0.08331863546860173,281302014.4897959,38089745.30969267,,,1405-07-15,1405,0.027418126428027323,False,شهر
2026-10-07,50400.0,50490.0,48550.0,50250.0,50490.0,70542042810.0,1403822.0,244.0,50250000000000.0,0.835,-34256178750.0,-0.4856136480519368,307891321.4285714,368653236.328125,,,1405-07-15,1405,0.025091799265605896,False,شوینده
2026-10-07,27950.0,27980.0,27570.0,27690.0,27980.0,2681648270.0,96844.0,153.0,82377750000000.0,0.296,-1820949780.0,-0.6790412450324814,74509175.0,252000536.66666663,,,1405-07-15,1405,0.005446623093681824,False,شگامرن
2026-10-07,2578.0,2578.0,2578.0,2578.0,2578.0,42401974672.0,16447624.0,136.0,105657961620802.0,17.181,29376923564.0,0.6928197045360472,2355665259.555556,137105801.1368421,,,1405-07-15,1405,0.029964043148222208,False,شگستر
2026-10-07,3460.0,3500.0,3420.0,3490.0,3480.0,124221959600.0,35624268.0,792.0,59330000000000.0,0.946,-349000000.0,-0.002809487156085726,572926798.8317757,605691305.1724138,,,1405-07-15,1405,0.026470588235294024,False,شگل
2026-10-07,14720.0,14820.0,14390.0,14730.0,14820.0,1027043003540.0,69720371.0,2856.0,500820000000000.0,0.769,-521976389670.0,-0.5082322627882745,816423180.6832298,1061771478.4936268,,,1405-07-15,1405,0.023627519110493322,False,شگویا
2026-10-07,70000.0,70650.0,68550.0,70390.0,70650.0,328369529480.0,4665016.0,1399.0,1076967000000000.0,2.428,77684797260.0,0.23657736265304588,973035391.4835165,400837274.1532258,,,1405-07-15,1405,0.026093294460641347,False,شیراز
2026-10-07,11520.0,11640.0,11380.0,11580.0,11640.0,681619332490.0,58842281.0,1866.0,630341667000000.0,4.07,195479015520.0,0.28678619605154443,1637669394.3127964,402330366.43431634,,,1405-07-15,1405,0.023872679045092937,False,شیران
2026-10-07,36690.0,36740.0,36000.0,36730.0,36740.0,233529159530.0,6357148.0,725.0,31716612110000.0,1.11,-2896197230.0,-0.012401865513620984,1112716761.036585,1002063492.1081082,,,1405-07-15,1405,0.029716848892626935,False,غاذر
2026-10-07,31700.0,31970.0,31360.0,31800.0,31970.0,156879574750.0,4933422.0,1045.0,14691600000000.0,0.86,-27666000000.0,-0.17635182938306632,402544609.3457944,468306924.1791045,,,1405-07-15,1405,0.02448453608247414,False,غالبر
2026-10-07,116000.0,116000.0,116000.0,116000.0,116000.0,198549428000.0,1711633.0,436.0,696000000000000.0,5.171,-6935640000.0,-0.03493155366833895,2256407833.333333,436353057.14285713,,,1405-07-15,1405,0.02928127772848277,False,شرانل
2026-10-07,19640.0,19650.0,18720.0,19650.0,19650.0,47418555190.0,2413374.0,122.0,19650000000000.0,1.134,-35242275000.0,-0.7432169718961021,769724887.5,678689739.3442622,,,1405-07-15,1405,0.029874213836478036,False,شرنگی
2026-10-07,5120.0,5120.0,5120.0,5120.0,5120.0,38791439360.0,7576453.0,75.0,199850437201920.0,40.997,38497792000.0,0.9924300988866426,1337635840.0,32627484.444444444,,,1405-07-15,1405,0.028112449799196693,False,شساخت
2026-10-07,1930.0,1999.0,1922.0,1996.0,1999.0,30532200631.0,15295935.0,208.0,9980000000000.0,2.703,5613410680.0,0.18385214835450098,897961360.5882354,332230341.0666667,,,1405-07-15,1405,0.028335909325090114,False,شستان
2026-10-07,4260.0,4280.0,4100.0,4140.0,4150.0,126966807550.0,30639249.0,1026.0,19872000000000.0,0.587,-3756685680.0,-0.02958793524457645,322224620.8900524,549119008.0519481,,,1405-07-15,1405,-0.018957345971563955,False,شسینا
2026-10-07,17520.0,17600.0,16580.0,17300.0,17600.0,227223565350.0,13133384.0,1079.0,34600000000000.0,1.041,-61030421000.0,-0.26859195218591353,531569388.7596899,510761142.5257732,,,1405-07-15,1405,0.012287887653598561,False,شصدف
2026-10-07,87410.0,89620.0,85000.0,88530.0,89620.0,587216271760.0,6632922.0,2999.0,115089000000000.0,0.402,9284849340.0,0.01581163497423449,329988997.4698795,821254181.460102,,,1405-07-15,1405,0.017469256407309564,False,شغدیر
2026-10-07,79270.0,79270.0,79270.0,79270.0,79270.0,116627414360.0,1471268.0,172.0,214980240000000.0,1.253,-4756200000.0,-0.04078114932153761,2283086007.3469386,1822303349.375,,,1405-07-15,1405,0.029881772119007444,False,شفا
2026-10-07,2073.0,2073.0,2073.0,2073.0,2073.0,50850285765.0,24529805.0,106.0,29899223118000.0,5.203,28343977671.0,0.5574005582188688,2122922080.2272727,408006846.53333336,,,1405-07-15,1405,0.02980625931445613,False,شفارا
2026-10-07,3228.0,3228.0,3228.0,3228.0,3228.0,77345727096.0,23960882.0,241.0,16140000000000.0,115.677,74244000000.0,0.9598978868974857,2148492419.333333,18573216.143712576,,,1405-07-15,1405,0.029993618379068332,False,شفام
2026-10-07,8120.0,8150.0,7960.0,8130.0,8150.0,493415326320.0,60674609.0,987.0,251623500000000.0,2.747,44964103200.0,0.09112830672559802,1561115786.830986,568213307.170418,,,1405-07-15,1405,0.026515151515151603,False,شفن
2026-10-07,12800.0,12800.0,12650.0,12800.0,12800.0,990050317140.0,77366358.0,3596.0,222720000000000.0,0.414,92837734400.0,0.09377072335897459,765219795.6709957,1848110115.8878503,,,1405-07-15,1405,0.02976669348350769,False,شکام
2026-10-07,150100.0,150100.0,147200.0,149700.0,150100.0,38558508400.0,257588.0,125.0,538920000000000.0,1.554,5691144900.0,0.1475976415104273,964023090.0,620184503.7735848,,,1405-07-15,1405,0.026748971193415683,False,شکبیر
2026-10-07,35960.0,35960.0,35960.0,35960.0,35960.0,160687943240.0,4468519.0,381.0,143840000000000.0,3.614,-29612304840.0,-0.1842845470725312,2160117200.0,597699588.125,,,1405-07-15,1405,0.02978235967926679,False,شکلر
2026-10-07,51250.0,51940.0,48920.0,50210.0,51920.0,593222996390.0,11814285.0,1488.0,173656657470000.0,0.447,-411040549880.0,-0.6928938230334069,681427993.559322,1524953483.6266663,,,1405-07-15,1405,-0.004362482649216681,False,وسنا
2026-10-07,3340.0,3350.0,3270.0,3310.0,3330.0,62052463040.0,18740132.0,418.0,112540000000000.0,0.886,-5647548480.0,-0.09101247884970337,432728815.9375,488294695.36,,,1405-07-15,1405,0.003030303030302939,False,وسکاب
2026-10-07,4340.0,4340.0,4340.0,4340.0,4340.0,25713041760.0,5924664.0,291.0,14408800000000.0,0.077,-10100785800.0,-0.3928273400820705,82604528.88888888,1071376740.0,,,1405-07-15,1405,-0.029082774049216997,False,وآوا
2026-10-07,12450.0,12450.0,12450.0,12450.0,12450.0,46848715050.0,3762949.0,104.0,78435000000000.0,3.027,12450000000.0,0.2657490175923192,2602706391.6666665,859967876.2500001,,,1405-07-15,1405,0.02977667493796532,False,وامیر
2026-10-07,6670.0,6670.0,6460.0,6620.0,6620.0,74524634690.0,11262790.0,281.0,198600000000000.0,5.498,15289412980.0,0.20515918049916443,793520574.375,144332077.14285716,,,1405-07-15,1405,0.021604938271605034,False,وامین
2026-10-07,3510.0,3600.0,3500.0,3540.0,3550.0,12037221910.0,3399265.0,74.0,7788000000000.0,1.03,-3766729920.0,-0.3129235257240514,375757644.54545456,364648427.27272725,,,1405-07-15,1405,0.0028328611898016387,False,وایرا
2026-10-07,4920.0,5030.0,4750.0,4930.0,4960.0,75488004190.0,15299506.0,704.0,10500900000000.0,0.933,-11148342110.0,-0.1476836250954537,339574722.06349206,363903210.531401,,,1405-07-15,1405,0.008179959100204526,False,وایران
2026-10-07,62010.0,62010.0,62010.0,62010.0,62010.0,13448790810.0,216881.0,64.0,21812017500000.0,10.0,0.0,0.0,2689758162.0,268975816.2,,,1405-07-15,1405,0.029895366218236186,False,وبرق
2026-10-07,7960.0,7970.0,7770.0,7940.0,7940.0,1530002049010.0,192606455.0,2692.0,476400000000000.0,0.981,683974229000.0,0.4470413810508103,1579304843.1654675,1609504424.1245136,,,1405-07-15,1405,0.025839793281653645,False,وبشهر
2026-10-07,2850.0,2930.0,2850.0,2930.0,2930.0,58163409260.0,19878437.0,316.0,46880000000000.0,5.393,16554500000.0,0.2846205236353781,846485540.6382979,156961624.3918919,,,1405-07-15,1405,0.02807017543859658,False,وبیمه
2026-10-07,2435.0,2435.0,2435.0,2435.0,2435.0,42441976950.0,17429970.0,498.0,31655000000000.0,261.08,30916303790.0,0.7284369393636363,3320454545.454545,12718131.995464852,,,1405-07-15,1405,0.029598308668076,False,وپایا
2026-10-07,76710.0,76710.0,74790.0,76640.0,76710.0,365200720670.0,4765172.0,795.0,139484800000000.0,0.454,-190917137600.0,-0.5227731677247022,708444904.6445498,1561463360.0,,,1405-07-15,1405,0.029001074113855996,False,وپترو
2026-10-07,61560.0,61560.0,60730.0,61470.0,61560.0,314078131880.0,5109675.0,1088.0,516348000000000.0,0.528,12225706830.0,0.03892568628328152,511737750.0,969987056.7123288,,,1405-07-15,1405,0.028442362389158538,False,وپخش
2026-10-07,2422.0,2500.0,2403.0,2410.0,2403.0,31138343883.0,12922540.0,194.0,6025000000000.0,0.681,0.0,0.0,331311929.78723407,486614396.875,,,1405-07-15,1405,-0.027048849414614495,False,وپسا
2026-10-07,3065.0,3065.0,2956.0,3035.0,3010.0,7494805018.0,2469608.0,84.0,10318998494640.0,1.206,0.0,0.0,220448831.76470587,182811226.34146345,,,1405-07-15,1405,0.01811472660181157,False,سلار
2026-10-07,98980.0,98980.0,98980.0,98980.0,98980.0,94733955960.0,957102.0,148.0,244084680000000.0,33.535,24563272720.0,0.2592868889627229,10210559044.0,304477270.1149425,,,1405-07-15,1405,0.029968782518210224,False,سمازن
2026-10-07,6270.0,6270.0,5950.0,6100.0,6090.0,27123860780.0,4450072.0,234.0,24400000000000.0,1.418,-1220000000.0,-0.04497884758719809,392809684.8484849,276994277.55102044,,,1405-07-15,1405,0.0,False,سمایه
2026-10-07,67020.0,67020.0,66030.0,67010.0,67020.0,231924875430.0,3461299.0,431.0,134020000000000.0,2.828,25157899350.0,0.10847434671833296,1029273600.0,363932832.95454544,,,1405-07-15,1405,0.029814046411556827,False,سمتاز
2026-10-07,3700.0,3700.0,3640.0,3700.0,3690.0,25203001050.0,6816440.0,130.0,7400000000000.0,1.077,0.0,0.0,646687897.4358974,600495904.7619047,,,1405-07-15,1405,0.02777777777777768,False,سنوین
2026-10-07,6970.0,7010.0,6800.0,6930.0,7010.0,101416746550.0,14626753.0,647.0,23527350000000.0,0.803,-30577183560.0,-0.3015003399357224,269561712.2110553,335537706.33466136,,,1405-07-15,1405,0.017621145374449254,False,سنیر
2026-10-07,19560.0,20500.0,19560.0,20350.0,20360.0,39112146710.0,1921616.0,222.0,148473600000000.0,1.215,-2035000000.0,-0.052029872333233536,522111064.7887324,429724017.5824176,,,1405-07-15,1405,0.01243781094527363,False,سهرمز
2026-10-07,156800.0,158100.0,154500.0,158000.0,158100.0,505602694200.0,3200548.0,891.0,115148662000000.0,1.068,-73956640000.0,-0.1462742205458762,1190922676.4705882,1114671812.9496405,,,1405-07-15,1405,0.02931596091205213,False,سهگمت
2026-10-07,73590.0,74530.0,72350.0,73780.0,74530.0,309371954300.0,4193205.0,680.0,110670000000000.0,1.222,17424917720.0,0.05632352085510293,987106503.1578948,807519483.6879433,,,1405-07-15,1405,0.01962410171365403,False,سکرما
2026-10-07,32510.0,32510.0,32510.0,32510.0,32510.0,692450906280.0,21299628.0,2048.0,715220000000000.0,5.805,-1056542490.0,-0.0015258012956846007,353341506.1702128,60871481.47424512,,,1405-07-15,1405,0.02977510294583463,False,سیتا
2026-10-07,12560.0,12590.0,12010.0,12530.0,12590.0,282321213640.0,22535634.0,807.0,300720000000000.0,0.434,-99154024900.0,-0.3512099697418969,305518299.37007874,703851270.0,,,1405-07-15,1405,0.024529844644317178,False,سیدکو
2026-10-07,62020.0,63470.0,62020.0,63290.0,63470.0,68813732040.0,1087257.0,267.0,632900000000000.0,0.835,-8452949110.0,-0.12283811471068704,315908972.58064514,378324835.6,,,1405-07-15,1405,0.026934934285250733,False,سیستم
2026-10-07,22840.0,22840.0,22240.0,22810.0,22840.0,84030539840.0,3684679.0,309.0,27372000000000.0,0.596,-65698639360.0,-0.7818424049767475,325568840.75,546676340.2083333,,,1405-07-15,1405,0.02840396753832275,False,سیلام
2026-10-07,3590.0,3590.0,3590.0,3550.0,3590.0,23787340000.0,6626000.0,51.0,102950000000000.0,1.694,22365000000.0,0.9402060087424655,980095833.3333333,578650000.0,,,1405-07-15,1405,0.017191977077363862,False,شارپیلن
2026-10-07,103855.0,103855.0,103855.0,103855.0,103855.0,876455296955.0,8439221.0,1366.0,259637500000000.0,12.096,32346262880.0,0.03690577601890032,8728071281.847826,721569564.653558,,,1405-07-15,1405,0.03999559387548701,False,موج
2026-10-07,47925.0,47925.0,47700.0,47918.0,47925.0,7736350611633.0,161449776.0,10864.0,95836000000000.0,0.742,3793576488702.0,0.4903573634573481,1683458950.2874253,2268388563.5135484,,,1405-07-15,1405,0.03984202074562737,False,دوایکس
2026-10-07,71000.0,71195.0,70100.0,70844.0,71195.0,6267508922285.0,88468897.0,8375.0,177110000000000.0,0.859,-35918828972.0,-0.005730957772439,2450714601.8896728,2853860650.085453,,,1405-07-15,1405,0.034868603649006014,False,نارنج اهرم
2026-10-07,75736.0,75736.0,74736.0,75536.0,75736.0,15365286624411.0,203417761.0,17070.0,415448000000000.0,1.14,-1878545724512.0,-0.12225907465517329,3199100829.039501,2806306510.018988,,,1405-07-15,1405,0.037240470174667584,False,اهرم
