day,time,sym,rule,strength,last,lpct,bp,nrp,pace,w,persist,ibp,inrp,iv,decision,idx,call
2026-10-03,09:10,سرود,توزیع→صف-فروش,فروش؟,19710,-2.474022761009398,0.5561846274050901,-0.002153387979142284,3.0465943807830973,1.0,False,0.5561846274050901,-0.002153387979142284,9.144633348,منتظر پایداری,1.8231,خنثی/نوسانی
2026-10-03,09:10,سکارون,توزیع→صف-فروش,فروش؟,5500,-2.8268551236749095,0.6551724137931034,0.0,7.488399832215721,0.5,False,0.6551724137931034,0.0,1.342412061,منتظر پایداری,1.8231,خنثی/نوسانی
2026-10-03,09:10,دوایکس,صندوق-اهرمی,خرید,42408,3.999803810971869,4.880093828882407,0.0017760822112933964,0.22154156504658684,0.22,False,4.880093828882407,0.0017760822112933964,4.7754546192,رد: ارزش کم,1.8231,خنثی/نوسانی
2026-10-03,09:10,مداران,توزیع→صف-فروش,فروش؟,9800,-2.970297029702973,0.10903107746643652,-0.934581353520138,4.65980662003777,0.5,False,0.10903107746643652,-0.934581353520138,0.91878564,منتظر پایداری,1.8231,خنثی/نوسانی
2026-10-03,09:10,موج,صندوق-اهرمی,خرید,98659,3.999367522268482,4.424377108935775,-0.18707514312919513,1.0726968073510934,1.0,False,4.424377108935775,-0.18707514312919513,57.2153730654,منتظر پایداری,1.8231,خنثی/نوسانی
2026-10-03,09:10,فروژ,توزیع→صف-فروش,فروش؟,2184,-2.97645490892936,0.3890310604270632,-0.21569269107844424,22.46745689751297,1.0,False,0.3890310604270632,-0.21569269107844424,10.0862441425,منتظر پایداری,1.8231,خنثی/نوسانی
2026-10-03,09:20,سرود,توزیع→صف-فروش,فروش؟,19610,-2.9688273132112863,0.36872763986565377,-0.17188933417024768,3.488347831802601,1.0,True,0.36872763986565377,-0.17188933417024768,19.943994241,تأیید فروش (روز بعد),1.2675,خنثی/نوسانی
2026-10-03,09:20,قشهد,انباشت→صف-خرید,خرید؟,3900,2.0942408376963373,1.65625,0.0,2.7065089692333237,1.0,False,1.65625,0.0,2.000678678,منتظر پایداری,1.2675,خنثی/نوسانی
2026-10-03,09:20,دوایکس,صندوق-اهرمی,خرید,42408,3.999803810971869,3.3989555973097474,0.0779090071244026,0.44447051674771887,0.44,True,3.3989555973097474,0.0779090071244026,18.2491717104,رد: ارزش کم,1.2675,خنثی/نوسانی
2026-10-03,09:20,مداران,توزیع→صف-فروش,فروش؟,9800,-2.970297029702973,0.0601742517679577,-0.9607559227600274,6.518756781594521,1.0,True,0.0601742517679577,-0.9607559227600274,2.44822754,تأیید فروش (روز بعد),1.2675,خنثی/نوسانی
2026-10-03,09:20,فروژ,توزیع→صف-فروش,فروش؟,2184,-2.97645490892936,0.36211507965599654,-0.16939809542986858,12.257066576409747,1.0,True,0.36211507965599654,-0.16939809542986858,10.4810019241,تأیید فروش (روز بعد),1.2675,خنثی/نوسانی
2026-10-03,09:30,سرود,توزیع→صف-فروش,فروش؟,19610,-2.9688273132112863,0.2697611344419168,-1.1751449388457271,2.5982675097032106,1.0,True,0.2697611344419168,-1.1751449388457271,22.282682841,تأیید فروش (روز بعد),0.932,خنثی/نوسانی
2026-10-03,09:30,کاریز,توزیع→صف-فروش,فروش؟,26190,-3.0000000000000027,0.3607360081175631,-0.33198944007988995,2.1350250492713756,1.0,False,0.3607360081175631,-0.33198944007988995,4.027539868,منتظر پایداری,0.932,خنثی/نوسانی
2026-10-03,09:30,واحیا,توزیع→صف-فروش,فروش؟,24580,-2.9992107340173657,0.4338437882805884,-0.3967061074580721,7.677387897307304,1.0,False,0.4338437882805884,-0.3967061074580721,47.985584212,منتظر پایداری,0.932,خنثی/نوسانی
2026-10-03,09:30,خدیزل,توزیع→صف-فروش,فروش؟,1833,-2.9645314981471715,0.3842248835732099,-0.25282603317469465,2.2347772779031123,1.0,False,0.3842248835732099,-0.25282603317469465,3.5768732253,منتظر پایداری,0.932,خنثی/نوسانی
2026-10-03,09:30,زبینا,توزیع→صف-فروش,فروش؟,15370,-2.9671717171717127,0.6406719734095381,0.0997072797319366,5.342445403675142,1.0,False,0.6406719734095381,0.0997072797319366,13.729496408,منتظر پایداری,0.932,خنثی/نوسانی
2026-10-03,09:30,آریا,توزیع→صف-فروش,فروش؟,48870,-2.9779630732578943,0.5257270693512305,0.0,1.6305236277311521,1.0,False,0.5257270693512305,0.0,21.850390771,منتظر پایداری,0.932,خنثی/نوسانی
2026-10-03,09:30,مداران,توزیع→صف-فروش,فروش؟,9800,-2.970297029702973,0.062068541598640906,-0.9514246196184549,4.388457898971149,1.0,True,0.062068541598640906,-0.9514246196184549,2.47223754,تأیید فروش (روز بعد),0.932,خنثی/نوسانی
2026-10-03,09:30,فروژ,توزیع→صف-فروش,فروش؟,2184,-2.97645490892936,0.34244569090286003,-0.13113326880756374,8.442560380073326,1.0,True,0.34244569090286003,-0.13113326880756374,10.8288338449,تأیید فروش (روز بعد),0.932,خنثی/نوسانی
2026-10-03,09:40,وآفری,توزیع→صف-فروش,فروش؟,9900,-2.941176470588236,0.6969696969696969,0.0,1.2911591454865405,0.5,False,0.5714285714285715,0.0,0.20063538,منتظر پایداری,0.5366,ادامه ضعف
2026-10-03,09:40,کلر,توزیع→صف-فروش,فروش؟,12380,-2.9780564263322873,0.5458402826473124,-0.4322799790315147,8.01109682892484,1.0,False,0.46426658544255944,-0.47689519831357335,24.553241607,منتظر پایداری,0.5366,ادامه ضعف
2026-10-03,09:40,سرود,توزیع→صف-فروش,فروش؟,19610,-2.9688273132112863,0.25128083222256725,-0.682334552454546,6.028204031790922,1.0,True,0.20212612264780985,-0.7859498202100584,59.785686844,تأیید فروش (روز بعد),0.5366,ادامه ضعف
2026-10-03,09:40,کاریز,توزیع→صف-فروش,فروش؟,26190,-3.0000000000000027,0.3554049417114851,-0.3315491568041844,1.6033513103253556,1.0,True,0.3595287763011666,-0.34051710928215584,3.118579872,تأیید فروش (روز بعد),0.5366,ادامه ضعف
2026-10-03,09:40,واحیا,توزیع→صف-فروش,فروش؟,24580,-2.9992107340173657,0.5025356055753661,-0.39152552081540837,7.649710105863156,1.0,True,0.5413087708620433,-0.2728632034033236,42.059553706,تأیید فروش (روز بعد),0.5366,ادامه ضعف
2026-10-03,09:40,دفرا,توزیع→صف-فروش,فروش؟,48600,-2.6247245041073897,0.6880733944954128,0.0,1.4947688518726359,1.0,False,0.7241379310344828,0.0,1.625119928,منتظر پایداری,0.5366,ادامه ضعف
2026-10-03,09:40,غپینو,توزیع→صف-فروش,فروش؟,2071,-2.815579540122004,0.3289911613969194,-0.3817077225764819,3.538463448389385,1.0,False,0.34223698440008243,-0.25682320224508265,22.4070791525,منتظر پایداری,0.5366,ادامه ضعف
2026-10-03,09:40,خدیزل,توزیع→صف-فروش,فروش؟,1833,-2.9645314981471715,0.3616816584845796,-0.23397290466334048,1.8087710750868897,1.0,True,0.23143573463806671,-0.25591971726204055,2.6255529009,تأیید فروش (روز بعد),0.5366,ادامه ضعف
2026-10-03,09:40,زبینا,توزیع→صف-فروش,فروش؟,15440,-2.5252525252525304,0.6318664789793244,0.00980503878826996,4.847144666155176,1.0,True,0.44357129077946394,-0.2888598646836702,8.26862255,تأیید فروش (روز بعد),0.5366,ادامه ضعف
2026-10-03,09:40,آریا,توزیع→صف-فروش,فروش؟,48860,-2.997816160412947,0.47019526670424533,-0.10734714035175758,1.69626082023452,1.0,True,0.4217632664944819,-0.1169854564600838,27.727725052,تأیید فروش (روز بعد),0.5366,ادامه ضعف
2026-10-03,09:40,مداران,توزیع→صف-فروش,فروش؟,9800,-2.970297029702973,0.05267147863281959,-0.9887038876177795,3.827051290628773,1.0,True,0.028034982402740084,-1.0141244792071171,1.9558399,تأیید فروش (روز بعد),0.5366,ادامه ضعف
2026-10-03,09:40,فروژ,توزیع→صف-فروش,فروش؟,2184,-2.97645490892936,0.3380467316566477,-0.12889209267715093,6.344260120643162,1.0,True,4.557790215404989,0.9948975681515825,0.7636932576,تأیید فروش (روز بعد),0.5366,ادامه ضعف
2026-10-03,09:50,وآفری,توزیع→صف-فروش,فروش؟,9900,-2.941176470588236,0.6764705882352942,0.0,1.051926960487704,0.5,True,0.16666666666666669,0.0,0.06775065,تأیید فروش (روز بعد),0.3793,ادامه ضعف
2026-10-03,09:50,کلر,توزیع→صف-فروش,فروش؟,12380,-2.9780564263322873,0.47670547195272145,-0.46046042142823046,7.909847923705987,1.0,True,0.3123155805255435,-0.5253459099369552,28.79174475,تأیید فروش (روز بعد),0.3793,ادامه ضعف
2026-10-03,09:50,سرود,توزیع→صف-فروش,فروش؟,19610,-2.9688273132112863,0.24600982316030176,-0.6717666124643441,5.0148451168360015,1.0,True,0.18631686070638018,-0.8640591992619044,51.734667802,تأیید فروش (روز بعد),0.3793,ادامه ضعف
2026-10-03,09:50,کاریز,توزیع→صف-فروش,فروش؟,26190,-3.0000000000000027,0.3621987888842163,-0.3119241101117063,1.361718641286443,1.0,True,0.28870032740884266,-0.3821815496124202,2.761863402,تأیید فروش (روز بعد),0.3793,ادامه ضعف
2026-10-03,09:50,واحیا,توزیع→صف-فروش,فروش؟,24610,-2.8808208366219445,0.5761988556525677,-0.34971367985031043,6.914747393613783,1.0,True,0.5326086397914153,-0.3427710393283188,41.403129561,تأیید فروش (روز بعد),0.3793,ادامه ضعف
2026-10-03,09:50,دفرا,توزیع→صف-فروش,فروش؟,48450,-2.9252654778601506,0.6642857142857144,0.0,1.5559574943615937,1.0,True,0.6666666666666667,0.0,2.403453659,تأیید فروش (روز بعد),0.3793,ادامه ضعف
2026-10-03,09:50,خدیزل,توزیع→صف-فروش,فروش؟,1833,-2.9645314981471715,0.3416117080302399,-0.22300082095082704,1.517056358965448,1.0,True,0.07969019272284415,-0.2993360291400974,1.8677223351,تأیید فروش (روز بعد),0.3793,ادامه ضعف
2026-10-03,09:50,زبینا,توزیع→صف-فروش,فروش؟,15500,-2.146464646464652,0.6370809583786534,-0.004113335164217742,3.9789963432898587,1.0,True,0.4575374757823231,-0.2964508289259278,6.934963458,تأیید فروش (روز بعد),0.3793,ادامه ضعف
2026-10-03,09:50,آریا,توزیع→صف-فروش,فروش؟,48860,-2.997816160412947,0.4326965704372018,-0.10416761877866383,1.3981248231168866,1.0,True,0.3601243864758825,-0.13481173469866417,23.984340342,تأیید فروش (روز بعد),0.3793,ادامه ضعف
2026-10-03,09:50,مداران,توزیع→صف-فروش,فروش؟,9800,-2.970297029702973,0.044990875314974796,-0.9568837444898157,3.3816044936721292,1.0,True,0.007019820670127418,-0.9438414346389806,0.726817,تأیید فروش (روز بعد),0.3793,ادامه ضعف
2026-10-03,09:50,فروژ,توزیع→صف-فروش,فروش؟,2184,-2.97645490892936,0.33098387289156944,-0.12447562047721425,5.122233167545432,1.0,True,,0.8603091172979686,0.4690356216,تأیید فروش (روز بعد),0.3793,ادامه ضعف
2026-10-03,10:00,وآفری,توزیع→صف-فروش,فروش؟,9900,-2.941176470588236,0.6571428571428573,0.0,0.8816095715167174,0.44,True,,0.0,0.01914264,رد: ارزش کم,0.3364,ادامه ضعف
2026-10-03,10:00,فنآوا,توزیع→صف-فروش,فروش؟,4190,-2.784222737819031,0.6373470448034108,-0.3803570397744617,0.8763692901777034,0.88,False,0.005742296497190107,-0.9885154070056198,1.39199761,منتظر پایداری,0.3364,ادامه ضعف
2026-10-03,10:00,کلر,توزیع→صف-فروش,فروش؟,12390,-2.899686520376177,0.4298801207677298,-0.4980736722530538,7.232278964783882,1.0,True,0.32671157640812964,-0.6794138209471136,27.109506646,تأیید فروش (روز بعد),0.3364,ادامه ضعف
2026-10-03,10:00,سرود,توزیع→صف-فروش,فروش؟,19610,-2.9688273132112863,0.2942119574638461,-0.6363686957579281,4.770684295900183,1.0,True,0.3744494432050148,-0.43513252559223287,59.543876359,تأیید فروش (روز بعد),0.3364,ادامه ضعف
2026-10-03,10:00,سکارون,توزیع→صف-فروش,فروش؟,5500,-2.8268551236749095,0.6923076923076924,0.0,3.2625042670044833,1.0,False,0.19999999999999998,0.0,0.1648878,منتظر پایداری,0.3364,ادامه ضعف
2026-10-03,10:00,واحیا,توزیع→صف-فروش,فروش؟,24650,-2.722967640094709,0.5810883772669811,-0.34007104423271406,5.9236202025676885,1.0,True,0.949834014493033,-0.23875557092619548,26.062615481,تأیید فروش (روز بعد),0.3364,ادامه ضعف
2026-10-03,10:00,دفرا,توزیع→صف-فروش,فروش؟,48550,-2.7249048286916433,0.6556291390728476,0.0,1.4965796112378071,1.0,True,0.676923076923077,0.0,2.576158659,تأیید فروش (روز بعد),0.3364,ادامه ضعف
2026-10-03,10:00,غپینو,توزیع→صف-فروش,فروش؟,2084,-2.2055373064289063,0.34781451653467255,-0.3180356166446679,2.867545137694902,1.0,False,0.41322352982571536,-0.19895527845965577,12.6407583388,منتظر پایداری,0.3364,ادامه ضعف
2026-10-03,10:00,خدیزل,توزیع→صف-فروش,فروش؟,1833,-2.9645314981471715,0.30764686147179243,-0.1953851315353121,1.4401285287126449,1.0,True,0.02702702702702703,0.0,1.033122792,تأیید فروش (روز بعد),0.3364,ادامه ضعف
2026-10-03,10:00,آریا,توزیع→صف-فروش,فروش؟,49010,-2.7000198530871544,0.5265813354470229,-0.1586951557987681,1.5949862763788452,1.0,True,0.524078790492515,-0.3230059528055792,20.897929855,تأیید فروش (روز بعد),0.3364,ادامه ضعف
2026-10-03,10:00,مداران,توزیع→صف-فروش,فروش؟,9800,-2.970297029702973,0.044001525896919316,-0.9559984741030807,2.8206131352109463,1.0,True,0.0046633803142863755,-0.9720197181142818,0.705747,تأیید فروش (روز بعد),0.3364,ادامه ضعف
2026-10-03,10:00,فروژ,توزیع→صف-فروش,فروش؟,2184,-2.97645490892936,0.3418482897061156,-0.07689791355967056,4.506060407670139,1.0,True,0.3919959237004821,0.7122660194099293,0.7305455976,تأیید فروش (روز بعد),0.3364,ادامه ضعف
2026-10-03,10:10,وآفری,توزیع→صف-فروش,فروش؟,9900,-2.941176470588236,0.6571428571428573,0.0,0.7556653470143292,0.38,True,,0.0,0.01179882,رد: ارزش کم,0.3185,ادامه ضعف
2026-10-03,10:10,کلر,توزیع→صف-فروش,فروش؟,12420,-2.6645768025078342,0.4392632575199483,-0.5119844782110122,6.679489586354335,1.0,True,0.22508423759512466,-0.6849990883975541,12.627986307,تأیید فروش (روز بعد),0.3185,ادامه ضعف
2026-10-03,10:10,سرود,توزیع→صف-فروش,فروش؟,19610,-2.9688273132112863,0.30680827259613913,-0.6209514511893055,4.332669931202664,1.0,True,0.5276441303408176,-0.3829807873979598,17.769062762,تأیید فروش (روز بعد),0.3185,ادامه ضعف
2026-10-03,10:10,سکارون,توزیع→صف-فروش,فروش؟,5500,-2.8268551236749095,0.6851851851851851,0.0,2.8200686730578797,1.0,True,0.2857142857142857,0.0,0.11607475,تأیید فروش (روز بعد),0.3185,ادامه ضعف
2026-10-03,10:10,واحیا,توزیع→صف-فروش,فروش؟,24800,-2.131018153117603,0.631649892462512,-0.3272440760964843,5.27516755136598,1.0,True,1.4439347777131173,-0.021850634452404365,13.182467245,تأیید فروش (روز بعد),0.3185,ادامه ضعف
2026-10-03,10:10,دفرا,توزیع→صف-فروش,فروش؟,48710,-2.4043277900220428,0.6026781391806146,-0.12894807137952452,1.5361203952934142,1.0,True,0.49908807328724664,-0.28661165212988576,2.66548158,تأیید فروش (روز بعد),0.3185,ادامه ضعف
2026-10-03,10:10,خدیزل,توزیع→صف-فروش,فروش؟,1833,-2.9645314981471715,0.3030654863987347,-0.19369693669123525,1.2450081010566056,1.0,True,0.06060606060606061,0.0,0.7895900454,تأیید فروش (روز بعد),0.3185,ادامه ضعف
2026-10-03,10:10,آریا,توزیع→صف-فروش,فروش؟,48870,-2.9779630732578943,0.4846730195792379,-0.20907995863613393,1.6281976747858806,1.0,True,0.5276801967660947,-0.35770799894181027,20.603083027,تأیید فروش (روز بعد),0.3185,ادامه ضعف
2026-10-03,10:10,فنآوا,توزیع→صف-فروش,فروش؟,4190,-2.784222737819031,0.6373470448034108,-0.3803570397744617,0.7511736772951743,0.75,True,0.007188733348146737,-0.9928112666518533,1.385974485,تأیید فروش (روز بعد),0.3185,ادامه ضعف
2026-10-03,10:10,مداران,توزیع→صف-فروش,فروش؟,9800,-2.970297029702973,0.03898262485758838,-0.956144547035213,2.5732462265967944,1.0,True,,-0.7718610341394135,0.50786344,تأیید فروش (روز بعد),0.3185,ادامه ضعف
2026-10-03,10:10,فروژ,توزیع→صف-فروش,فروش؟,2184,-2.97645490892936,0.3345583109999752,-0.06738730883413428,3.910897404136935,1.0,True,0.3020280193391055,0.6990044463158841,0.8547743568,تأیید فروش (روز بعد),0.3185,ادامه ضعف
2026-10-03,10:20,وآفری,توزیع→صف-فروش,فروش؟,9900,-2.941176470588236,0.638888888888889,0.0,0.6744037070584065,0.34,True,,0.0,0.01279674,رد: ارزش کم,0.3036,ادامه ضعف
2026-10-03,10:20,کلر,توزیع→صف-فروش,فروش؟,12420,-2.6645768025078342,0.4528091902572496,-0.49919837208330664,6.033612918058697,1.0,True,0.3690969411519804,-0.6747224745243932,7.484468212,تأیید فروش (روز بعد),0.3036,ادامه ضعف
2026-10-03,10:20,سرود,توزیع→صف-فروش,فروش؟,19610,-2.9688273132112863,0.3049916240725573,-0.617843546879405,3.824025263778756,1.0,True,0.6029868073801782,-0.3729588892389177,15.774013568,تأیید فروش (روز بعد),0.3036,ادامه ضعف
2026-10-03,10:20,خدیزل,توزیع→صف-فروش,فروش؟,1833,-2.9645314981471715,0.28817176464661454,-0.19418636182150387,1.0968728881143675,1.0,True,0.08457272200369127,-0.013318243290268568,0.6347255577,تأیید فروش (روز بعد),0.3036,ادامه ضعف
2026-10-03,10:20,وثخوز,صف-واچ‌لیست,خرید,5360,2.8790786948176494,1.125,0.0,1.0936215379171688,0.5,False,1.0,0.0,1.054331806,منتظر پایداری,0.3036,ادامه ضعف
2026-10-03,10:20,آریا,توزیع→صف-فروش,فروش؟,49010,-2.7000198530871544,0.5033705184479697,-0.2087458851245468,1.4628686595976788,1.0,True,0.7123129732431231,-0.36294278359690174,21.049709525,تأیید فروش (روز بعد),0.3036,ادامه ضعف
2026-10-03,10:20,فنآوا,توزیع→صف-فروش,فروش؟,4190,-2.784222737819031,0.6373470448034108,-0.3803570397744617,0.6572769676332775,0.66,True,,-1.0,1.376011084,تأیید فروش (روز بعد),0.3036,ادامه ضعف
2026-10-03,10:20,مداران,توزیع→صف-فروش,فروش؟,9800,-2.970297029702973,0.03898262485758838,-0.956144547035213,2.251590448272195,1.0,True,,-0.9448313003713187,0.20744444,تأیید فروش (روز بعد),0.3036,ادامه ضعف
2026-10-03,10:20,فروژ,توزیع→صف-فروش,فروش؟,2184,-2.97645490892936,0.32696795662927314,-0.06375826122208153,3.4335112706086326,1.0,True,0.29047555935996844,0.7584622672340089,0.7939268064,تأیید فروش (روز بعد),0.3036,ادامه ضعف
2026-10-03,10:30,وآفری,توزیع→صف-فروش,فروش؟,9900,-2.941176470588236,0.6216216216216216,0.0,0.6029888029622332,0.3,True,,0.0,0.01295217,رد: ارزش کم,0.3047,ادامه ضعف
2026-10-03,10:30,سرود,توزیع→صف-فروش,فروش؟,19610,-2.9688273132112863,0.301297649197007,-0.6145981996900173,3.417073472839957,1.0,True,0.4108492193079998,-0.3221283146600918,6.087673059,تأیید فروش (روز بعد),0.3047,ادامه ضعف
2026-10-03,10:30,کاریز,توزیع→صف-فروش,فروش؟,26230,-2.85185185185185,0.12043299176285667,-0.8672543425090309,7.439494170828507,1.0,False,0.02219901574552925,-0.9778009842544708,27.12550741,منتظر پایداری,0.3047,ادامه ضعف
2026-10-03,10:30,خدیزل,توزیع→صف-فروش,فروش؟,1835,-2.858655373213337,0.3985287361212707,-0.14920831614560184,1.5584352538554231,1.0,True,0.633027367847335,-0.07612221989848397,2.8730655674,تأیید فروش (روز بعد),0.3047,ادامه ضعف
2026-10-03,10:30,وثخوز,صف-واچ‌لیست,خرید,5360,2.8790786948176494,1.125,0.0,0.9989398196502319,0.5,True,1.375,0.0,1.024031735,رد: جریان ۳۰دقیقه خرید را تأیید نمی‌کند,0.3047,ادامه ضعف
2026-10-03,10:30,آریا,توزیع→صف-فروش,فروش؟,49200,-2.3228111971411503,0.5153868088377561,-0.21855371885022082,1.3410784292682152,1.0,True,0.4376117822869118,-0.44710395369520073,11.1664229,تأیید فروش (روز بعد),0.3047,ادامه ضعف
2026-10-03,10:30,فنآوا,توزیع→صف-فروش,فروش؟,4190,-2.784222737819031,0.6048866811772298,-0.37831091101229164,0.5874017988134093,0.59,True,,0.0,0.021788,تأیید فروش (روز بعد),0.3047,ادامه ضعف
2026-10-03,10:30,مداران,توزیع→صف-فروش,فروش؟,9800,-2.970297029702973,0.03898262485758838,-0.956144547035213,2.001413731797507,1.0,True,,-0.9584143992179338,0.20450444,تأیید فروش (روز بعد),0.3047,ادامه ضعف
2026-10-03,10:30,فروژ,توزیع→صف-فروش,فروش؟,2184,-2.97645490892936,0.31541553987400517,-0.06081054989169308,3.0603471391420376,1.0,True,,0.7827044560857772,0.2166656856,تأیید فروش (روز بعد),0.3047,ادامه ضعف
2026-10-03,10:40,فنآوا,توزیع→صف-فروش,فروش؟,4190,-2.784222737819031,0.6080274514492021,-0.37553937418730593,0.5325578873513476,0.53,True,0.3333333333333333,0.0,0.051679041,تأیید فروش (روز بعد),0.2952,خنثی/نوسانی
2026-10-03,10:40,مداران,توزیع→صف-فروش,فروش؟,9800,-2.970297029702973,0.03665204838949117,-0.957239276878927,1.8537315449115404,1.0,True,,-0.9948269001193792,0.0985096,تأیید فروش (روز بعد),0.2952,خنثی/نوسانی
2026-10-03,10:40,وآفری,توزیع→صف-فروش,فروش؟,9900,-2.941176470588236,0.6216216216216216,0.0,0.54268992266601,0.27,True,,0.0,0.01295217,رد: ارزش کم,0.2952,خنثی/نوسانی
2026-10-03,10:40,سرود,توزیع→صف-فروش,فروش؟,19610,-2.9688273132112863,0.297620163059491,-0.607667173454992,3.110426113798775,1.0,True,0.24087714396328866,-0.08844908074870378,2.217094834,تأیید فروش (روز بعد),0.2952,خنثی/نوسانی
2026-10-03,10:40,کاریز,توزیع→صف-فروش,فروش؟,26190,-3.0000000000000027,0.1246476859841131,-0.8618971568073855,6.7368184611363295,1.0,True,0.04526589147463885,-0.9517163824270519,13.942725446,تأیید فروش (روز بعد),0.2952,خنثی/نوسانی
2026-10-03,10:40,واحیا,توزیع→صف-فروش,فروش؟,24580,-2.9992107340173657,0.6180174708532568,-0.286387886581576,4.1515091815800576,1.0,False,0.6243630056199264,0.037810500418652256,9.560628344,منتظر پایداری,0.2952,خنثی/نوسانی
2026-10-03,10:40,خدیزل,توزیع→صف-فروش,فروش؟,1833,-2.9645314981471715,0.38751947728098995,-0.1473418743002623,1.4643180592958942,1.0,True,0.5680881103390985,-0.08010531612981307,3.1627532957,تأیید فروش (روز بعد),0.2952,خنثی/نوسانی
2026-10-03,10:40,آریا,توزیع→صف-فروش,فروش؟,49130,-2.46178280722652,0.5325839628261771,-0.21701660015549717,1.2434864900297933,1.0,True,0.9010536660777707,-0.30449497901280487,4.634374043,تأیید فروش (روز بعد),0.2952,خنثی/نوسانی
2026-10-03,10:40,فروژ,توزیع→صف-فروش,فروش؟,2184,-2.97645490892936,0.30241432386612244,-0.05034984586175776,2.7812801022651206,1.0,True,,1.0,0.1866335016,تأیید فروش (روز بعد),0.2952,خنثی/نوسانی
2026-10-03,10:50,وآفری,توزیع→صف-فروش,فروش؟,9900,-2.941176470588236,0.6216216216216216,0.0,0.493354475150918,0.25,True,,0.0,0.00298881,رد: ارزش کم,0.2928,ادامه ضعف
2026-10-03,10:50,سرود,توزیع→صف-فروش,فروش؟,19610,-2.9688273132112863,0.30368453394393863,-0.6007611044056897,2.8601495214230908,1.0,True,0.348314606741573,0.0,2.485440035,تأیید فروش (روز بعد),0.2928,ادامه ضعف
2026-10-03,10:50,واحیا,توزیع→صف-فروش,فروش؟,24580,-2.9992107340173657,0.6397308471354413,-0.2588534718442118,4.127119182248504,1.0,True,0.5565083261259259,0.03674928678990631,16.50032701,تأیید فروش (روز بعد),0.2928,ادامه ضعف
2026-10-03,10:50,خدیزل,توزیع→صف-فروش,فروش؟,1833,-2.9645314981471715,0.38539957359851884,-0.14310786860354827,1.3702691219730014,1.0,True,0.5823934582171879,-0.0728849122480047,3.3600762478,تأیید فروش (روز بعد),0.2928,ادامه ضعف
2026-10-03,10:50,آریا,توزیع→صف-فروش,فروش؟,49180,-2.362517371451256,0.5168799331917012,-0.25158397210069317,1.2664639436386118,1.0,True,0.6365761084514148,-0.4768649795405589,9.953047603,تأیید فروش (روز بعد),0.2928,ادامه ضعف
2026-10-03,10:50,فنآوا,توزیع→صف-فروش,فروش؟,4190,-2.784222737819031,0.6089787585560169,-0.3745623560776042,0.48540467274189514,0.49,True,0.3333333333333333,0.0,0.062321641,رد: ارزش کم,0.2928,ادامه ضعف
2026-10-03,10:50,مداران,توزیع→صف-فروش,فروش؟,9800,-2.970297029702973,0.035506376198956247,-0.9570964620929278,1.685461945729875,1.0,True,,-0.9896091044037605,0.099029,تأیید فروش (روز بعد),0.2928,ادامه ضعف
2026-10-03,10:50,فروژ,توزیع→صف-فروش,فروش؟,2184,-2.97645490892936,0.2991739607965244,-0.04919844589193048,2.5311647831220054,1.0,True,,1.0,0.1602123432,تأیید فروش (روز بعد),0.2928,ادامه ضعف
2026-10-03,11:00,وآفری,توزیع→صف-فروش,فروش؟,9900,-2.941176470588236,0.5897435897435896,0.0,0.4539768373114619,0.23,True,,0.0,0.00196515,رد: ارزش کم,0.2844,ادامه ضعف
2026-10-03,11:00,سرود,توزیع→صف-فروش,فروش؟,19610,-2.9688273132112863,0.3008465192054354,-0.5959602337989685,2.6429138599936626,1.0,True,0.3146067415730337,0.0,2.748043428,تأیید فروش (روز بعد),0.2844,ادامه ضعف
2026-10-03,11:00,کاریز,توزیع→صف-فروش,فروش؟,26310,-2.5555555555555554,0.13131666729412875,-0.846275886306882,5.716768743498762,1.0,False,0.5789473684210527,0.0,1.034872172,منتظر پایداری,0.2844,ادامه ضعف
2026-10-03,11:00,واحیا,توزیع→صف-فروش,فروش؟,24580,-2.9992107340173657,0.6285530347322259,-0.25781657858715773,3.7981653372198827,1.0,True,0.4034046567670327,0.040669696873629535,14.889338044,تأیید فروش (روز بعد),0.2844,ادامه ضعف
2026-10-03,11:00,خدیزل,توزیع→صف-فروش,فروش؟,1833,-2.9645314981471715,0.37425849233729375,-0.1428282263097048,1.2975764496340108,1.0,True,0.27685499987884027,-0.08536722108017193,0.8242834136,تأیید فروش (روز بعد),0.2844,ادامه ضعف
2026-10-03,11:00,آریا,توزیع→صف-فروش,فروش؟,49140,-2.4419297200714674,0.5353309303307502,-0.2385704451742952,1.2243926351389929,1.0,True,0.8355223266124008,-0.3307412493579194,11.716829252,تأیید فروش (روز بعد),0.2844,ادامه ضعف
2026-10-03,11:00,فنآوا,توزیع→صف-فروش,فروش؟,4190,-2.784222737819031,0.5659006738220848,-0.37292087495390597,0.446910182166108,0.45,True,0.25,0.0,0.058539747,رد: ارزش کم,0.2844,ادامه ضعف
2026-10-03,11:00,مداران,توزیع→صف-فروش,فروش؟,9800,-2.970297029702973,0.03489171237836339,-0.9599391450470643,1.6763461046223516,1.0,True,0.005675474506885002,-0.9924327006574867,0.394989,تأیید فروش (روز بعد),0.2844,ادامه ضعف
2026-10-03,11:00,فروژ,توزیع→صف-فروش,فروش؟,2184,-2.97645490892936,0.2980661200305776,-0.048944017692034575,2.320787770926672,1.0,True,,1.0,0.1309707672,تأیید فروش (روز بعد),0.2844,ادامه ضعف
2026-10-03,11:10,وآفری,توزیع→صف-فروش,فروش؟,9900,-2.941176470588236,0.575,0.0,0.4432634333300649,0.22,True,,0.0,0.03166515,رد: ارزش کم,0.2761,ادامه ضعف
2026-10-03,11:10,فنآوا,توزیع→صف-فروش,فروش؟,4190,-2.784222737819031,0.5403610027192886,-0.37201288873163757,0.41353800295883686,0.41,True,,0.0,0.038677052,رد: ارزش کم,0.2761,ادامه ضعف
2026-10-03,11:10,سرود,توزیع→صف-فروش,فروش؟,19610,-2.9688273132112863,0.2947206943227006,-0.5970209062393885,2.4794735387906286,1.0,True,0.26833966371646684,-0.30383075897531253,3.227125533,تأیید فروش (روز بعد),0.2761,ادامه ضعف
2026-10-03,11:10,کاریز,توزیع→صف-فروش,فروش؟,26310,-2.5555555555555554,0.10352357751994695,-0.879994330589717,6.901575648536867,1.0,True,0.03899888977880287,-0.9341284385501355,14.055225358,تأیید فروش (روز بعد),0.2761,ادامه ضعف
2026-10-03,11:10,واحیا,توزیع→صف-فروش,فروش؟,24580,-2.9992107340173657,0.5654403847359211,-0.2970148567202678,4.12007560581931,1.0,True,0.23119427058130226,-0.33300121359354046,25.096605234,تأیید فروش (روز بعد),0.2761,ادامه ضعف
2026-10-03,11:10,خدیزل,توزیع→صف-فروش,فروش؟,1833,-2.9645314981471715,0.3591923612685262,-0.1421230983295393,1.2036602974119335,1.0,True,0.20196655273303585,-0.06664979081931098,0.5358659543,تأیید فروش (روز بعد),0.2761,ادامه ضعف
2026-10-03,11:10,آریا,توزیع→صف-فروش,فروش؟,49130,-2.46178280722652,0.5369665003924856,-0.2512555386929215,1.1648461256618392,1.0,True,0.7826381657332094,-0.4085920484944195,12.097095922,تأیید فروش (روز بعد),0.2761,ادامه ضعف
2026-10-03,11:10,مداران,توزیع→صف-فروش,فروش؟,9800,-2.970297029702973,0.035268969259897365,-0.9608280517289596,1.5877460114905646,1.0,True,0.008380327760249754,-0.9924548619123117,0.39498018,تأیید فروش (روز بعد),0.2761,ادامه ضعف
2026-10-03,11:10,فروژ,توزیع→صف-فروش,فروش؟,2184,-2.97645490892936,0.2952583320225907,-0.040151439676894954,2.160072128931522,1.0,True,,1.0,0.1146416544,تأیید فروش (روز بعد),0.2761,ادامه ضعف
2026-10-03,11:20,وآفری,توزیع→صف-فروش,فروش؟,9900,-2.941176470588236,0.575,0.0,0.4123697836878987,0.21,True,,0.0,0.0326799,رد: ارزش کم,0.266,ادامه ضعف
2026-10-03,11:20,فنآوا,توزیع→صف-فروش,فروش؟,4190,-2.784222737819031,0.5403610027192886,-0.37201288873163757,0.3839995741760628,0.38,True,,0.0,0.028034452,رد: ارزش کم,0.266,ادامه ضعف
2026-10-03,11:20,سرود,توزیع→صف-فروش,فروش؟,19610,-2.9688273132112863,0.2929567156134762,-0.5938411056180065,2.314690749962068,1.0,True,0.11627274844390226,-0.3633301093841627,2.698647799,تأیید فروش (روز بعد),0.266,ادامه ضعف
2026-10-03,11:20,کاریز,توزیع→صف-فروش,فروش؟,26260,-2.7407407407407436,0.10500220504613919,-0.8757108279873826,6.439786051119474,1.0,True,0.02314598147368145,-0.9629664296421097,13.635979764,تأیید فروش (روز بعد),0.266,ادامه ضعف
2026-10-03,11:20,واحیا,توزیع→صف-فروش,فروش؟,24580,-2.9992107340173657,0.5197255240918902,-0.3809876437448282,4.568873641971219,1.0,True,0.22019142727221086,-0.6748748012910553,38.680539472,تأیید فروش (روز بعد),0.266,ادامه ضعف
2026-10-03,11:20,خدیزل,توزیع→صف-فروش,فروش؟,1833,-2.9645314981471715,0.35076025515361475,-0.1418292786532921,1.1199825009693667,1.0,True,,-0.11031798562861911,0.3237351117,تأیید فروش (روز بعد),0.266,ادامه ضعف
2026-10-03,11:20,وثخوز,صف-واچ‌لیست,خرید,5360,2.8790786948176494,1.55,0.0,0.7777896640823092,0.39,False,5.0,0.0,0.130252021,رد: ارزش کم,0.266,ادامه ضعف
2026-10-03,11:20,آریا,توزیع→صف-فروش,فروش؟,49190,-2.342664284296203,0.5622840044088505,-0.24129418553429285,1.168644156031736,1.0,True,1.1789896877663273,-0.18224744211653934,10.854302081,تأیید فروش (روز بعد),0.266,ادامه ضعف
2026-10-03,11:20,مداران,توزیع→صف-فروش,فروش؟,9800,-2.970297029702973,0.0338304194526424,-0.957711975684197,1.4791323873484272,1.0,True,0.024682679352270254,-0.9629759809715946,0.40707142,تأیید فروش (روز بعد),0.266,ادامه ضعف
2026-10-03,11:20,فروژ,توزیع→صف-فروش,فروش؟,2184,-2.97645490892936,0.29368203902934714,-0.026023531202810774,2.03302487631819,1.0,True,34.92670986321094,0.9980912411467394,0.264882072,تأیید فروش (روز بعد),0.266,ادامه ضعف
2026-10-03,11:30,وآفری,توزیع→صف-فروش,فروش؟,9900,-2.941176470588236,0.575,0.0,0.38487846477537213,0.19,True,,0.0,0.03071475,رد: ارزش کم,0.26,ادامه ضعف
2026-10-03,11:30,سرود,توزیع→صف-فروش,فروش؟,19610,-2.9688273132112863,0.2898813457514242,-0.5929349734551137,2.163677991663466,1.0,True,0.11050418805522015,-0.46337656945644073,2.115989596,تأیید فروش (روز بعد),0.26,ادامه ضعف
2026-10-03,11:30,کاریز,توزیع→صف-فروش,فروش؟,26200,-2.9629629629629672,0.08940355932097714,-0.8828671715994332,7.611687943062507,1.0,True,0.02483182721983547,-0.9375549572870635,28.657194053,تأیید فروش (روز بعد),0.26,ادامه ضعف
2026-10-03,11:30,واحیا,توزیع→صف-فروش,فروش؟,24580,-2.9992107340173657,0.5114144278047286,-0.3780911744987541,4.296580080149107,1.0,True,0.22205353627751856,-0.6639743138639165,39.315558856,تأیید فروش (روز بعد),0.26,ادامه ضعف
2026-10-03,11:30,خدیزل,توزیع→صف-فروش,فروش؟,1833,-2.9645314981471715,0.35743499526453015,-0.14012440378998747,1.057939280896335,1.0,True,0.15,0.0,0.1590796545,تأیید فروش (روز بعد),0.26,ادامه ضعف
2026-10-03,11:30,وثخوز,صف-واچ‌لیست,خرید,5360,2.8790786948176494,1.6500000000000004,0.0,0.7270063347826003,0.36,True,6.0,0.0,0.132396021,رد: ارزش کم,0.26,ادامه ضعف
2026-10-03,11:30,آریا,توزیع→صف-فروش,فروش؟,49140,-2.4419297200714674,0.5826789286966653,-0.2441305388644193,1.1691940691760943,1.0,True,1.2100950574166125,-0.2728813506865701,12.709356676,تأیید فروش (روز بعد),0.26,ادامه ضعف
2026-10-03,11:30,فنآوا,توزیع→صف-فروش,فروش؟,4190,-2.784222737819031,0.5287152578276054,-0.37125753123203675,0.3591278191862346,0.36,True,,0.0,0.018408346,رد: ارزش کم,0.26,ادامه ضعف
2026-10-03,11:30,مداران,توزیع→صف-فروش,فروش؟,9800,-2.970297029702973,0.032995613821040215,-0.9575770679443769,1.3807180480959522,1.0,True,0.02446593761519423,-0.8776703119240289,0.11165924,تأیید فروش (روز بعد),0.26,ادامه ضعف
2026-10-03,11:30,فروژ,توزیع→صف-فروش,فروش؟,2184,-2.97645490892936,0.29670329670329665,0.0,1.9600750256143136,1.0,True,0.6383408045127373,0.8637772783372251,0.6634164264,تأیید فروش (روز بعد),0.26,ادامه ضعف
2026-10-03,11:40,وآفری,توزیع→صف-فروش,فروش؟,9900,-2.941176470588236,0.575,0.0,0.3608235607269114,0.18,True,,0.0,0.00101475,رد: ارزش کم,0.2489,ادامه ضعف
2026-10-03,11:40,سرود,توزیع→صف-فروش,فروش؟,19610,-2.9688273132112863,0.29116740975259525,-0.5909209779360208,2.0353582682113496,1.0,True,0.30188679245283023,0.0,0.950722215,تأیید فروش (روز بعد),0.2489,ادامه ضعف
2026-10-03,11:40,کاریز,توزیع→صف-فروش,فروش؟,26190,-3.0000000000000027,0.0946460177002587,-0.8619993274472845,7.243152824878523,1.0,True,0.04728119290694344,-0.800638821493732,16.455788875,تأیید فروش (روز بعد),0.2489,ادامه ضعف
2026-10-03,11:40,واحیا,توزیع→صف-فروش,فروش؟,24580,-2.9992107340173657,0.516559468620447,-0.39011687350814556,4.358900930212734,1.0,True,0.4296590177669127,-0.6941227053204202,33.712658466,تأیید فروش (روز بعد),0.2489,ادامه ضعف
2026-10-03,11:40,غپینو,توزیع→صف-فروش,فروش؟,2078,-2.487095260441108,0.43015977614205947,-0.1924983740383177,1.4416227593895237,1.0,False,0.6971646989122323,-0.004493721587305981,4.7327974915,منتظر پایداری,0.2489,ادامه ضعف
2026-10-03,11:40,خدیزل,توزیع→صف-فروش,فروش؟,1833,-2.9645314981471715,0.36682860068007234,-0.13205732874804327,1.051954286869185,1.0,True,0.4736842105263158,0.0,0.6315156081,تأیید فروش (روز بعد),0.2489,ادامه ضعف
2026-10-03,11:40,وثخوز,صف-واچ‌لیست,خرید,5360,2.8790786948176494,1.48,0.0,0.897972393051008,0.45,True,2.5,0.0,0.594469413,رد: ارزش کم,0.2489,ادامه ضعف
2026-10-03,11:40,آریا,توزیع→صف-فروش,فروش؟,49110,-2.501488981536626,0.5902447369092925,-0.23898538555969967,1.1371094912883208,1.0,True,1.1230652900691753,-0.1780146336325374,13.62755031,تأیید فروش (روز بعد),0.2489,ادامه ضعف
2026-10-03,11:40,فنآوا,توزیع→صف-فروش,فروش؟,4190,-2.784222737819031,0.5287152578276054,-0.37125753123203675,0.33668233048709495,0.34,True,,0.0,0.00838,رد: ارزش کم,0.2489,ادامه ضعف
2026-10-03,11:40,مداران,توزیع→صف-فروش,فروش؟,9800,-2.970297029702973,0.03218458178271115,-0.9586198234222287,1.3270405511420993,1.0,True,,-0.8816243046188297,0.11115846,تأیید فروش (روز بعد),0.2489,ادامه ضعف
2026-10-03,11:40,فروژ,توزیع→صف-فروش,فروش؟,2184,-2.97645490892936,0.29136690647482016,0.0,1.8405088502138232,1.0,True,0.46010935706524103,0.8110090125230806,0.5845471632,تأیید فروش (روز بعد),0.2489,ادامه ضعف
2026-10-03,11:50,وآفری,توزیع→صف-فروش,فروش؟,9900,-2.941176470588236,0.575,0.0,0.33959864539003426,0.17,True,,,0.0,رد: ارزش کم,0.2447,ادامه ضعف
2026-10-03,11:50,فنآوا,توزیع→صف-فروش,فروش؟,4190,-2.784222737819031,0.5287152578276054,-0.37125753123203675,0.3168774875172658,0.32,True,,0.0,0.00838,رد: ارزش کم,0.2447,ادامه ضعف
2026-10-03,11:50,مداران,توزیع→صف-فروش,فروش؟,9800,-2.970297029702973,0.03662497897225101,-0.9516027063580969,1.258188955724934,1.0,True,,-0.7659372391026279,0.12794782,تأیید فروش (روز بعد),0.2447,ادامه ضعف
2026-10-03,11:50,سرود,توزیع→صف-فروش,فروش؟,19610,-2.9688273132112863,0.2904651637532561,-0.5897695785537448,1.9193694102061447,1.0,True,0.39130434782608703,0.0,0.639223248,تأیید فروش (روز بعد),0.2447,ادامه ضعف
2026-10-03,11:50,کاریز,توزیع→صف-فروش,فروش؟,26190,-3.0000000000000027,0.09704787941693167,-0.8584803599632307,6.8430538330942685,1.0,True,0.0533431918134855,-0.7994534993324324,16.458900627,تأیید فروش (روز بعد),0.2447,ادامه ضعف
2026-10-03,11:50,واحیا,توزیع→صف-فروش,فروش؟,24580,-2.9992107340173657,0.5113132859753955,-0.388476358118818,4.2107398451955405,1.0,True,0.4325139072102547,-0.45064096935435694,15.872186682,تأیید فروش (روز بعد),0.2447,ادامه ضعف
2026-10-03,11:50,غپینو,توزیع→صف-فروش,فروش؟,2075,-2.627874237447203,0.43286308986134425,-0.18450350729354406,1.4267179267233907,1.0,True,0.5760522831581738,-0.04772255179446856,7.0693416053,تأیید فروش (روز بعد),0.2447,ادامه ضعف
2026-10-03,11:50,خدیزل,توزیع→صف-فروش,فروش؟,1833,-2.9645314981471715,0.3629771698745259,-0.13144748637167025,0.9946357284261775,0.99,True,0.5625,0.0,0.6557200065,تأیید فروش (روز بعد),0.2447,ادامه ضعف
2026-10-03,11:50,زبینا,توزیع→صف-فروش,فروش؟,15510,-2.083333333333337,0.5953398550043,-0.1702077381599447,1.778252556798446,1.0,False,0.14607722801552672,-0.7078455439689465,3.63216323,منتظر پایداری,0.2447,ادامه ضعف
2026-10-03,11:50,آریا,توزیع→صف-فروش,فروش؟,49010,-2.7000198530871544,0.6002280062760778,-0.2410110758953883,1.116592830812284,1.0,True,1.0541136599785632,-0.239242583165129,11.708137381,تأیید فروش (روز بعد),0.2447,ادامه ضعف
2026-10-03,11:50,فروژ,توزیع→صف-فروش,فروش؟,2184,-2.97645490892936,0.28421052631578947,0.0,1.7333442566923827,1.0,True,0.17336174529943646,0.7253197495399095,0.4294750824,تأیید فروش (روز بعد),0.2447,ادامه ضعف
2026-10-03,12:00,وآفری,توزیع→صف-فروش,فروش؟,9900,-2.941176470588236,0.575,0.0,0.3207320539794768,0.16,True,,,0.0,رد: ارزش کم,0.2404,ادامه ضعف
2026-10-03,12:00,فنآوا,توزیع→صف-فروش,فروش؟,4190,-2.784222737819031,0.5287152578276054,-0.37125753123203675,0.2992731826551955,0.3,True,,,0.0,رد: ارزش کم,0.2404,ادامه ضعف
2026-10-03,12:00,سرود,توزیع→صف-فروش,فروش؟,19610,-2.9688273132112863,0.28902186444499894,-0.5891213277300256,1.814731518301297,1.0,True,0.4473684210526316,0.0,0.600311125,تأیید فروش (روز بعد),0.2404,ادامه ضعف
2026-10-03,12:00,کاریز,توزیع→صف-فروش,فروش؟,26190,-3.0000000000000027,0.09506705986121786,-0.8574836280409608,6.470344005809502,1.0,True,0.27385463416008976,0.3990913208041338,1.440511151,تأیید فروش (روز بعد),0.2404,ادامه ضعف
2026-10-03,12:00,واحیا,توزیع→صف-فروش,فروش؟,24580,-2.9992107340173657,0.5014370238099958,-0.3898630578322807,4.00651920553945,1.0,True,0.4021028539791479,-0.4876854664688809,15.976978596,تأیید فروش (روز بعد),0.2404,ادامه ضعف
2026-10-03,12:00,غپینو,توزیع→صف-فروش,فروش؟,2069,-2.9094321914594046,0.4370768472731599,-0.1807769251562078,1.3638699105409264,1.0,True,0.5525680325505711,-0.15725528594454294,5.1049514288,تأیید فروش (روز بعد),0.2404,ادامه ضعف
2026-10-03,12:00,خدیزل,توزیع→صف-فروش,فروش؟,1833,-2.9645314981471715,0.3577391247861665,-0.13120498266216699,0.9411022762404606,0.94,True,0.3529411764705882,0.0,0.5712639816,تأیید فروش (روز بعد),0.2404,ادامه ضعف
2026-10-03,12:00,آریا,توزیع→صف-فروش,فروش؟,49010,-2.7000198530871544,0.624228330997846,-0.20539944175164548,1.1326583567111483,1.0,True,1.1041933619548094,0.03262874286795276,12.730529861,تأیید فروش (روز بعد),0.2404,ادامه ضعف
2026-10-03,12:00,مداران,توزیع→صف-فروش,فروش؟,9800,-2.970297029702973,0.03662497897225101,-0.9516027063580969,1.1882895692957711,1.0,True,,-0.7692307692307693,0.1274,تأیید فروش (روز بعد),0.2404,ادامه ضعف
2026-10-03,12:00,فروژ,توزیع→صف-فروش,فروش؟,2184,-2.97645490892936,0.28321678321678323,0.0,1.6387537701644352,1.0,True,,0.0,0.04123392,تأیید فروش (روز بعد),0.2404,ادامه ضعف
2026-10-03,12:10,فنآوا,توزیع→صف-فروش,فروش؟,4190,-2.784222737819031,0.5287152578276054,-0.37125753123203675,0.2835219625154483,0.28,True,,,0.0,رد: ارزش کم,0.2363,ادامه ضعف
2026-10-03,12:10,مداران,توزیع→صف-فروش,فروش؟,9800,-2.970297029702973,0.035160444739769134,-0.9510265233981787,1.126430025287804,1.0,True,,0.0,0.03183334,تأیید فروش (روز بعد),0.2363,ادامه ضعف
2026-10-03,12:10,وآفری,توزیع→صف-فروش,فروش؟,9900,-2.941176470588236,0.5609756097560976,0.0,0.3055182390433384,0.15,True,,0.0,0.00298881,رد: ارزش کم,0.2363,ادامه ضعف
2026-10-03,12:10,سرود,توزیع→صف-فروش,فروش؟,19610,-2.9688273132112863,0.28610202064696144,-0.5881225731383523,1.7221375535401826,1.0,True,0.21951219512195122,0.0,0.442752619,تأیید فروش (روز بعد),0.2363,ادامه ضعف
2026-10-03,12:10,کاریز,توزیع→صف-فروش,فروش؟,26290,-2.629629629629626,0.11865739885335118,-0.83270242397892,6.310967852143924,1.0,True,0.6405017878647171,0.006460796174943266,2.526501133,تأیید فروش (روز بعد),0.2363,ادامه ضعف
2026-10-03,12:10,واحیا,توزیع→صف-فروش,فروش؟,24580,-2.9992107340173657,0.4661811696548254,-0.42850070618973257,4.181387455255421,1.0,True,0.17246445712298455,-0.7015038242102192,20.217360426,تأیید فروش (روز بعد),0.2363,ادامه ضعف
2026-10-03,12:10,غپینو,توزیع→صف-فروش,فروش؟,2077,-2.5340215861098025,0.43606364437401474,-0.17876915175622607,1.2981191842399187,1.0,True,0.4447815498929975,0.015582593964731778,3.94503812,تأیید فروش (روز بعد),0.2363,ادامه ضعف
2026-10-03,12:10,خدیزل,توزیع→صف-فروش,فروش؟,1833,-2.9645314981471715,0.3541492473431184,-0.1304371158985931,0.8967824884334232,0.9,True,,0.0,0.1107573753,تأیید فروش (روز بعد),0.2363,ادامه ضعف
2026-10-03,12:10,آریا,توزیع→صف-فروش,فروش؟,49020,-2.6801667659321016,0.6309469494262108,-0.20820975310514106,1.1021973718055997,1.0,True,1.3136619380570151,-0.004812318000401792,12.275163955,تأیید فروش (روز بعد),0.2363,ادامه ضعف
2026-10-03,12:10,فروژ,توزیع→صف-فروش,فروش؟,2184,-2.97645490892936,0.28620689655172415,0.0,1.5840722448815976,1.0,True,0.16666666666666666,0.0,0.2775783192,تأیید فروش (روز بعد),0.2363,ادامه ضعف
2026-10-03,12:20,فنآوا,توزیع→صف-فروش,فروش؟,4190,-2.784222737819031,0.5287152578276054,-0.37125753123203675,0.26934586438967595,0.27,True,,,0.0,رد: ارزش کم,0.2813,بهبود
2026-10-03,12:20,وآفری,توزیع→صف-فروش,فروش؟,9900,-2.941176470588236,0.5476190476190476,0.0,0.2931947618479707,0.15,True,,0.0,0.00856152,رد: ارزش کم,0.2813,بهبود
2026-10-03,12:20,سرود,توزیع→صف-فروش,فروش؟,19610,-2.9688273132112863,0.286631198596732,-0.5869421710147213,1.6393193611926342,1.0,True,0.30952380952380953,0.0,0.449116064,تأیید فروش (روز بعد),0.2813,بهبود
2026-10-03,12:20,کاریز,توزیع→صف-فروش,فروش؟,26190,-3.0000000000000027,0.08280512939485185,-0.8800801200132574,8.736139010462727,1.0,True,0.04437466631949713,-0.9232376683720657,36.716436806,تأیید فروش (روز بعد),0.2813,بهبود
2026-10-03,12:20,واحیا,توزیع→صف-فروش,فروش؟,24580,-2.9992107340173657,0.45689243904239835,-0.44623883396261055,4.2177243056591704,1.0,True,0.1915981213042174,-0.7667066770544644,26.60920228,تأیید فروش (روز بعد),0.2813,بهبود
2026-10-03,12:20,غپینو,توزیع→صف-فروش,فروش؟,2071,-2.815579540122004,0.43409581105612766,-0.1738666515238394,1.2543103750567173,1.0,True,0.50312932886415,0.13159245668241001,2.0536081041,تأیید فروش (روز بعد),0.2813,بهبود
2026-10-03,12:20,خدیزل,توزیع→صف-فروش,فروش؟,1833,-2.9645314981471715,0.3504340862916952,-0.1301725358116851,0.8536629458094565,0.85,True,,0.0,0.0877376448,تأیید فروش (روز بعد),0.2813,بهبود
2026-10-03,12:20,آریا,توزیع→صف-فروش,فروش؟,49010,-2.7000198530871544,0.6398167991330662,-0.21067647805827983,1.0642182936707048,1.0,True,1.3172735491191299,0.03892611244527073,10.284198716,تأیید فروش (روز بعد),0.2813,بهبود
2026-10-03,12:20,مداران,توزیع→صف-فروش,فروش؟,9800,-2.970297029702973,0.034543984092123226,-0.9506514512969668,1.1254276022878498,1.0,True,,-0.9324748348353948,0.21019334,تأیید فروش (روز بعد),0.2813,بهبود
2026-10-03,12:20,فروژ,توزیع→صف-فروش,فروش؟,2184,-2.97645490892936,0.2832764505119454,0.0,1.5105602713381217,1.0,True,0.25,0.0,0.3182476752,تأیید فروش (روز بعد),0.2813,بهبود
2026-10-03,12:20,بکاب,R3-برگشت,خرید,12850,2.7178257394084637,0.7772842666075389,-0.26935278938891344,1.7051575581063316,1.0,False,0.994316095751898,-0.6123852508085822,5.66917604,منتظر پایداری,0.2813,بهبود
2026-10-03,12:30,غپینو,توزیع→صف-فروش,فروش؟,2073,-2.7217268887846036,0.43318467150207823,-0.17319023671739506,1.1991765709947109,1.0,True,0.3988923733160474,0.11660726926355906,1.5625378596,تأیید فروش (روز بعد),0.2774,بهبود
2026-10-03,12:30,فنآوا,توزیع→صف-فروش,فروش؟,4190,-2.784222737819031,0.5287152578276054,-0.37125753123203675,0.2565198708473104,0.26,True,,,0.0,رد: ارزش کم,0.2774,بهبود
2026-10-03,12:30,وآفری,توزیع→صف-فروش,فروش؟,9900,-2.941176470588236,0.5476190476190476,0.0,0.2792331065218769,0.14,True,,0.0,0.00856152,رد: ارزش کم,0.2774,بهبود
2026-10-03,12:30,سرود,توزیع→صف-فروش,فروش؟,19610,-2.9688273132112863,0.2880759682735354,-0.5816142684886785,1.575551796057509,1.0,True,0.32653061224489793,0.0,1.204697208,تأیید فروش (روز بعد),0.2774,بهبود
2026-10-03,12:30,کاریز,توزیع→صف-فروش,فروش؟,26190,-3.0000000000000027,0.08182179194907502,-0.8786596479404594,8.333476010670175,1.0,True,0.0457460049314195,-0.9209130634958058,36.808203947,تأیید فروش (روز بعد),0.2774,بهبود
2026-10-03,12:30,واحیا,توزیع→صف-فروش,فروش؟,24580,-2.9992107340173657,0.4630463344217879,-0.43809672841681957,4.094255837950165,1.0,True,0.2781608365178393,-0.6865148368277051,28.880372158,تأیید فروش (روز بعد),0.2774,بهبود
2026-10-03,12:30,خدیزل,توزیع→صف-فروش,فروش؟,1833,-2.9645314981471715,0.33953486101032465,-0.12994191866104304,0.8144452425968107,0.81,True,,0.0,0.0872348529,تأیید فروش (روز بعد),0.2774,بهبود
2026-10-03,12:30,آریا,توزیع→صف-فروش,فروش؟,49030,-2.6603136787770487,0.6483664618423459,-0.2061798217573797,1.0464357173464225,1.0,True,0.9746970392914446,-0.21618482884860787,7.090384318,تأیید فروش (روز بعد),0.2774,بهبود
2026-10-03,12:30,مداران,توزیع→صف-فروش,فروش؟,9800,-2.970297029702973,0.034192099329201704,-0.9528384836838597,1.1215384875916952,1.0,True,0.011647441913580695,-0.9650576742592579,0.40619334,تأیید فروش (روز بعد),0.2774,بهبود
2026-10-03,12:30,فروژ,توزیع→صف-فروش,فروش؟,2184,-2.97645490892936,0.2828282828282828,0.0,1.4454537017262368,1.0,True,0.2727272727272727,0.0,0.3663926448,تأیید فروش (روز بعد),0.2774,بهبود
2026-10-03,12:30,بکاب,R3-برگشت,خرید,12880,2.9576338928856805,0.8096334950520896,-0.24914753369741854,1.7579169393831093,1.0,True,0.9940286711413724,-0.6165633886259987,5.634537458,رد: جریان ۳۰دقیقه خرید را تأیید نمی‌کند,0.2774,بهبود
2026-10-04,09:10,زکشت,توزیع→صف-فروش,فروش؟,14710,-2.968337730870707,0.374073083890794,-0.1739219397411632,3.3270147365374094,1.0,False,0.374073083890794,-0.1739219397411632,2.161201496,منتظر پایداری,-0.3464,خنثی/نوسانی
2026-10-04,09:10,ثاخت,توزیع→صف-فروش,فروش؟,873,-3.0000000000000027,0.2810958323709149,-0.12547963262382034,5.968407065277057,1.0,False,0.2810958323709149,-0.12547963262382034,9.0478007467,منتظر پایداری,-0.3464,خنثی/نوسانی
2026-10-04,09:10,فسدید,توزیع→صف-فروش,فروش؟,161200,-2.950030102347978,0.18181818181818182,0.0,7.462155595652055,0.5,False,0.18181818181818182,0.0,1.42225148,منتظر پایداری,-0.3464,خنثی/نوسانی
2026-10-04,09:10,خدیزل,توزیع→صف-فروش,فروش؟,1791,-2.97941495124594,0.26315789473684215,0.0,0.7593568993190857,0.38,False,0.26315789473684215,0.0,0.4430853539,رد: ارزش کم,-0.3464,خنثی/نوسانی
2026-10-04,09:10,دسبحا,توزیع→صف-فروش,فروش؟,7100,-2.8727770177838563,0.5617993854486444,-0.1944232917367668,6.522601308095995,1.0,False,0.5617993854486444,-0.1944232917367668,19.496052333,منتظر پایداری,-0.3464,خنثی/نوسانی
2026-10-04,09:10,مارون,توزیع→صف-فروش,فروش؟,30260,-2.4500322372662753,0.6363569400067978,-0.05449171750766398,23.27473871258801,1.0,False,0.6363569400067978,-0.05449171750766398,27.444960551,منتظر پایداری,-0.3464,خنثی/نوسانی
2026-10-04,09:10,فروژ,توزیع→صف-فروش,فروش؟,2152,-2.975653742110007,0.1875,0.0,0.5160615790448317,0.26,False,0.1875,0.0,0.317362972,رد: ارزش کم,-0.3464,خنثی/نوسانی
2026-10-04,09:10,غصینو,توزیع→صف-فروش,فروش؟,6210,-2.968749999999998,0.2742227248030287,-0.07331630928631705,1.7921793315921966,1.0,False,0.2742227248030287,-0.07331630928631705,2.545148623,منتظر پایداری,-0.3464,خنثی/نوسانی
2026-10-04,09:20,فخاس,توزیع→صف-فروش,فروش؟,3700,-2.887139107611547,0.283200244061316,-0.33359640892437853,2.1337855811063275,1.0,False,0.283200244061316,-0.33359640892437853,4.953004529,منتظر پایداری,-0.4887,ادامه ضعف
2026-10-04,09:20,زکشت,توزیع→صف-فروش,فروش؟,14710,-2.968337730870707,0.2754884060349577,-0.32864686419924927,3.385914177566982,1.0,True,0.2754884060349577,-0.32864686419924927,4.1894516,تأیید فروش (روز بعد),-0.4887,ادامه ضعف
2026-10-04,09:20,ثاخت,توزیع→صف-فروش,فروش؟,873,-3.0000000000000027,0.23984225227456357,-0.11867768592023453,3.3129380018624572,1.0,True,0.23984225227456357,-0.11867768592023453,9.5661810754,تأیید فروش (روز بعد),-0.4887,ادامه ضعف
2026-10-04,09:20,فسدید,توزیع→صف-فروش,فروش؟,161200,-2.950030102347978,0.15384615384615385,0.0,4.013719765018673,0.5,True,0.15384615384615385,0.0,1.45713516,تأیید فروش (روز بعد),-0.4887,ادامه ضعف
2026-10-04,09:20,خدیزل,توزیع→صف-فروش,فروش؟,1791,-2.97941495124594,0.2391304347826087,0.0,0.5084968169881555,0.25,True,0.2391304347826087,0.0,0.5651586602,رد: ارزش کم,-0.4887,ادامه ضعف
2026-10-04,09:20,دسبحا,توزیع→صف-فروش,فروش؟,7100,-2.8727770177838563,0.5794810758942552,-0.19999700937697432,4.834723703038077,1.0,True,0.5794810758942552,-0.19999700937697432,27.525689413,تأیید فروش (روز بعد),-0.4887,ادامه ضعف
2026-10-04,09:20,سمگا,توزیع→صف-فروش,فروش؟,4200,-2.777777777777779,0.6415883378424716,-0.010633439295555913,6.489166619933315,1.0,False,0.6415883378424716,-0.010633439295555913,35.607154868,منتظر پایداری,-0.4887,ادامه ضعف
2026-10-04,09:20,فروژ,توزیع→صف-فروش,فروش؟,2152,-2.975653742110007,0.15000000000000002,0.0,0.3223915316465705,0.16,True,0.15000000000000002,0.0,0.3776409224,رد: ارزش کم,-0.4887,ادامه ضعف
2026-10-04,09:20,غصینو,توزیع→صف-فروش,فروش؟,6210,-2.968749999999998,0.23381763366594152,-0.12299312556280337,1.3080984919588607,1.0,True,0.23381763366594152,-0.12299312556280337,3.538448059,تأیید فروش (روز بعد),-0.4887,ادامه ضعف
2026-10-04,09:30,ثاخت,توزیع→صف-فروش,فروش؟,873,-3.0000000000000027,0.23295505854999943,-0.09555895626982214,2.8819868878599766,1.0,True,0.23295505854999943,-0.09555895626982214,12.4827004357,تأیید فروش (روز بعد),-0.4042,ادامه ضعف
2026-10-04,09:30,فسدید,توزیع→صف-فروش,فروش؟,161200,-2.950030102347978,0.14285714285714288,0.0,2.774713443550277,0.5,True,0.14285714285714288,0.0,1.51099208,تأیید فروش (روز بعد),-0.4042,ادامه ضعف
2026-10-04,09:30,خدیزل,توزیع→صف-فروش,فروش؟,1791,-2.97941495124594,0.22058823529411764,0.0,1.0068093335637274,0.5,True,0.22058823529411764,0.0,1.6784972738,تأیید فروش (روز بعد),-0.4042,ادامه ضعف
2026-10-04,09:30,دسبحا,توزیع→صف-فروش,فروش؟,7100,-2.8727770177838563,0.5218465013840208,-0.20958543927935033,3.3186601124717896,1.0,True,0.5218465013840208,-0.20958543927935033,28.341353033,تأیید فروش (روز بعد),-0.4042,ادامه ضعف
2026-10-04,09:30,زنگان,توزیع→صف-فروش,فروش؟,9010,-2.909482758620685,0.6240775251969876,-0.00924279604790536,5.557697725842992,1.0,False,0.6240775251969876,-0.00924279604790536,4.96612623,منتظر پایداری,-0.4042,ادامه ضعف
2026-10-04,09:30,فروژ,توزیع→صف-فروش,فروش؟,2152,-2.975653742110007,0.125,0.0,0.21717465620630702,0.11,True,0.125,0.0,0.3815889816,رد: ارزش کم,-0.4042,ادامه ضعف
2026-10-04,09:40,فسدید,توزیع→صف-فروش,فروش؟,161200,-2.950030102347978,0.125,0.0,2.0961987048431188,0.5,True,,0.0,0.09975056,تأیید فروش (روز بعد),-0.2344,بهبود
2026-10-04,09:40,فخاس,توزیع→صف-فروش,فروش؟,3730,-2.099737532808399,0.5789655056669706,-0.21343707555816924,2.134919202663974,1.0,False,0.4963560747381314,-0.23320936615485963,9.05807778,منتظر پایداری,-0.2344,بهبود
2026-10-04,09:40,ثاخت,توزیع→صف-فروش,فروش؟,873,-3.0000000000000027,0.2271105904722402,-0.09155763811103923,2.4733121072374824,1.0,True,0.12382850192105815,-0.03295836594983153,5.2356850659,تأیید فروش (روز بعد),-0.2344,بهبود
2026-10-04,09:40,خدیزل,توزیع→صف-فروش,فروش؟,1800,-2.4918743228602436,0.28946789818307483,-0.43843227752483477,2.928877116670492,1.0,True,0.35902051680223934,-0.47044473771669687,6.0673989278,تأیید فروش (روز بعد),-0.2344,بهبود
2026-10-04,09:40,زنگان,توزیع→صف-فروش,فروش؟,9010,-2.909482758620685,0.5833612718075899,-0.008988682832889613,4.284487165010854,1.0,True,0.4496871012373223,-0.010688377277891,4.285745152,تأیید فروش (روز بعد),-0.2344,بهبود
2026-10-04,09:40,فروژ,توزیع→صف-فروش,فروش؟,2152,-2.975653742110007,0.1,0.0,0.1673364711681615,0.08,True,,0.0,0.0746640704,رد: ارزش کم,-0.2344,بهبود
2026-10-04,09:40,غصینو,توزیع→صف-فروش,فروش؟,6210,-2.968749999999998,0.3099140436760415,-0.4138059949073324,2.4163586109347066,1.0,False,0.34514533147410753,-0.496087816047803,10.527505293,منتظر پایداری,-0.2344,بهبود
2026-10-04,09:50,فسدید,توزیع→صف-فروش,فروش؟,161200,-2.950030102347978,0.10526315789473684,0.0,1.7478261410338969,0.5,True,,0.0,0.12918568,تأیید فروش (روز بعد),-0.1589,بهبود
2026-10-04,09:50,ثاخت,توزیع→صف-فروش,فروش؟,873,-3.0000000000000027,0.21364948505774103,-0.09006316734517568,2.0139801857164135,1.0,True,0.1388545581923644,-0.03503140876552025,4.972348719,تأیید فروش (روز بعد),-0.1589,بهبود
2026-10-04,09:50,خدیزل,توزیع→صف-فروش,فروش؟,1800,-2.4918743228602436,0.2999088441378373,-0.4260365224258631,2.4117556582722086,1.0,True,0.38664260674850764,-0.4652815013052554,6.1360858266,تأیید فروش (روز بعد),-0.1589,بهبود
2026-10-04,09:50,زنگان,توزیع→صف-فروش,فروش؟,9010,-2.909482758620685,0.5880019079252155,-0.007351617803668697,4.180610722905881,1.0,True,0.3632458207828361,-0.01118476048000837,4.062637302,تأیید فروش (روز بعد),-0.1589,بهبود
2026-10-04,09:50,فروژ,توزیع→صف-فروش,فروش؟,2152,-2.975653742110007,0.075,0.0,0.15133314084782162,0.08,True,,0.0,0.0655281848,رد: ارزش کم,-0.1589,بهبود
2026-10-04,09:50,غصینو,توزیع→صف-فروش,فروش؟,6230,-2.6562500000000044,0.35515273853387097,-0.3515598386768678,2.275444598606442,1.0,True,0.4379458895729464,-0.41982675953724385,11.849427114,تأیید فروش (روز بعد),-0.1589,بهبود
2026-10-04,10:00,ثاخت,توزیع→صف-فروش,فروش؟,873,-3.0000000000000027,0.20557359398849614,-0.08829986230547401,1.7118243680842566,1.0,True,0.11701958785260695,-0.04968707359868357,2.3460906843,تأیید فروش (روز بعد),-0.0992,بهبود
2026-10-04,10:00,فسدید,توزیع→صف-فروش,فروش؟,161200,-2.950030102347978,0.13636363636363638,0.0,1.959134065309986,1.0,True,0.125,0.0,0.62273172,تأیید فروش (روز بعد),-0.0992,بهبود
2026-10-04,10:00,خدیزل,توزیع→صف-فروش,فروش؟,1801,-2.4377031419284934,0.29468717759543256,-0.4202542659728013,2.037578621431516,1.0,True,0.3908049660314358,-0.5582164643310102,5.1153812635,تأیید فروش (روز بعد),-0.0992,بهبود
2026-10-04,10:00,زنگان,توزیع→صف-فروش,فروش؟,9010,-2.909482758620685,0.5631076792775125,-0.006992909661160804,3.660584071294875,1.0,True,0.35135135135135137,0.0,1.575763405,تأیید فروش (روز بعد),-0.0992,بهبود
2026-10-04,10:00,فروژ,توزیع→صف-فروش,فروش؟,2152,-2.975653742110007,0.06818181818181819,0.0,0.1322348154234228,0.07,True,,0.0,0.0831001256,رد: ارزش کم,-0.0992,بهبود
2026-10-04,10:00,غصینو,توزیع→صف-فروش,فروش؟,6250,-2.34375,0.37416214874583514,-0.3380068285641759,2.040892911180041,1.0,True,0.515371776745745,-0.03509833500518403,5.330682895,تأیید فروش (روز بعد),-0.0992,بهبود
2026-10-04,10:10,فخاس,توزیع→صف-فروش,فروش؟,3730,-2.099737532808399,0.6171879383072159,-0.1917008500107304,1.3476163696340537,1.0,False,0.9139577771478236,0.018028787914948153,1.037168869,منتظر پایداری,-0.0736,بهبود
2026-10-04,10:10,ثاخت,توزیع→صف-فروش,فروش؟,873,-3.0000000000000027,0.1940527591112014,-0.08710832452904395,1.4873441663700113,1.0,True,0.04114733238545394,-0.0021771896527419264,0.7481002392,تأیید فروش (روز بعد),-0.0736,بهبود
2026-10-04,10:10,فسدید,توزیع→صف-فروش,فروش؟,161200,-2.950030102347978,0.16666666666666669,0.0,1.7295980779936841,1.0,True,0.25,0.0,0.67568592,تأیید فروش (روز بعد),-0.0736,بهبود
2026-10-04,10:10,غمارگ,R3-برگشت,خرید,2619,1.985981308411211,1.5673076923076925,0.0,1.8497969340185152,1.0,False,4.384615384615385,0.0,2.0800559367,منتظر پایداری,-0.0736,بهبود
2026-10-04,10:10,زنگان,توزیع→صف-فروش,فروش؟,9010,-2.909482758620685,0.5396446280527406,-0.006793796472234437,3.2286393574600663,1.0,True,0.34375,0.0,1.627028503,تأیید فروش (روز بعد),-0.0736,بهبود
2026-10-04,10:10,فروژ,توزیع→صف-فروش,فروش؟,2152,-2.975653742110007,0.06382978723404255,0.0,0.1157578925258498,0.06,True,,0.0,0.0825580368,رد: ارزش کم,-0.0736,بهبود
2026-10-04,10:20,فسدید,توزیع→صف-فروش,فروش؟,161200,-2.950030102347978,0.16666666666666669,0.0,1.5133983182444735,1.0,True,0.39999999999999997,0.0,0.61136712,تأیید فروش (روز بعد),-0.0592,بهبود
2026-10-04,10:20,ثاخت,توزیع→صف-فروش,فروش؟,873,-3.0000000000000027,0.1856649006413212,-0.08614339484994192,1.3160007813078256,1.0,True,0.033707865168539325,0.0,0.6613945776,تأیید فروش (روز بعد),-0.0592,بهبود
2026-10-04,10:20,خدیزل,توزیع→صف-فروش,فروش؟,1800,-2.4918743228602436,0.32882245794062187,-0.40012119159481147,1.6058803702968696,1.0,False,0.6666666666666667,0.0,0.4380505349,منتظر پایداری,-0.0592,بهبود
2026-10-04,10:20,دسبحا,توزیع→صف-فروش,فروش؟,7160,-2.0519835841313228,0.6664891492755741,-0.08263134798001552,2.4595220457493188,1.0,False,0.7407941366716693,0.1696041472543786,9.134157046,منتظر پایداری,-0.0592,بهبود
2026-10-04,10:20,اپرداز,R3-برگشت,خرید,4930,2.708333333333335,0.8385790828175822,-0.14549863125487952,1.5007904041973197,1.0,False,3.145007119866589,-0.33204006696352395,1.997543184,منتظر پایداری,-0.0592,بهبود
2026-10-04,10:20,زنگان,توزیع→صف-فروش,فروش؟,9010,-2.909482758620685,0.5186990278926252,-0.0067465423332707585,2.844645458883617,1.0,True,0.043478260869565216,0.0,0.552251732,تأیید فروش (روز بعد),-0.0592,بهبود
2026-10-04,10:20,فروژ,توزیع→صف-فروش,فروش؟,2152,-2.975653742110007,0.07407407407407407,0.0,0.10913337781029811,0.05,True,0.07142857142857142,0.0,0.0681747144,رد: ارزش کم,-0.0592,بهبود
2026-10-04,10:20,غصینو,توزیع→صف-فروش,فروش؟,6240,-2.500000000000002,0.3930121406523112,-0.3296999984314506,1.7087066696629603,1.0,False,0.6039750232510434,-0.2206817080750098,3.100548553,منتظر پایداری,-0.0592,بهبود
2026-10-04,10:30,فسدید,توزیع→صف-فروش,فروش؟,161200,-2.950030102347978,0.16666666666666669,0.0,1.345242949550643,1.0,True,0.5,0.0,0.06396416,تأیید فروش (روز بعد),-0.0783,بهبود
2026-10-04,10:30,ثاخت,توزیع→صف-فروش,فروش؟,873,-3.0000000000000027,0.18001295595794925,-0.08421498484703845,1.1965590032413966,1.0,True,,0.0,0.719115417,تأیید فروش (روز بعد),-0.0783,بهبود
2026-10-04,10:30,خدیزل,توزیع→صف-فروش,فروش؟,1791,-2.97941495124594,0.31808767176957936,-0.3564325500805631,1.602378329465965,1.0,True,0.4642857142857143,0.0,1.2203131312,تأیید فروش (روز بعد),-0.0783,بهبود
2026-10-04,10:30,دسبحا,توزیع→صف-فروش,فروش؟,7100,-2.8727770177838563,0.6605076103773148,-0.08010542625152338,2.2551852602356135,1.0,True,0.7560070967746702,0.16351283852177403,7.712744811,تأیید فروش (روز بعد),-0.0783,بهبود
2026-10-04,10:30,سمگا,توزیع→صف-فروش,فروش؟,4230,-2.083333333333337,0.6828758966405348,-0.0343554715056544,2.2264497448949347,1.0,False,0.5312525903302688,-0.20621949942479698,7.524559714,منتظر پایداری,-0.0783,بهبود
2026-10-04,10:30,مارون,توزیع→صف-فروش,فروش؟,30260,-2.4500322372662753,0.6854684551887298,0.05702870011787436,5.649391050235539,1.0,False,0.9899834543475828,0.3544797959646418,10.411959479,منتظر پایداری,-0.0783,بهبود
2026-10-04,10:30,اپرداز,R3-برگشت,خرید,4940,2.9166666666666563,0.7003506598143463,-0.32260024799987763,2.0131367668428024,1.0,True,1.6970118941481798,-0.4976446797887541,4.048663757,رد: جریان ۳۰دقیقه خرید را تأیید نمی‌کند,-0.0783,بهبود
2026-10-04,10:30,زنگان,توزیع→صف-فروش,فروش؟,9010,-2.909482758620685,0.5074358888306021,-0.006721238884778952,2.537996905362851,1.0,True,0.05,0.0,0.261654004,تأیید فروش (روز بعد),-0.0783,بهبود
2026-10-04,10:30,فروژ,توزیع→صف-فروش,فروش؟,2152,-2.975653742110007,0.06896551724137931,0.0,0.09772189782612611,0.05,True,0.07142857142857142,0.0,0.0504207144,رد: ارزش کم,-0.0783,بهبود
2026-10-04,10:30,غصینو,توزیع→صف-فروش,فروش؟,6240,-2.500000000000002,0.4212823114876847,-0.3315653991062069,1.6054504570261159,1.0,True,0.740333783117653,-0.29560747101218504,2.980534787,تأیید فروش (روز بعد),-0.0783,بهبود
2026-10-04,10:40,زنگان,توزیع→صف-فروش,فروش؟,9010,-2.909482758620685,0.5342945062135599,-0.006212218442778522,2.469477541132007,1.0,True,0.46153846153846156,0.0,0.623792934,تأیید فروش (روز بعد),-0.0883,ادامه ضعف
2026-10-04,10:40,خدیزل,توزیع→صف-فروش,فروش؟,1791,-2.97941495124594,0.2998422503027887,-0.3904305900437812,1.5643270618026583,1.0,True,0.2643025062488021,-0.33202158981455154,1.6193194789,تأیید فروش (روز بعد),-0.0883,ادامه ضعف
2026-10-04,10:40,ثاخت,توزیع→صف-فروش,فروش؟,873,-3.0000000000000027,0.1714889332910157,-0.08194286574378658,1.1067572209221825,1.0,True,0.0125,0.0,0.9473425848,تأیید فروش (روز بعد),-0.0883,ادامه ضعف
2026-10-04,10:40,غصینو,توزیع→صف-فروش,فروش؟,6240,-2.500000000000002,0.42753184932998645,-0.3286145112390829,1.5206183524590444,1.0,True,0.7109156710368916,-0.3155186906690671,3.081143397,تأیید فروش (روز بعد),-0.0883,ادامه ضعف
2026-10-04,10:40,اپرداز,R3-برگشت,خرید,4940,2.9166666666666563,0.6928242817962738,-0.33726378150295583,1.964800079697051,1.0,True,1.4306496915410076,-0.6044053474288417,4.394758563,رد: جریان ۳۰دقیقه خرید را تأیید نمی‌کند,-0.0883,ادامه ضعف
2026-10-04,10:40,فروژ,توزیع→صف-فروش,فروش؟,2152,-2.975653742110007,0.06666666666666667,0.0,0.0884025310961403,0.04,True,0.07692307692307691,0.0,0.0431768672,رد: ارزش کم,-0.0883,ادامه ضعف
2026-10-04,10:40,فسدید,توزیع→صف-فروش,فروش؟,161200,-2.950030102347978,0.16666666666666669,0.0,1.2107186545955788,1.0,True,,,0.0,تأیید فروش (روز بعد),-0.0883,ادامه ضعف
2026-10-04,10:40,دسبحا,توزیع→صف-فروش,فروش؟,7100,-2.8727770177838563,0.6276503945772852,-0.06733721555440332,2.171908746411416,1.0,True,0.4682508353602303,0.09840974574543179,9.063091248,تأیید فروش (روز بعد),-0.0883,ادامه ضعف
2026-10-04,10:40,مارون,توزیع→صف-فروش,فروش؟,30200,-2.6434558349451964,0.6232111474948586,-0.0015303386363012942,6.860627132129602,1.0,True,0.571049924033163,0.02373930162833162,28.958228856,تأیید فروش (روز بعد),-0.0883,ادامه ضعف
2026-10-04,10:50,خدیزل,توزیع→صف-فروش,فروش؟,1791,-2.97941495124594,0.31859281168359316,-0.37630109518694793,1.4755030852189592,1.0,True,0.3089491563538691,-0.28589785936836776,1.8802568299,تأیید فروش (روز بعد),-0.1102,ادامه ضعف
2026-10-04,10:50,ثاخت,توزیع→صف-فروش,فروش؟,873,-3.0000000000000027,0.1677056767568061,-0.0800318146435423,1.0301632861991206,1.0,True,0.037037037037037035,0.0,1.1604804714,تأیید فروش (روز بعد),-0.1102,ادامه ضعف
2026-10-04,10:50,غصینو,توزیع→صف-فروش,فروش؟,6210,-2.968749999999998,0.39700816872892003,-0.3617081997907458,1.7463005938529321,1.0,True,0.4541663777732109,-0.4407063663355315,7.492469086,تأیید فروش (روز بعد),-0.1102,ادامه ضعف
2026-10-04,10:50,غپینو,توزیع→صف-فروش,فروش؟,2059,-2.3244781783681168,0.3308476295005053,0.16728820214874268,0.16910115480851148,0.17,False,0.3308476295005053,0.16728820214874268,5.0203849618,رد: ارزش کم,-0.1102,ادامه ضعف
2026-10-04,10:50,فسدید,توزیع→صف-فروش,فروش؟,161200,-2.950030102347978,0.16666666666666669,0.0,1.100653322359617,1.0,True,,,0.0,تأیید فروش (روز بعد),-0.1102,ادامه ضعف
2026-10-04,10:50,اپرداز,R3-برگشت,خرید,4940,2.9166666666666563,0.7511973301786892,-0.30324366608915154,1.8941156744002396,1.0,True,0.7991235550191591,-0.5253274374118783,3.782745608,رد: جریان ۳۰دقیقه خرید را تأیید نمی‌کند,-0.1102,ادامه ضعف
2026-10-04,10:50,فروژ,توزیع→صف-فروش,فروش؟,2152,-2.975653742110007,0.06557377049180328,0.0,0.0805205927799781,0.04,True,,0.0,0.0074145008,رد: ارزش کم,-0.1102,ادامه ضعف
2026-10-04,10:50,دسبحا,توزیع→صف-فروش,فروش؟,7100,-2.8727770177838563,0.614838262614778,-0.06677195598599121,1.9911015994486363,1.0,True,0.3379258967028491,0.0729345169221544,6.336511728,تأیید فروش (روز بعد),-0.1102,ادامه ضعف
2026-10-04,10:50,مارون,توزیع→صف-فروش,فروش؟,30090,-2.9980657640232056,0.579926582085068,-0.05703683184712685,6.955669205338905,1.0,True,0.48553983064218714,-0.10090861584149684,36.197799693,تأیید فروش (روز بعد),-0.1102,ادامه ضعف
2026-10-04,10:50,زنگان,توزیع→صف-فروش,فروش؟,9010,-2.909482758620685,0.5258164384133761,-0.006206931398719056,2.2468740484026304,1.0,True,0.6666666666666666,0.0,0.583329925,تأیید فروش (روز بعد),-0.1102,ادامه ضعف
2026-10-04,11:00,فسدید,توزیع→صف-فروش,فروش؟,161200,-2.950030102347978,0.16666666666666669,0.0,1.0089322121629822,1.0,True,,,0.0,تأیید فروش (روز بعد),-0.1207,ادامه ضعف
2026-10-04,11:00,خدیزل,توزیع→صف-فروش,فروش؟,1791,-2.97941495124594,0.34669990745439894,-0.3284641432189571,1.549371171854533,1.0,True,0.47282538652454975,-0.23183777105602799,2.3179147249,تأیید فروش (روز بعد),-0.1207,ادامه ضعف
2026-10-04,11:00,ثاخت,توزیع→صف-فروش,فروش؟,873,-3.0000000000000027,0.16737956045014116,-0.0787166340598591,0.9600905927285998,0.96,True,0.07407407407407408,0.0,1.0857892104,تأیید فروش (روز بعد),-0.1207,ادامه ضعف
2026-10-04,11:00,غصینو,توزیع→صف-فروش,فروش؟,6210,-2.968749999999998,0.3819487412883452,-0.37465299451329453,1.7070044368289463,1.0,True,0.2665657495180013,-0.4777142719577004,8.162432372,تأیید فروش (روز بعد),-0.1207,ادامه ضعف
2026-10-04,11:00,غپینو,توزیع→صف-فروش,فروش؟,2059,-2.3244781783681168,0.2606419403404386,-0.3261989388993318,0.6355071411413772,0.64,True,0.2606419403404386,-0.3261989388993318,20.5825624837,تأیید فروش (روز بعد),-0.1207,ادامه ضعف
2026-10-04,11:00,اپرداز,R3-برگشت,خرید,4940,2.9166666666666563,0.7905442458822334,-0.29839822206833555,1.7649536477395924,1.0,True,1.660512678920768,-0.15184840461581559,1.311570528,رد: جریان ۳۰دقیقه خرید را تأیید نمی‌کند,-0.1207,ادامه ضعف
2026-10-04,11:00,فروژ,توزیع→صف-فروش,فروش؟,2152,-2.975653742110007,0.06349206349206349,0.0,0.07395494411167121,0.04,True,,0.0,0.004663384,رد: ارزش کم,-0.1207,ادامه ضعف
2026-10-04,11:00,دسبحا,توزیع→صف-فروش,فروش؟,7100,-2.8727770177838563,0.6009709538089473,-0.06663967287238524,1.8287832500843437,1.0,True,0.19233375578469386,0.09833427784667902,4.693388739,تأیید فروش (روز بعد),-0.1207,ادامه ضعف
2026-10-04,11:00,مارون,توزیع→صف-فروش,فروش؟,30090,-2.9980657640232056,0.5750690210087692,-0.0566687384459584,6.417214349405954,1.0,True,0.38664239147538937,-0.2758611010747392,29.380576585,تأیید فروش (روز بعد),-0.1207,ادامه ضعف
2026-10-04,11:00,زنگان,توزیع→صف-فروش,فروش؟,9010,-2.909482758620685,0.5230532377504339,-0.006198848274175594,2.062295270687655,1.0,True,1.0,0.0,0.567579544,تأیید فروش (روز بعد),-0.1207,ادامه ضعف
2026-10-04,11:10,فسدید,توزیع→صف-فروش,فروش؟,161200,-2.950030102347978,0.24,0.0,0.9811900189836467,0.98,True,2.0,0.0,0.117676,تأیید فروش (روز بعد),-0.1145,ادامه ضعف
2026-10-04,11:10,اپرداز,R3-برگشت,خرید,4940,2.9166666666666563,0.809218566707736,-0.286724037928664,1.6844815445883794,1.0,True,2.2489235593416823,0.16388665394155086,0.964119086,تأیید خرید,-0.1145,ادامه ضعف
2026-10-04,11:10,خدیزل,توزیع→صف-فروش,فروش؟,1791,-2.97941495124594,0.34051377828614526,-0.32801263223176647,1.4321560364197508,1.0,True,0.5789473684210525,0.0,1.6531176871,تأیید فروش (روز بعد),-0.1145,ادامه ضعف
2026-10-04,11:10,ثاخت,توزیع→صف-فروش,فروش؟,873,-3.0000000000000027,0.16514128687929225,-0.07818267459394895,0.892288949818182,0.89,True,0.09999999999999999,0.0,0.7683466806,تأیید فروش (روز بعد),-0.1145,ادامه ضعف
2026-10-04,11:10,سمگا,توزیع→صف-فروش,فروش؟,4210,-2.546296296296291,0.6758537492163115,-0.033193824607301824,2.023620777901609,1.0,False,0.5774154809924433,-0.0352936476101861,14.348091523,منتظر پایداری,-0.1145,ادامه ضعف
2026-10-04,11:10,غصینو,توزیع→صف-فروش,فروش؟,6210,-2.968749999999998,0.3770703314491069,-0.3671909312360172,1.592158069203848,1.0,True,0.18972298324477815,-0.47382920225444614,7.427843441,تأیید فروش (روز بعد),-0.1145,ادامه ضعف
2026-10-04,11:10,فروژ,توزیع→صف-فروش,فروش؟,2152,-2.975653742110007,0.061538461538461535,0.0,0.06982062176198771,0.03,True,,0.0,0.0138472592,رد: ارزش کم,-0.1145,ادامه ضعف
2026-10-04,11:10,دسبحا,توزیع→صف-فروش,فروش؟,7100,-2.8727770177838563,0.5944260118221276,-0.06187120410604126,1.7246005338431645,1.0,True,0.1343457329613538,0.10678220026147402,1.99471447,تأیید فروش (روز بعد),-0.1145,ادامه ضعف
2026-10-04,11:10,مارون,توزیع→صف-فروش,فروش؟,30090,-2.9980657640232056,0.5729602172671374,-0.05604247680118676,5.989409596170135,1.0,True,0.317078896895281,-0.4576056273197596,10.394757221,تأیید فروش (روز بعد),-0.1145,ادامه ضعف
2026-10-04,11:10,فخاس,توزیع→صف-فروش,فروش؟,3730,-2.099737532808399,0.6649237232253477,-0.20517167015631907,1.163991408263673,1.0,False,0.7366349281400753,-0.006277523040133054,3.747121441,منتظر پایداری,-0.1145,ادامه ضعف
2026-10-04,11:10,زنگان,توزیع→صف-فروش,فروش؟,9010,-2.909482758620685,0.5176328030612323,-0.006145018122434123,1.9201782444246311,1.0,True,,0.0,0.079688044,تأیید فروش (روز بعد),-0.1145,ادامه ضعف
2026-10-04,11:20,اپرداز,R3-برگشت,خرید,4940,2.9166666666666563,0.8514685372093771,-0.28387669526975895,1.580155256200181,1.0,True,4.14855461006736,0.03580876329959849,0.55137023,رد: جریان ۳۰دقیقه خرید را تأیید نمی‌کند,-0.1176,خنثی/نوسانی
2026-10-04,11:20,خدیزل,توزیع→صف-فروش,فروش؟,1791,-2.97941495124594,0.3658700299100279,-0.3113034731105357,1.40118595384955,1.0,True,0.6799999999999999,0.0,1.8816897086,تأیید فروش (روز بعد),-0.1176,خنثی/نوسانی
2026-10-04,11:20,ثاخت,توزیع→صف-فروش,فروش؟,873,-3.0000000000000027,0.1623191476341078,-0.07796996768319356,0.8308139255588473,0.83,True,0.08695652173913043,0.0,0.4325490639,تأیید فروش (روز بعد),-0.1176,خنثی/نوسانی
2026-10-04,11:20,غصینو,توزیع→صف-فروش,فروش؟,6210,-2.968749999999998,0.3723363537292401,-0.366276252376472,1.4793002428004451,1.0,True,0.1136553853480108,-0.4246137844534859,2.0299869,تأیید فروش (روز بعد),-0.1176,خنثی/نوسانی
2026-10-04,11:20,ثقزوی,انباشت→صف-خرید,خرید؟,2696,2.7439024390243816,2.0145344627483626,0.018758813711379704,1.712737556634938,1.0,False,2.1666666666666665,0.0,0.5971090289,منتظر پایداری,-0.1176,خنثی/نوسانی
2026-10-04,11:20,غپینو,توزیع→صف-فروش,فروش؟,2061,-2.2296015180265694,0.4007873563853536,-0.20683044001020107,0.7050451766242583,0.71,False,0.5282620425655111,-0.29296993096738894,21.6201378154,منتظر پایداری,-0.1176,خنثی/نوسانی
2026-10-04,11:20,فسدید,توزیع→صف-فروش,فروش؟,161200,-2.950030102347978,0.28,0.0,0.9345751711802845,0.93,True,3.0,0.0,0.17732,تأیید فروش (روز بعد),-0.1176,خنثی/نوسانی
2026-10-04,11:20,فروژ,توزیع→صف-فروش,فروش؟,2152,-2.975653742110007,0.06060606060606061,0.0,0.06489904732952685,0.03,True,,0.0,0.0133888832,رد: ارزش کم,-0.1176,خنثی/نوسانی
2026-10-04,11:20,دسبحا,توزیع→صف-فروش,فروش؟,7100,-2.8727770177838563,0.585241580411557,-0.06181570366242254,1.6028462784660538,1.0,True,0.10565944558136901,0.13914850392166866,1.5307387,تأیید فروش (روز بعد),-0.1176,خنثی/نوسانی
2026-10-04,11:20,مارون,توزیع→صف-فروش,فروش؟,30090,-2.9980657640232056,0.5617645982035375,-0.05599617869998632,5.566167745981457,1.0,True,0.24390243902439024,0.0,1.58793957,تأیید فروش (روز بعد),-0.1176,خنثی/نوسانی
2026-10-04,11:20,فخاس,توزیع→صف-فروش,فروش؟,3700,-2.887139107611547,0.6763627895416929,-0.19623465336591134,1.1297088800662545,1.0,True,1.1018498103572691,0.10606719666486712,2.947961902,تأیید فروش (روز بعد),-0.1176,خنثی/نوسانی
2026-10-04,11:20,زنگان,توزیع→صف-فروش,فروش؟,9010,-2.909482758620685,0.5123043072765077,-0.006129643883575074,1.7874536102328378,1.0,True,,0.0,0.091957862,تأیید فروش (روز بعد),-0.1176,خنثی/نوسانی
2026-10-04,11:30,فسدید,توزیع→صف-فروش,فروش؟,161200,-2.950030102347978,0.28,0.0,0.8722701597682655,0.87,True,3.0,0.0,0.17732,تأیید فروش (روز بعد),-0.1433,خنثی/نوسانی
2026-10-04,11:30,خدیزل,توزیع→صف-فروش,فروش؟,1791,-2.97941495124594,0.3629270252218981,-0.3104068445479689,1.3115484671964057,1.0,True,0.6923076923076923,0.0,0.6006017831,تأیید فروش (روز بعد),-0.1433,خنثی/نوسانی
2026-10-04,11:30,ثاخت,توزیع→صف-فروش,فروش؟,873,-3.0000000000000027,0.15869447122189817,-0.07774611640253952,0.7776585451038996,0.78,True,0.023255813953488372,0.0,0.2075999238,تأیید فروش (روز بعد),-0.1433,خنثی/نوسانی
2026-10-04,11:30,غصینو,توزیع→صف-فروش,فروش؟,6210,-2.968749999999998,0.36839353885317033,-0.36379547067528134,1.3831866648456315,1.0,True,,0.47774406325563906,0.356721651,تأیید فروش (روز بعد),-0.1433,خنثی/نوسانی
2026-10-04,11:30,ثقزوی,انباشت→صف-خرید,خرید؟,2697,2.7820121951219523,2.085391222351453,0.01859179601676348,1.6134427148430985,1.0,True,3.6666666666666665,0.0,0.3694821863,رد: جریان ۳۰دقیقه خرید را تأیید نمی‌کند,-0.1433,خنثی/نوسانی
2026-10-04,11:30,فروژ,توزیع→صف-فروش,فروش؟,2152,-2.975653742110007,0.06060606060606061,0.0,0.060572444174225054,0.03,True,,0.0,0.012374,رد: ارزش کم,-0.1433,خنثی/نوسانی
2026-10-04,11:30,دسبحا,توزیع→صف-فروش,فروش؟,7100,-2.8727770177838563,0.580102325955559,-0.06169915461336249,1.4988033725092378,1.0,True,0.13275220318677738,0.13942820493157562,1.52766795,تأیید فروش (روز بعد),-0.1433,خنثی/نوسانی
2026-10-04,11:30,مارون,توزیع→صف-فروش,فروش؟,30090,-2.9980657640232056,0.555134824497755,-0.05596966275116594,5.1975375956911485,1.0,True,0.16216216216216217,0.0,1.074161847,تأیید فروش (روز بعد),-0.1433,خنثی/نوسانی
2026-10-04,11:30,فخاس,توزیع→صف-فروش,فروش؟,3700,-2.887139107611547,0.6652020854978132,-0.21803575480964024,1.1493785218213985,1.0,True,0.7956333801963377,-0.15202510493514548,3.683697609,تأیید فروش (روز بعد),-0.1433,خنثی/نوسانی
2026-10-04,11:30,کرازی,توزیع→صف-فروش,فروش؟,1967,-2.236580516898612,0.446450845974686,-0.04335949799938116,3.495209441676039,1.0,False,0.4541336711371214,-0.07028869399510115,4.9509288135,منتظر پایداری,-0.1433,خنثی/نوسانی
2026-10-04,11:30,زنگان,توزیع→صف-فروش,فروش؟,9010,-2.909482758620685,0.5070896975156812,-0.006103781290201014,1.6752938846337375,1.0,True,,0.0,0.113739537,تأیید فروش (روز بعد),-0.1433,خنثی/نوسانی
2026-10-04,11:40,خدیزل,توزیع→صف-فروش,فروش؟,1791,-2.97941495124594,0.35826456843704785,-0.3103407057586829,1.2298385465733384,1.0,True,0.875,0.0,0.5887179981,تأیید فروش (روز بعد),-0.1345,ادامه ضعف
2026-10-04,11:40,ثاخت,توزیع→صف-فروش,فروش؟,873,-3.0000000000000027,0.15563915819170307,-0.0776466280934318,0.7299888377785275,0.73,True,,0.0,0.115594803,تأیید فروش (روز بعد),-0.1345,ادامه ضعف
2026-10-04,11:40,غصینو,توزیع→صف-فروش,فروش؟,6210,-2.968749999999998,0.3818063566082409,-0.3238220284508657,1.348820620292945,1.0,True,,0.6906368513382686,1.194373026,تأیید فروش (روز بعد),-0.1345,ادامه ضعف
2026-10-04,11:40,غپینو,توزیع→صف-فروش,فروش؟,2059,-2.3244781783681168,0.40012172486482994,-0.22250555558251528,0.7765561861242961,0.78,False,0.4427778162461863,-0.17687475839987507,10.5812674065,منتظر پایداری,-0.1345,ادامه ضعف
2026-10-04,11:40,فسدید,توزیع→صف-فروش,فروش؟,161200,-2.950030102347978,0.32,0.0,0.8288540230846603,0.83,True,,0.0,0.091884,تأیید فروش (روز بعد),-0.1345,ادامه ضعف
2026-10-04,11:40,فروژ,توزیع→صف-فروش,فروش؟,2152,-2.975653742110007,0.057971014492753624,0.0,0.05720002728172707,0.03,True,,0.0,0.0044116,رد: ارزش کم,-0.1345,ادامه ضعف
2026-10-04,11:40,دسبحا,توزیع→صف-فروش,فروش؟,7100,-2.8727770177838563,0.5697382011070256,-0.06135715835545658,1.4129258584684108,1.0,True,0.058823529411764705,0.0,0.53234593,تأیید فروش (روز بعد),-0.1345,ادامه ضعف
2026-10-04,11:40,مارون,توزیع→صف-فروش,فروش؟,30090,-2.9980657640232056,0.5752167401576085,-0.05394131586724829,5.054913692136731,1.0,True,0.6111111111111112,0.0,3.387366705,تأیید فروش (روز بعد),-0.1345,ادامه ضعف
2026-10-04,11:40,فخاس,توزیع→صف-فروش,فروش؟,3700,-2.887139107611547,0.6179572939212352,-0.23942672888237926,1.1562669094998261,1.0,True,0.44467047315997227,-0.39226632501989916,3.909392926,تأیید فروش (روز بعد),-0.1345,ادامه ضعف
2026-10-04,11:40,زنگان,توزیع→صف-فروش,فروش؟,9010,-2.909482758620685,0.4944824831644066,-0.0060902088395425975,1.5740561620540747,1.0,True,,0.0,0.066296481,تأیید فروش (روز بعد),-0.1345,ادامه ضعف
2026-10-04,11:40,کرازی,توزیع→صف-فروش,فروش؟,1955,-2.8330019880715707,0.44509940856906666,-0.04600117165983862,3.617843994647272,1.0,True,0.44159633215998784,-0.07502096984082156,9.8428536017,تأیید فروش (روز بعد),-0.1345,ادامه ضعف
2026-10-04,11:50,زنگان,توزیع→صف-فروش,فروش؟,9010,-2.909482758620685,0.4873108081699755,-0.006078945712723172,1.484184440432722,1.0,True,0.08333333333333333,0.0,0.061591459,تأیید فروش (روز بعد),-0.1535,ادامه ضعف
2026-10-04,11:50,خدیزل,توزیع→صف-فروش,فروش؟,1791,-2.97941495124594,0.3567282170878453,-0.31032544696349895,1.157551976918264,1.0,True,0.125,0.0,0.0343322163,تأیید فروش (روز بعد),-0.1535,ادامه ضعف
2026-10-04,11:50,ثاخت,توزیع→صف-فروش,فروش؟,873,-3.0000000000000027,0.15293943213244507,-0.07734500996759391,0.6897270377246277,0.69,True,,0.0,0.1356625413,تأیید فروش (روز بعد),-0.1535,ادامه ضعف
2026-10-04,11:50,غصینو,توزیع→صف-فروش,فروش؟,6210,-2.968749999999998,0.37941681438419295,-0.3198504724475248,1.2732908302526877,1.0,True,,0.7055951639098925,1.26560421,تأیید فروش (روز بعد),-0.1535,ادامه ضعف
2026-10-04,11:50,غپینو,توزیع→صف-فروش,فروش؟,2059,-2.3244781783681168,0.4367472172296491,-0.21897140384893837,0.7907886434849167,0.79,True,0.5448134887881461,-0.2524023891637672,9.6428045331,تأیید فروش (روز بعد),-0.1535,ادامه ضعف
2026-10-04,11:50,فروژ,توزیع→صف-فروش,فروش؟,2152,-2.975653742110007,0.05714285714285714,0.0,0.05604691391206982,0.03,True,,0.0,0.0258937248,رد: ارزش کم,-0.1535,ادامه ضعف
2026-10-04,11:50,فسدید,توزیع→صف-فروش,فروش؟,161200,-2.950030102347978,0.32,0.0,0.7800979040796802,0.78,True,,0.0,0.03224,تأیید فروش (روز بعد),-0.1535,ادامه ضعف
2026-10-04,11:50,دسبحا,توزیع→صف-فروش,فروش؟,7100,-2.8727770177838563,0.5660727772907226,-0.061080781292843576,1.3358034810161823,1.0,True,0.07142857142857142,0.0,0.76521599,تأیید فروش (روز بعد),-0.1535,ادامه ضعف
2026-10-04,11:50,مارون,توزیع→صف-فروش,فروش؟,30090,-2.9980657640232056,0.5693713300351945,-0.053888059614092654,4.7622427577994015,1.0,True,0.7586206896551724,0.0,3.404755716,تأیید فروش (روز بعد),-0.1535,ادامه ضعف
2026-10-04,11:50,فخاس,توزیع→صف-فروش,فروش؟,3700,-2.887139107611547,0.5317220969179554,-0.3538128980091685,1.3291680447484204,1.0,True,0.19410734558487902,-0.718784806079815,7.868887197,تأیید فروش (روز بعد),-0.1535,ادامه ضعف
2026-10-04,11:50,کرازی,توزیع→صف-فروش,فروش؟,1952,-2.982107355864816,0.4602569413787614,-0.04809044990977009,3.7318858166966313,1.0,True,0.5924666085895525,-0.07320809283254702,13.3631558733,تأیید فروش (روز بعد),-0.1535,ادامه ضعف
2026-10-04,12:00,فسدید,توزیع→صف-فروش,فروش؟,161200,-2.950030102347978,0.30769230769230765,0.0,0.7383625730521962,0.74,True,1.0,0.0,0.037479,تأیید فروش (روز بعد),-0.1787,ادامه ضعف
2026-10-04,12:00,خدیزل,توزیع→صف-فروش,فروش؟,1791,-2.97941495124594,0.3552321404194231,-0.31025759401895353,1.0934824562072558,1.0,True,,0.0,0.0052555104,تأیید فروش (روز بعد),-0.1787,ادامه ضعف
2026-10-04,12:00,ثاخت,توزیع→صف-فروش,فروش؟,873,-3.0000000000000027,0.15190687568133848,-0.07627640219711743,0.6605331152181537,0.66,True,0.04444444444444444,0.0,0.3244389264,تأیید فروش (روز بعد),-0.1787,ادامه ضعف
2026-10-04,12:00,صبا,توزیع→صف-فروش,فروش؟,10450,-2.4276377217553713,0.4366644833071938,0.18730298684103272,1.8655512825805423,1.0,False,0.44523953921348974,-0.005668991324069717,94.801037317,منتظر پایداری,-0.1787,ادامه ضعف
2026-10-04,12:00,غصینو,توزیع→صف-فروش,فروش؟,6210,-2.968749999999998,0.37406758630710457,-0.3172147965645468,1.2085035478625468,1.0,True,0.48175113676523984,0.6422386841500684,1.359635409,تأیید فروش (روز بعد),-0.1787,ادامه ضعف
2026-10-04,12:00,ثقزوی,انباشت→صف-خرید,خرید؟,2680,2.1341463414634054,2.032954222465717,0.016210016979992786,1.5468720344792293,1.0,False,1.5,0.0,0.4213856917,منتظر پایداری,-0.1787,ادامه ضعف
2026-10-04,12:00,غپینو,توزیع→صف-فروش,فروش؟,2059,-2.3244781783681168,0.42714550922848454,-0.21813316490962215,0.7497146671326298,0.75,True,0.4722392709247467,-0.198713363242695,6.0674115108,تأیید فروش (روز بعد),-0.1787,ادامه ضعف
2026-10-04,12:00,فروژ,توزیع→صف-فروش,فروش؟,2152,-2.975653742110007,0.056338028169014086,0.0,0.05323938970835563,0.03,True,,0.0,0.0291217248,رد: ارزش کم,-0.1787,ادامه ضعف
2026-10-04,12:00,سفانو,توزیع→صف-فروش,فروش؟,58530,-2.677086797472561,0.6804354053697867,0.07306873167077561,1.7503205057975912,1.0,False,0.65,0.0,3.103821757,منتظر پایداری,-0.1787,ادامه ضعف
2026-10-04,12:00,دسبحا,توزیع→صف-فروش,فروش؟,7100,-2.8727770177838563,0.5601346161883398,-0.06088357981221638,1.2656607514924958,1.0,True,0.03571428571428572,0.0,0.85355277,تأیید فروش (روز بعد),-0.1787,ادامه ضعف
2026-10-04,12:00,مارون,توزیع→صف-فروش,فروش؟,30090,-2.9980657640232056,0.5648360522775259,-0.05382208502475396,4.503157803297916,1.0,True,0.8214285714285714,0.0,3.474380967,تأیید فروش (روز بعد),-0.1787,ادامه ضعف
2026-10-04,12:00,فخاس,توزیع→صف-فروش,فروش؟,3700,-2.887139107611547,0.5259307377212193,-0.37004069258489714,1.3194000518105105,1.0,True,0.13912523997198792,-0.7694839323955076,7.553885616,تأیید فروش (روز بعد),-0.1787,ادامه ضعف
2026-10-04,12:00,زنگان,توزیع→صف-فروش,فروش؟,9010,-2.909482758620685,0.4849570085058641,-0.006078210289961674,1.4018978040153083,1.0,True,0.09090909090909091,0.0,0.031200729,تأیید فروش (روز بعد),-0.1787,ادامه ضعف
2026-10-04,12:00,دعبید,توزیع→صف-فروش,فروش؟,29160,-2.6702269692923886,0.3637527173152533,-0.13024652226262576,3.507377048133887,1.0,False,0.3338885106338243,-0.5431670152698432,25.844990117,منتظر پایداری,-0.1787,ادامه ضعف
2026-10-04,12:00,کرازی,توزیع→صف-فروش,فروش؟,1952,-2.982107355864816,0.45420675693309004,-0.04790816281701711,3.537615426435831,1.0,True,0.5055468036733708,-0.06846098925958329,11.4187393211,تأیید فروش (روز بعد),-0.1787,ادامه ضعف
2026-10-04,12:10,خدیزل,توزیع→صف-فروش,فروش؟,1791,-2.97941495124594,0.3507836584381982,-0.3101254717382102,1.036371772957119,1.0,True,,0.0,0.0075838104,تأیید فروش (روز بعد),-0.2039,ادامه ضعف
2026-10-04,12:10,ثاخت,توزیع→صف-فروش,فروش؟,873,-3.0000000000000027,0.14937459589970303,-0.07604584633006273,0.6276650537860152,0.63,True,0.045454545454545456,0.0,0.3548975472,تأیید فروش (روز بعد),-0.2039,ادامه ضعف
2026-10-04,12:10,صبا,توزیع→صف-فروش,فروش؟,10450,-2.4276377217553713,0.4414780327984832,0.15207884032073923,1.8895578882695523,1.0,True,0.4948527251356739,-0.12328028211526583,92.801495839,تأیید فروش (روز بعد),-0.2039,ادامه ضعف
2026-10-04,12:10,غصینو,توزیع→صف-فروش,فروش؟,6210,-2.968749999999998,0.3717402411721765,-0.3155538778373973,1.1509127194053084,1.0,True,0.13736568007645739,0.30668202432306263,0.387105939,تأیید فروش (روز بعد),-0.2039,ادامه ضعف
2026-10-04,12:10,غپینو,توزیع→صف-فروش,فروش؟,2059,-2.3244781783681168,0.41417432512393954,-0.21733193310810398,0.7128642290368759,0.71,True,0.5346566029588989,-0.1601517720861731,3.0215525437,تأیید فروش (روز بعد),-0.2039,ادامه ضعف
2026-10-04,12:10,فسدید,توزیع→صف-فروش,فروش؟,161200,-2.950030102347978,0.30769230769230765,0.0,0.6995013849968175,0.7,True,,0.0,0.005239,تأیید فروش (روز بعد),-0.2039,ادامه ضعف
2026-10-04,12:10,فروژ,توزیع→صف-فروش,فروش؟,2152,-2.975653742110007,0.05555555555555555,0.0,0.05053400916660382,0.03,True,,0.0,0.0263241248,رد: ارزش کم,-0.2039,ادامه ضعف
2026-10-04,12:10,دسبحا,توزیع→صف-فروش,فروش؟,7100,-2.8727770177838563,0.5564257749818392,-0.06084847646746533,1.199735766340999,1.0,True,,0.0,0.5356453,تأیید فروش (روز بعد),-0.2039,ادامه ضعف
2026-10-04,12:10,مارون,توزیع→صف-فروش,فروش؟,30090,-2.9980657640232056,0.5606506847109093,-0.05374431864882835,4.2722899229386995,1.0,True,0.045454545454545456,0.0,0.331167531,تأیید فروش (روز بعد),-0.2039,ادامه ضعف
2026-10-04,12:10,فخاس,توزیع→صف-فروش,فروش؟,3700,-2.887139107611547,0.5259241146695829,-0.366851088366648,1.2607514425377633,1.0,True,0.16059728032298454,-0.795987361765654,6.329998876,تأیید فروش (روز بعد),-0.2039,ادامه ضعف
2026-10-04,12:10,دعبید,توزیع→صف-فروش,فروش؟,29070,-2.970627503337786,0.35287207254755304,-0.11794588806752973,3.596576389078552,1.0,True,0.27712013460711493,-0.2789605530975808,46.316310958,تأیید فروش (روز بعد),-0.2039,ادامه ضعف
2026-10-04,12:10,کرازی,توزیع→صف-فروش,فروش؟,1952,-2.982107355864816,0.4455873663660802,-0.0508524690210117,3.3814130184625335,1.0,True,0.45795750109345873,-0.09372981974304363,6.457368244,تأیید فروش (روز بعد),-0.2039,ادامه ضعف
2026-10-04,12:10,زنگان,توزیع→صف-فروش,فروش؟,9010,-2.909482758620685,0.4828705688031456,-0.005854711287641446,1.3783515441382836,1.0,True,0.2222222222222222,0.0,0.29897883,تأیید فروش (روز بعد),-0.2039,ادامه ضعف
2026-10-04,12:20,خدیزل,توزیع→صف-فروش,فروش؟,1791,-2.97941495124594,0.34936268956882327,-0.3100086881015741,0.984923814910142,0.98,True,,0.0,0.0111658104,تأیید فروش (روز بعد),-0.2511,خنثی/نوسانی
2026-10-04,12:20,ثاخت,توزیع→صف-فروش,فروش؟,873,-3.0000000000000027,0.14821364752477773,-0.07485997432114551,0.6057258086594572,0.61,True,0.05263157894736842,0.0,0.5618490066,تأیید فروش (روز بعد),-0.2511,خنثی/نوسانی
2026-10-04,12:20,غصینو,توزیع→صف-فروش,فروش؟,6210,-2.968749999999998,0.37018776046362983,-0.315512241380663,1.093511094050932,1.0,True,0.12378428389731613,0.1023811132333884,0.303339249,تأیید فروش (روز بعد),-0.2511,خنثی/نوسانی
2026-10-04,12:20,غپینو,توزیع→صف-فروش,فروش؟,2059,-2.3244781783681168,0.4061251994456939,-0.21674140748454357,0.6790589504220588,0.68,True,0.10416666666666667,0.0,0.3718424283,تأیید فروش (روز بعد),-0.2511,خنثی/نوسانی
2026-10-04,12:20,فسدید,توزیع→صف-فروش,فروش؟,161200,-2.950030102347978,0.30769230769230765,0.0,0.6645263157469766,0.66,True,,0.0,0.005239,تأیید فروش (روز بعد),-0.2511,خنثی/نوسانی
2026-10-04,12:20,فروژ,توزیع→صف-فروش,فروش؟,2152,-2.975653742110007,0.05263157894736842,0.0,0.04981279549502923,0.02,True,,0.0,0.0254529952,رد: ارزش کم,-0.2511,خنثی/نوسانی
2026-10-04,12:20,دسبحا,توزیع→صف-فروش,فروش؟,7100,-2.8727770177838563,0.5521602426081156,-0.060634587910936004,1.1437520816796891,1.0,True,,0.0,0.47363532,تأیید فروش (روز بعد),-0.2511,خنثی/نوسانی
2026-10-04,12:20,مارون,توزیع→صف-فروش,فروش؟,30090,-2.9980657640232056,0.5577580522267411,-0.05360283259908891,4.0693319756549915,1.0,True,0.1,0.0,0.48122937,تأیید فروش (روز بعد),-0.2511,خنثی/نوسانی
2026-10-04,12:20,فخاس,توزیع→صف-فروش,فروش؟,3700,-2.887139107611547,0.5241739197936058,-0.36676016770171893,1.1980087732666633,1.0,True,0.3538711686405068,-0.5796516908516215,1.58344793,تأیید فروش (روز بعد),-0.2511,خنثی/نوسانی
2026-10-04,12:20,دعبید,توزیع→صف-فروش,فروش؟,29070,-2.970627503337786,0.3551624606189328,-0.12179016787325349,3.5604693691620257,1.0,True,0.3007868256716643,-0.13149656125727044,48.339725381,تأیید فروش (روز بعد),-0.2511,خنثی/نوسانی
2026-10-04,12:20,کرازی,توزیع→صف-فروش,فروش؟,1952,-2.982107355864816,0.4403140792311794,-0.05061412769309502,3.2270748473560316,1.0,True,0.0164817235008828,-0.19239554845674284,1.1160341376,تأیید فروش (روز بعد),-0.2511,خنثی/نوسانی
2026-10-04,12:20,زنگان,توزیع→صف-فروش,فروش؟,9010,-2.909482758620685,0.4924226326045114,-0.005685068779352073,1.348164512594521,1.0,True,0.75,0.0,0.515927016,تأیید فروش (روز بعد),-0.2511,خنثی/نوسانی
2026-10-04,12:30,خدیزل,توزیع→صف-فروش,فروش؟,1791,-2.97941495124594,0.3423635429252181,-0.3095668551008103,0.9393605422333042,0.94,True,,0.0,0.0243887634,تأیید فروش (روز بعد),-0.2902,خنثی/نوسانی
2026-10-04,12:30,ثاخت,توزیع→صف-فروش,فروش؟,873,-3.0000000000000027,0.14709010262969793,-0.07475580603899674,0.5776854249606032,0.58,True,,0.0,0.3490982955,تأیید فروش (روز بعد),-0.2902,خنثی/نوسانی
2026-10-04,12:30,حفارس,توزیع→صف-فروش,فروش؟,9430,-2.6831785345717285,0.6619053997104781,-0.3097608118838177,1.5244600256233642,1.0,False,0.7211773494747568,-0.160501418415663,26.374706347,منتظر پایداری,-0.2902,خنثی/نوسانی
2026-10-04,12:30,صبا,توزیع→صف-فروش,فروش؟,10410,-2.801120448179273,0.44420634475570003,0.1332350942489173,2.0960598574970946,1.0,False,0.47599220623133315,-0.03322783618713544,127.026942342,منتظر پایداری,-0.2902,خنثی/نوسانی
2026-10-04,12:30,غصینو,توزیع→صف-فروش,فروش؟,6210,-2.968749999999998,0.3668669573331033,-0.31063978541831994,1.057743198937506,1.0,True,0.11111111111111112,0.0,0.621539649,تأیید فروش (روز بعد),-0.2902,خنثی/نوسانی
2026-10-04,12:30,زکشت,توزیع→صف-فروش,فروش؟,14710,-2.968337730870707,0.6726212017890398,-0.12082534501708658,1.3558406436910588,1.0,False,0.24783391564342774,-0.6661509548024904,1.767778781,منتظر پایداری,-0.2902,خنثی/نوسانی
2026-10-04,12:30,غپینو,توزیع→صف-فروش,فروش؟,2059,-2.3244781783681168,0.39583374272020494,-0.20949912816155428,0.6689927057226206,0.67,True,0.043478260869565216,0.0,1.495181971,تأیید فروش (روز بعد),-0.2902,خنثی/نوسانی
2026-10-04,12:30,فسدید,توزیع→صف-فروش,فروش؟,161200,-2.950030102347978,0.30769230769230765,0.0,0.6328822054733111,0.63,True,,,0.0,تأیید فروش (روز بعد),-0.2902,خنثی/نوسانی
2026-10-04,12:30,فروژ,توزیع→صف-فروش,فروش؟,2152,-2.975653742110007,0.050632911392405056,0.0,0.04758073166498566,0.02,True,,0.0,0.0239465952,رد: ارزش کم,-0.2902,خنثی/نوسانی
2026-10-04,12:30,دسبحا,توزیع→صف-فروش,فروش؟,7100,-2.8727770177838563,0.5506954951356967,-0.05963026431208641,1.107555092233314,1.0,True,0.11764705882352941,0.0,1.3571863,تأیید فروش (روز بعد),-0.2902,خنثی/نوسانی
2026-10-04,12:30,مارون,توزیع→صف-فروش,فروش؟,30090,-2.9980657640232056,0.5415919314766882,-0.07185252073658056,3.9618075918170486,1.0,True,0.05932515126481922,-0.7508343646877593,2.404524999,تأیید فروش (روز بعد),-0.2902,خنثی/نوسانی
2026-10-04,12:30,فخاس,توزیع→صف-فروش,فروش؟,3700,-2.887139107611547,0.5170980291192194,-0.36660000030529716,1.1414558428473731,1.0,True,0.2222222222222222,0.0,0.25692726,تأیید فروش (روز بعد),-0.2902,خنثی/نوسانی
2026-10-04,12:30,زنگان,توزیع→صف-فروش,فروش؟,9010,-2.909482758620685,0.49009484641835815,-0.0056729558242926085,1.28668436749129,1.0,True,0.75,0.0,0.532027886,تأیید فروش (روز بعد),-0.2902,خنثی/نوسانی
2026-10-04,12:30,دعبید,توزیع→صف-فروش,فروش؟,29250,-2.369826435246991,0.3686335818300703,-0.11615400388627728,3.565059475815357,1.0,True,0.3777845750504799,-0.04266897701720943,56.360397446,تأیید فروش (روز بعد),-0.2902,خنثی/نوسانی
2026-10-04,12:30,کرازی,توزیع→صف-فروش,فروش؟,1952,-2.982107355864816,0.43228969913005477,-0.05027137084624815,3.093815634061458,1.0,True,0.014935936565081204,-0.16358755235545255,1.3125693056,تأیید فروش (روز بعد),-0.2902,خنثی/نوسانی
2026-10-05,09:10,سبزوا,انباشت→صف-خرید,خرید؟,13160,2.9733959311424085,5.3994684057161315,0.10021591019395189,1.7388781099853345,1.0,False,5.3994684057161315,0.10021591019395189,2.003286571,منتظر پایداری,-1.1609,خنثی/نوسانی
2026-10-05,09:10,خصدرا,توزیع→صف-فروش,فروش؟,2718,-2.997858672376874,0.5494692648417663,-0.22116489257143288,48.021042828023184,1.0,False,0.5494692648417663,-0.22116489257143288,10.3758497568,منتظر پایداری,-1.1609,خنثی/نوسانی
2026-10-05,09:10,کسرا,توزیع→صف-فروش,فروش؟,2782,-2.998605299860535,0.6730769230769231,0.0,5.657241836959764,1.0,False,0.6730769230769231,0.0,7.8703948282,منتظر پایداری,-1.1609,خنثی/نوسانی
2026-10-05,09:10,زمگسا,توزیع→صف-فروش,فروش؟,107700,-2.972972972972976,0.17578161615426433,-0.7632805325987144,1.4862000617532152,0.5,False,0.17578161615426433,-0.7632805325987144,0.93828453,منتظر پایداری,-1.1609,خنثی/نوسانی
2026-10-05,09:10,پارس,توزیع→صف-فروش,فروش؟,3220,-2.7190332326283984,0.4347102903126208,-0.3068891181833567,3.919067432912311,1.0,False,0.4347102903126208,-0.3068891181833567,27.03028688,منتظر پایداری,-1.1609,خنثی/نوسانی
2026-10-05,09:10,چدن,توزیع→صف-فروش,فروش؟,4590,-2.754237288135597,0.6594014209679967,-0.2271141083342567,2.1595071041401837,1.0,False,0.6594014209679967,-0.2271141083342567,4.6989869,منتظر پایداری,-1.1609,خنثی/نوسانی
2026-10-05,09:10,وآوا,توزیع→صف-فروش,فروش؟,4580,-2.9661016949152574,0.08586991599980216,-0.3989105880013849,0.42996451128553614,0.21,False,0.08586991599980216,-0.3989105880013849,0.267212772,رد: ارزش کم,-1.1609,خنثی/نوسانی
2026-10-05,09:10,کفرا,توزیع→صف-فروش,فروش؟,4830,-2.8169014084507005,0.06657127981193628,-0.2657527210926462,7.5792087109242985,1.0,False,0.06657127981193628,-0.2657527210926462,7.607967255,منتظر پایداری,-1.1609,خنثی/نوسانی
2026-10-05,09:10,سیدکو,توزیع→صف-فروش,فروش؟,12040,-2.981466559226431,0.49998427602162127,-0.10529129554025662,3.395965008854467,0.5,False,0.49998427602162127,-0.10529129554025662,1.141449096,منتظر پایداری,-1.1609,خنثی/نوسانی
2026-10-05,09:10,دسبحا,توزیع→صف-فروش,فروش؟,6920,-2.9453015427770013,0.6620856068242128,-0.16887125951854134,5.173336123875759,1.0,False,0.6620856068242128,-0.16887125951854134,18.105537735,منتظر پایداری,-1.1609,خنثی/نوسانی
2026-10-05,09:10,سمگا,توزیع→صف-فروش,فروش؟,4100,-2.843601895734593,0.31633774399065423,-0.048728526200338,3.0054012977397297,1.0,False,0.31633774399065423,-0.048728526200338,10.296660069,منتظر پایداری,-1.1609,خنثی/نوسانی
2026-10-05,09:10,دقاضی,توزیع→صف-فروش,فروش؟,24070,-2.9826682789197867,0.063289288076882,-0.6382728190328788,3.3313324381489915,1.0,False,0.063289288076882,-0.6382728190328788,4.824198459,منتظر پایداری,-1.1609,خنثی/نوسانی
2026-10-05,09:10,ولبهمن,توزیع→صف-فروش,فروش؟,3330,-2.631578947368418,0.4031274221534092,-0.04649584884188155,2.4910019908555707,1.0,False,0.4031274221534092,-0.04649584884188155,2.200661244,منتظر پایداری,-1.1609,خنثی/نوسانی
2026-10-05,09:10,مارون,توزیع→صف-فروش,فروش؟,29350,-2.975206611570247,0.210147173833009,-0.7592920156914669,6.59741362968371,1.0,False,0.210147173833009,-0.7592920156914669,15.552362485,منتظر پایداری,-1.1609,خنثی/نوسانی
2026-10-05,09:10,کرازی,توزیع→صف-فروش,فروش؟,1944,-2.9940119760479056,0.30872475616484796,-0.22226728814971286,6.420615302973429,1.0,False,0.30872475616484796,-0.22226728814971286,8.7491502295,منتظر پایداری,-1.1609,خنثی/نوسانی
2026-10-05,09:10,خموتور,توزیع→صف-فروش,فروش؟,2544,-2.9748283752860427,0.05214137702150518,-0.8175051804247319,4.176964141843963,1.0,False,0.05214137702150518,-0.8175051804247319,2.5657672272,منتظر پایداری,-1.1609,خنثی/نوسانی
2026-10-05,09:10,مهرمام,توزیع→صف-فروش,فروش؟,4540,-2.991452991452992,0.33930545743377283,-0.7354223716751251,2.2670410757722603,1.0,False,0.33930545743377283,-0.7354223716751251,3.587298166,منتظر پایداری,-1.1609,خنثی/نوسانی
2026-10-05,09:10,وگردش,توزیع→صف-فروش,فروش؟,1741,-2.9542920847268728,0.5499718537358622,-0.3596538345451027,3.7294295054164794,1.0,False,0.5499718537358622,-0.3596538345451027,18.0279270735,منتظر پایداری,-1.1609,خنثی/نوسانی
2026-10-05,09:10,دارو,توزیع→صف-فروش,فروش؟,9650,-2.917505030181089,0.2589581632689679,-0.2960239394062122,4.033455843434568,1.0,False,0.2589581632689679,-0.2960239394062122,11.171907043,منتظر پایداری,-1.1609,خنثی/نوسانی
2026-10-05,09:10,ویسا,توزیع→صف-فروش,فروش؟,5720,-2.8862478777589184,0.2878911353435006,-0.18098613447424522,2.3458284474365176,0.5,False,0.2878911353435006,-0.18098613447424522,0.306444896,منتظر پایداری,-1.1609,خنثی/نوسانی
2026-10-05,09:10,ددانا,توزیع→صف-فروش,فروش؟,23370,-2.988792029887921,0.1903762555515894,-0.6684458465670496,5.25892306488504,1.0,False,0.1903762555515894,-0.6684458465670496,9.319293127,منتظر پایداری,-1.1609,خنثی/نوسانی
2026-10-05,09:10,غصینو,توزیع→صف-فروش,فروش؟,6040,-2.893890675241162,0.18153659736272504,-0.0015288257028623286,1.2060647461137244,0.5,False,0.18153659736272504,-0.0015288257028623286,1.975372336,منتظر پایداری,-1.1609,خنثی/نوسانی
2026-10-05,09:20,سبزوا,انباشت→صف-خرید,خرید؟,13160,2.9733959311424085,5.252224455944621,0.0780026821079306,2.3480804835945386,1.0,True,5.252224455944621,0.0780026821079306,5.152614067,تأیید خرید,-1.2377,خنثی/نوسانی
2026-10-05,09:20,خصدرا,توزیع→صف-فروش,فروش؟,2718,-2.997858672376874,0.4701317488173918,-0.20355569747094907,27.392004634826908,1.0,True,0.4701317488173918,-0.20355569747094907,11.2734437076,تأیید فروش (روز بعد),-1.2377,خنثی/نوسانی
2026-10-05,09:20,سفانو,توزیع→صف-فروش,فروش؟,58830,-2.9368091074080227,0.6099225515749942,0.16614785356852863,3.613692422682552,1.0,False,0.6099225515749942,0.16614785356852863,3.984595036,منتظر پایداری,-1.2377,خنثی/نوسانی
2026-10-05,09:20,زمگسا,توزیع→صف-فروش,فروش؟,107800,-2.8828828828828867,0.2270634758404183,-0.7908159171317066,1.2277781628456677,0.5,True,0.2270634758404183,-0.7908159171317066,1.47644707,تأیید فروش (روز بعد),-1.2377,خنثی/نوسانی
2026-10-05,09:20,وآوا,توزیع→صف-فروش,فروش؟,4580,-2.9661016949152574,0.07566110008430424,-0.5460333994941745,0.32982097062982824,0.16,True,0.07566110008430424,-0.5460333994941745,0.390430344,رد: ارزش کم,-1.2377,خنثی/نوسانی
2026-10-05,09:20,کفرا,توزیع→صف-فروش,فروش؟,4830,-2.8169014084507005,0.05163806444594131,-0.23575664620006864,4.485356276648343,1.0,True,0.05163806444594131,-0.23575664620006864,8.575953351,تأیید فروش (روز بعد),-1.2377,خنثی/نوسانی
2026-10-05,09:20,صبا,توزیع→صف-فروش,فروش؟,10490,-2.9602220166512483,0.18118778516437037,-0.6245734418737978,6.932064873336489,1.0,False,0.18118778516437037,-0.6245734418737978,180.284530181,منتظر پایداری,-1.2377,خنثی/نوسانی
2026-10-05,09:20,سیدکو,توزیع→صف-فروش,فروش؟,12040,-2.981466559226431,0.33647341571337586,-0.14352221454777048,2.5468890590137785,0.5,True,0.33647341571337586,-0.14352221454777048,1.63058734,تأیید فروش (روز بعد),-1.2377,خنثی/نوسانی
2026-10-05,09:20,دسبحا,توزیع→صف-فروش,فروش؟,6920,-2.9453015427770013,0.5930537743466259,-0.18968350693551878,2.919710150332926,1.0,True,0.5930537743466259,-0.18968350693551878,19.463510231,تأیید فروش (روز بعد),-1.2377,خنثی/نوسانی
2026-10-05,09:20,سمگا,توزیع→صف-فروش,فروش؟,4100,-2.843601895734593,0.2857319058798185,-0.04434110724122645,1.7337619762549488,1.0,True,0.2857319058798185,-0.04434110724122645,11.314205859,تأیید فروش (روز بعد),-1.2377,خنثی/نوسانی
2026-10-05,09:20,دقاضی,توزیع→صف-فروش,فروش؟,24070,-2.9826682789197867,0.06574173003777302,-0.842600220879701,4.516423015931799,1.0,True,0.06574173003777302,-0.842600220879701,12.457832876,تأیید فروش (روز بعد),-1.2377,خنثی/نوسانی
2026-10-05,09:20,دعبید,توزیع→صف-فروش,فروش؟,28970,-2.9805760214333565,0.31985287751046054,-0.24352552302863983,3.739951009752304,1.0,False,0.31985287751046054,-0.24352552302863983,43.870222827,منتظر پایداری,-1.2377,خنثی/نوسانی
2026-10-05,09:20,مارون,توزیع→صف-فروش,فروش؟,29350,-2.975206611570247,0.4392107040230841,-0.570609372521864,7.126097756264389,1.0,True,0.4392107040230841,-0.570609372521864,31.997432307,تأیید فروش (روز بعد),-1.2377,خنثی/نوسانی
2026-10-05,09:20,کرازی,توزیع→صف-فروش,فروش؟,1944,-2.9940119760479056,0.2437895628068985,-0.2048417879869468,3.657476688966855,1.0,True,0.2437895628068985,-0.2048417879869468,9.4931750167,تأیید فروش (روز بعد),-1.2377,خنثی/نوسانی
2026-10-05,09:20,خموتور,توزیع→صف-فروش,فروش؟,2544,-2.9748283752860427,0.04335106352364882,-0.6518352073344154,4.684937841911333,1.0,True,0.04335106352364882,-0.6518352073344154,5.4815204208,تأیید فروش (روز بعد),-1.2377,خنثی/نوسانی
2026-10-05,09:20,مهرمام,توزیع→صف-فروش,فروش؟,4540,-2.991452991452992,0.2750414131892658,-0.7306267280862597,1.1980074041823705,1.0,True,0.2750414131892658,-0.7306267280862597,3.610840336,تأیید فروش (روز بعد),-1.2377,خنثی/نوسانی
2026-10-05,09:20,ویسا,توزیع→صف-فروش,فروش؟,5720,-2.8862478777589184,0.5763628453115486,-0.12494552433074135,1.7845853385703818,0.5,True,0.5763628453115486,-0.12494552433074135,0.444052338,تأیید فروش (روز بعد),-1.2377,خنثی/نوسانی
2026-10-05,09:20,ددانا,توزیع→صف-فروش,فروش؟,23370,-2.988792029887921,0.11340411184515149,-0.7936676753725941,4.7679306602465665,1.0,True,0.11340411184515149,-0.7936676753725941,16.093732639,تأیید فروش (روز بعد),-1.2377,خنثی/نوسانی
2026-10-05,09:20,غصینو,توزیع→صف-فروش,فروش؟,6040,-2.893890675241162,0.09470016089652734,-0.3181588415450031,0.9766724508599844,0.98,True,0.09470016089652734,-0.3181588415450031,3.0469686,تأیید فروش (روز بعد),-1.2377,خنثی/نوسانی
2026-10-05,09:30,سیدکو,توزیع→صف-فروش,فروش؟,12040,-2.981466559226431,0.2932660125429322,-0.30593710364839377,2.69261013708083,1.0,True,0.2932660125429322,-0.30593710364839377,2.58582288,تأیید فروش (روز بعد),-0.983,خنثی/نوسانی
2026-10-05,09:30,دسبحا,توزیع→صف-فروش,فروش؟,6920,-2.9453015427770013,0.5255401691332996,-0.18827459024955717,1.9610391503688271,1.0,True,0.5255401691332996,-0.18827459024955717,19.609158239,تأیید فروش (روز بعد),-0.983,خنثی/نوسانی
2026-10-05,09:30,غصینو,توزیع→صف-فروش,فروش؟,6040,-2.893890675241162,0.07668557331046572,-0.3251669548679016,0.7204384181582225,0.72,True,0.07668557331046572,-0.3251669548679016,3.371375792,تأیید فروش (روز بعد),-0.983,خنثی/نوسانی
2026-10-05,09:30,خصدرا,توزیع→صف-فروش,فروش؟,2718,-2.997858672376874,0.42080107567084396,-0.1959693732717803,18.968265348405097,1.0,True,0.42080107567084396,-0.1959693732717803,11.709858834,تأیید فروش (روز بعد),-0.983,خنثی/نوسانی
2026-10-05,09:30,وآوا,توزیع→صف-فروش,فروش؟,4580,-2.9661016949152574,0.07674323480409541,-0.6354696346805468,0.283401843280847,0.14,True,0.07674323480409541,-0.6354696346805468,0.503221546,رد: ارزش کم,-0.983,خنثی/نوسانی
2026-10-05,09:30,کفرا,توزیع→صف-فروش,فروش؟,4830,-2.8169014084507005,0.04616483857871107,-0.22583978302116442,3.121542002473326,1.0,True,0.04616483857871107,-0.22583978302116442,8.952532512,تأیید فروش (روز بعد),-0.983,خنثی/نوسانی
2026-10-05,09:30,مارون,توزیع→صف-فروش,فروش؟,29350,-2.975206611570247,0.3882060373598972,-0.5586264822835422,4.852634009037483,1.0,True,0.3882060373598972,-0.5586264822835422,32.683770317,تأیید فروش (روز بعد),-0.983,خنثی/نوسانی
2026-10-05,09:30,ددانا,توزیع→صف-فروش,فروش؟,23370,-2.988792029887921,0.16612587856177322,-0.6672591078368271,3.780782860308436,1.0,True,0.16612587856177322,-0.6672591078368271,19.142552458,تأیید فروش (روز بعد),-0.983,خنثی/نوسانی
2026-10-05,09:30,وپاسار,R2-بزرگ,خرید,8560,2.8846153846153744,3.928147857825614,0.6588891146930893,0.8618597559778371,0.86,False,3.928147857825614,0.6588891146930893,68.705748165,منتظر پایداری,-0.983,خنثی/نوسانی
2026-10-05,09:30,صبا,توزیع→صف-فروش,فروش؟,10490,-2.9602220166512483,0.17171377037808935,-0.5872196774635209,4.879783230685542,1.0,True,0.17171377037808935,-0.5872196774635209,190.36523241,تأیید فروش (روز بعد),-0.983,خنثی/نوسانی
2026-10-05,09:30,ویسا,توزیع→صف-فروش,فروش؟,5770,-2.037351443123936,0.440898162257909,-0.30191124309164397,1.8633439242159457,0.5,True,0.440898162257909,-0.30191124309164397,0.695474356,تأیید فروش (روز بعد),-0.983,خنثی/نوسانی
2026-10-05,09:30,کرازی,توزیع→صف-فروش,فروش؟,1944,-2.9940119760479056,0.21926922150318362,-0.18909792235465336,2.641264093668183,1.0,True,0.21926922150318362,-0.18909792235465336,10.2833118727,تأیید فروش (روز بعد),-0.983,خنثی/نوسانی
2026-10-05,09:30,سبزوا,انباشت→صف-خرید,خرید؟,13160,2.9733959311424085,5.297763950975301,0.10768528552457464,1.700935430640781,1.0,True,5.297763950975301,0.10768528552457464,5.598784127,تأیید خرید,-0.983,خنثی/نوسانی
2026-10-05,09:30,زمگسا,توزیع→صف-فروش,فروش؟,107700,-2.972972972972976,0.22401996780297678,-0.7129659964124804,1.840935613874362,1.0,True,0.22401996780297678,-0.7129659964124804,3.32068619,تأیید فروش (روز بعد),-0.983,خنثی/نوسانی
2026-10-05,09:30,دعبید,توزیع→صف-فروش,فروش؟,28970,-2.9805760214333565,0.28573048701938314,-0.2054053265246291,2.6556090002049513,1.0,True,0.28573048701938314,-0.2054053265246291,46.726076736,تأیید فروش (روز بعد),-0.983,خنثی/نوسانی
2026-10-05,09:30,خموتور,توزیع→صف-فروش,فروش؟,2544,-2.9748283752860427,0.4715061002011488,-0.4427655179440968,7.3797615643381995,1.0,True,0.4715061002011488,-0.4427655179440968,12.9518197724,تأیید فروش (روز بعد),-0.983,خنثی/نوسانی
2026-10-05,09:30,مهرمام,توزیع→صف-فروش,فروش؟,4540,-2.991452991452992,0.240211257471355,-0.7291234756174082,0.8003179719843347,0.8,True,0.240211257471355,-0.7291234756174082,3.618283666,تأیید فروش (روز بعد),-0.983,خنثی/نوسانی
2026-10-05,09:30,دقاضی,توزیع→صف-فروش,فروش؟,24070,-2.9826682789197867,0.09741251774607175,-0.7193046187839248,3.2268712811067672,1.0,True,0.09741251774607175,-0.7193046187839248,13.351214996,تأیید فروش (روز بعد),-0.983,خنثی/نوسانی
2026-10-05,09:30,سفانو,توزیع→صف-فروش,فروش؟,58830,-2.9368091074080227,0.694832715750699,0.1409961666517599,2.8381187076525514,1.0,True,0.694832715750699,0.1409961666517599,4.694126834,تأیید فروش (روز بعد),-0.983,خنثی/نوسانی
2026-10-05,09:40,فرآور,صف-واچ‌لیست,خرید,8370,2.9520295202952074,0.5291422292117115,-0.01286545320784508,3.221941628157306,1.0,False,0.43313819976846185,-0.04437152125275425,17.651569502,منتظر پایداری,-0.7714,خنثی/نوسانی
2026-10-05,09:40,سبزوا,انباشت→صف-خرید,خرید؟,13160,2.9733959311424085,4.7007560513862625,0.13386326717044986,1.368357959433222,1.0,True,3.8682248791892193,0.15073270100570674,4.00214682,تأیید خرید,-0.7714,خنثی/نوسانی
2026-10-05,09:40,خصدرا,توزیع→صف-فروش,فروش؟,2718,-2.997858672376874,0.517683728766115,-0.15157388896664478,18.39300504388545,1.0,True,0.45652173913043476,0.0,4.7637875016,تأیید فروش (روز بعد),-0.7714,خنثی/نوسانی
2026-10-05,09:40,زمگسا,توزیع→صف-فروش,فروش؟,107700,-2.972972972972976,0.3523445886685035,-0.48000781471051884,3.3241727141863486,1.0,True,0.3820088660255039,-0.44233440700993787,7.05658818,تأیید فروش (روز بعد),-0.7714,خنثی/نوسانی
2026-10-05,09:40,وپاسار,R2-بزرگ,خرید,8560,2.8846153846153744,3.9140057348212114,0.6426441591503167,0.662770146813264,0.66,True,15.422887124608563,0.9593830901055305,34.797361288,تأیید خرید,-0.7714,خنثی/نوسانی
2026-10-05,09:40,وپسا,R3-برگشت,خرید,2568,2.719999999999989,1.0869565217391304,0.0,2.1628157597181974,1.0,False,1.25,0.0,1.169841902,منتظر پایداری,-0.7714,خنثی/نوسانی
2026-10-05,09:40,وآوا,توزیع→صف-فروش,فروش؟,4580,-2.9661016949152574,0.07574834742517275,-0.6962247119418042,0.25867117717666843,0.13,True,0.03589095583807159,-0.9263707876647354,0.345198722,رد: ارزش کم,-0.7714,خنثی/نوسانی
2026-10-05,09:40,کفرا,توزیع→صف-فروش,فروش؟,4830,-2.8169014084507005,0.04311222443550617,-0.2239799601608889,2.3605963498597218,1.0,True,,0.0,1.418902821,تأیید فروش (روز بعد),-0.7714,خنثی/نوسانی
2026-10-05,09:40,صبا,توزیع→صف-فروش,فروش؟,10570,-2.2201665124884418,0.3017538675730202,-0.40320164780500284,4.946284561806386,1.0,True,0.4269673873313898,0.0906110645912034,118.312062047,تأیید فروش (روز بعد),-0.7714,خنثی/نوسانی
2026-10-05,09:40,سیدکو,توزیع→صف-فروش,فروش؟,12040,-2.981466559226431,0.24198983849489447,-0.298229468364806,2.07124791150627,1.0,True,0.11592189072475853,-0.44146725378070895,1.5106889,تأیید فروش (روز بعد),-0.7714,خنثی/نوسانی
2026-10-05,09:40,دسبحا,توزیع→صف-فروش,فروش؟,6920,-2.9453015427770013,0.49088763514483913,-0.18502479054742854,1.4966117211303864,1.0,True,0.11149660422253109,-0.3432802958476187,1.848030288,تأیید فروش (روز بعد),-0.7714,خنثی/نوسانی
2026-10-05,09:40,دعبید,توزیع→صف-فروش,فروش؟,28970,-2.9805760214333565,0.2586326146973202,-0.1903773431993676,2.0496245981272807,1.0,True,0.1775030695781838,-0.005618890797788525,24.081820157,تأیید فروش (روز بعد),-0.7714,خنثی/نوسانی
2026-10-05,09:40,خموتور,توزیع→صف-فروش,فروش؟,2544,-2.9748283752860427,0.4421641137048842,-0.41044784839348775,6.2361599301941055,1.0,True,0.6072507117124238,-0.3235688274595786,12.0272280945,تأیید فروش (روز بعد),-0.7714,خنثی/نوسانی
2026-10-05,09:40,مهرمام,توزیع→صف-فروش,فروش؟,4540,-2.991452991452992,0.20523329239647278,-0.7249000548728132,0.6037350177026872,0.6,True,,0.0,0.052062904,تأیید فروش (روز بعد),-0.7714,خنثی/نوسانی
2026-10-05,09:40,ویسا,توزیع→صف-فروش,فروش؟,5770,-2.037351443123936,0.440898162257909,-0.30191124309164397,1.3975079431619593,0.5,True,0.640074660167972,-0.3970606876180987,0.38902946,تأیید فروش (روز بعد),-0.7714,خنثی/نوسانی
2026-10-05,09:40,غصینو,توزیع→صف-فروش,فروش؟,6040,-2.893890675241162,0.24584492727719284,-0.6258167093912467,1.0529272078533622,1.0,True,0.12082115544510612,-0.8942332455887683,4.594355596,تأیید فروش (روز بعد),-0.7714,خنثی/نوسانی
2026-10-05,09:50,ثقزوی,انباشت→صف-خرید,خرید؟,2677,2.4492920015308117,1.8082931110866836,0.03223653882729919,0.7257191855436833,0.36,False,2.4229399627902066,0.03698260412267278,0.359251002,رد: ارزش کم,-0.4865,خنثی/نوسانی
2026-10-05,09:50,سیدکو,توزیع→صف-فروش,فروش؟,12040,-2.981466559226431,0.2242297267923618,-0.29114473465640456,1.6970171301652142,1.0,True,0.10496402841223083,-0.5101678674095894,1.085603456,تأیید فروش (روز بعد),-0.4865,خنثی/نوسانی
2026-10-05,09:50,فرآور,صف-واچ‌لیست,خرید,8370,2.9520295202952074,0.5389988909963148,-0.0842513279648103,2.7481272819012657,1.0,True,0.39900551839903453,-0.24305018927529326,12.664899841,رد: جریان ۳۰دقیقه خرید را تأیید نمی‌کند,-0.4865,خنثی/نوسانی
2026-10-05,09:50,غصینو,توزیع→صف-فروش,فروش؟,6060,-2.5723472668810254,0.6536429228068404,-0.12508243635219987,1.6978214672735799,1.0,True,1.136203711184338,-0.06734399076756693,10.194954766,تأیید فروش (روز بعد),-0.4865,خنثی/نوسانی
2026-10-05,09:50,وآوا,توزیع→صف-فروش,فروش؟,4580,-2.9661016949152574,0.05730164774937478,-0.7134917612531261,0.2271700221892589,0.11,True,0.015584424025584678,-0.9454545159104536,0.281859154,رد: ارزش کم,-0.4865,خنثی/نوسانی
2026-10-05,09:50,کفرا,توزیع→صف-فروش,فروش؟,4830,-2.8169014084507005,0.039269939410618675,-0.22245519966975022,1.9014211479253356,1.0,True,,0.0,0.512789025,تأیید فروش (روز بعد),-0.4865,خنثی/نوسانی
2026-10-05,09:50,مارون,توزیع→صف-فروش,فروش؟,29470,-2.5785123966942103,0.47667720634759847,-0.4524596289049336,4.012750866769558,1.0,False,0.57626767582852,-0.16234584849856082,13.04746064,منتظر پایداری,-0.4865,خنثی/نوسانی
2026-10-05,09:50,لوتوس,انباشت→صف-خرید,خرید؟,3410,2.710843373493965,2.228528972843556,-0.013080026312139469,0.5991761403735899,0.3,False,4.586514257998545,-0.01717551614316877,1.388100158,رد: ارزش کم,-0.4865,خنثی/نوسانی
2026-10-05,09:50,وپاسار,R2-بزرگ,خرید,8560,2.8846153846153744,3.9482534183531013,0.6320477498002968,0.5391241682815893,0.54,True,12.308787506081316,0.8841602427267431,29.044508856,تأیید خرید,-0.4865,خنثی/نوسانی
2026-10-05,09:50,دعبید,توزیع→صف-فروش,فروش؟,28970,-2.9805760214333565,0.24320347266338418,-0.14565106302546765,1.703156500218894,1.0,True,0.0598733903675478,0.5534983456332012,6.075521769,تأیید فروش (روز بعد),-0.4865,خنثی/نوسانی
2026-10-05,09:50,سبزوا,انباشت→صف-خرید,خرید؟,13160,2.9733959311424085,5.031272842136877,0.1585959525233467,1.1549979976404838,1.0,True,6.458108450844006,0.509639683409694,1.183688044,تأیید خرید,-0.4865,خنثی/نوسانی
2026-10-05,09:50,مهرمام,توزیع→صف-فروش,فروش؟,4540,-2.991452991452992,0.19938737286240243,-0.7029535057356046,0.49806465890388313,0.5,True,0.07407407407407407,0.0,0.1421247,تأیید فروش (روز بعد),-0.4865,خنثی/نوسانی
2026-10-05,09:50,دقاضی,توزیع→صف-فروش,فروش؟,24200,-2.4586860137041477,0.23438293470376548,-0.6889396665131927,3.8355270076522046,1.0,False,0.4317934230461427,-0.5520022866057077,13.99139159,منتظر پایداری,-0.4865,خنثی/نوسانی
2026-10-05,10:00,فرآور,صف-واچ‌لیست,خرید,8370,2.9520295202952074,0.5469912622016722,-0.08863930423567223,2.3129786228755815,1.0,True,0.5335880958900497,-0.35339888455761015,10.831539764,رد: جریان ۳۰دقیقه خرید را تأیید نمی‌کند,-0.3763,خنثی/نوسانی
2026-10-05,10:00,سبزوا,انباشت→صف-خرید,خرید؟,13160,2.9733959311424085,4.826590601218647,0.183428785794673,0.9986512458983428,1.0,True,6.557599501474687,0.6183931491104527,0.975519216,تأیید خرید,-0.3763,خنثی/نوسانی
2026-10-05,10:00,وپاسار,R2-بزرگ,خرید,8560,2.8846153846153744,4.069896650823359,0.6298534965520631,0.4508385534150101,0.45,True,14.0,0.0,3.174160136,رد: ارزش کم,-0.3763,خنثی/نوسانی
2026-10-05,10:00,وآوا,توزیع→صف-فروش,فروش؟,4580,-2.9661016949152574,0.054086046284223165,-0.7475984506736253,0.22082107516042424,0.11,True,0.011462995291608914,-0.9484165211877599,0.280978878,رد: ارزش کم,-0.3763,خنثی/نوسانی
2026-10-05,10:00,کفرا,توزیع→صف-فروش,فروش؟,4830,-2.8169014084507005,0.03559803918535302,-0.2168431379222335,1.6255261182921312,1.0,True,,0.0,0.371433279,تأیید فروش (روز بعد),-0.3763,خنثی/نوسانی
2026-10-05,10:00,سیدکو,توزیع→صف-فروش,فروش؟,12040,-2.981466559226431,0.21432747433834495,-0.27670347699987224,1.4874465652351894,1.0,True,0.05405405405405406,0.0,0.271087824,تأیید فروش (روز بعد),-0.3763,خنثی/نوسانی
2026-10-05,10:00,دعبید,توزیع→صف-فروش,فروش؟,28970,-2.9805760214333565,0.2536737930696076,-0.05972556692047163,1.5880011980400857,1.0,True,0.05838692284721555,0.6761997870701261,9.156446505,تأیید فروش (روز بعد),-0.3763,خنثی/نوسانی
2026-10-05,10:00,مارون,توزیع→صف-فروش,فروش؟,29450,-2.6446280991735516,0.45262919606477114,-0.4075234828691428,3.550572332909607,1.0,True,0.6026071559732203,-0.0808424831048285,15.144312496,تأیید فروش (روز بعد),-0.3763,خنثی/نوسانی
2026-10-05,10:00,خموتور,توزیع→صف-فروش,فروش؟,2547,-2.8604118993134975,0.3948794545952108,-0.40580043975196867,4.897994087820717,1.0,False,0.2955164420260623,-0.2928713708662081,4.2405884426,منتظر پایداری,-0.3763,خنثی/نوسانی
2026-10-05,10:00,لوتوس,انباشت→صف-خرید,خرید؟,3410,2.710843373493965,2.322279732236001,-0.008783041118779984,0.7466294728841747,0.75,True,4.777360026746308,-0.011580684121453393,2.068843568,رد: جریان ۳۰دقیقه خرید را تأیید نمی‌کند,-0.3763,خنثی/نوسانی
2026-10-05,10:00,مهرمام,توزیع→صف-فروش,فروش؟,4540,-2.991452991452992,0.25117190231634573,-0.5528350446797287,0.5277408998776695,0.53,True,0.08333333333333334,0.0,1.153610368,تأیید فروش (روز بعد),-0.3763,خنثی/نوسانی
2026-10-05,10:00,غصینو,توزیع→صف-فروش,فروش؟,6080,-2.2508038585209,0.6629462468851214,-0.11250241354595102,1.473211823337588,1.0,True,1.2881375559533175,-0.043596697187719566,10.416758079,تأیید فروش (روز بعد),-0.3763,خنثی/نوسانی
2026-10-05,10:10,وآوا,توزیع→صف-فروش,فروش؟,4580,-2.9661016949152574,0.06689122939171999,-0.7240736787591551,0.23095641510240564,0.12,True,0.05260540110860488,-0.7735829489870942,0.344481494,رد: ارزش کم,-0.2435,خنثی/نوسانی
2026-10-05,10:10,کفرا,توزیع→صف-فروش,فروش؟,4830,-2.8169014084507005,0.25587035060636326,-0.1530976190796646,1.9734421907722124,1.0,True,0.8717948717948718,0.0,4.17933138,تأیید فروش (روز بعد),-0.2435,خنثی/نوسانی
2026-10-05,10:10,مارون,توزیع→صف-فروش,فروش؟,29350,-2.975206611570247,0.45974100464484,-0.377415957733524,3.422971527737306,1.0,True,0.5398909082814732,0.07280635359953569,10.870690648,تأیید فروش (روز بعد),-0.2435,خنثی/نوسانی
2026-10-05,10:10,سیدکو,توزیع→صف-فروش,فروش؟,12040,-2.981466559226431,0.24769995181343168,-0.2629416067990569,1.3412178753092232,1.0,True,0.3142857142857143,0.0,0.353256008,تأیید فروش (روز بعد),-0.2435,خنثی/نوسانی
2026-10-05,10:10,فرآور,صف-واچ‌لیست,خرید,8370,2.9520295202952074,0.5580540186211661,-0.08857479412228049,1.984009805397397,1.0,True,1.59656045108286,-1.0733027401158584,1.708843473,رد: جریان ۳۰دقیقه خرید را تأیید نمی‌کند,-0.2435,خنثی/نوسانی
2026-10-05,10:10,غصینو,توزیع→صف-فروش,فروش؟,6090,-2.0900321543408373,0.6793439755499254,-0.10177390752255012,1.3965970586839502,1.0,True,1.3612308402989193,0.29582539040028893,8.679863508,تأیید فروش (روز بعد),-0.2435,خنثی/نوسانی
2026-10-05,10:10,ددانا,توزیع→صف-فروش,فروش؟,23370,-2.988792029887921,0.46784885921144603,-0.3383008689144671,4.179510542000385,1.0,False,0.6020727683886543,-0.05424527129382571,16.593895044,منتظر پایداری,-0.2435,خنثی/نوسانی
2026-10-05,10:10,وپاسار,R2-بزرگ,خرید,8560,2.8846153846153744,4.16357956015415,0.6283891665802532,0.3873354208690397,0.39,True,47.0,0.0,1.60146472,رد: ارزش کم,-0.2435,خنثی/نوسانی
2026-10-05,10:10,لوتوس,انباشت→صف-خرید,خرید؟,3410,2.710843373493965,2.4235501982697674,-0.008547646162367977,0.6577386684809766,0.66,True,4.885790720620238,-0.004746334688470009,2.080843517,رد: جریان ۳۰دقیقه خرید را تأیید نمی‌کند,-0.2435,خنثی/نوسانی
2026-10-05,10:10,دعبید,توزیع→صف-فروش,فروش؟,28970,-2.9805760214333565,0.2406366635506737,-0.04168729149557362,1.4052028752770316,1.0,True,0.03479154124207254,0.6952833070619665,9.606541807,تأیید فروش (روز بعد),-0.2435,خنثی/نوسانی
2026-10-05,10:10,سبزوا,انباشت→صف-خرید,خرید؟,13160,2.9733959311424085,5.006648327518881,0.20676901758812524,0.8859374964431689,0.89,True,14.546516271573086,0.7551036208404646,0.798902804,تأیید خرید,-0.2435,خنثی/نوسانی
2026-10-05,10:10,مهرمام,توزیع→صف-فروش,فروش؟,4540,-2.991452991452992,0.2110080417661677,-0.5484427906204011,0.45597157016721246,0.46,True,0.06818181818181818,0.0,1.170744328,رد: ارزش کم,-0.2435,خنثی/نوسانی
2026-10-05,10:20,فرآور,صف-واچ‌لیست,خرید,8370,2.9520295202952074,0.569321463576597,-0.08831537424515258,1.7411530855629618,1.0,True,,-0.3870712970011249,0.322170507,رد: جریان ۳۰دقیقه خرید را تأیید نمی‌کند,-0.1428,خنثی/نوسانی
2026-10-05,10:20,سبزوا,انباشت→صف-خرید,خرید؟,13160,2.9733959311424085,5.050050149492046,0.21863232460318344,0.8378949844963354,0.84,True,6.65859548045575,0.5923636264956084,1.018385284,تأیید خرید,-0.1428,خنثی/نوسانی
2026-10-05,10:20,وپاسار,R2-بزرگ,خرید,8560,2.8846153846153744,4.637986684161732,0.6646054287159503,0.3931167916334369,0.39,True,39.3814774582937,0.8603404352763381,11.939459752,رد: ارزش کم,-0.1428,خنثی/نوسانی
2026-10-05,10:20,وآوا,توزیع→صف-فروش,فروش؟,4580,-2.9661016949152574,0.06657182268934372,-0.7485064476180348,0.22556577467190983,0.11,True,0.0853402992585975,-0.8079843266681557,0.395777494,رد: ارزش کم,-0.1428,خنثی/نوسانی
2026-10-05,10:20,کفرا,توزیع→صف-فروش,فروش؟,4830,-2.8169014084507005,0.4169856388245642,-0.06621374446664699,3.420807342339459,1.0,True,0.7689568668838704,0.016977607780362274,17.073446205,تأیید فروش (روز بعد),-0.1428,خنثی/نوسانی
2026-10-05,10:20,سیدکو,توزیع→صف-فروش,فروش؟,12040,-2.981466559226431,0.24739047426222274,-0.25816751745798444,1.1951237012718499,1.0,True,0.3823529411764706,0.0,0.344411424,تأیید فروش (روز بعد),-0.1428,خنثی/نوسانی
2026-10-05,10:20,دعبید,توزیع→صف-فروش,فروش؟,28970,-2.9805760214333565,0.22727481937978156,-0.02830789360452834,1.2559931463814247,1.0,True,0.02980377637675475,0.6177397339323606,8.986256446,تأیید فروش (روز بعد),-0.1428,خنثی/نوسانی
2026-10-05,10:20,مارون,توزیع→صف-فروش,فروش؟,29530,-2.3801652892561975,0.484842560452939,-0.3319091087410452,3.2429650331525828,1.0,True,0.5912132687436988,0.07995569127490473,13.201040618,تأیید فروش (روز بعد),-0.1428,خنثی/نوسانی
2026-10-05,10:20,لوتوس,انباشت→صف-خرید,خرید؟,3410,2.710843373493965,2.4652719917232853,-0.008531916372157024,0.5765909634990928,0.58,True,3.6666666666666665,0.0,0.977688261,رد: جریان ۳۰دقیقه خرید را تأیید نمی‌کند,-0.1428,خنثی/نوسانی
2026-10-05,10:20,مهرمام,توزیع→صف-فروش,فروش؟,4540,-2.991452991452992,0.3086756005587469,-0.393473395895385,0.5752327288426774,0.58,True,0.2998768225683331,-0.028534354292529922,3.18212913,تأیید فروش (روز بعد),-0.1428,خنثی/نوسانی
2026-10-05,10:30,فرآور,صف-واچ‌لیست,خرید,8370,2.9520295202952074,0.5803878982292217,-0.08828767551348034,1.5481814756702565,1.0,True,,0.0,0.09525897,رد: جریان ۳۰دقیقه خرید را تأیید نمی‌کند,-0.0669,بهبود
2026-10-05,10:30,سبزوا,انباشت→صف-خرید,خرید؟,13160,2.9733959311424085,5.119928292124254,0.23877138993701522,0.7672329565162765,0.77,True,9.039120374948087,0.602081278345695,1.001948444,تأیید خرید,-0.0669,بهبود
2026-10-05,10:30,وپاسار,R2-بزرگ,خرید,8560,2.8846153846153744,4.951003758429181,0.6853974101725769,0.3753731804333264,0.38,True,27.613141527956646,0.9090042709804884,17.892105152,رد: ارزش کم,-0.0669,بهبود
2026-10-05,10:30,وآوا,توزیع→صف-فروش,فروش؟,4580,-2.9661016949152574,0.057398187570800466,-0.7640296733200426,0.22261973627812434,0.11,True,0.06796391778045853,-0.7961082466586245,0.401681572,رد: ارزش کم,-0.0669,بهبود
2026-10-05,10:30,کفرا,توزیع→صف-فروش,فروش؟,4830,-2.8169014084507005,0.3978303338552581,-0.06574605445295038,3.062344807467434,1.0,True,0.7689989716269363,0.01702662851188402,17.024301921,تأیید فروش (روز بعد),-0.0669,بهبود
2026-10-05,10:30,دقاضی,توزیع→صف-فروش,فروش؟,24150,-2.6602176541717037,0.34588297272396384,-0.5307061074747114,2.6078412490669822,1.0,False,0.8565163207856535,0.22274013490041422,3.782283829,منتظر پایداری,-0.0669,بهبود
2026-10-05,10:30,دعبید,توزیع→صف-فروش,فروش؟,28970,-2.9805760214333565,0.22038031652502788,-0.021722892575493258,1.1299418052194479,1.0,True,,0.5379913558182674,3.762267269,تأیید فروش (روز بعد),-0.0669,بهبود
2026-10-05,10:30,فسرب,R3-برگشت,خرید,2610,2.232667450058745,0.8876194882067966,-0.14359455858319733,1.8476891545120164,1.0,False,1.863016319867168,-0.16707081630179765,12.1301860354,منتظر پایداری,-0.0669,بهبود
2026-10-05,10:30,لوتوس,انباشت→صف-خرید,خرید؟,3410,2.710843373493965,2.5316407879536773,-0.00822319647175533,0.5319220094062559,0.53,True,5.0,0.0,0.185954461,رد: جریان ۳۰دقیقه خرید را تأیید نمی‌کند,-0.0669,بهبود
2026-10-05,10:30,مهرمام,توزیع→صف-فروش,فروش؟,4540,-2.991452991452992,0.30412132501628203,-0.38741275961006033,0.5193162860967501,0.52,True,0.3692467741017581,-0.03997037395882172,2.271682524,تأیید فروش (روز بعد),-0.0669,بهبود
2026-10-05,10:30,ددانا,توزیع→صف-فروش,فروش؟,23410,-2.822748028227484,0.5402766150658171,-0.28254168320115947,4.002816723277719,1.0,False,0.7321940678077683,-0.014305994006215938,21.065368055,منتظر پایداری,-0.0669,بهبود
2026-10-05,10:40,لوتوس,انباشت→صف-خرید,خرید؟,3410,2.710843373493965,2.5577446385454166,-0.00822146668647114,0.47883131532952,0.48,True,5.0,0.0,0.111348776,رد: ارزش کم,-0.0171,بهبود
2026-10-05,10:40,فرآور,صف-واچ‌لیست,خرید,8370,2.9520295202952074,0.6025586544559802,-0.08821545371633867,1.3945141295620456,1.0,True,,0.0,0.097498782,رد: جریان ۳۰دقیقه خرید را تأیید نمی‌کند,-0.0171,بهبود
2026-10-05,10:40,سبزوا,انباشت→صف-خرید,خرید؟,13160,2.9733959311424085,5.213379796966018,0.256720179440006,0.7135824216526617,0.71,True,7.7754785256170305,0.5884497668590678,1.025069248,تأیید خرید,-0.0171,بهبود
2026-10-05,10:40,وپاسار,R2-بزرگ,خرید,8560,2.8846153846153744,5.164743692905186,0.6896115241344751,0.35445299837902255,0.35,True,23.076108052617798,0.8892553480106604,22.139872472,رد: ارزش کم,-0.0171,بهبود
2026-10-05,10:40,وآوا,توزیع→صف-فروش,فروش؟,4580,-2.9661016949152574,0.05594906559438324,-0.7817986441819054,0.21883972785042544,0.11,True,0.018321057034035262,-0.9450368288978942,0.338380476,رد: ارزش کم,-0.0171,بهبود
2026-10-05,10:40,کفرا,توزیع→صف-فروش,فروش؟,4830,-2.8169014084507005,0.394426713568652,-0.06116803970948627,2.96235601408306,1.0,True,0.5624778222763119,0.019179528538419234,15.113764026,تأیید فروش (روز بعد),-0.0171,بهبود
2026-10-05,10:40,سیدکو,توزیع→صف-فروش,فروش؟,12040,-2.981466559226431,0.3490044278197885,-0.39201206702827734,3.1277351354043783,1.0,False,0.6785381083666873,-0.4470407193916807,7.006909627,منتظر پایداری,-0.0171,بهبود
2026-10-05,10:40,دقاضی,توزیع→صف-فروش,فروش؟,24080,-2.9423619508262777,0.31564168851657304,-0.48529004634289485,3.2861745407267726,1.0,True,0.25386898092483745,-0.2602291208218086,15.794568811,تأیید فروش (روز بعد),-0.0171,بهبود
2026-10-05,10:40,دعبید,توزیع→صف-فروش,فروش؟,29120,-2.4782317481580662,0.13645652530071303,-0.4924537717020252,3.1950237516478697,1.0,True,0.12494965720241981,-0.6913630701351057,129.699305406,تأیید فروش (روز بعد),-0.0171,بهبود
2026-10-05,10:40,مارون,توزیع→صف-فروش,فروش؟,29400,-2.809917355371905,0.5300942081624607,-0.2822825406806158,2.789492061734231,1.0,False,1.3185335488412318,0.29943073028351996,8.832445206,منتظر پایداری,-0.0171,بهبود
2026-10-05,10:40,مهرمام,توزیع→صف-فروش,فروش؟,4540,-2.991452991452992,0.28808235428138856,-0.3867961316010444,0.4681296960339818,0.47,True,0.45692816325534474,-0.04045085716377601,2.244699034,رد: ارزش کم,-0.0171,بهبود
2026-10-05,10:40,ددانا,توزیع→صف-فروش,فروش؟,23400,-2.8642590286425906,0.48907784582642183,-0.3220100929693215,4.103052521695796,1.0,True,0.5718822533026174,-0.2816172303708826,19.870971267,تأیید فروش (روز بعد),-0.0171,بهبود
2026-10-05,10:40,غصینو,توزیع→صف-فروش,فروش؟,6050,-2.733118971061088,0.6985485439760972,0.05180438079805192,1.656802704073977,1.0,False,0.6147504131612516,0.27286000744998024,10.594414968,منتظر پایداری,-0.0171,بهبود
2026-10-05,10:50,وآوا,توزیع→صف-فروش,فروش؟,4580,-2.9661016949152574,0.10667372650533627,-0.6553618066750674,0.24981688834887605,0.12,True,0.26139654591220346,-0.477206908175593,0.558416958,رد: ارزش کم,0.0153,خنثی/نوسانی
2026-10-05,10:50,فرآور,صف-واچ‌لیست,خرید,8370,2.9520295202952074,0.6080951075989915,-0.08820556501789757,1.2678834958295628,1.0,True,,0.0,0.029885085,رد: جریان ۳۰دقیقه خرید را تأیید نمی‌کند,0.0153,خنثی/نوسانی
2026-10-05,10:50,سبزوا,انباشت→صف-خرید,خرید؟,13160,2.9733959311424085,5.413021875988818,0.25642273535708976,0.6494640919540514,0.65,True,29.613352236112902,0.8311572442007225,0.483803712,تأیید خرید,0.0153,خنثی/نوسانی
2026-10-05,10:50,وپاسار,R2-بزرگ,خرید,8560,2.8846153846153744,5.926889521156119,0.7367636043936775,0.38107132512585445,0.38,True,35.09951483501274,0.9539281916706375,27.81760748,رد: ارزش کم,0.0153,خنثی/نوسانی
2026-10-05,10:50,ثقزوی,انباشت→صف-خرید,خرید؟,2676,2.4110218140068973,1.8600916203748301,0.01438546722559002,0.7414655028981639,0.37,False,2.0,0.0,0.4847349739,رد: ارزش کم,0.0153,خنثی/نوسانی
2026-10-05,10:50,غگلپا,توزیع→صف-فروش,فروش؟,26800,-2.898550724637683,0.6894060292699818,-0.17630893075949622,2.2188515168719665,1.0,False,0.13045215655977568,-0.6666222665694622,2.286656884,منتظر پایداری,0.0153,خنثی/نوسانی
2026-10-05,10:50,ثرود,R3-برگشت,خرید,6050,1.85185185185186,0.6522305801163828,-0.0016687811236023456,1.6941122625656466,1.0,False,2.238095238095238,0.0,1.66465491,منتظر پایداری,0.0153,خنثی/نوسانی
2026-10-05,10:50,کفرا,توزیع→صف-فروش,فروش؟,4830,-2.8169014084507005,0.3820381027469929,-0.06096739616326701,2.7019125240187853,1.0,True,0.07407407407407408,0.0,2.250964989,تأیید فروش (روز بعد),0.0153,خنثی/نوسانی
2026-10-05,10:50,سیدکو,توزیع→صف-فروش,فروش؟,12150,-2.0950846091861375,0.35334184552827086,-0.3954644791662441,2.8729700885923615,1.0,True,0.8162767297970215,-0.4546715629340312,7.055840626,تأیید فروش (روز بعد),0.0153,خنثی/نوسانی
2026-10-05,10:50,دقاضی,توزیع→صف-فروش,فروش؟,24100,-2.8617492946392598,0.32465303568051335,-0.47072909339958013,3.057387534507386,1.0,True,0.2609473474475792,-0.2779613695038879,15.69646459,تأیید فروش (روز بعد),0.0153,خنثی/نوسانی
2026-10-05,10:50,مارون,توزیع→صف-فروش,فروش؟,29400,-2.809917355371905,0.539067789833566,-0.28052139346664995,2.551855784674819,1.0,True,1.460502542721977,0.3500234806706748,4.774613635,تأیید فروش (روز بعد),0.0153,خنثی/نوسانی
2026-10-05,10:50,فسرب,R3-برگشت,خرید,2598,1.7626321974148151,1.030755094895729,-0.10474796549506309,2.070190916111423,1.0,False,1.8266956888456414,0.00816387865262439,7.063814736,منتظر پایداری,0.0153,خنثی/نوسانی
2026-10-05,10:50,لوتوس,انباشت→صف-خرید,خرید؟,3410,2.710843373493965,2.09097431506741,-0.017212091151704946,0.46835152304005656,0.47,True,0.7250852087774615,-0.0920763061114342,0.326011004,رد: ارزش کم,0.0153,خنثی/نوسانی
2026-10-05,10:50,مهرمام,توزیع→صف-فروش,فروش؟,4540,-2.991452991452992,0.24216599217088833,-0.4651992773203902,0.4951456332368017,0.5,True,0.035669128587490787,-0.8559042414334684,1.273039608,تأیید فروش (روز بعد),0.0153,خنثی/نوسانی
2026-10-05,10:50,ددانا,توزیع→صف-فروش,فروش؟,23400,-2.8642590286425906,0.4954181576368548,-0.3200255658503797,3.7922763874121013,1.0,True,0.3142132552204103,-0.5683778757174114,10.840547373,تأیید فروش (روز بعد),0.0153,خنثی/نوسانی
2026-10-05,10:50,غصینو,توزیع→صف-فروش,فروش؟,6050,-2.733118971061088,0.6968368431065908,0.04716369427896186,1.5221425129077357,1.0,True,0.5906727278392299,-0.08257262128705045,5.072376742,تأیید فروش (روز بعد),0.0153,خنثی/نوسانی
2026-10-05,11:00,فرآور,صف-واچ‌لیست,خرید,8370,2.9520295202952074,0.6192067683424751,-0.08814146056372166,1.1630792601014914,1.0,True,,0.0,0.039834504,رد: جریان ۳۰دقیقه خرید را تأیید نمی‌کند,0.0448,خنثی/نوسانی
2026-10-05,11:00,لوتوس,انباشت→صف-خرید,خرید؟,3410,2.710843373493965,2.0101999185028623,-0.08715868782901694,0.4873734409849154,0.49,True,0.30533784026106214,-0.4460264622638,0.641684934,رد: ارزش کم,0.0448,خنثی/نوسانی
2026-10-05,11:00,سبزوا,انباشت→صف-خرید,خرید؟,13160,2.9733959311424085,5.578498309623152,0.2560721954793695,0.5961573899661071,0.6,True,53.12122487058006,0.7364518601724944,0.272973932,تأیید خرید,0.0448,خنثی/نوسانی
2026-10-05,11:00,وپاسار,R2-بزرگ,خرید,8560,2.8846153846153744,6.08626003498883,0.7354618892574123,0.3499344747355092,0.35,True,43.734730172712325,0.9418533861571805,21.812312088,رد: ارزش کم,0.0448,خنثی/نوسانی
2026-10-05,11:00,ثقزوی,انباشت→صف-خرید,خرید؟,2676,2.4110218140068973,1.5414971727709157,0.012817436635720247,0.7631347729140483,0.38,True,1.125,0.0,0.518476047,رد: ارزش کم,0.0448,خنثی/نوسانی
2026-10-05,11:00,غگلپا,توزیع→صف-فروش,فروش؟,26780,-2.971014492753621,0.6487745353969698,-0.18048787851963474,2.229964688100149,1.0,True,0.1777997257595001,-0.429433599605001,2.442989947,تأیید فروش (روز بعد),0.0448,خنثی/نوسانی
2026-10-05,11:00,ثرود,R3-برگشت,خرید,6080,2.3569023569023573,0.7472551490579297,-0.0015119450005210162,1.7212669805975853,1.0,True,3.3124999999999996,0.0,2.504541689,رد: جریان ۳۰دقیقه خرید را تأیید نمی‌کند,0.0448,خنثی/نوسانی
2026-10-05,11:00,وآوا,توزیع→صف-فروش,فروش؟,4580,-2.9661016949152574,0.10457114977205516,-0.6460668776945825,0.23229340778869167,0.12,True,0.3745249928261561,-0.34458126255422683,0.46400209,رد: ارزش کم,0.0448,خنثی/نوسانی
2026-10-05,11:00,کفرا,توزیع→صف-فروش,فروش؟,4830,-2.8169014084507005,0.37719080338457367,-0.0600194455639278,2.5158657554140804,1.0,True,0.13636363636363635,0.0,2.513583198,تأیید فروش (روز بعد),0.0448,خنثی/نوسانی
2026-10-05,11:00,سیدکو,توزیع→صف-فروش,فروش؟,12100,-2.497985495568089,0.35199466975061333,-0.395166266388068,2.6570696625336856,1.0,True,0.4789668246515703,-0.1221618899866634,0.887659661,تأیید فروش (روز بعد),0.0448,خنثی/نوسانی
2026-10-05,11:00,دقاضی,توزیع→صف-فروش,فروش؟,24090,-2.9020556227327687,0.3399801549089824,-0.43725791203186487,3.0598601363013733,1.0,True,0.27258185630696313,-0.2719542641442371,18.270903745,تأیید فروش (روز بعد),0.0448,خنثی/نوسانی
2026-10-05,11:00,مارون,توزیع→صف-فروش,فروش؟,29490,-2.51239669421488,0.5433191646576733,-0.27742129500736507,2.365403396542979,1.0,True,1.4898210356056585,0.36860818280600655,4.237534063,تأیید فروش (روز بعد),0.0448,خنثی/نوسانی
2026-10-05,11:00,خموتور,توزیع→صف-فروش,فروش؟,2544,-2.9748283752860427,0.5282990161044918,-0.3502529342163147,2.9082038664446257,1.0,False,0.6695609867381167,-0.11761929779257901,1.3526513559,منتظر پایداری,0.0448,خنثی/نوسانی
2026-10-05,11:00,مهرمام,توزیع→صف-فروش,فروش؟,4540,-2.991452991452992,0.2310579752257088,-0.42128354526583994,0.5011940925647355,0.5,True,0.003925576583213569,-0.5393704468144781,2.020132928,تأیید فروش (روز بعد),0.0448,خنثی/نوسانی
2026-10-05,11:00,ددانا,توزیع→صف-فروش,فروش؟,23400,-2.8642590286425906,0.4846530130466848,-0.34104001040675724,3.7266111345540063,1.0,True,0.29191750141182016,-0.5831081355794382,14.672889523,تأیید فروش (روز بعد),0.0448,خنثی/نوسانی
2026-10-05,11:00,غصینو,توزیع→صف-فروش,فروش؟,6040,-2.893890675241162,0.6551768181258205,0.028746140080637635,1.4933320919733104,1.0,True,0.4281295603683687,-0.16947699882382963,4.999583751,تأیید فروش (روز بعد),0.0448,خنثی/نوسانی
2026-10-05,11:10,لوتوس,انباشت→صف-خرید,خرید؟,3410,2.710843373493965,2.148683814942424,-0.09364345439249852,0.45312245986389776,0.45,True,0.5781575871123308,-0.4676008161060201,0.666534968,رد: ارزش کم,0.0577,خنثی/نوسانی
2026-10-05,11:10,فرآور,صف-واچ‌لیست,خرید,8370,2.9520295202952074,0.6332476595723462,-0.08789306228305863,1.0766725114622926,1.0,True,,0.0,0.088152003,رد: جریان ۳۰دقیقه خرید را تأیید نمی‌کند,0.0577,خنثی/نوسانی
2026-10-05,11:10,سبزوا,انباشت→صف-خرید,خرید؟,13160,2.9733959311424085,5.768189001433725,0.2545320552202426,0.5536302873053506,0.55,True,,0.0,0.067334456,رد: جریان ۳۰دقیقه خرید را تأیید نمی‌کند,0.0577,خنثی/نوسانی
2026-10-05,11:10,وپاسار,R2-بزرگ,خرید,8560,2.8846153846153744,6.192203495417115,0.7333701332354774,0.32393899703635826,0.32,True,78.1051616569405,0.9663914657583103,17.715388232,رد: ارزش کم,0.0577,خنثی/نوسانی
2026-10-05,11:10,غگلپا,توزیع→صف-فروش,فروش؟,26780,-2.971014492753621,0.6025878639939147,-0.16447695116288438,2.2185317346077467,1.0,True,0.25162584097802354,-0.09100324313355251,2.164567785,تأیید فروش (روز بعد),0.0577,خنثی/نوسانی
2026-10-05,11:10,ثرود,R3-برگشت,خرید,6050,1.85185185185186,0.7719186924324427,-0.0014067709008876445,1.7126085856780089,1.0,True,1.894736842105263,0.0,2.129402541,رد: جریان ۳۰دقیقه خرید را تأیید نمی‌کند,0.0577,خنثی/نوسانی
2026-10-05,11:10,وآوا,توزیع→صف-فروش,فروش؟,4580,-2.9661016949152574,0.10028902092177203,-0.6451311567383451,0.21473569322816957,0.11,True,0.3645955896098298,-0.1492769575770638,0.357003672,رد: ارزش کم,0.0577,خنثی/نوسانی
2026-10-05,11:10,کفرا,توزیع→صف-فروش,فروش؟,4830,-2.8169014084507005,0.3730121209864273,-0.05969415518146516,2.334990985156347,1.0,True,0.058823529411764705,0.0,0.699140568,تأیید فروش (روز بعد),0.0577,خنثی/نوسانی
2026-10-05,11:10,سیدکو,توزیع→صف-فروش,فروش؟,12080,-2.65914585012087,0.387346510078235,-0.38317587717548374,2.529804113938766,1.0,True,1.1168392356297439,-0.2114137757313744,0.51541549,تأیید فروش (روز بعد),0.0577,خنثی/نوسانی
2026-10-05,11:10,دقاضی,توزیع→صف-فروش,فروش؟,24070,-2.9826682789197867,0.3279998010420705,-0.3711456175981619,3.365736592064052,1.0,True,0.4017596048070505,-0.027122255221710762,15.023067903,تأیید فروش (روز بعد),0.0577,خنثی/نوسانی
2026-10-05,11:10,مارون,توزیع→صف-فروش,فروش؟,29470,-2.5785123966942103,0.5407580515065774,-0.2760425010172562,2.205334929001276,1.0,True,0.8112776275150412,-0.050805263425290854,1.738671223,تأیید فروش (روز بعد),0.0577,خنثی/نوسانی
2026-10-05,11:10,خموتور,توزیع→صف-فروش,فروش؟,2544,-2.9748283752860427,0.5216082496068437,-0.3464908137109659,2.7135673005574996,1.0,True,0.4120580616845549,-0.1415457048238439,1.1172962213,تأیید فروش (روز بعد),0.0577,خنثی/نوسانی
2026-10-05,11:10,ددانا,توزیع→صف-فروش,فروش؟,23370,-2.988792029887921,0.4766444249775138,-0.3500974129986807,3.675897338491413,1.0,True,0.41244519796213847,-0.5204125605091413,11.402379935,تأیید فروش (روز بعد),0.0577,خنثی/نوسانی
2026-10-05,11:10,غصینو,توزیع→صف-فروش,فروش؟,6050,-2.733118971061088,0.6859972408595136,0.01497207577219751,1.4513788276053832,1.0,True,0.6167004375173053,-0.2500431071353759,3.587546738,تأیید فروش (روز بعد),0.0577,خنثی/نوسانی
2026-10-05,11:20,کفرا,توزیع→صف-فروش,فروش؟,4830,-2.8169014084507005,0.3674137433669233,-0.059667012810770546,2.1691920934075926,1.0,True,0.07692307692307693,0.0,0.619151421,تأیید فروش (روز بعد),0.0575,خنثی/نوسانی
2026-10-05,11:20,وآوا,توزیع→صف-فروش,فروش؟,4580,-2.9661016949152574,0.09820960413522613,-0.6449345081264901,0.19945822820062223,0.1,True,,0.0,0.026296986,رد: ارزش کم,0.0575,خنثی/نوسانی
2026-10-05,11:20,سیدکو,توزیع→صف-فروش,فروش؟,12050,-2.900886381950041,0.38980193826812615,-0.4016819073140891,2.613775114054704,1.0,True,0.695959688297028,-0.44101942040712805,1.597424379,تأیید فروش (روز بعد),0.0575,خنثی/نوسانی
2026-10-05,11:20,دسبحا,توزیع→صف-فروش,فروش؟,6920,-2.9453015427770013,0.6979948707424124,-0.1692447388690544,1.5491240337525207,1.0,False,0.3809539824846094,-0.16850760586697555,12.253522353,منتظر پایداری,0.0575,خنثی/نوسانی
2026-10-05,11:20,فرآور,صف-واچ‌لیست,خرید,8370,2.9520295202952074,0.6388595916950478,-0.08780163889857269,1.0008174761996667,1.0,True,,0.0,0.110573559,رد: جریان ۳۰دقیقه خرید را تأیید نمی‌کند,0.0575,خنثی/نوسانی
2026-10-05,11:20,غصینو,توزیع→صف-فروش,فروش؟,6040,-2.893890675241162,0.6997742748572239,0.014709771639824488,1.371717938505358,1.0,True,0.7556592257675088,-0.20586143425874703,3.838040046,تأیید فروش (روز بعد),0.0575,خنثی/نوسانی
2026-10-05,11:20,ددانا,توزیع→صف-فروش,فروش؟,23390,-2.905770029057697,0.4455704829208642,-0.4086716776206996,3.7820195555709466,1.0,True,0.2873617561397108,-0.7372267355098886,18.958398283,تأیید فروش (روز بعد),0.0575,خنثی/نوسانی
2026-10-05,11:20,وپاسار,R2-بزرگ,خرید,8560,2.8846153846153744,6.2926565123698,0.7311021016146778,0.3017348902976247,0.3,True,,0.0,0.863715128,رد: ارزش کم,0.0575,خنثی/نوسانی
2026-10-05,11:20,خموتور,توزیع→صف-فروش,فروش؟,2544,-2.9748283752860427,0.5192502916627547,-0.34646083980377423,2.5199584950226543,1.0,True,0.24455262527221763,-0.1848245824259412,0.8549274208,تأیید فروش (روز بعد),0.0575,خنثی/نوسانی
2026-10-05,11:20,دقاضی,توزیع→صف-فروش,فروش؟,24070,-2.9826682789197867,0.33504048545247317,-0.35582024375542504,3.197620207541101,1.0,True,0.3837318662013976,-0.009141359299065743,15.35764046,تأیید فروش (روز بعد),0.0575,خنثی/نوسانی
2026-10-05,11:20,مارون,توزیع→صف-فروش,فروش؟,29470,-2.5785123966942103,0.5362584851973063,-0.2646990903090451,2.227332778563171,1.0,True,0.5377822280343175,-0.12197065890652883,6.987264328,تأیید فروش (روز بعد),0.0575,خنثی/نوسانی
2026-10-05,11:20,سبزوا,انباشت→صف-خرید,خرید؟,13160,2.9733959311424085,5.864863758031769,0.25403211728344777,0.5150974058307934,0.52,True,,0.0,0.073796016,رد: جریان ۳۰دقیقه خرید را تأیید نمی‌کند,0.0575,خنثی/نوسانی
2026-10-05,11:30,فرآور,صف-واچ‌لیست,خرید,8370,2.9520295202952074,0.6531475496131339,-0.08729562086800574,0.9395583717902697,0.94,True,,0.0,0.233057628,رد: جریان ۳۰دقیقه خرید را تأیید نمی‌کند,0.0609,خنثی/نوسانی
2026-10-05,11:30,سبزوا,انباشت→صف-خرید,خرید؟,13160,2.9733959311424085,5.864863758031769,0.2540072437181849,0.48080467599669074,0.48,True,,0.0,0.063836528,رد: ارزش کم,0.0609,خنثی/نوسانی
2026-10-05,11:30,وپاسار,R2-بزرگ,خرید,8560,2.8846153846153744,6.36244179194355,0.7302288207760687,0.2819564681261469,0.28,True,38.0,0.0,0.800722944,رد: ارزش کم,0.0609,خنثی/نوسانی
2026-10-05,11:30,ثقزوی,انباشت→صف-خرید,خرید؟,2685,2.7554535017221493,1.5060630851887722,0.004006965388073396,1.94718397703566,1.0,False,1.4285714285714284,0.0,2.2774538419,منتظر پایداری,0.0609,خنثی/نوسانی
2026-10-05,11:30,وآوا,توزیع→صف-فروش,فروش؟,4580,-2.9661016949152574,0.09626878276971523,-0.6445460328502822,0.18627321436194139,0.09,True,,0.0,0.003893,رد: ارزش کم,0.0609,خنثی/نوسانی
2026-10-05,11:30,کفرا,توزیع→صف-فروش,فروش؟,4830,-2.8169014084507005,0.36333178208473943,-0.05961767613224457,2.026254504895528,1.0,True,,0.0,0.194476569,تأیید فروش (روز بعد),0.0609,خنثی/نوسانی
2026-10-05,11:30,سیدکو,توزیع→صف-فروش,فروش؟,12060,-2.8203062046736505,0.38795329555560837,-0.3983184052115688,2.4600906873352013,1.0,True,0.6980044652173978,-0.41832961231883514,1.605857366,تأیید فروش (روز بعد),0.0609,خنثی/نوسانی
2026-10-05,11:30,دسبحا,توزیع→صف-فروش,فروش؟,6920,-2.9453015427770013,0.6840894369218483,-0.16717553156543705,1.463686063185885,1.0,True,0.3279536441933063,-0.16100721226729037,12.819839386,تأیید فروش (روز بعد),0.0609,خنثی/نوسانی
2026-10-05,11:30,دقاضی,توزیع→صف-فروش,فروش؟,24070,-2.9826682789197867,0.32904564380825974,-0.35201246183920265,3.0061347459571044,1.0,True,0.33086739375049207,0.02116548682287169,11.548757637,تأیید فروش (روز بعد),0.0609,خنثی/نوسانی
2026-10-05,11:30,دعبید,توزیع→صف-فروش,فروش؟,29050,-2.712659075686541,0.18572032536702476,-0.45436692145493945,2.3759954602587485,1.0,False,0.4458726740348481,-0.21279219222848622,12.885586714,منتظر پایداری,0.0609,خنثی/نوسانی
2026-10-05,11:30,مارون,توزیع→صف-فروش,فروش؟,29350,-2.975206611570247,0.5373401292916894,-0.25218168754460746,2.1151700344414626,1.0,True,0.5205218120160248,-0.037900057467034745,7.504677375,تأیید فروش (روز بعد),0.0609,خنثی/نوسانی
2026-10-05,11:30,خموتور,توزیع→صف-فروش,فروش؟,2544,-2.9748283752860427,0.5126608024494723,-0.3459071369322416,2.3557163688798815,1.0,True,,0.0,0.2558266752,تأیید فروش (روز بعد),0.0609,خنثی/نوسانی
2026-10-05,11:30,ددانا,توزیع→صف-فروش,فروش؟,23370,-2.988792029887921,0.4412134643888253,-0.42167007161056097,3.6692084803303295,1.0,True,0.26374321774332093,-0.7703951796524319,17.415092315,تأیید فروش (روز بعد),0.0609,خنثی/نوسانی
2026-10-05,11:30,غصینو,توزیع→صف-فروش,فروش؟,6040,-2.893890675241162,0.6840804770117951,0.010556953264298348,1.2942531291445658,1.0,True,0.8526294732998934,-0.2074075072702813,2.330155697,تأیید فروش (روز بعد),0.0609,خنثی/نوسانی
2026-10-05,11:40,وآوا,توزیع→صف-فروش,فروش؟,4580,-2.9661016949152574,0.09436750205908997,-0.6443071076234301,0.17469589606807664,0.09,True,,0.0,0.002113212,رد: ارزش کم,0.0544,ادامه ضعف
2026-10-05,11:40,کفرا,توزیع→صف-فروش,فروش؟,4830,-2.8169014084507005,0.35543545515780783,-0.05954737353904687,1.9018560116095105,1.0,True,,0.0,0.071521191,تأیید فروش (روز بعد),0.0544,ادامه ضعف
2026-10-05,11:40,سیدکو,توزیع→صف-فروش,فروش؟,12050,-2.900886381950041,0.4024776706144205,-0.39146364219126656,2.3952065342089686,1.0,True,0.5306807552531023,-0.44152991083023113,1.740089522,تأیید فروش (روز بعد),0.0544,ادامه ضعف
2026-10-05,11:40,فرآور,صف-واچ‌لیست,خرید,8370,2.9520295202952074,0.6614789638630952,-0.08726442095298907,0.8811536467890128,0.88,True,,0.0,0.173763711,رد: جریان ۳۰دقیقه خرید را تأیید نمی‌کند,0.0544,ادامه ضعف
2026-10-05,11:40,غصینو,توزیع→صف-فروش,فروش؟,6050,-2.733118971061088,0.6875506399399117,0.010353565352872662,1.2371877421472186,1.0,True,0.6581926044329826,-0.08357482976851861,1.44612503,تأیید فروش (روز بعد),0.0544,ادامه ضعف
2026-10-05,11:40,ددانا,توزیع→صف-فروش,فروش؟,23450,-2.656704026567036,0.46307477749933157,-0.42454198974728935,3.501455197273557,1.0,True,0.29144007162937374,-0.8556168452478332,13.90099117,تأیید فروش (روز بعد),0.0544,ادامه ضعف
2026-10-05,11:40,وپاسار,R2-بزرگ,خرید,8560,2.8846153846153744,6.394107534803763,0.7288256227758008,0.26484378503629413,0.26,True,30.0,0.0,0.698691168,رد: ارزش کم,0.0544,ادامه ضعف
2026-10-05,11:40,ثقزوی,انباشت→صف-خرید,خرید؟,2691,2.9850746268656803,1.9773918501287364,0.003015729380990784,2.432727105071294,1.0,True,3.875,0.0,3.1812364482,رد: جریان ۳۰دقیقه خرید را تأیید نمی‌کند,0.0544,ادامه ضعف
2026-10-05,11:40,دقاضی,توزیع→صف-فروش,فروش؟,24070,-2.9826682789197867,0.32873404009517715,-0.34886472205370256,2.837790731800882,1.0,True,0.4530421647677109,0.2411130197117073,2.275735811,تأیید فروش (روز بعد),0.0544,ادامه ضعف
2026-10-05,11:40,خموتور,توزیع→صف-فروش,فروش؟,2544,-2.9748283752860427,0.5006348613327386,-0.343995698943308,2.2207240038729,1.0,True,,0.0,0.1493012544,تأیید فروش (روز بعد),0.0544,ادامه ضعف
2026-10-05,11:40,مارون,توزیع→صف-فروش,فروش؟,29350,-2.975206611570247,0.5180091117931885,-0.27565649697157557,2.083105514642481,1.0,True,0.3810565581991426,-0.2732830071733305,10.462860027,تأیید فروش (روز بعد),0.0544,ادامه ضعف
2026-10-05,11:40,دعبید,توزیع→صف-فروش,فروش؟,28990,-2.9135967849966526,0.19645822574523292,-0.4476986238988179,2.260606952433267,1.0,True,0.45859522111967405,-0.18167570018522214,13.269167459,تأیید فروش (روز بعد),0.0544,ادامه ضعف
2026-10-05,11:40,سبزوا,انباشت→صف-خرید,خرید؟,13160,2.9733959311424085,6.192705802877354,0.3002520269379,0.481168673781625,0.48,True,115.35700491088672,0.9566562949180026,0.550249868,رد: ارزش کم,0.0544,ادامه ضعف
2026-10-05,11:40,زمگسا,توزیع→صف-فروش,فروش؟,107700,-2.972972972972976,0.4171775831486596,-0.39099219370551275,1.2429622141640164,1.0,False,0.20311787968884937,-0.20222651391823981,1.07261624,منتظر پایداری,0.0544,ادامه ضعف
2026-10-05,11:50,خموتور,توزیع→صف-فروش,فروش؟,2544,-2.9748283752860427,0.5006348613327386,-0.343995698943308,2.0900931801156704,1.0,True,,0.0,0.1475204544,تأیید فروش (روز بعد),0.0574,خنثی/نوسانی
2026-10-05,11:50,سبزوا,انباشت→صف-خرید,خرید؟,13160,2.9733959311424085,6.104547818854798,0.29522616431851334,0.46057704519246995,0.46,True,14.865263807324505,0.7757635938024247,0.678557236,رد: ارزش کم,0.0574,خنثی/نوسانی
2026-10-05,11:50,وآوا,توزیع→صف-فروش,فروش؟,4580,-2.9661016949152574,0.09436750205908997,-0.6443071076234301,0.16441966688760157,0.08,True,,0.0,0.001609412,رد: ارزش کم,0.0574,خنثی/نوسانی
2026-10-05,11:50,کفرا,توزیع→صف-فروش,فروش؟,4830,-2.8169014084507005,0.35034742537664715,-0.05952681329363551,1.7906002959410194,1.0,True,,0.0,0.06836865,تأیید فروش (روز بعد),0.0574,خنثی/نوسانی
2026-10-05,11:50,سیدکو,توزیع→صف-فروش,فروش؟,12050,-2.900886381950041,0.41233174711562287,-0.38687027127847295,2.2920489604334287,1.0,True,0.7375786835194934,-0.15870144132649014,0.759303146,تأیید فروش (روز بعد),0.0574,خنثی/نوسانی
2026-10-05,11:50,دسبحا,توزیع→صف-فروش,فروش؟,6970,-2.244039270687237,0.6943131013765835,-0.17264263078319547,1.3923157431235975,1.0,False,0.6561158823497669,-0.20974456467935088,6.605021797,منتظر پایداری,0.0574,خنثی/نوسانی
2026-10-05,11:50,کسرا,توزیع→صف-فروش,فروش؟,2782,-2.998605299860535,0.6990213452600389,-0.02455208973008107,2.0153441817772517,1.0,False,0.5895522388059702,0.0,11.5243571731,منتظر پایداری,0.0574,خنثی/نوسانی
2026-10-05,11:50,فرآور,صف-واچ‌لیست,خرید,8370,2.9520295202952074,0.667183939706043,-0.08708148183801269,0.8310784828749265,0.83,True,,0.0,0.199685601,رد: جریان ۳۰دقیقه خرید را تأیید نمی‌کند,0.0574,خنثی/نوسانی
2026-10-05,11:50,وپاسار,R2-بزرگ,خرید,8560,2.8846153846153744,6.373888587335953,0.7255566812852986,0.25038927399313315,0.25,True,11.5,0.0,0.85907304,رد: ارزش کم,0.0574,خنثی/نوسانی
2026-10-05,11:50,ثقزوی,انباشت→صف-خرید,خرید؟,2691,2.9850746268656803,2.00601395309285,0.002997961745768287,2.3033189907016274,1.0,True,3.875,0.0,3.1780236657,رد: جریان ۳۰دقیقه خرید را تأیید نمی‌کند,0.0574,خنثی/نوسانی
2026-10-05,11:50,ددانا,توزیع→صف-فروش,فروش؟,23370,-2.988792029887921,0.4644088424869238,-0.4207838003260755,3.333403175987309,1.0,True,0.5887239189817353,-0.5929581257423275,6.277558731,تأیید فروش (روز بعد),0.0574,خنثی/نوسانی
2026-10-05,11:50,دقاضی,توزیع→صف-فروش,فروش؟,24070,-2.9826682789197867,0.32350963467939364,-0.3481995782877672,2.675956667082312,1.0,True,0.25308807921868837,0.1219569767637913,0.999319808,تأیید فروش (روز بعد),0.0574,خنثی/نوسانی
2026-10-05,11:50,مارون,توزیع→صف-فروش,فروش؟,29350,-2.975206611570247,0.5052314457241218,-0.30147793591046196,2.1051333028190706,1.0,True,0.2826341210741187,-0.550339081391746,10.337748215,تأیید فروش (روز بعد),0.0574,خنثی/نوسانی
2026-10-05,11:50,دعبید,توزیع→صف-فروش,فروش؟,28980,-2.9470864032150046,0.19870351495015856,-0.4461564285380475,2.1623384464439983,1.0,True,0.4616522891199017,-0.13964240109809598,8.733032558,تأیید فروش (روز بعد),0.0574,خنثی/نوسانی
2026-10-05,11:50,زمگسا,توزیع→صف-فروش,فروش؟,107800,-2.8828828828828867,0.4304257951496023,-0.39243408549016895,1.2262212776711376,1.0,True,0.21798880183828692,-0.23703919356599584,1.48476172,تأیید فروش (روز بعد),0.0574,خنثی/نوسانی
2026-10-05,12:00,سبزوا,انباشت→صف-خرید,خرید؟,13160,2.9733959311424085,6.208170915109226,0.2920058263035158,0.4397884438468962,0.44,True,14.614741270120426,0.6813706451898639,0.772560432,رد: ارزش کم,0.062,بهبود
2026-10-05,12:00,غشهد,انباشت→صف-خرید,خرید؟,9520,2.9189189189189113,1.5024328359357975,0.020027981593784216,1.0442419144875157,1.0,False,0.7378043995399277,0.3223136100682177,1.772187032,منتظر پایداری,0.062,بهبود
2026-10-05,12:00,وآوا,توزیع→صف-فروش,فروش؟,4580,-2.9661016949152574,0.09389829414969261,-0.6316297691050521,0.15840194580201278,0.08,True,,0.0,0.033818262,رد: ارزش کم,0.062,بهبود
2026-10-05,12:00,فرآور,صف-واچ‌لیست,خرید,8370,2.9520295202952074,0.6728764439564195,-0.08689445778298283,0.786611512364004,0.79,True,,0.0,0.112120335,رد: جریان ۳۰دقیقه خرید را تأیید نمی‌کند,0.062,بهبود
2026-10-05,12:00,زمگسا,توزیع→صف-فروش,فروش؟,107700,-2.972972972972976,0.44323121579677593,-0.3799401986408782,1.195988523060789,1.0,True,0.3029771446430552,-0.13643920753051564,1.78326934,تأیید فروش (روز بعد),0.062,بهبود
2026-10-05,12:00,وپاسار,R2-بزرگ,خرید,8560,2.8846153846153744,6.357421152286938,0.720609415779878,0.23810442437301796,0.24,True,12.0,0.0,1.502222648,رد: ارزش کم,0.062,بهبود
2026-10-05,12:00,ثقزوی,انباشت→صف-خرید,خرید؟,2691,2.9850746268656803,2.0345981740455166,0.002962130582327621,2.2019095862179174,1.0,True,5.2,0.0,1.1843372056,قابل خرید نیست (صف),0.062,بهبود
2026-10-05,12:00,کفرا,توزیع→صف-فروش,فروش؟,4830,-2.8169014084507005,0.34910181101885346,-0.05951018767614709,1.6915948945251622,1.0,True,,0.0,0.052475052,تأیید فروش (روز بعد),0.062,بهبود
2026-10-05,12:00,سیدکو,توزیع→صف-فروش,فروش؟,12090,-2.5785656728444795,0.4132716920143944,-0.38366980365361075,2.1827484615407258,1.0,True,0.7910343375996534,-0.15763546798029557,0.764466983,تأیید فروش (روز بعد),0.062,بهبود
2026-10-05,12:00,دقاضی,توزیع→صف-فروش,فروش؟,24070,-2.9826682789197867,0.3211883587412464,-0.34763580968769686,2.5313852181568626,1.0,True,0.2425639541567724,0.06908488362223264,0.652227197,تأیید فروش (روز بعد),0.062,بهبود
2026-10-05,12:00,دعبید,توزیع→صف-فروش,فروش؟,28980,-2.9470864032150046,0.20050396046081295,-0.4441950859439591,2.0637425567285974,1.0,True,0.4674395485648764,-0.20437190508935216,8.841221509,تأیید فروش (روز بعد),0.062,بهبود
2026-10-05,12:00,مارون,توزیع→صف-فروش,فروش؟,29350,-2.975206611570247,0.4840296096612833,-0.33278074017733233,2.124362529000082,1.0,True,0.22225690875133866,-0.7251579191522219,14.617711482,تأیید فروش (روز بعد),0.062,بهبود
2026-10-05,12:00,ددانا,توزیع→صف-فروش,فروش؟,23380,-2.9472810294728147,0.4659677337175939,-0.41876610061121117,3.218467697066021,1.0,True,0.8250143081296655,-0.3636106877245119,4.884713554,تأیید فروش (روز بعد),0.062,بهبود
2026-10-05,12:10,کفرا,توزیع→صف-فروش,فروش؟,4830,-2.8169014084507005,0.34553979133426266,-0.05914198048350928,1.6125395151405686,1.0,True,,0.0,0.199377087,تأیید فروش (روز بعد),0.0656,خنثی/نوسانی
2026-10-05,12:10,وآوا,توزیع→صف-فروش,فروش؟,4580,-2.9661016949152574,0.09222101761908351,-0.6311159295236659,0.15018718064150102,0.08,True,,0.0,0.034579,رد: ارزش کم,0.0656,خنثی/نوسانی
2026-10-05,12:10,سیدکو,توزیع→صف-فروش,فروش؟,12090,-2.5785656728444795,0.413650584596579,-0.3811961207153347,2.0813151758966657,1.0,True,0.7054361363033841,-0.059418484928821125,0.391077523,تأیید فروش (روز بعد),0.0656,خنثی/نوسانی
2026-10-05,12:10,دسبحا,توزیع→صف-فروش,فروش؟,6920,-2.9453015427770013,0.6962819390355769,-0.17909086864660725,1.3052128795737497,1.0,False,0.8908912076370491,-0.2730235743565112,4.334213407,منتظر پایداری,0.0656,خنثی/نوسانی
2026-10-05,12:10,غشهد,انباشت→صف-خرید,خرید؟,9520,2.9189189189189113,1.526031078483711,0.019775417993628114,1.0019811270373968,1.0,True,0.730054998481637,0.31512009226716303,1.812642272,رد: جریان ۳۰دقیقه خرید را تأیید نمی‌کند,0.0656,خنثی/نوسانی
2026-10-05,12:10,فرآور,صف-واچ‌لیست,خرید,8370,2.9520295202952074,0.6795636612423376,-0.0864230888295969,0.7493107036933275,0.75,True,7.0,0.0,0.236509416,رد: جریان ۳۰دقیقه خرید را تأیید نمی‌کند,0.0656,خنثی/نوسانی
2026-10-05,12:10,وپاسار,R2-بزرگ,خرید,8560,2.8846153846153744,6.415014697955073,0.7185926076342442,0.22620653787059855,0.23,True,13.999999999999998,0.0,1.605618032,رد: ارزش کم,0.0656,خنثی/نوسانی
2026-10-05,12:10,ثقزوی,انباشت→صف-خرید,خرید؟,2691,2.9850746268656803,2.209659910718921,0.06974120968381374,2.3055469765570504,1.0,True,12.710290462062288,0.6066179592886555,0.5545088055,قابل خرید نیست (صف),0.0656,خنثی/نوسانی
2026-10-05,12:10,ددانا,توزیع→صف-فروش,فروش؟,23370,-2.988792029887921,0.465008965215807,-0.42421183010413066,3.11308055698696,1.0,True,0.5023753198324611,-0.418302261246624,5.274499578,تأیید فروش (روز بعد),0.0656,خنثی/نوسانی
2026-10-05,12:10,دقاضی,توزیع→صف-فروش,فروش؟,24070,-2.9826682789197867,0.3187861740517653,-0.34626018991009405,2.4076684300031275,1.0,True,0.19999999999999998,0.0,0.470363905,تأیید فروش (روز بعد),0.0656,خنثی/نوسانی
2026-10-05,12:10,خموتور,توزیع→صف-فروش,فروش؟,2544,-2.9748283752860427,0.4527441227289506,-0.496271178765537,3.1425913540493875,1.0,False,0.7086352208067137,-0.7194985584306758,14.1442955916,منتظر پایداری,0.0656,خنثی/نوسانی
2026-10-05,12:10,مارون,توزیع→صف-فروش,فروش؟,29370,-2.9090909090909056,0.4912836147608575,-0.3305714717951939,2.0863751883183523,1.0,True,0.36383032919467095,-0.6202800815692722,14.169738619,تأیید فروش (روز بعد),0.0656,خنثی/نوسانی
2026-10-05,12:10,دعبید,توزیع→صف-فروش,فروش؟,28990,-2.9135967849966526,0.20434496618807202,-0.4488137082372527,2.00594539146176,1.0,True,0.3122172150357169,-0.46950156476876537,11.397323505,تأیید فروش (روز بعد),0.0656,خنثی/نوسانی
2026-10-05,12:10,سبزوا,انباشت→صف-خرید,خرید؟,13160,2.9733959311424085,5.753630238786173,0.2862970319083771,0.42495265349188716,0.42,True,2.1999999999999997,0.0,0.411889576,رد: ارزش کم,0.0656,خنثی/نوسانی
2026-10-05,12:10,زمگسا,توزیع→صف-فروش,فروش؟,107700,-2.972972972972976,0.43707826997336013,-0.37764707349414117,1.1398860855414776,1.0,True,0.6382033115986576,-0.22847655300882808,1.06450877,تأیید فروش (روز بعد),0.0656,خنثی/نوسانی
2026-10-05,12:20,کفرا,توزیع→صف-فروش,فروش؟,4830,-2.8169014084507005,0.34287713407962894,-0.05894977119483049,1.5369067670397174,1.0,True,0.1111111111111111,0.0,0.284819787,تأیید فروش (روز بعد),0.0712,خنثی/نوسانی
2026-10-05,12:20,وآوا,توزیع→صف-فروش,فروش؟,4580,-2.9661016949152574,0.09222101761908351,-0.6311159295236659,0.142677821609426,0.07,True,,0.0,0.034579,رد: ارزش کم,0.0712,خنثی/نوسانی
2026-10-05,12:20,سیدکو,توزیع→صف-فروش,فروش؟,12050,-2.900886381950041,0.4099064701531605,-0.37572328140746103,2.006044015825041,1.0,True,0.5384615384615384,0.0,0.370066613,تأیید فروش (روز بعد),0.0712,خنثی/نوسانی
2026-10-05,12:20,دسبحا,توزیع→صف-فروش,فروش؟,6920,-2.9453015427770013,0.6762472123091946,-0.20086163995148498,1.2920173896154268,1.0,True,0.45417995312592374,-0.5078224927461218,7.236145433,تأیید فروش (روز بعد),0.0712,خنثی/نوسانی
2026-10-05,12:20,کسرا,توزیع→صف-فروش,فروش؟,2783,-2.9637377963737777,0.6740623810922458,-0.09691206932572433,2.007589508926916,1.0,False,0.569946836351964,-0.5121352294107038,7.8052534248,منتظر پایداری,0.0712,خنثی/نوسانی
2026-10-05,12:20,غشهد,انباشت→صف-خرید,خرید؟,9520,2.9189189189189113,1.5380071877906238,0.019752713312946063,0.9529817318941413,0.95,True,19.168148746968473,0.8434903631226013,0.67718616,تأیید خرید,0.0712,خنثی/نوسانی
2026-10-05,12:20,فرآور,صف-واچ‌لیست,خرید,8370,2.9520295202952074,0.6906399802307571,-0.08639538541704932,0.7120753973938354,0.71,True,9.0,0.0,0.193337793,رد: جریان ۳۰دقیقه خرید را تأیید نمی‌کند,0.0712,خنثی/نوسانی
2026-10-05,12:20,وپاسار,R2-بزرگ,خرید,8560,2.8846153846153744,6.473664006500701,0.7172816299400167,0.2152894916773026,0.22,True,29.0,0.0,1.306636064,رد: ارزش کم,0.0712,خنثی/نوسانی
2026-10-05,12:20,ثقزوی,انباشت→صف-خرید,خرید؟,2691,2.9850746268656803,1.776781998279737,0.053546614717114055,2.8580564384533713,1.0,True,0.9024411560877111,0.16447554538117143,2.0451169826,رد: جریان ۳۰دقیقه خرید را تأیید نمی‌کند,0.0712,خنثی/نوسانی
2026-10-05,12:20,ددانا,توزیع→صف-فروش,فروش؟,23370,-2.988792029887921,0.459216013209425,-0.423463607534229,2.962643252729515,1.0,True,0.38837742360790045,-0.4821066130564113,4.362739297,تأیید فروش (روز بعد),0.0712,خنثی/نوسانی
2026-10-05,12:20,دقاضی,توزیع→صف-فروش,فروش؟,24070,-2.9826682789197867,0.4051359061899777,-0.3153163127321596,2.48597865699824,1.0,True,1.927020459174286,0.037969249819420084,5.83155925,تأیید فروش (روز بعد),0.0712,خنثی/نوسانی
2026-10-05,12:20,خموتور,توزیع→صف-فروش,فروش؟,2544,-2.9748283752860427,0.4460856784620615,-0.4996082389425571,3.0525922359068405,1.0,True,0.5306458866357058,-0.715725417873729,14.9297423628,تأیید فروش (روز بعد),0.0712,خنثی/نوسانی
2026-10-05,12:20,مارون,توزیع→صف-فروش,فروش؟,29350,-2.975206611570247,0.49031346835755785,-0.3256881673801237,2.0117513542200527,1.0,True,0.38289292398965924,-0.5203095636131355,9.985614452,تأیید فروش (روز بعد),0.0712,خنثی/نوسانی
2026-10-05,12:20,زمگسا,توزیع→صف-فروش,فروش؟,107700,-2.972972972972976,0.4185942344465495,-0.3763056330782746,1.0867321462596609,1.0,True,0.3333333333333333,0.0,0.53445569,تأیید فروش (روز بعد),0.0712,خنثی/نوسانی
2026-10-05,12:20,دعبید,توزیع→صف-فروش,فروش؟,28980,-2.9470864032150046,0.21063957985168175,-0.4262471931964564,1.9832878832629404,1.0,True,0.3717150364051197,-0.1752253560203514,17.043946031,تأیید فروش (روز بعد),0.0712,خنثی/نوسانی
2026-10-05,12:20,سبزوا,انباشت→صف-خرید,خرید؟,13160,2.9733959311424085,5.720651861851506,0.28257010463518384,0.4090315846082707,0.41,True,2.4,0.0,0.384920788,رد: ارزش کم,0.0712,خنثی/نوسانی
2026-10-05,12:30,وآوا,توزیع→صف-فروش,فروش؟,4580,-2.9661016949152574,0.11594195262198782,-0.5693584616897595,0.15062273646795987,0.08,True,1.0,0.0,0.184574,رد: ارزش کم,0.0776,خنثی/نوسانی
2026-10-05,12:30,غشهد,انباشت→صف-خرید,خرید؟,9520,2.9189189189189113,1.5379986279074245,0.01974783983317025,0.9078267618404027,0.91,True,,0.0,0.107889208,رد: جریان ۳۰دقیقه خرید را تأیید نمی‌کند,0.0776,خنثی/نوسانی
2026-10-05,12:30,ثقزوی,انباشت→صف-خرید,خرید؟,2691,2.9850746268656803,1.7210031186686778,0.0513363726572054,2.839878730813685,1.0,True,0.7545661581301581,0.1480440304264829,2.2721082146,قابل خرید نیست (صف),0.0776,خنثی/نوسانی
2026-10-05,12:30,فرآور,صف-واچ‌لیست,خرید,8370,2.9520295202952074,0.6969624384758735,-0.08467688406306068,0.692049045023346,0.69,True,2.75,0.0,0.638953245,رد: جریان ۳۰دقیقه خرید را تأیید نمی‌کند,0.0776,خنثی/نوسانی
2026-10-05,12:30,سبزوا,انباشت→صف-خرید,خرید؟,13160,2.9733959311424085,5.7492274905134,0.28251230155590135,0.3896336229686398,0.39,True,1.8000000000000003,0.0,0.291979604,رد: ارزش کم,0.0776,خنثی/نوسانی
2026-10-05,12:30,وامین,انباشت→صف-خرید,خرید؟,6410,2.070063694267521,4.534112520500353,0.09184767159278513,0.4628993023263618,0.46,False,6.543899539232925,0.15669910954648997,1.539250208,رد: ارزش کم,0.0776,خنثی/نوسانی
2026-10-05,12:30,کسرا,توزیع→صف-فروش,فروش؟,2800,-2.3709902370990243,0.6798556112831998,-0.08574764524792536,2.115797246679624,1.0,True,0.6884624822599783,-0.32483217371727663,11.9947517267,تأیید فروش (روز بعد),0.0776,خنثی/نوسانی
2026-10-05,12:30,زمگسا,توزیع→صف-فروش,فروش؟,107700,-2.972972972972976,0.4000500980803631,-0.41786826541383787,1.1422069853008445,1.0,True,0.13269576845831096,-0.7482659633375106,1.47824904,تأیید فروش (روز بعد),0.0776,خنثی/نوسانی
2026-10-05,12:30,وپاسار,R2-بزرگ,خرید,8560,2.8846153846153744,6.512305149579942,0.7164718115845715,0.20526966524259538,0.21,True,26.0,0.0,0.65855932,رد: ارزش کم,0.0776,خنثی/نوسانی
2026-10-05,12:30,کفرا,توزیع→صف-فروش,فروش؟,4830,-2.8169014084507005,0.33706386337633526,-0.0588249179662241,1.4668269988915215,1.0,True,0.07692307692307693,0.0,0.339051993,تأیید فروش (روز بعد),0.0776,خنثی/نوسانی
2026-10-05,12:30,کاسپین,صف-واچ‌لیست,خرید,39300,2.9874213836478036,0.6032234829200023,-0.020541398031153343,2.019349463150624,1.0,False,1.3555451958885683,0.33850508038760124,14.918307115,منتظر پایداری,0.0776,خنثی/نوسانی
2026-10-05,12:30,سیدکو,توزیع→صف-فروش,فروش؟,12040,-2.981466559226431,0.3999879737041635,-0.3448458645750972,2.081235679658742,1.0,True,0.4137931034482759,0.0,1.413774071,تأیید فروش (روز بعد),0.0776,خنثی/نوسانی
2026-10-05,12:30,دسبحا,توزیع→صف-فروش,فروش؟,6920,-2.9453015427770013,0.6904744266095978,-0.19650468391515288,1.2677587136086228,1.0,True,0.5607194082822554,-0.41783258746485824,9.276158443,تأیید فروش (روز بعد),0.0776,خنثی/نوسانی
2026-10-05,12:30,دقاضی,توزیع→صف-فروش,فروش؟,24070,-2.9826682789197867,0.4316299422073158,-0.28945265854018937,2.4620135945332193,1.0,True,2.0881007341103976,0.1419104373711097,8.464452925,تأیید فروش (روز بعد),0.0776,خنثی/نوسانی
2026-10-05,12:30,مارون,توزیع→صف-فروش,فروش؟,29350,-2.975206611570247,0.4662516001146407,-0.36436779717908396,2.0561682869995574,1.0,True,0.3463513432005849,-0.6086137366766514,11.092998621,تأیید فروش (روز بعد),0.0776,خنثی/نوسانی
2026-10-05,12:30,خموتور,توزیع→صف-فروش,فروش؟,2545,-2.9366895499618573,0.4603389912826762,-0.4927651646500551,2.947570246845865,1.0,True,0.5654194712502165,-0.4282114709502944,2.3775314874,تأیید فروش (روز بعد),0.0776,خنثی/نوسانی
2026-10-05,12:30,ویسا,توزیع→صف-فروش,فروش؟,5770,-2.037351443123936,0.6252525352437086,-0.3897473375675767,0.8499359412398952,0.85,False,0.8,0.0,0.107424577,منتظر پایداری,0.0776,خنثی/نوسانی
2026-10-05,12:30,ددانا,توزیع→صف-فروش,فروش؟,23370,-2.988792029887921,0.45267356009383625,-0.41958462914396627,2.8476060404296613,1.0,True,0.25708805795710493,-0.44493552142735315,3.15146787,تأیید فروش (روز بعد),0.0776,خنثی/نوسانی
