sym,rule,n,hist_hit,n_live,live_hit,score
آباد,تکنیکال-boll,42,0.619,0.000,,0.6086956521739131
آباد,تکنیکال-flow_net,18,0.611,0.000,,0.5909090909090909
آباد,تکنیکال-trendflow,20,0.600,0.000,,0.5833333333333334
آباد,تکنیکال-rsi,30,0.567,0.000,,0.5588235294117647
آباد,تکنیکال-psar,88,0.534,0.000,,0.532608695652174
آباد,تکنیکال-stoch,82,0.512,0.000,,0.5116279069767442
آباد,تکنیکال-macd,69,0.507,0.000,,0.5068493150684932
آباد,تکنیکال-flow_bp,32,0.500,0.000,,0.5
آباد,تکنیکال-volbrk,38,0.474,0.000,,0.47619047619047616
آباد,تکنیکال-fibo,9,0.444,0.000,,0.46153846153846156
آباد,تکنیکال-adx,56,0.446,0.000,,0.45
آباد,تکنیکال-ichi,36,0.444,0.000,,0.45
آباد,تکنیکال-obv,68,0.441,0.000,,0.4444444444444444
آباد,تکنیکال-sma,24,0.417,0.000,,0.42857142857142855
آباد,تکنیکال-super,31,0.355,0.000,,0.37142857142857144
آباد,تکنیکال-donch,35,0.286,0.000,,0.3076923076923077
آبادا,تکنیکال-rsi,29,0.724,0.000,,0.696969696969697
آبادا,تکنیکال-flow_net,72,0.597,0.000,,0.5921052631578947
آبادا,تکنیکال-stoch,70,0.543,0.000,,0.5405405405405406
آبادا,تکنیکال-boll,37,0.541,0.000,,0.5365853658536586
آبادا,تکنیکال-donch,32,0.531,0.000,,0.5277777777777778
آبادا,تکنیکال-fibo,15,0.533,0.000,,0.5263157894736842
آبادا,تکنیکال-adx,52,0.500,0.000,,0.5
آبادا,تکنیکال-volbrk,36,0.500,0.000,,0.5
آبادا,تکنیکال-flow_bp,261,0.494,0.000,,0.49433962264150944
آبادا,تکنیکال-super,27,0.481,0.000,,0.4838709677419355
آبادا,تکنیکال-sma,25,0.480,0.000,,0.4827586206896552
آبادا,تکنیکال-psar,102,0.480,0.000,,0.4811320754716981
آبادا,تکنیکال-macd,63,0.476,0.000,,0.47761194029850745
آبادا,تکنیکال-obv,64,0.469,0.000,,0.47058823529411764
آبادا,تکنیکال-trendflow,124,0.427,0.000,,0.4296875
آبادا,تکنیکال-ichi,35,0.343,0.000,,0.358974358974359
آبین,تکنیکال-donch,23,0.696,0.000,,0.6666666666666666
آبین,تکنیکال-ichi,17,0.706,0.000,,0.6666666666666666
آبین,تکنیکال-super,20,0.700,0.000,,0.6666666666666666
آبین,تکنیکال-volbrk,25,0.680,0.000,,0.6551724137931034
آبین,تکنیکال-fibo,6,0.667,0.000,,0.6
آبین,تکنیکال-sma,17,0.588,0.000,,0.5714285714285714
آبین,تکنیکال-flow_net,68,0.529,0.000,,0.5277777777777778
آبین,تکنیکال-adx,40,0.525,0.000,,0.5227272727272727
آبین,تکنیکال-boll,27,0.519,0.000,,0.5161290322580645
آبین,تکنیکال-flow_bp,93,0.516,0.000,,0.5154639175257731
آبین,تکنیکال-rsi,35,0.514,0.000,,0.5128205128205128
آبین,تکنیکال-trendflow,37,0.514,0.000,,0.5121951219512195
آبین,تکنیکال-stoch,51,0.510,0.000,,0.509090909090909
آبین,تکنیکال-macd,46,0.500,0.000,,0.5
آبین,تکنیکال-obv,42,0.500,0.000,,0.5
آبین,تکنیکال-psar,85,0.494,0.000,,0.4943820224719101
آردینه,تکنیکال-rsi,2,1.000,0.000,,0.6666666666666666
آردینه,تکنیکال-stoch,11,0.636,0.000,,0.6
آردینه,تکنیکال-sma,7,0.571,0.000,,0.5454545454545454
آردینه,تکنیکال-fibo,0,,0.000,,0.5
آردینه,تکنیکال-obv,17,0.471,0.000,,0.47619047619047616
آردینه,تکنیکال-psar,30,0.467,0.000,,0.47058823529411764
آردینه,تکنیکال-flow_net,20,0.400,0.000,,0.4166666666666667
آردینه,تکنیکال-macd,24,0.375,0.000,,0.39285714285714285
آردینه,تکنیکال-volbrk,12,0.333,0.000,,0.375
آردینه,تکنیکال-flow_bp,49,0.347,0.000,,0.3584905660377358
آردینه,تکنیکال-adx,13,0.308,0.000,,0.35294117647058826
آردینه,تکنیکال-trendflow,36,0.333,0.000,,0.35
آردینه,تکنیکال-boll,3,0.000,0.000,,0.2857142857142857
آردینه,تکنیکال-ichi,18,0.222,0.000,,0.2727272727272727
آردینه,تکنیکال-donch,12,0.167,0.000,,0.25
آردینه,تکنیکال-super,12,0.167,0.000,,0.25
آرمان,تکنیکال-obv,17,0.706,0.000,,0.6666666666666666
آرمان,تکنیکال-rsi,15,0.667,0.000,,0.631578947368421
آرمان,تکنیکال-trendflow,27,0.593,0.000,,0.5806451612903226
آرمان,تکنیکال-macd,38,0.579,0.000,,0.5714285714285714
آرمان,تکنیکال-psar,69,0.551,0.000,,0.547945205479452
آرمان,تکنیکال-super,9,0.556,0.000,,0.5384615384615384
آرمان,تکنیکال-boll,26,0.538,0.000,,0.5333333333333333
آرمان,تکنیکال-donch,11,0.545,0.000,,0.5333333333333333
آرمان,تکنیکال-volbrk,21,0.524,0.000,,0.52
آرمان,تکنیکال-adx,23,0.522,0.000,,0.5185185185185185
آرمان,تکنیکال-flow_bp,67,0.507,0.000,,0.5070422535211268
آرمان,تکنیکال-stoch,24,0.500,0.000,,0.5
آرمان,تکنیکال-flow_net,55,0.491,0.000,,0.4915254237288136
آرمان,تکنیکال-ichi,15,0.467,0.000,,0.47368421052631576
آرمان,تکنیکال-fibo,3,0.333,0.000,,0.42857142857142855
آرمان,تکنیکال-sma,10,0.400,0.000,,0.42857142857142855
آریا,تکنیکال-stoch,50,0.600,0.000,,0.5925925925925926
آریا,تکنیکال-boll,27,0.556,0.000,,0.5483870967741935
آریا,تکنیکال-rsi,17,0.529,0.000,,0.5238095238095238
آریا,تکنیکال-donch,36,0.500,0.000,,0.5
آریا,تکنیکال-sma,18,0.500,0.000,,0.5
آریا,تکنیکال-super,22,0.500,0.000,,0.5
آریا,تکنیکال-flow_net,77,0.494,0.000,,0.49382716049382713
آریا,تکنیکال-adx,47,0.447,0.000,,0.45098039215686275
آریا,تکنیکال-volbrk,42,0.429,0.000,,0.43478260869565216
آریا,تکنیکال-obv,82,0.390,0.000,,0.3953488372093023
آریا,تکنیکال-flow_bp,100,0.390,0.000,,0.3942307692307692
آریا,تکنیکال-psar,98,0.378,0.000,,0.38235294117647056
آریا,تکنیکال-trendflow,84,0.369,0.000,,0.375
آریا,تکنیکال-macd,75,0.360,0.000,,0.3670886075949367
آریا,تکنیکال-fibo,8,0.250,0.000,,0.3333333333333333
آریا,تکنیکال-ichi,39,0.282,0.000,,0.3023255813953488
آریان,تکنیکال-sma,20,0.750,0.000,,0.7083333333333334
آریان,تکنیکال-ichi,28,0.607,0.000,,0.59375
آریان,تکنیکال-flow_net,46,0.587,0.000,,0.58
آریان,تکنیکال-donch,34,0.559,0.000,,0.5526315789473685
آریان,تکنیکال-super,29,0.552,0.000,,0.5454545454545454
آریان,تکنیکال-volbrk,38,0.526,0.000,,0.5238095238095238
آریان,تکنیکال-flow_bp,41,0.488,0.000,,0.4888888888888889
آریان,تکنیکال-trendflow,23,0.478,0.000,,0.48148148148148145
آریان,تکنیکال-adx,58,0.448,0.000,,0.45161290322580644
آریان,تکنیکال-rsi,34,0.441,0.000,,0.4473684210526316
آریان,تکنیکال-boll,30,0.433,0.000,,0.4411764705882353
آریان,تکنیکال-fibo,17,0.412,0.000,,0.42857142857142855
آریان,تکنیکال-psar,100,0.410,0.000,,0.41346153846153844
آریان,تکنیکال-obv,43,0.395,0.000,,0.40425531914893614
آریان,تکنیکال-stoch,48,0.396,0.000,,0.40384615384615385
آریان,تکنیکال-macd,62,0.387,0.000,,0.3939393939393939
آسپ,تکنیکال-donch,29,0.586,0.000,,0.5757575757575758
آسپ,تکنیکال-trendflow,24,0.583,0.000,,0.5714285714285714
آسپ,تکنیکال-stoch,72,0.542,0.000,,0.5394736842105263
آسپ,تکنیکال-flow_bp,65,0.523,0.000,,0.5217391304347826
آسپ,تکنیکال-super,27,0.519,0.000,,0.5161290322580645
آسپ,تکنیکال-macd,72,0.514,0.000,,0.5131578947368421
آسپ,تکنیکال-boll,35,0.514,0.000,,0.5128205128205128
آسپ,تکنیکال-volbrk,41,0.512,0.000,,0.5111111111111111
آسپ,تکنیکال-adx,54,0.481,0.000,,0.4827586206896552
آسپ,تکنیکال-fibo,19,0.474,0.000,,0.4782608695652174
آسپ,تکنیکال-psar,91,0.440,0.000,,0.4421052631578947
آسپ,تکنیکال-flow_net,60,0.433,0.000,,0.4375
آسپ,تکنیکال-ichi,19,0.421,0.000,,0.43478260869565216
آسپ,تکنیکال-rsi,37,0.378,0.000,,0.3902439024390244
آسپ,تکنیکال-obv,59,0.373,0.000,,0.38095238095238093
آسپ,تکنیکال-sma,21,0.286,0.000,,0.32
آسیا,تکنیکال-ichi,23,0.696,0.000,,0.6666666666666666
آسیا,تکنیکال-donch,25,0.640,0.000,,0.6206896551724138
آسیا,تکنیکال-sma,20,0.550,0.000,,0.5416666666666666
آسیا,تکنیکال-super,26,0.538,0.000,,0.5333333333333333
آسیا,تکنیکال-stoch,55,0.527,0.000,,0.5254237288135594
آسیا,تکنیکال-adx,62,0.484,0.000,,0.48484848484848486
آسیا,تکنیکال-flow_net,80,0.475,0.000,,0.47619047619047616
آسیا,تکنیکال-volbrk,45,0.467,0.000,,0.46938775510204084
آسیا,تکنیکال-trendflow,50,0.460,0.000,,0.46296296296296297
آسیا,تکنیکال-rsi,27,0.444,0.000,,0.45161290322580644
آسیا,تکنیکال-flow_bp,86,0.442,0.000,,0.4444444444444444
آسیا,تکنیکال-boll,38,0.421,0.000,,0.42857142857142855
آسیا,تکنیکال-psar,101,0.406,0.000,,0.4095238095238095
آسیا,تکنیکال-macd,70,0.386,0.000,,0.3918918918918919
آسیا,تکنیکال-fibo,12,0.333,0.000,,0.375
آسیا,تکنیکال-obv,67,0.313,0.000,,0.323943661971831
آلومینا,تکنیکال-macd,4,0.750,0.000,,0.625
آلومینا,تکنیکال-obv,4,0.750,0.000,,0.625
آلومینا,تکنیکال-psar,4,0.750,0.000,,0.625
آلومینا,تکنیکال-super,4,0.750,0.000,,0.625
آلومینا,تکنیکال-adx,3,0.667,0.000,,0.5714285714285714
آلومینا,تکنیکال-stoch,5,0.600,0.000,,0.5555555555555556
آلومینا,تکنیکال-trendflow,7,0.571,0.000,,0.5454545454545454
آلومینا,تکنیکال-fibo,0,,0.000,,0.5
آلومینا,تکنیکال-flow_bp,8,0.500,0.000,,0.5
آلومینا,تکنیکال-rsi,2,0.500,0.000,,0.5
آلومینا,تکنیکال-volbrk,4,0.500,0.000,,0.5
آلومینا,تکنیکال-sma,3,0.333,0.000,,0.42857142857142855
آلومینا,تکنیکال-donch,4,0.250,0.000,,0.375
آلومینا,تکنیکال-ichi,4,0.250,0.000,,0.375
آلومینا,تکنیکال-boll,2,0.000,0.000,,0.3333333333333333
آلومینا,تکنیکال-flow_net,2,0.000,0.000,,0.3333333333333333
آواپارس,تکنیکال-rsi,6,0.833,0.000,,0.7
آواپارس,تکنیکال-boll,11,0.727,0.000,,0.6666666666666666
آواپارس,تکنیکال-fibo,5,0.600,0.000,,0.5555555555555556
آواپارس,تکنیکال-super,5,0.600,0.000,,0.5555555555555556
آواپارس,تکنیکال-sma,7,0.571,0.000,,0.5454545454545454
آواپارس,تکنیکال-macd,22,0.545,0.000,,0.5384615384615384
آواپارس,تکنیکال-obv,22,0.545,0.000,,0.5384615384615384
آواپارس,تکنیکال-stoch,9,0.556,0.000,,0.5384615384615384
آواپارس,تکنیکال-ichi,13,0.538,0.000,,0.5294117647058824
آواپارس,تکنیکال-volbrk,13,0.538,0.000,,0.5294117647058824
آواپارس,تکنیکال-flow_bp,65,0.508,0.000,,0.5072463768115942
آواپارس,تکنیکال-psar,40,0.475,0.000,,0.4772727272727273
آواپارس,تکنیکال-trendflow,30,0.467,0.000,,0.47058823529411764
آواپارس,تکنیکال-donch,9,0.444,0.000,,0.46153846153846156
آواپارس,تکنیکال-flow_net,10,0.400,0.000,,0.42857142857142855
آواپارس,تکنیکال-adx,17,0.353,0.000,,0.38095238095238093
آواک,تکنیکال-boll,4,0.750,0.000,,0.625
آواک,تکنیکال-obv,1,1.000,0.000,,0.6
آواک,تکنیکال-psar,6,0.667,0.000,,0.6
آواک,تکنیکال-sma,3,0.667,0.000,,0.5714285714285714
آواک,تکنیکال-flow_bp,18,0.556,0.000,,0.5454545454545454
آواک,تکنیکال-flow_net,8,0.500,0.000,,0.5
آواک,تکنیکال-ichi,2,0.500,0.000,,0.5
آواک,تکنیکال-macd,4,0.500,0.000,,0.5
آواک,تکنیکال-rsi,0,,0.000,,0.5
آواک,تکنیکال-stoch,4,0.500,0.000,,0.5
آواک,تکنیکال-trendflow,2,0.500,0.000,,0.5
آواک,تکنیکال-adx,3,0.333,0.000,,0.42857142857142855
آواک,تکنیکال-donch,4,0.250,0.000,,0.375
آواک,تکنیکال-super,4,0.250,0.000,,0.375
آواک,تکنیکال-volbrk,4,0.250,0.000,,0.375
آواک,تکنیکال-fibo,2,0.000,0.000,,0.3333333333333333
آپ,تکنیکال-super,26,0.615,0.000,,0.6
آپ,تکنیکال-boll,33,0.576,0.000,,0.5675675675675675
آپ,تکنیکال-sma,21,0.571,0.000,,0.56
آپ,تکنیکال-flow_bp,54,0.537,0.000,,0.5344827586206896
آپ,تکنیکال-stoch,57,0.526,0.000,,0.5245901639344263
آپ,تکنیکال-donch,27,0.519,0.000,,0.5161290322580645
آپ,تکنیکال-trendflow,42,0.429,0.000,,0.43478260869565216
آپ,تکنیکال-ichi,33,0.424,0.000,,0.43243243243243246
آپ,تکنیکال-psar,95,0.421,0.000,,0.42424242424242425
آپ,تکنیکال-macd,74,0.419,0.000,,0.4230769230769231
آپ,تکنیکال-fibo,8,0.375,0.000,,0.4166666666666667
آپ,تکنیکال-flow_net,59,0.407,0.000,,0.4126984126984127
آپ,تکنیکال-rsi,30,0.400,0.000,,0.4117647058823529
آپ,تکنیکال-volbrk,44,0.386,0.000,,0.3958333333333333
آپ,تکنیکال-adx,54,0.370,0.000,,0.3793103448275862
آپ,تکنیکال-obv,59,0.356,0.000,,0.36507936507936506
آینده,تکنیکال-fibo,4,1.000,0.000,,0.75
آینده,تکنیکال-flow_net,10,0.700,0.000,,0.6428571428571429
آینده,تکنیکال-macd,28,0.571,0.000,,0.5625
آینده,تکنیکال-ichi,7,0.571,0.000,,0.5454545454545454
آینده,تکنیکال-adx,20,0.550,0.000,,0.5416666666666666
آینده,تکنیکال-obv,24,0.542,0.000,,0.5357142857142857
آینده,تکنیکال-donch,11,0.545,0.000,,0.5333333333333333
آینده,تکنیکال-super,15,0.533,0.000,,0.5263157894736842
آینده,تکنیکال-stoch,35,0.514,0.000,,0.5128205128205128
آینده,تکنیکال-flow_bp,39,0.513,0.000,,0.5116279069767442
آینده,تکنیکال-boll,18,0.500,0.000,,0.5
آینده,تکنیکال-psar,36,0.500,0.000,,0.5
آینده,تکنیکال-trendflow,12,0.500,0.000,,0.5
آینده,تکنیکال-volbrk,12,0.500,0.000,,0.5
آینده,تکنیکال-rsi,14,0.429,0.000,,0.4444444444444444
آینده,تکنیکال-sma,11,0.091,0.000,,0.2
اتکاسا,تکنیکال-donch,9,0.778,0.000,,0.6923076923076923
اتکاسا,تکنیکال-rsi,4,0.750,0.000,,0.625
اتکاسا,تکنیکال-fibo,1,1.000,0.000,,0.6
اتکاسا,تکنیکال-macd,21,0.619,0.000,,0.6
اتکاسا,تکنیکال-super,7,0.571,0.000,,0.5454545454545454
اتکاسا,تکنیکال-sma,9,0.556,0.000,,0.5384615384615384
اتکاسا,تکنیکال-ichi,15,0.533,0.000,,0.5263157894736842
اتکاسا,تکنیکال-volbrk,15,0.533,0.000,,0.5263157894736842
اتکاسا,تکنیکال-flow_bp,16,0.500,0.000,,0.5
اتکاسا,تکنیکال-psar,49,0.469,0.000,,0.4716981132075472
اتکاسا,تکنیکال-boll,11,0.455,0.000,,0.4666666666666667
اتکاسا,تکنیکال-obv,24,0.458,0.000,,0.4642857142857143
اتکاسا,تکنیکال-trendflow,5,0.400,0.000,,0.4444444444444444
اتکاسا,تکنیکال-adx,26,0.423,0.000,,0.43333333333333335
اتکاسا,تکنیکال-stoch,10,0.400,0.000,,0.42857142857142855
اتکاسا,تکنیکال-flow_net,8,0.375,0.000,,0.4166666666666667
اتکام,تکنیکال-rsi,28,0.607,0.000,,0.59375
اتکام,تکنیکال-donch,23,0.609,0.000,,0.5925925925925926
اتکام,تکنیکال-boll,31,0.581,0.000,,0.5714285714285714
اتکام,تکنیکال-super,15,0.533,0.000,,0.5263157894736842
اتکام,تکنیکال-flow_net,88,0.489,0.000,,0.4891304347826087
اتکام,تکنیکال-stoch,25,0.480,0.000,,0.4827586206896552
اتکام,تکنیکال-flow_bp,88,0.477,0.000,,0.4782608695652174
اتکام,تکنیکال-macd,60,0.467,0.000,,0.46875
اتکام,تکنیکال-volbrk,35,0.457,0.000,,0.46153846153846156
اتکام,تکنیکال-adx,46,0.435,0.000,,0.44
اتکام,تکنیکال-ichi,28,0.429,0.000,,0.4375
اتکام,تکنیکال-sma,23,0.391,0.000,,0.4074074074074074
اتکام,تکنیکال-psar,110,0.400,0.000,,0.40350877192982454
اتکام,تکنیکال-fibo,1,0.000,0.000,,0.4
اتکام,تکنیکال-obv,46,0.391,0.000,,0.4
اتکام,تکنیکال-trendflow,43,0.326,0.000,,0.3404255319148936
اتکای,تکنیکال-donch,27,0.630,0.000,,0.6129032258064516
اتکای,تکنیکال-super,20,0.600,0.000,,0.5833333333333334
اتکای,تکنیکال-flow_net,79,0.570,0.000,,0.5662650602409639
اتکای,تکنیکال-sma,27,0.556,0.000,,0.5483870967741935
اتکای,تکنیکال-flow_bp,86,0.535,0.000,,0.5333333333333333
اتکای,تکنیکال-volbrk,38,0.526,0.000,,0.5238095238095238
اتکای,تکنیکال-boll,28,0.500,0.000,,0.5
اتکای,تکنیکال-rsi,26,0.500,0.000,,0.5
اتکای,تکنیکال-obv,47,0.468,0.000,,0.47058823529411764
اتکای,تکنیکال-macd,64,0.438,0.000,,0.4411764705882353
اتکای,تکنیکال-fibo,12,0.417,0.000,,0.4375
اتکای,تکنیکال-adx,49,0.429,0.000,,0.4339622641509434
اتکای,تکنیکال-stoch,52,0.404,0.000,,0.4107142857142857
اتکای,تکنیکال-trendflow,53,0.396,0.000,,0.40350877192982454
اتکای,تکنیکال-ichi,36,0.361,0.000,,0.375
اتکای,تکنیکال-psar,106,0.358,0.000,,0.36363636363636365
اخابر,تکنیکال-ichi,23,0.652,0.000,,0.6296296296296297
اخابر,تکنیکال-volbrk,41,0.634,0.000,,0.6222222222222222
اخابر,تکنیکال-donch,29,0.621,0.000,,0.6060606060606061
اخابر,تکنیکال-super,33,0.545,0.000,,0.5405405405405406
اخابر,تکنیکال-adx,52,0.519,0.000,,0.5178571428571429
اخابر,تکنیکال-flow_net,110,0.500,0.000,,0.5
اخابر,تکنیکال-macd,61,0.492,0.000,,0.49230769230769234
اخابر,تکنیکال-stoch,71,0.479,0.000,,0.48
اخابر,تکنیکال-rsi,26,0.462,0.000,,0.4666666666666667
اخابر,تکنیکال-flow_bp,89,0.461,0.000,,0.46236559139784944
اخابر,تکنیکال-trendflow,41,0.439,0.000,,0.4444444444444444
اخابر,تکنیکال-boll,31,0.387,0.000,,0.4
اخابر,تکنیکال-obv,54,0.389,0.000,,0.39655172413793105
اخابر,تکنیکال-psar,83,0.386,0.000,,0.39080459770114945
اخابر,تکنیکال-fibo,10,0.300,0.000,,0.35714285714285715
اخابر,تکنیکال-sma,24,0.333,0.000,,0.35714285714285715
اخشان,تکنیکال-flow_net,12,0.667,0.000,,0.625
اخشان,تکنیکال-fibo,3,0.667,0.000,,0.5714285714285714
اخشان,تکنیکال-obv,3,0.667,0.000,,0.5714285714285714
اخشان,تکنیکال-trendflow,15,0.533,0.000,,0.5263157894736842
اخشان,تکنیکال-flow_bp,19,0.526,0.000,,0.5217391304347826
اخشان,تکنیکال-boll,2,0.500,0.000,,0.5
اخشان,تکنیکال-ichi,4,0.500,0.000,,0.5
اخشان,تکنیکال-rsi,0,,0.000,,0.5
اخشان,تکنیکال-sma,0,,0.000,,0.5
اخشان,تکنیکال-super,4,0.500,0.000,,0.5
اخشان,تکنیکال-stoch,3,0.333,0.000,,0.42857142857142855
اخشان,تکنیکال-adx,6,0.333,0.000,,0.4
اخشان,تکنیکال-macd,6,0.333,0.000,,0.4
اخشان,تکنیکال-donch,4,0.250,0.000,,0.375
اخشان,تکنیکال-volbrk,4,0.250,0.000,,0.375
اخشان,تکنیکال-psar,8,0.250,0.000,,0.3333333333333333
اردستان,تکنیکال-stoch,23,0.652,0.000,,0.6296296296296297
اردستان,تکنیکال-boll,9,0.667,0.000,,0.6153846153846154
اردستان,تکنیکال-rsi,8,0.625,0.000,,0.5833333333333334
اردستان,تکنیکال-psar,42,0.548,0.000,,0.5434782608695652
اردستان,تکنیکال-fibo,6,0.500,0.000,,0.5
اردستان,تکنیکال-flow_net,46,0.478,0.000,,0.48
اردستان,تکنیکال-adx,23,0.435,0.000,,0.4444444444444444
اردستان,تکنیکال-donch,19,0.421,0.000,,0.43478260869565216
اردستان,تکنیکال-obv,31,0.419,0.000,,0.42857142857142855
اردستان,تکنیکال-super,18,0.389,0.000,,0.4090909090909091
اردستان,تکنیکال-flow_bp,49,0.388,0.000,,0.39622641509433965
اردستان,تکنیکال-trendflow,45,0.333,0.000,,0.3469387755102041
اردستان,تکنیکال-macd,37,0.324,0.000,,0.34146341463414637
اردستان,تکنیکال-sma,14,0.286,0.000,,0.3333333333333333
اردستان,تکنیکال-volbrk,21,0.286,0.000,,0.32
اردستان,تکنیکال-ichi,24,0.250,0.000,,0.2857142857142857
ارفع,تکنیکال-sma,15,0.733,0.000,,0.6842105263157895
ارفع,تکنیکال-donch,20,0.700,0.000,,0.6666666666666666
ارفع,تکنیکال-super,16,0.688,0.000,,0.65
ارفع,تکنیکال-ichi,24,0.625,0.000,,0.6071428571428571
ارفع,تکنیکال-rsi,18,0.556,0.000,,0.5454545454545454
ارفع,تکنیکال-adx,45,0.533,0.000,,0.5306122448979592
ارفع,تکنیکال-trendflow,36,0.528,0.000,,0.525
ارفع,تکنیکال-macd,65,0.523,0.000,,0.5217391304347826
ارفع,تکنیکال-stoch,33,0.515,0.000,,0.5135135135135135
ارفع,تکنیکال-volbrk,35,0.514,0.000,,0.5128205128205128
ارفع,تکنیکال-flow_bp,81,0.506,0.000,,0.5058823529411764
ارفع,تکنیکال-flow_net,91,0.473,0.000,,0.47368421052631576
ارفع,تکنیکال-psar,105,0.448,0.000,,0.44954128440366975
ارفع,تکنیکال-boll,23,0.435,0.000,,0.4444444444444444
ارفع,تکنیکال-obv,53,0.434,0.000,,0.43859649122807015
ارفع,تکنیکال-fibo,4,0.000,0.000,,0.25
استقلال,تکنیکال-super,5,0.800,0.000,,0.6666666666666666
استقلال,تکنیکال-volbrk,9,0.667,0.000,,0.6153846153846154
استقلال,تکنیکال-flow_bp,72,0.611,0.000,,0.6052631578947368
استقلال,تکنیکال-psar,31,0.613,0.000,,0.6
استقلال,تکنیکال-stoch,10,0.600,0.000,,0.5714285714285714
استقلال,تکنیکال-trendflow,17,0.588,0.000,,0.5714285714285714
استقلال,تکنیکال-macd,14,0.571,0.000,,0.5555555555555556
استقلال,تکنیکال-flow_net,25,0.560,0.000,,0.5517241379310345
استقلال,تکنیکال-donch,7,0.571,0.000,,0.5454545454545454
استقلال,تکنیکال-rsi,11,0.545,0.000,,0.5333333333333333
استقلال,تکنیکال-adx,20,0.500,0.000,,0.5
استقلال,تکنیکال-boll,8,0.500,0.000,,0.5
استقلال,تکنیکال-fibo,0,,0.000,,0.5
استقلال,تکنیکال-sma,7,0.429,0.000,,0.45454545454545453
استقلال,تکنیکال-ichi,9,0.333,0.000,,0.38461538461538464
استقلال,تکنیکال-obv,15,0.333,0.000,,0.3684210526315789
اسیاتک,تکنیکال-rsi,11,0.636,0.000,,0.6
اسیاتک,تکنیکال-stoch,38,0.553,0.000,,0.5476190476190477
اسیاتک,تکنیکال-ichi,25,0.520,0.000,,0.5172413793103449
اسیاتک,تکنیکال-trendflow,53,0.509,0.000,,0.5087719298245614
اسیاتک,تکنیکال-flow_net,77,0.494,0.000,,0.49382716049382713
اسیاتک,تکنیکال-flow_bp,85,0.482,0.000,,0.48314606741573035
اسیاتک,تکنیکال-super,21,0.476,0.000,,0.48
اسیاتک,تکنیکال-boll,17,0.471,0.000,,0.47619047619047616
اسیاتک,تکنیکال-macd,43,0.419,0.000,,0.425531914893617
اسیاتک,تکنیکال-volbrk,34,0.412,0.000,,0.42105263157894735
اسیاتک,تکنیکال-psar,63,0.397,0.000,,0.40298507462686567
اسیاتک,تکنیکال-sma,19,0.368,0.000,,0.391304347826087
اسیاتک,تکنیکال-obv,43,0.372,0.000,,0.3829787234042553
اسیاتک,تکنیکال-adx,29,0.310,0.000,,0.3333333333333333
اسیاتک,تکنیکال-donch,30,0.300,0.000,,0.3235294117647059
اسیاتک,تکنیکال-fibo,6,0.167,0.000,,0.3
اعتلا,تکنیکال-ichi,22,0.682,0.000,,0.6538461538461539
اعتلا,تکنیکال-stoch,45,0.578,0.000,,0.5714285714285714
اعتلا,تکنیکال-flow_bp,64,0.547,0.000,,0.5441176470588235
اعتلا,تکنیکال-trendflow,44,0.523,0.000,,0.5208333333333334
اعتلا,تکنیکال-rsi,25,0.520,0.000,,0.5172413793103449
اعتلا,تکنیکال-flow_net,78,0.513,0.000,,0.5121951219512195
اعتلا,تکنیکال-boll,34,0.500,0.000,,0.5
اعتلا,تکنیکال-super,24,0.500,0.000,,0.5
اعتلا,تکنیکال-donch,35,0.486,0.000,,0.48717948717948717
اعتلا,تکنیکال-macd,66,0.485,0.000,,0.4857142857142857
اعتلا,تکنیکال-sma,19,0.474,0.000,,0.4782608695652174
اعتلا,تکنیکال-adx,51,0.471,0.000,,0.4727272727272727
اعتلا,تکنیکال-psar,104,0.471,0.000,,0.4722222222222222
اعتلا,تکنیکال-volbrk,45,0.467,0.000,,0.46938775510204084
اعتلا,تکنیکال-obv,59,0.407,0.000,,0.4126984126984127
اعتلا,تکنیکال-fibo,7,0.286,0.000,,0.36363636363636365
افرا,تکنیکال-donch,33,0.606,0.000,,0.5945945945945946
افرا,تکنیکال-volbrk,37,0.595,0.000,,0.5853658536585366
افرا,تکنیکال-super,25,0.560,0.000,,0.5517241379310345
افرا,تکنیکال-stoch,70,0.529,0.000,,0.527027027027027
افرا,تکنیکال-trendflow,38,0.526,0.000,,0.5238095238095238
افرا,تکنیکال-rsi,31,0.516,0.000,,0.5142857142857142
افرا,تکنیکال-macd,58,0.483,0.000,,0.4838709677419355
افرا,تکنیکال-flow_bp,61,0.475,0.000,,0.47692307692307695
افرا,تکنیکال-flow_net,68,0.456,0.000,,0.4583333333333333
افرا,تکنیکال-ichi,23,0.435,0.000,,0.4444444444444444
افرا,تکنیکال-boll,33,0.424,0.000,,0.43243243243243246
افرا,تکنیکال-obv,61,0.410,0.000,,0.4153846153846154
افرا,تکنیکال-psar,95,0.389,0.000,,0.3939393939393939
افرا,تکنیکال-sma,24,0.375,0.000,,0.39285714285714285
افرا,تکنیکال-adx,51,0.353,0.000,,0.36363636363636365
افرا,تکنیکال-fibo,10,0.200,0.000,,0.2857142857142857
افق,تکنیکال-sma,18,0.667,0.000,,0.6363636363636364
افق,تکنیکال-stoch,22,0.636,0.000,,0.6153846153846154
افق,تکنیکال-rsi,11,0.636,0.000,,0.6
افق,تکنیکال-donch,21,0.524,0.000,,0.52
افق,تکنیکال-boll,16,0.500,0.000,,0.5
افق,تکنیکال-fibo,0,,0.000,,0.5
افق,تکنیکال-flow_bp,66,0.485,0.000,,0.4857142857142857
افق,تکنیکال-super,21,0.429,0.000,,0.44
افق,تکنیکال-flow_net,82,0.427,0.000,,0.43023255813953487
افق,تکنیکال-psar,103,0.417,0.000,,0.4205607476635514
افق,تکنیکال-trendflow,65,0.415,0.000,,0.42028985507246375
افق,تکنیکال-adx,55,0.400,0.000,,0.4067796610169492
افق,تکنیکال-obv,51,0.392,0.000,,0.4
افق,تکنیکال-ichi,42,0.333,0.000,,0.34782608695652173
افق,تکنیکال-volbrk,46,0.326,0.000,,0.34
افق,تکنیکال-macd,81,0.309,0.000,,0.3176470588235294
البرز,تکنیکال-super,25,0.520,0.000,,0.5172413793103449
البرز,تکنیکال-donch,30,0.500,0.000,,0.5
البرز,تکنیکال-fibo,6,0.500,0.000,,0.5
البرز,تکنیکال-adx,53,0.491,0.000,,0.49122807017543857
البرز,تکنیکال-psar,100,0.490,0.000,,0.49038461538461536
البرز,تکنیکال-macd,70,0.486,0.000,,0.4864864864864865
البرز,تکنیکال-rsi,21,0.476,0.000,,0.48
البرز,تکنیکال-stoch,42,0.476,0.000,,0.4782608695652174
البرز,تکنیکال-trendflow,57,0.474,0.000,,0.47540983606557374
البرز,تکنیکال-boll,33,0.455,0.000,,0.4594594594594595
البرز,تکنیکال-obv,52,0.423,0.000,,0.42857142857142855
البرز,تکنیکال-flow_bp,100,0.410,0.000,,0.41346153846153844
البرز,تکنیکال-flow_net,106,0.387,0.000,,0.39090909090909093
البرز,تکنیکال-volbrk,54,0.352,0.000,,0.3620689655172414
البرز,تکنیکال-ichi,41,0.341,0.000,,0.35555555555555557
البرز,تکنیکال-sma,27,0.333,0.000,,0.3548387096774194
الکتروماد,تکنیکال-adx,1,1.000,0.000,,0.6
الکتروماد,تکنیکال-donch,1,1.000,0.000,,0.6
الکتروماد,تکنیکال-obv,1,1.000,0.000,,0.6
الکتروماد,تکنیکال-sma,1,1.000,0.000,,0.6
الکتروماد,تکنیکال-flow_bp,18,0.611,0.000,,0.5909090909090909
الکتروماد,تکنیکال-trendflow,5,0.600,0.000,,0.5555555555555556
الکتروماد,تکنیکال-boll,0,,0.000,,0.5
الکتروماد,تکنیکال-fibo,0,,0.000,,0.5
الکتروماد,تکنیکال-ichi,2,0.500,0.000,,0.5
الکتروماد,تکنیکال-rsi,2,0.500,0.000,,0.5
الکتروماد,تکنیکال-super,2,0.500,0.000,,0.5
الکتروماد,تکنیکال-volbrk,2,0.500,0.000,,0.5
الکتروماد,تکنیکال-flow_net,12,0.417,0.000,,0.4375
الکتروماد,تکنیکال-psar,8,0.375,0.000,,0.4166666666666667
الکتروماد,تکنیکال-stoch,1,0.000,0.000,,0.4
الکتروماد,تکنیکال-macd,4,0.250,0.000,,0.375
امید,تکنیکال-rsi,21,0.571,0.000,,0.56
امید,تکنیکال-trendflow,46,0.543,0.000,,0.54
امید,تکنیکال-boll,27,0.519,0.000,,0.5161290322580645
امید,تکنیکال-macd,63,0.508,0.000,,0.5074626865671642
امید,تکنیکال-fibo,6,0.500,0.000,,0.5
امید,تکنیکال-sma,18,0.500,0.000,,0.5
امید,تکنیکال-stoch,28,0.500,0.000,,0.5
امید,تکنیکال-volbrk,32,0.500,0.000,,0.5
امید,تکنیکال-psar,111,0.495,0.000,,0.4956521739130435
امید,تکنیکال-obv,5,0.400,0.000,,0.4444444444444444
امید,تکنیکال-flow_bp,55,0.436,0.000,,0.4406779661016949
امید,تکنیکال-flow_net,66,0.409,0.000,,0.4142857142857143
امید,تکنیکال-ichi,25,0.400,0.000,,0.41379310344827586
امید,تکنیکال-super,16,0.375,0.000,,0.4
امید,تکنیکال-donch,17,0.353,0.000,,0.38095238095238093
امید,تکنیکال-adx,39,0.256,0.000,,0.27906976744186046
امین,تکنیکال-sma,13,0.769,0.000,,0.7058823529411765
امین,تکنیکال-super,14,0.571,0.000,,0.5555555555555556
امین,تکنیکال-obv,43,0.512,0.000,,0.5106382978723404
امین,تکنیکال-donch,16,0.500,0.000,,0.5
امین,تکنیکال-fibo,6,0.500,0.000,,0.5
امین,تکنیکال-adx,47,0.489,0.000,,0.49019607843137253
امین,تکنیکال-boll,25,0.480,0.000,,0.4827586206896552
امین,تکنیکال-volbrk,30,0.467,0.000,,0.47058823529411764
امین,تکنیکال-flow_net,46,0.435,0.000,,0.44
امین,تکنیکال-flow_bp,247,0.433,0.000,,0.4342629482071713
امین,تکنیکال-psar,94,0.426,0.000,,0.42857142857142855
امین,تکنیکال-stoch,22,0.409,0.000,,0.4230769230769231
امین,تکنیکال-trendflow,72,0.417,0.000,,0.42105263157894735
امین,تکنیکال-ichi,32,0.406,0.000,,0.4166666666666667
امین,تکنیکال-macd,60,0.383,0.000,,0.390625
امین,تکنیکال-rsi,27,0.296,0.000,,0.3225806451612903
انتخاب,تکنیکال-rsi,10,0.700,0.000,,0.6428571428571429
انتخاب,تکنیکال-sma,11,0.636,0.000,,0.6
انتخاب,تکنیکال-volbrk,20,0.550,0.000,,0.5416666666666666
انتخاب,تکنیکال-boll,11,0.545,0.000,,0.5333333333333333
انتخاب,تکنیکال-super,15,0.533,0.000,,0.5263157894736842
انتخاب,تکنیکال-obv,25,0.520,0.000,,0.5172413793103449
انتخاب,تکنیکال-macd,26,0.500,0.000,,0.5
انتخاب,تکنیکال-flow_net,56,0.482,0.000,,0.48333333333333334
انتخاب,تکنیکال-ichi,17,0.471,0.000,,0.47619047619047616
انتخاب,تکنیکال-stoch,28,0.464,0.000,,0.46875
انتخاب,تکنیکال-donch,16,0.438,0.000,,0.45
انتخاب,تکنیکال-psar,47,0.426,0.000,,0.43137254901960786
انتخاب,تکنیکال-flow_bp,68,0.426,0.000,,0.4305555555555556
انتخاب,تکنیکال-trendflow,20,0.400,0.000,,0.4166666666666667
انتخاب,تکنیکال-fibo,5,0.200,0.000,,0.3333333333333333
انتخاب,تکنیکال-adx,23,0.261,0.000,,0.2962962962962963
انرژی,تکنیکال-flow_bp,31,0.710,0.000,,0.6857142857142857
انرژی,تکنیکال-donch,29,0.621,0.000,,0.6060606060606061
انرژی,تکنیکال-adx,49,0.612,0.000,,0.6037735849056604
انرژی,تکنیکال-flow_net,77,0.597,0.000,,0.5925925925925926
انرژی,تکنیکال-volbrk,33,0.576,0.000,,0.5675675675675675
انرژی,تکنیکال-macd,54,0.519,0.000,,0.5172413793103449
انرژی,تکنیکال-fibo,8,0.500,0.000,,0.5
انرژی,تکنیکال-obv,68,0.500,0.000,,0.5
انرژی,تکنیکال-sma,24,0.500,0.000,,0.5
انرژی,تکنیکال-super,33,0.485,0.000,,0.4864864864864865
انرژی,تکنیکال-boll,40,0.475,0.000,,0.4772727272727273
انرژی,تکنیکال-psar,87,0.460,0.000,,0.46153846153846156
انرژی,تکنیکال-stoch,80,0.450,0.000,,0.4523809523809524
انرژی,تکنیکال-ichi,25,0.440,0.000,,0.4482758620689655
انرژی,تکنیکال-trendflow,40,0.425,0.000,,0.4318181818181818
انرژی,تکنیکال-rsi,35,0.286,0.000,,0.3076923076923077
اهرم,تکنیکال-flow_bp,4,1.000,0.000,,0.75
اهرم,تکنیکال-ichi,22,0.545,0.000,,0.5384615384615384
اهرم,تکنیکال-donch,28,0.536,0.000,,0.53125
اهرم,تکنیکال-sma,15,0.533,0.000,,0.5263157894736842
اهرم,تکنیکال-volbrk,27,0.481,0.000,,0.4838709677419355
اهرم,تکنیکال-boll,25,0.480,0.000,,0.4827586206896552
اهرم,تکنیکال-super,25,0.480,0.000,,0.4827586206896552
اهرم,تکنیکال-psar,65,0.477,0.000,,0.4782608695652174
اهرم,تکنیکال-macd,43,0.465,0.000,,0.46808510638297873
اهرم,تکنیکال-stoch,54,0.463,0.000,,0.46551724137931033
اهرم,تکنیکال-fibo,7,0.429,0.000,,0.45454545454545453
اهرم,تکنیکال-trendflow,24,0.417,0.000,,0.42857142857142855
اهرم,تکنیکال-adx,48,0.417,0.000,,0.4230769230769231
اهرم,تکنیکال-obv,50,0.360,0.000,,0.37037037037037035
اهرم,تکنیکال-rsi,16,0.312,0.000,,0.35
اهرم,تکنیکال-flow_net,32,0.312,0.000,,0.3333333333333333
اوان,تکنیکال-donch,25,0.640,0.000,,0.6206896551724138
اوان,تکنیکال-trendflow,33,0.606,0.000,,0.5945945945945946
اوان,تکنیکال-flow_bp,76,0.579,0.000,,0.575
اوان,تکنیکال-volbrk,37,0.568,0.000,,0.5609756097560976
اوان,تکنیکال-super,19,0.474,0.000,,0.4782608695652174
اوان,تکنیکال-flow_net,79,0.468,0.000,,0.46987951807228917
اوان,تکنیکال-ichi,22,0.455,0.000,,0.46153846153846156
اوان,تکنیکال-obv,57,0.456,0.000,,0.45901639344262296
اوان,تکنیکال-stoch,55,0.455,0.000,,0.4576271186440678
اوان,تکنیکال-psar,95,0.432,0.000,,0.43434343434343436
اوان,تکنیکال-adx,49,0.429,0.000,,0.4339622641509434
اوان,تکنیکال-boll,38,0.421,0.000,,0.42857142857142855
اوان,تکنیکال-macd,60,0.417,0.000,,0.421875
اوان,تکنیکال-rsi,29,0.379,0.000,,0.3939393939393939
اوان,تکنیکال-fibo,7,0.286,0.000,,0.36363636363636365
اوان,تکنیکال-sma,18,0.333,0.000,,0.36363636363636365
اپال,تکنیکال-volbrk,23,0.783,0.000,,0.7407407407407407
اپال,تکنیکال-rsi,21,0.762,0.000,,0.72
اپال,تکنیکال-donch,13,0.692,0.000,,0.6470588235294118
اپال,تکنیکال-macd,39,0.564,0.000,,0.5581395348837209
اپال,تکنیکال-flow_bp,121,0.521,0.000,,0.52
اپال,تکنیکال-obv,31,0.516,0.000,,0.5142857142857142
اپال,تکنیکال-sma,16,0.500,0.000,,0.5
اپال,تکنیکال-psar,89,0.494,0.000,,0.4946236559139785
اپال,تکنیکال-ichi,21,0.476,0.000,,0.48
اپال,تکنیکال-super,13,0.462,0.000,,0.47058823529411764
اپال,تکنیکال-boll,24,0.458,0.000,,0.4642857142857143
اپال,تکنیکال-flow_net,64,0.453,0.000,,0.45588235294117646
اپال,تکنیکال-fibo,3,0.333,0.000,,0.42857142857142855
اپال,تکنیکال-adx,48,0.417,0.000,,0.4230769230769231
اپال,تکنیکال-trendflow,50,0.380,0.000,,0.3888888888888889
اپال,تکنیکال-stoch,20,0.350,0.000,,0.375
اپرداز,تکنیکال-boll,39,0.641,0.000,,0.627906976744186
اپرداز,تکنیکال-fibo,9,0.667,0.000,,0.6153846153846154
اپرداز,تکنیکال-volbrk,43,0.558,0.000,,0.5531914893617021
اپرداز,تکنیکال-donch,37,0.541,0.000,,0.5365853658536586
اپرداز,تکنیکال-psar,96,0.521,0.000,,0.52
اپرداز,تکنیکال-macd,62,0.516,0.000,,0.5151515151515151
اپرداز,تکنیکال-flow_net,86,0.512,0.000,,0.5111111111111111
اپرداز,تکنیکال-rsi,28,0.500,0.000,,0.5
اپرداز,تکنیکال-obv,59,0.492,0.000,,0.49206349206349204
اپرداز,تکنیکال-stoch,66,0.485,0.000,,0.4857142857142857
اپرداز,تکنیکال-flow_bp,48,0.479,0.000,,0.4807692307692308
اپرداز,تکنیکال-super,30,0.433,0.000,,0.4411764705882353
اپرداز,تکنیکال-ichi,31,0.419,0.000,,0.42857142857142855
اپرداز,تکنیکال-trendflow,41,0.415,0.000,,0.4222222222222222
اپرداز,تکنیکال-adx,49,0.367,0.000,,0.37735849056603776
اپرداز,تکنیکال-sma,26,0.308,0.000,,0.3333333333333333
باران,تکنیکال-fibo,6,0.833,0.000,,0.7
باران,تکنیکال-volbrk,19,0.632,0.000,,0.6086956521739131
باران,تکنیکال-super,15,0.600,0.000,,0.5789473684210527
باران,تکنیکال-donch,17,0.588,0.000,,0.5714285714285714
باران,تکنیکال-flow_net,68,0.544,0.000,,0.5416666666666666
باران,تکنیکال-flow_bp,74,0.541,0.000,,0.5384615384615384
باران,تکنیکال-psar,63,0.524,0.000,,0.5223880597014925
باران,تکنیکال-sma,15,0.467,0.000,,0.47368421052631576
باران,تکنیکال-macd,47,0.468,0.000,,0.47058823529411764
باران,تکنیکال-stoch,26,0.462,0.000,,0.4666666666666667
باران,تکنیکال-boll,20,0.450,0.000,,0.4583333333333333
باران,تکنیکال-trendflow,43,0.442,0.000,,0.44680851063829785
باران,تکنیکال-obv,31,0.419,0.000,,0.42857142857142855
باران,تکنیکال-ichi,19,0.368,0.000,,0.391304347826087
باران,تکنیکال-rsi,16,0.312,0.000,,0.35
باران,تکنیکال-adx,31,0.323,0.000,,0.34285714285714286
بازرگام,تکنیکال-stoch,19,0.737,0.000,,0.6956521739130435
بازرگام,تکنیکال-boll,15,0.600,0.000,,0.5789473684210527
بازرگام,تکنیکال-psar,29,0.586,0.000,,0.5757575757575758
بازرگام,تکنیکال-macd,20,0.550,0.000,,0.5416666666666666
بازرگام,تکنیکال-adx,16,0.500,0.000,,0.5
بازرگام,تکنیکال-rsi,8,0.500,0.000,,0.5
بازرگام,تکنیکال-super,6,0.500,0.000,,0.5
بازرگام,تکنیکال-flow_bp,32,0.469,0.000,,0.4722222222222222
بازرگام,تکنیکال-volbrk,9,0.444,0.000,,0.46153846153846156
بازرگام,تکنیکال-flow_net,40,0.450,0.000,,0.45454545454545453
بازرگام,تکنیکال-fibo,3,0.333,0.000,,0.42857142857142855
بازرگام,تکنیکال-obv,16,0.375,0.000,,0.4
بازرگام,تکنیکال-sma,6,0.333,0.000,,0.4
بازرگام,تکنیکال-trendflow,19,0.368,0.000,,0.391304347826087
بازرگام,تکنیکال-donch,12,0.333,0.000,,0.375
بازرگام,تکنیکال-ichi,11,0.273,0.000,,0.3333333333333333
بالاس,تکنیکال-flow_net,39,0.667,0.000,,0.6511627906976745
بالاس,تکنیکال-flow_bp,70,0.600,0.000,,0.5945945945945946
بالاس,تکنیکال-stoch,71,0.592,0.000,,0.5866666666666667
بالاس,تکنیکال-trendflow,25,0.600,0.000,,0.5862068965517241
بالاس,تکنیکال-volbrk,33,0.576,0.000,,0.5675675675675675
بالاس,تکنیکال-rsi,26,0.577,0.000,,0.5666666666666667
بالاس,تکنیکال-ichi,23,0.565,0.000,,0.5555555555555556
بالاس,تکنیکال-super,29,0.552,0.000,,0.5454545454545454
بالاس,تکنیکال-macd,72,0.486,0.000,,0.4868421052631579
بالاس,تکنیکال-donch,38,0.474,0.000,,0.47619047619047616
بالاس,تکنیکال-psar,99,0.455,0.000,,0.4563106796116505
بالاس,تکنیکال-boll,29,0.448,0.000,,0.45454545454545453
بالاس,تکنیکال-fibo,7,0.429,0.000,,0.45454545454545453
بالاس,تکنیکال-adx,60,0.433,0.000,,0.4375
بالاس,تکنیکال-obv,58,0.431,0.000,,0.43548387096774194
بالاس,تکنیکال-sma,23,0.304,0.000,,0.3333333333333333
بالبر,تکنیکال-flow_bp,70,0.586,0.000,,0.581081081081081
بالبر,تکنیکال-sma,17,0.588,0.000,,0.5714285714285714
بالبر,تکنیکال-rsi,35,0.543,0.000,,0.5384615384615384
بالبر,تکنیکال-psar,93,0.538,0.000,,0.5360824742268041
بالبر,تکنیکال-trendflow,34,0.529,0.000,,0.5263157894736842
بالبر,تکنیکال-boll,38,0.526,0.000,,0.5238095238095238
بالبر,تکنیکال-adx,48,0.521,0.000,,0.5192307692307693
بالبر,تکنیکال-macd,64,0.500,0.000,,0.5
بالبر,تکنیکال-flow_net,64,0.484,0.000,,0.4852941176470588
بالبر,تکنیکال-ichi,27,0.481,0.000,,0.4838709677419355
بالبر,تکنیکال-fibo,17,0.471,0.000,,0.47619047619047616
بالبر,تکنیکال-super,30,0.467,0.000,,0.47058823529411764
بالبر,تکنیکال-stoch,71,0.465,0.000,,0.4666666666666667
بالبر,تکنیکال-volbrk,35,0.457,0.000,,0.46153846153846156
بالبر,تکنیکال-donch,30,0.433,0.000,,0.4411764705882353
بالبر,تکنیکال-obv,47,0.426,0.000,,0.43137254901960786
بایکا,تکنیکال-donch,12,0.833,0.000,,0.75
بایکا,تکنیکال-sma,12,0.833,0.000,,0.75
بایکا,تکنیکال-volbrk,22,0.727,0.000,,0.6923076923076923
بایکا,تکنیکال-super,17,0.706,0.000,,0.6666666666666666
بایکا,تکنیکال-psar,69,0.652,0.000,,0.6438356164383562
بایکا,تکنیکال-ichi,16,0.625,0.000,,0.6
بایکا,تکنیکال-flow_net,27,0.593,0.000,,0.5806451612903226
بایکا,تکنیکال-rsi,21,0.571,0.000,,0.56
بایکا,تکنیکال-obv,31,0.548,0.000,,0.5428571428571428
بایکا,تکنیکال-flow_bp,108,0.537,0.000,,0.5357142857142857
بایکا,تکنیکال-macd,40,0.525,0.000,,0.5227272727272727
بایکا,تکنیکال-adx,45,0.511,0.000,,0.5102040816326531
بایکا,تکنیکال-trendflow,46,0.500,0.000,,0.5
بایکا,تکنیکال-boll,30,0.467,0.000,,0.47058823529411764
بایکا,تکنیکال-stoch,37,0.405,0.000,,0.4146341463414634
بایکا,تکنیکال-fibo,8,0.250,0.000,,0.3333333333333333
بترانس,تکنیکال-fibo,15,0.533,0.000,,0.5263157894736842
بترانس,تکنیکال-flow_bp,52,0.519,0.000,,0.5178571428571429
بترانس,تکنیکال-rsi,16,0.500,0.000,,0.5
بترانس,تکنیکال-super,30,0.500,0.000,,0.5
بترانس,تکنیکال-stoch,67,0.463,0.000,,0.4647887323943662
بترانس,تکنیکال-boll,40,0.450,0.000,,0.45454545454545453
بترانس,تکنیکال-adx,57,0.439,0.000,,0.4426229508196721
بترانس,تکنیکال-sma,26,0.423,0.000,,0.43333333333333335
بترانس,تکنیکال-psar,96,0.417,0.000,,0.42
بترانس,تکنیکال-ichi,35,0.400,0.000,,0.41025641025641024
بترانس,تکنیکال-trendflow,58,0.397,0.000,,0.4032258064516129
بترانس,تکنیکال-flow_net,74,0.392,0.000,,0.3974358974358974
بترانس,تکنیکال-obv,72,0.375,0.000,,0.3815789473684211
بترانس,تکنیکال-donch,39,0.359,0.000,,0.37209302325581395
بترانس,تکنیکال-macd,79,0.354,0.000,,0.3614457831325301
بترانس,تکنیکال-volbrk,47,0.298,0.000,,0.3137254901960784
بتهران,تکنیکال-ichi,5,0.800,0.000,,0.6666666666666666
بتهران,تکنیکال-obv,5,0.800,0.000,,0.6666666666666666
بتهران,تکنیکال-flow_net,11,0.636,0.000,,0.6
بتهران,تکنیکال-trendflow,1,1.000,0.000,,0.6
بتهران,تکنیکال-sma,3,0.667,0.000,,0.5714285714285714
بتهران,تکنیکال-donch,5,0.600,0.000,,0.5555555555555556
بتهران,تکنیکال-super,5,0.600,0.000,,0.5555555555555556
بتهران,تکنیکال-volbrk,7,0.571,0.000,,0.5454545454545454
بتهران,تکنیکال-flow_bp,9,0.556,0.000,,0.5384615384615384
بتهران,تکنیکال-psar,17,0.529,0.000,,0.5238095238095238
بتهران,تکنیکال-fibo,2,0.500,0.000,,0.5
بتهران,تکنیکال-macd,13,0.462,0.000,,0.47058823529411764
بتهران,تکنیکال-stoch,5,0.400,0.000,,0.4444444444444444
بتهران,تکنیکال-boll,3,0.333,0.000,,0.42857142857142855
بتهران,تکنیکال-adx,11,0.364,0.000,,0.4
بتهران,تکنیکال-rsi,2,0.000,0.000,,0.3333333333333333
بتک,تکنیکال-ichi,5,0.800,0.000,,0.6666666666666666
بتک,تکنیکال-trendflow,11,0.727,0.000,,0.6666666666666666
بتک,تکنیکال-donch,7,0.714,0.000,,0.6363636363636364
بتک,تکنیکال-stoch,20,0.650,0.000,,0.625
بتک,تکنیکال-flow_net,12,0.583,0.000,,0.5625
بتک,تکنیکال-flow_bp,61,0.541,0.000,,0.5384615384615384
بتک,تکنیکال-psar,35,0.543,0.000,,0.5384615384615384
بتک,تکنیکال-volbrk,13,0.538,0.000,,0.5294117647058824
بتک,تکنیکال-rsi,15,0.533,0.000,,0.5263157894736842
بتک,تکنیکال-macd,31,0.516,0.000,,0.5142857142857142
بتک,تکنیکال-adx,30,0.500,0.000,,0.5
بتک,تکنیکال-boll,16,0.500,0.000,,0.5
بتک,تکنیکال-fibo,2,0.500,0.000,,0.5
بتک,تکنیکال-sma,6,0.500,0.000,,0.5
بتک,تکنیکال-super,6,0.500,0.000,,0.5
بتک,تکنیکال-obv,19,0.421,0.000,,0.43478260869565216
بجهرم,تکنیکال-boll,44,0.636,0.000,,0.625
بجهرم,تکنیکال-stoch,71,0.563,0.000,,0.56
بجهرم,تکنیکال-flow_net,60,0.533,0.000,,0.53125
بجهرم,تکنیکال-volbrk,45,0.511,0.000,,0.5102040816326531
بجهرم,تکنیکال-donch,49,0.490,0.000,,0.49056603773584906
بجهرم,تکنیکال-macd,72,0.486,0.000,,0.4868421052631579
بجهرم,تکنیکال-flow_bp,107,0.477,0.000,,0.4774774774774775
بجهرم,تکنیکال-super,38,0.474,0.000,,0.47619047619047616
بجهرم,تکنیکال-ichi,30,0.467,0.000,,0.47058823529411764
بجهرم,تکنیکال-obv,65,0.462,0.000,,0.463768115942029
بجهرم,تکنیکال-trendflow,70,0.429,0.000,,0.43243243243243246
بجهرم,تکنیکال-sma,22,0.409,0.000,,0.4230769230769231
بجهرم,تکنیکال-psar,105,0.410,0.000,,0.41284403669724773
بجهرم,تکنیکال-rsi,33,0.364,0.000,,0.3783783783783784
بجهرم,تکنیکال-fibo,18,0.333,0.000,,0.36363636363636365
بجهرم,تکنیکال-adx,73,0.329,0.000,,0.33766233766233766
بخاور,تکنیکال-stoch,49,0.612,0.000,,0.6037735849056604
بخاور,تکنیکال-flow_net,76,0.592,0.000,,0.5875
بخاور,تکنیکال-trendflow,63,0.540,0.000,,0.5373134328358209
بخاور,تکنیکال-boll,26,0.538,0.000,,0.5333333333333333
بخاور,تکنیکال-donch,32,0.531,0.000,,0.5277777777777778
بخاور,تکنیکال-rsi,21,0.524,0.000,,0.52
بخاور,تکنیکال-adx,51,0.510,0.000,,0.509090909090909
بخاور,تکنیکال-flow_bp,83,0.494,0.000,,0.4942528735632184
بخاور,تکنیکال-super,19,0.474,0.000,,0.4782608695652174
بخاور,تکنیکال-obv,52,0.462,0.000,,0.4642857142857143
بخاور,تکنیکال-ichi,36,0.444,0.000,,0.45
بخاور,تکنیکال-psar,101,0.406,0.000,,0.4095238095238095
بخاور,تکنیکال-macd,63,0.397,0.000,,0.40298507462686567
بخاور,تکنیکال-volbrk,42,0.381,0.000,,0.391304347826087
بخاور,تکنیکال-sma,29,0.310,0.000,,0.3333333333333333
بخاور,تکنیکال-fibo,7,0.000,0.000,,0.18181818181818182
برکت,تکنیکال-volbrk,30,0.633,0.000,,0.6176470588235294
برکت,تکنیکال-flow_bp,39,0.590,0.000,,0.5813953488372093
برکت,تکنیکال-donch,32,0.562,0.000,,0.5555555555555556
برکت,تکنیکال-fibo,9,0.556,0.000,,0.5384615384615384
برکت,تکنیکال-rsi,35,0.543,0.000,,0.5384615384615384
برکت,تکنیکال-boll,47,0.532,0.000,,0.5294117647058824
برکت,تکنیکال-macd,63,0.508,0.000,,0.5074626865671642
برکت,تکنیکال-super,34,0.500,0.000,,0.5
برکت,تکنیکال-flow_net,72,0.458,0.000,,0.4605263157894737
برکت,تکنیکال-sma,23,0.435,0.000,,0.4444444444444444
برکت,تکنیکال-adx,51,0.431,0.000,,0.43636363636363634
برکت,تکنیکال-stoch,86,0.430,0.000,,0.43333333333333335
برکت,تکنیکال-psar,105,0.429,0.000,,0.43119266055045874
برکت,تکنیکال-ichi,36,0.417,0.000,,0.425
برکت,تکنیکال-obv,88,0.420,0.000,,0.42391304347826086
برکت,تکنیکال-trendflow,43,0.326,0.000,,0.3404255319148936
بزاگرس,تکنیکال-rsi,23,0.696,0.000,,0.6666666666666666
بزاگرس,تکنیکال-donch,34,0.618,0.000,,0.6052631578947368
بزاگرس,تکنیکال-stoch,69,0.609,0.000,,0.6027397260273972
بزاگرس,تکنیکال-super,26,0.538,0.000,,0.5333333333333333
بزاگرس,تکنیکال-macd,72,0.528,0.000,,0.5263157894736842
بزاگرس,تکنیکال-flow_net,67,0.522,0.000,,0.5211267605633803
بزاگرس,تکنیکال-boll,32,0.500,0.000,,0.5
بزاگرس,تکنیکال-ichi,33,0.485,0.000,,0.4864864864864865
بزاگرس,تکنیکال-obv,64,0.453,0.000,,0.45588235294117646
بزاگرس,تکنیکال-flow_bp,88,0.432,0.000,,0.43478260869565216
بزاگرس,تکنیکال-adx,52,0.423,0.000,,0.42857142857142855
بزاگرس,تکنیکال-volbrk,48,0.417,0.000,,0.4230769230769231
بزاگرس,تکنیکال-trendflow,53,0.415,0.000,,0.42105263157894735
بزاگرس,تکنیکال-psar,107,0.411,0.000,,0.4144144144144144
بزاگرس,تکنیکال-sma,25,0.400,0.000,,0.41379310344827586
بزاگرس,تکنیکال-fibo,13,0.308,0.000,,0.35294117647058826
بزندگی,تکنیکال-adx,1,1.000,0.000,,0.6
بزندگی,تکنیکال-donch,1,1.000,0.000,,0.6
بزندگی,تکنیکال-ichi,1,1.000,0.000,,0.6
بزندگی,تکنیکال-obv,1,1.000,0.000,,0.6
بزندگی,تکنیکال-sma,1,1.000,0.000,,0.6
بزندگی,تکنیکال-super,1,1.000,0.000,,0.6
بزندگی,تکنیکال-trendflow,1,1.000,0.000,,0.6
بزندگی,تکنیکال-volbrk,1,1.000,0.000,,0.6
بزندگی,تکنیکال-psar,3,0.667,0.000,,0.5714285714285714
بزندگی,تکنیکال-flow_bp,19,0.579,0.000,,0.5652173913043478
بزندگی,تکنیکال-macd,5,0.600,0.000,,0.5555555555555556
بزندگی,تکنیکال-flow_net,15,0.533,0.000,,0.5263157894736842
بزندگی,تکنیکال-boll,0,,0.000,,0.5
بزندگی,تکنیکال-fibo,0,,0.000,,0.5
بزندگی,تکنیکال-rsi,0,,0.000,,0.5
بزندگی,تکنیکال-stoch,0,,0.000,,0.5
بساما,تکنیکال-rsi,16,0.625,0.000,,0.6
بساما,تکنیکال-boll,35,0.600,0.000,,0.5897435897435898
بساما,تکنیکال-stoch,51,0.549,0.000,,0.5454545454545454
بساما,تکنیکال-flow_net,66,0.545,0.000,,0.5428571428571428
بساما,تکنیکال-flow_bp,41,0.537,0.000,,0.5333333333333333
بساما,تکنیکال-fibo,6,0.500,0.000,,0.5
بساما,تکنیکال-super,20,0.450,0.000,,0.4583333333333333
بساما,تکنیکال-psar,115,0.452,0.000,,0.453781512605042
بساما,تکنیکال-trendflow,43,0.442,0.000,,0.44680851063829785
بساما,تکنیکال-adx,50,0.420,0.000,,0.42592592592592593
بساما,تکنیکال-sma,21,0.381,0.000,,0.4
بساما,تکنیکال-macd,74,0.378,0.000,,0.38461538461538464
بساما,تکنیکال-obv,75,0.347,0.000,,0.35443037974683544
بساما,تکنیکال-donch,30,0.333,0.000,,0.35294117647058826
بساما,تکنیکال-volbrk,40,0.325,0.000,,0.3409090909090909
بساما,تکنیکال-ichi,28,0.286,0.000,,0.3125
بسویچ,تکنیکال-fibo,12,0.750,0.000,,0.6875
بسویچ,تکنیکال-stoch,43,0.605,0.000,,0.5957446808510638
بسویچ,تکنیکال-flow_net,81,0.580,0.000,,0.5764705882352941
بسویچ,تکنیکال-super,21,0.571,0.000,,0.56
بسویچ,تکنیکال-boll,30,0.567,0.000,,0.5588235294117647
بسویچ,تکنیکال-volbrk,43,0.535,0.000,,0.5319148936170213
بسویچ,تکنیکال-rsi,22,0.500,0.000,,0.5
بسویچ,تکنیکال-macd,61,0.492,0.000,,0.49230769230769234
بسویچ,تکنیکال-psar,107,0.486,0.000,,0.4864864864864865
بسویچ,تکنیکال-donch,23,0.478,0.000,,0.48148148148148145
بسویچ,تکنیکال-flow_bp,77,0.481,0.000,,0.48148148148148145
بسویچ,تکنیکال-trendflow,49,0.469,0.000,,0.4716981132075472
بسویچ,تکنیکال-ichi,36,0.444,0.000,,0.45
بسویچ,تکنیکال-obv,52,0.385,0.000,,0.39285714285714285
بسویچ,تکنیکال-sma,25,0.360,0.000,,0.3793103448275862
بسویچ,تکنیکال-adx,57,0.333,0.000,,0.3442622950819672
بشهاب,تکنیکال-stoch,57,0.544,0.000,,0.5409836065573771
بشهاب,تکنیکال-donch,29,0.517,0.000,,0.5151515151515151
بشهاب,تکنیکال-macd,66,0.515,0.000,,0.5142857142857142
بشهاب,تکنیکال-adx,50,0.480,0.000,,0.48148148148148145
بشهاب,تکنیکال-psar,96,0.479,0.000,,0.48
بشهاب,تکنیکال-flow_bp,54,0.463,0.000,,0.46551724137931033
بشهاب,تکنیکال-sma,22,0.455,0.000,,0.46153846153846156
بشهاب,تکنیکال-ichi,27,0.444,0.000,,0.45161290322580644
بشهاب,تکنیکال-trendflow,50,0.440,0.000,,0.4444444444444444
بشهاب,تکنیکال-flow_net,44,0.432,0.000,,0.4375
بشهاب,تکنیکال-boll,36,0.417,0.000,,0.425
بشهاب,تکنیکال-super,29,0.414,0.000,,0.42424242424242425
بشهاب,تکنیکال-fibo,15,0.400,0.000,,0.42105263157894735
بشهاب,تکنیکال-obv,61,0.393,0.000,,0.4
بشهاب,تکنیکال-volbrk,42,0.381,0.000,,0.391304347826087
بشهاب,تکنیکال-rsi,21,0.333,0.000,,0.36
بفجر,تکنیکال-donch,16,0.750,0.000,,0.7
بفجر,تکنیکال-macd,38,0.658,0.000,,0.6428571428571429
بفجر,تکنیکال-stoch,21,0.667,0.000,,0.64
بفجر,تکنیکال-rsi,13,0.615,0.000,,0.5882352941176471
بفجر,تکنیکال-boll,24,0.583,0.000,,0.5714285714285714
بفجر,تکنیکال-psar,82,0.537,0.000,,0.5348837209302325
بفجر,تکنیکال-obv,28,0.536,0.000,,0.53125
بفجر,تکنیکال-adx,39,0.513,0.000,,0.5116279069767442
بفجر,تکنیکال-flow_net,82,0.512,0.000,,0.5116279069767442
بفجر,تکنیکال-fibo,4,0.500,0.000,,0.5
بفجر,تکنیکال-flow_bp,74,0.500,0.000,,0.5
بفجر,تکنیکال-volbrk,36,0.500,0.000,,0.5
بفجر,تکنیکال-trendflow,51,0.490,0.000,,0.4909090909090909
بفجر,تکنیکال-ichi,21,0.476,0.000,,0.48
بفجر,تکنیکال-super,15,0.467,0.000,,0.47368421052631576
بفجر,تکنیکال-sma,17,0.412,0.000,,0.42857142857142855
بموتو,تکنیکال-fibo,11,0.636,0.000,,0.6
بموتو,تکنیکال-stoch,58,0.534,0.000,,0.532258064516129
بموتو,تکنیکال-ichi,28,0.536,0.000,,0.53125
بموتو,تکنیکال-flow_net,105,0.524,0.000,,0.5229357798165137
بموتو,تکنیکال-volbrk,44,0.500,0.000,,0.5
بموتو,تکنیکال-boll,33,0.485,0.000,,0.4864864864864865
بموتو,تکنیکال-flow_bp,88,0.466,0.000,,0.4673913043478261
بموتو,تکنیکال-super,26,0.462,0.000,,0.4666666666666667
بموتو,تکنیکال-macd,64,0.453,0.000,,0.45588235294117646
بموتو,تکنیکال-psar,93,0.452,0.000,,0.4536082474226804
بموتو,تکنیکال-rsi,21,0.429,0.000,,0.44
بموتو,تکنیکال-obv,53,0.434,0.000,,0.43859649122807015
بموتو,تکنیکال-adx,52,0.423,0.000,,0.42857142857142855
بموتو,تکنیکال-donch,38,0.421,0.000,,0.42857142857142855
بموتو,تکنیکال-sma,24,0.417,0.000,,0.42857142857142855
بموتو,تکنیکال-trendflow,37,0.378,0.000,,0.3902439024390244
بمولد,تکنیکال-volbrk,18,0.611,0.000,,0.5909090909090909
بمولد,تکنیکال-fibo,3,0.667,0.000,,0.5714285714285714
بمولد,تکنیکال-donch,12,0.583,0.000,,0.5625
بمولد,تکنیکال-sma,11,0.545,0.000,,0.5333333333333333
بمولد,تکنیکال-boll,13,0.538,0.000,,0.5294117647058824
بمولد,تکنیکال-super,16,0.500,0.000,,0.5
بمولد,تکنیکال-trendflow,55,0.491,0.000,,0.4915254237288136
بمولد,تکنیکال-flow_net,52,0.481,0.000,,0.48214285714285715
بمولد,تکنیکال-flow_bp,104,0.481,0.000,,0.48148148148148145
بمولد,تکنیکال-rsi,9,0.444,0.000,,0.46153846153846156
بمولد,تکنیکال-adx,27,0.444,0.000,,0.45161290322580644
بمولد,تکنیکال-ichi,16,0.438,0.000,,0.45
بمولد,تکنیکال-psar,49,0.429,0.000,,0.4339622641509434
بمولد,تکنیکال-macd,32,0.406,0.000,,0.4166666666666667
بمولد,تکنیکال-stoch,20,0.400,0.000,,0.4166666666666667
بمولد,تکنیکال-obv,29,0.345,0.000,,0.36363636363636365
بمپنا,تکنیکال-donch,34,0.618,0.000,,0.6052631578947368
بمپنا,تکنیکال-rsi,24,0.542,0.000,,0.5357142857142857
بمپنا,تکنیکال-flow_net,108,0.519,0.000,,0.5178571428571429
بمپنا,تکنیکال-stoch,62,0.516,0.000,,0.5151515151515151
بمپنا,تکنیکال-flow_bp,90,0.489,0.000,,0.48936170212765956
بمپنا,تکنیکال-boll,25,0.480,0.000,,0.4827586206896552
بمپنا,تکنیکال-volbrk,52,0.462,0.000,,0.4642857142857143
بمپنا,تکنیکال-macd,80,0.425,0.000,,0.42857142857142855
بمپنا,تکنیکال-super,31,0.419,0.000,,0.42857142857142855
بمپنا,تکنیکال-obv,51,0.412,0.000,,0.41818181818181815
بمپنا,تکنیکال-adx,59,0.407,0.000,,0.4126984126984127
بمپنا,تکنیکال-ichi,43,0.395,0.000,,0.40425531914893614
بمپنا,تکنیکال-psar,103,0.398,0.000,,0.40186915887850466
بمپنا,تکنیکال-trendflow,55,0.382,0.000,,0.3898305084745763
بمپنا,تکنیکال-fibo,15,0.267,0.000,,0.3157894736842105
بمپنا,تکنیکال-sma,27,0.222,0.000,,0.25806451612903225
بمیلا,تکنیکال-volbrk,23,0.696,0.000,,0.6666666666666666
بمیلا,تکنیکال-obv,41,0.561,0.000,,0.5555555555555556
بمیلا,تکنیکال-stoch,59,0.559,0.000,,0.5555555555555556
بمیلا,تکنیکال-super,26,0.538,0.000,,0.5333333333333333
بمیلا,تکنیکال-flow_bp,68,0.515,0.000,,0.5138888888888888
بمیلا,تکنیکال-flow_net,71,0.507,0.000,,0.5066666666666667
بمیلا,تکنیکال-donch,28,0.500,0.000,,0.5
بمیلا,تکنیکال-macd,60,0.500,0.000,,0.5
بمیلا,تکنیکال-rsi,30,0.500,0.000,,0.5
بمیلا,تکنیکال-sma,20,0.500,0.000,,0.5
بمیلا,تکنیکال-boll,27,0.481,0.000,,0.4838709677419355
بمیلا,تکنیکال-fibo,15,0.400,0.000,,0.42105263157894735
بمیلا,تکنیکال-trendflow,46,0.391,0.000,,0.4
بمیلا,تکنیکال-psar,83,0.386,0.000,,0.39080459770114945
بمیلا,تکنیکال-adx,45,0.378,0.000,,0.3877551020408163
بمیلا,تکنیکال-ichi,24,0.333,0.000,,0.35714285714285715
بنو,تکنیکال-volbrk,29,0.690,0.000,,0.6666666666666666
بنو,تکنیکال-sma,17,0.647,0.000,,0.6190476190476191
بنو,تکنیکال-donch,23,0.609,0.000,,0.5925925925925926
بنو,تکنیکال-trendflow,22,0.591,0.000,,0.5769230769230769
بنو,تکنیکال-stoch,70,0.571,0.000,,0.5675675675675675
بنو,تکنیکال-flow_net,52,0.558,0.000,,0.5535714285714286
بنو,تکنیکال-super,26,0.538,0.000,,0.5333333333333333
بنو,تکنیکال-boll,43,0.535,0.000,,0.5319148936170213
بنو,تکنیکال-obv,58,0.500,0.000,,0.5
بنو,تکنیکال-adx,52,0.481,0.000,,0.48214285714285715
بنو,تکنیکال-flow_bp,52,0.481,0.000,,0.48214285714285715
بنو,تکنیکال-macd,61,0.475,0.000,,0.47692307692307695
بنو,تکنیکال-rsi,34,0.441,0.000,,0.4473684210526316
بنو,تکنیکال-ichi,23,0.435,0.000,,0.4444444444444444
بنو,تکنیکال-psar,100,0.430,0.000,,0.4326923076923077
بنو,تکنیکال-fibo,10,0.400,0.000,,0.42857142857142855
بنیرو,تکنیکال-donch,30,0.600,0.000,,0.5882352941176471
بنیرو,تکنیکال-boll,34,0.529,0.000,,0.5263157894736842
بنیرو,تکنیکال-trendflow,52,0.519,0.000,,0.5178571428571429
بنیرو,تکنیکال-stoch,56,0.518,0.000,,0.5166666666666667
بنیرو,تکنیکال-volbrk,45,0.511,0.000,,0.5102040816326531
بنیرو,تکنیکال-ichi,29,0.483,0.000,,0.48484848484848486
بنیرو,تکنیکال-psar,94,0.479,0.000,,0.47959183673469385
بنیرو,تکنیکال-macd,68,0.471,0.000,,0.4722222222222222
بنیرو,تکنیکال-flow_net,85,0.459,0.000,,0.4606741573033708
بنیرو,تکنیکال-obv,57,0.456,0.000,,0.45901639344262296
بنیرو,تکنیکال-rsi,16,0.438,0.000,,0.45
بنیرو,تکنیکال-sma,23,0.435,0.000,,0.4444444444444444
بنیرو,تکنیکال-super,24,0.417,0.000,,0.42857142857142855
بنیرو,تکنیکال-flow_bp,71,0.423,0.000,,0.4266666666666667
بنیرو,تکنیکال-fibo,10,0.300,0.000,,0.35714285714285715
بنیرو,تکنیکال-adx,64,0.344,0.000,,0.35294117647058826
بهامرز,تکنیکال-donch,1,1.000,0.000,,0.6
بهامرز,تکنیکال-super,1,1.000,0.000,,0.6
بهامرز,تکنیکال-obv,3,0.667,0.000,,0.5714285714285714
بهامرز,تکنیکال-trendflow,5,0.600,0.000,,0.5555555555555556
بهامرز,تکنیکال-adx,0,,0.000,,0.5
بهامرز,تکنیکال-boll,0,,0.000,,0.5
بهامرز,تکنیکال-fibo,0,,0.000,,0.5
بهامرز,تکنیکال-flow_bp,12,0.500,0.000,,0.5
بهامرز,تکنیکال-ichi,2,0.500,0.000,,0.5
بهامرز,تکنیکال-rsi,0,,0.000,,0.5
بهامرز,تکنیکال-sma,0,,0.000,,0.5
بهامرز,تکنیکال-stoch,2,0.500,0.000,,0.5
بهامرز,تکنیکال-macd,5,0.400,0.000,,0.4444444444444444
بهامرز,تکنیکال-volbrk,3,0.333,0.000,,0.42857142857142855
بهامرز,تکنیکال-psar,7,0.286,0.000,,0.36363636363636365
بهامرز,تکنیکال-flow_net,10,0.300,0.000,,0.35714285714285715
بهپاک,تکنیکال-flow_bp,59,0.610,0.000,,0.6031746031746031
بهپاک,تکنیکال-rsi,19,0.526,0.000,,0.5217391304347826
بهپاک,تکنیکال-macd,74,0.486,0.000,,0.48717948717948717
بهپاک,تکنیکال-obv,50,0.460,0.000,,0.46296296296296297
بهپاک,تکنیکال-psar,93,0.441,0.000,,0.44329896907216493
بهپاک,تکنیکال-trendflow,51,0.431,0.000,,0.43636363636363634
بهپاک,تکنیکال-volbrk,47,0.426,0.000,,0.43137254901960786
بهپاک,تکنیکال-adx,55,0.400,0.000,,0.4067796610169492
بهپاک,تکنیکال-stoch,65,0.400,0.000,,0.4057971014492754
بهپاک,تکنیکال-flow_net,95,0.400,0.000,,0.40404040404040403
بهپاک,تکنیکال-ichi,39,0.385,0.000,,0.3953488372093023
بهپاک,تکنیکال-fibo,14,0.357,0.000,,0.3888888888888889
بهپاک,تکنیکال-donch,42,0.357,0.000,,0.3695652173913043
بهپاک,تکنیکال-sma,25,0.320,0.000,,0.3448275862068966
بهپاک,تکنیکال-super,31,0.323,0.000,,0.34285714285714286
بهپاک,تکنیکال-boll,39,0.308,0.000,,0.32558139534883723
بهیر,تکنیکال-super,15,0.667,0.000,,0.631578947368421
بهیر,تکنیکال-trendflow,19,0.632,0.000,,0.6086956521739131
بهیر,تکنیکال-adx,25,0.600,0.000,,0.5862068965517241
بهیر,تکنیکال-psar,63,0.587,0.000,,0.582089552238806
بهیر,تکنیکال-sma,7,0.571,0.000,,0.5454545454545454
بهیر,تکنیکال-flow_bp,46,0.543,0.000,,0.54
بهیر,تکنیکال-volbrk,9,0.556,0.000,,0.5384615384615384
بهیر,تکنیکال-donch,11,0.545,0.000,,0.5333333333333333
بهیر,تکنیکال-ichi,11,0.545,0.000,,0.5333333333333333
بهیر,تکنیکال-stoch,32,0.531,0.000,,0.5277777777777778
بهیر,تکنیکال-macd,36,0.528,0.000,,0.525
بهیر,تکنیکال-rsi,17,0.529,0.000,,0.5238095238095238
بهیر,تکنیکال-obv,25,0.520,0.000,,0.5172413793103449
بهیر,تکنیکال-flow_net,35,0.486,0.000,,0.48717948717948717
بهیر,تکنیکال-boll,18,0.389,0.000,,0.4090909090909091
بهیر,تکنیکال-fibo,6,0.333,0.000,,0.4
بورس,تکنیکال-donch,32,0.625,0.000,,0.6111111111111112
بورس,تکنیکال-volbrk,38,0.553,0.000,,0.5476190476190477
بورس,تکنیکال-ichi,24,0.542,0.000,,0.5357142857142857
بورس,تکنیکال-flow_bp,61,0.508,0.000,,0.5076923076923077
بورس,تکنیکال-flow_net,93,0.505,0.000,,0.5051546391752577
بورس,تکنیکال-adx,51,0.471,0.000,,0.4727272727272727
بورس,تکنیکال-rsi,33,0.455,0.000,,0.4594594594594595
بورس,تکنیکال-super,33,0.455,0.000,,0.4594594594594595
بورس,تکنیکال-stoch,79,0.456,0.000,,0.4578313253012048
بورس,تکنیکال-trendflow,46,0.435,0.000,,0.44
بورس,تکنیکال-macd,54,0.426,0.000,,0.43103448275862066
بورس,تکنیکال-obv,62,0.403,0.000,,0.4090909090909091
بورس,تکنیکال-psar,89,0.404,0.000,,0.40860215053763443
بورس,تکنیکال-sma,26,0.385,0.000,,0.4
بورس,تکنیکال-boll,43,0.372,0.000,,0.3829787234042553
بورس,تکنیکال-fibo,14,0.286,0.000,,0.3333333333333333
بوعلی,تکنیکال-fibo,10,0.700,0.000,,0.6428571428571429
بوعلی,تکنیکال-stoch,40,0.650,0.000,,0.6363636363636364
بوعلی,تکنیکال-rsi,23,0.565,0.000,,0.5555555555555556
بوعلی,تکنیکال-trendflow,61,0.557,0.000,,0.5538461538461539
بوعلی,تکنیکال-psar,70,0.486,0.000,,0.4864864864864865
بوعلی,تکنیکال-sma,21,0.476,0.000,,0.48
بوعلی,تکنیکال-macd,53,0.472,0.000,,0.47368421052631576
بوعلی,تکنیکال-flow_bp,85,0.471,0.000,,0.47191011235955055
بوعلی,تکنیکال-flow_net,83,0.470,0.000,,0.47126436781609193
بوعلی,تکنیکال-super,24,0.458,0.000,,0.4642857142857143
بوعلی,تکنیکال-donch,32,0.438,0.000,,0.4444444444444444
بوعلی,تکنیکال-obv,49,0.429,0.000,,0.4339622641509434
بوعلی,تکنیکال-ichi,31,0.419,0.000,,0.42857142857142855
بوعلی,تکنیکال-boll,22,0.409,0.000,,0.4230769230769231
بوعلی,تکنیکال-volbrk,38,0.395,0.000,,0.40476190476190477
بوعلی,تکنیکال-adx,49,0.347,0.000,,0.3584905660377358
بپاس,تکنیکال-donch,13,0.923,0.000,,0.8235294117647058
بپاس,تکنیکال-trendflow,10,0.900,0.000,,0.7857142857142857
بپاس,تکنیکال-obv,30,0.767,0.000,,0.7352941176470589
بپاس,تکنیکال-ichi,20,0.700,0.000,,0.6666666666666666
بپاس,تکنیکال-volbrk,26,0.654,0.000,,0.6333333333333333
بپاس,تکنیکال-rsi,20,0.600,0.000,,0.5833333333333334
بپاس,تکنیکال-flow_bp,24,0.583,0.000,,0.5714285714285714
بپاس,تکنیکال-super,17,0.529,0.000,,0.5238095238095238
بپاس,تکنیکال-stoch,23,0.522,0.000,,0.5185185185185185
بپاس,تکنیکال-psar,88,0.511,0.000,,0.5108695652173914
بپاس,تکنیکال-flow_net,38,0.500,0.000,,0.5
بپاس,تکنیکال-boll,27,0.481,0.000,,0.4838709677419355
بپاس,تکنیکال-sma,17,0.471,0.000,,0.47619047619047616
بپاس,تکنیکال-adx,50,0.440,0.000,,0.4444444444444444
بپاس,تکنیکال-macd,57,0.404,0.000,,0.4098360655737705
بپاس,تکنیکال-fibo,4,0.250,0.000,,0.375
بپویا,تکنیکال-flow_bp,16,0.625,0.000,,0.6
بپویا,تکنیکال-boll,2,0.500,0.000,,0.5
بپویا,تکنیکال-donch,4,0.500,0.000,,0.5
بپویا,تکنیکال-macd,2,0.500,0.000,,0.5
بپویا,تکنیکال-psar,10,0.500,0.000,,0.5
بپویا,تکنیکال-rsi,0,,0.000,,0.5
بپویا,تکنیکال-trendflow,6,0.500,0.000,,0.5
بپویا,تکنیکال-stoch,3,0.333,0.000,,0.42857142857142855
بپویا,تکنیکال-fibo,1,0.000,0.000,,0.4
بپویا,تکنیکال-flow_net,6,0.333,0.000,,0.4
بپویا,تکنیکال-super,4,0.250,0.000,,0.375
بپویا,تکنیکال-volbrk,2,0.000,0.000,,0.3333333333333333
بپویا,تکنیکال-adx,6,0.167,0.000,,0.3
بپویا,تکنیکال-sma,3,0.000,0.000,,0.2857142857142857
بپویا,تکنیکال-obv,7,0.143,0.000,,0.2727272727272727
بپویا,تکنیکال-ichi,7,0.000,0.000,,0.18181818181818182
بپیوند,تکنیکال-rsi,24,0.667,0.000,,0.6428571428571429
بپیوند,تکنیکال-super,29,0.621,0.000,,0.6060606060606061
بپیوند,تکنیکال-flow_net,51,0.588,0.000,,0.5818181818181818
بپیوند,تکنیکال-volbrk,40,0.575,0.000,,0.5681818181818182
بپیوند,تکنیکال-obv,53,0.566,0.000,,0.5614035087719298
بپیوند,تکنیکال-fibo,13,0.538,0.000,,0.5294117647058824
بپیوند,تکنیکال-donch,38,0.526,0.000,,0.5238095238095238
بپیوند,تکنیکال-flow_bp,265,0.517,0.000,,0.516728624535316
بپیوند,تکنیکال-macd,68,0.515,0.000,,0.5138888888888888
بپیوند,تکنیکال-stoch,66,0.485,0.000,,0.4857142857142857
بپیوند,تکنیکال-trendflow,120,0.483,0.000,,0.4838709677419355
بپیوند,تکنیکال-psar,105,0.476,0.000,,0.47706422018348627
بپیوند,تکنیکال-sma,26,0.462,0.000,,0.4666666666666667
بپیوند,تکنیکال-adx,49,0.429,0.000,,0.4339622641509434
بپیوند,تکنیکال-ichi,33,0.424,0.000,,0.43243243243243246
بپیوند,تکنیکال-boll,36,0.389,0.000,,0.4
بکاب,تکنیکال-ichi,22,0.682,0.000,,0.6538461538461539
بکاب,تکنیکال-obv,41,0.659,0.000,,0.6444444444444445
بکاب,تکنیکال-macd,44,0.636,0.000,,0.625
بکاب,تکنیکال-volbrk,34,0.618,0.000,,0.6052631578947368
بکاب,تکنیکال-flow_bp,51,0.608,0.000,,0.6
بکاب,تکنیکال-donch,28,0.607,0.000,,0.59375
بکاب,تکنیکال-adx,42,0.595,0.000,,0.5869565217391305
بکاب,تکنیکال-super,26,0.577,0.000,,0.5666666666666667
بکاب,تکنیکال-psar,80,0.562,0.000,,0.5595238095238095
بکاب,تکنیکال-rsi,28,0.536,0.000,,0.53125
بکاب,تکنیکال-fibo,10,0.500,0.000,,0.5
بکاب,تکنیکال-flow_net,18,0.500,0.000,,0.5
بکاب,تکنیکال-trendflow,24,0.500,0.000,,0.5
بکاب,تکنیکال-sma,17,0.471,0.000,,0.47619047619047616
بکاب,تکنیکال-boll,28,0.464,0.000,,0.46875
بکاب,تکنیکال-stoch,69,0.406,0.000,,0.410958904109589
بکابل,تکنیکال-flow_net,42,0.667,0.000,,0.6521739130434783
بکابل,تکنیکال-flow_bp,27,0.630,0.000,,0.6129032258064516
بکابل,تکنیکال-macd,34,0.559,0.000,,0.5526315789473685
بکابل,تکنیکال-stoch,27,0.556,0.000,,0.5483870967741935
بکابل,تکنیکال-donch,13,0.538,0.000,,0.5294117647058824
بکابل,تکنیکال-fibo,4,0.500,0.000,,0.5
بکابل,تکنیکال-trendflow,16,0.500,0.000,,0.5
بکابل,تکنیکال-boll,15,0.467,0.000,,0.47368421052631576
بکابل,تکنیکال-rsi,15,0.467,0.000,,0.47368421052631576
بکابل,تکنیکال-ichi,14,0.429,0.000,,0.4444444444444444
بکابل,تکنیکال-obv,37,0.432,0.000,,0.43902439024390244
بکابل,تکنیکال-volbrk,24,0.417,0.000,,0.42857142857142855
بکابل,تکنیکال-psar,50,0.420,0.000,,0.42592592592592593
بکابل,تکنیکال-adx,27,0.407,0.000,,0.41935483870967744
بکابل,تکنیکال-sma,13,0.385,0.000,,0.4117647058823529
بکابل,تکنیکال-super,20,0.350,0.000,,0.375
بکام,تکنیکال-fibo,9,0.667,0.000,,0.6153846153846154
بکام,تکنیکال-super,29,0.586,0.000,,0.5757575757575758
بکام,تکنیکال-donch,31,0.581,0.000,,0.5714285714285714
بکام,تکنیکال-adx,51,0.529,0.000,,0.5272727272727272
بکام,تکنیکال-macd,56,0.518,0.000,,0.5166666666666667
بکام,تکنیکال-stoch,59,0.508,0.000,,0.5079365079365079
بکام,تکنیکال-boll,38,0.500,0.000,,0.5
بکام,تکنیکال-ichi,26,0.500,0.000,,0.5
بکام,تکنیکال-volbrk,37,0.486,0.000,,0.4878048780487805
بکام,تکنیکال-rsi,33,0.485,0.000,,0.4864864864864865
بکام,تکنیکال-flow_bp,55,0.455,0.000,,0.4576271186440678
بکام,تکنیکال-flow_net,62,0.452,0.000,,0.45454545454545453
بکام,تکنیکال-trendflow,48,0.438,0.000,,0.4423076923076923
بکام,تکنیکال-psar,97,0.423,0.000,,0.42574257425742573
بکام,تکنیکال-obv,60,0.383,0.000,,0.390625
بکام,تکنیکال-sma,22,0.364,0.000,,0.38461538461538464
بکهنوج,تکنیکال-fibo,10,0.700,0.000,,0.6428571428571429
بکهنوج,تکنیکال-volbrk,34,0.559,0.000,,0.5526315789473685
بکهنوج,تکنیکال-psar,100,0.550,0.000,,0.5480769230769231
بکهنوج,تکنیکال-macd,59,0.542,0.000,,0.5396825396825397
بکهنوج,تکنیکال-trendflow,9,0.556,0.000,,0.5384615384615384
بکهنوج,تکنیکال-flow_net,13,0.538,0.000,,0.5294117647058824
بکهنوج,تکنیکال-donch,25,0.480,0.000,,0.4827586206896552
بکهنوج,تکنیکال-adx,47,0.468,0.000,,0.47058823529411764
بکهنوج,تکنیکال-flow_bp,24,0.458,0.000,,0.4642857142857143
بکهنوج,تکنیکال-super,20,0.450,0.000,,0.4583333333333333
بکهنوج,تکنیکال-obv,49,0.449,0.000,,0.4528301886792453
بکهنوج,تکنیکال-sma,21,0.429,0.000,,0.44
بکهنوج,تکنیکال-rsi,31,0.419,0.000,,0.42857142857142855
بکهنوج,تکنیکال-stoch,56,0.411,0.000,,0.4166666666666667
بکهنوج,تکنیکال-boll,40,0.400,0.000,,0.4090909090909091
بکهنوج,تکنیکال-ichi,26,0.346,0.000,,0.36666666666666664
بگیلان,تکنیکال-fibo,8,0.750,0.000,,0.6666666666666666
بگیلان,تکنیکال-volbrk,43,0.558,0.000,,0.5531914893617021
بگیلان,تکنیکال-ichi,31,0.548,0.000,,0.5428571428571428
بگیلان,تکنیکال-stoch,40,0.525,0.000,,0.5227272727272727
بگیلان,تکنیکال-rsi,23,0.522,0.000,,0.5185185185185185
بگیلان,تکنیکال-adx,60,0.517,0.000,,0.515625
بگیلان,تکنیکال-boll,35,0.486,0.000,,0.48717948717948717
بگیلان,تکنیکال-trendflow,130,0.469,0.000,,0.4701492537313433
بگیلان,تکنیکال-flow_bp,279,0.455,0.000,,0.4558303886925795
بگیلان,تکنیکال-macd,65,0.446,0.000,,0.4492753623188406
بگیلان,تکنیکال-sma,25,0.440,0.000,,0.4482758620689655
بگیلان,تکنیکال-psar,126,0.429,0.000,,0.4307692307692308
بگیلان,تکنیکال-flow_net,66,0.424,0.000,,0.42857142857142855
بگیلان,تکنیکال-super,25,0.400,0.000,,0.41379310344827586
بگیلان,تکنیکال-obv,65,0.385,0.000,,0.391304347826087
بگیلان,تکنیکال-donch,22,0.364,0.000,,0.38461538461538464
بیوتیک,تکنیکال-boll,4,0.750,0.000,,0.625
بیوتیک,تکنیکال-fibo,4,0.750,0.000,,0.625
بیوتیک,تکنیکال-super,10,0.600,0.000,,0.5714285714285714
بیوتیک,تکنیکال-flow_net,33,0.545,0.000,,0.5405405405405406
بیوتیک,تکنیکال-rsi,6,0.500,0.000,,0.5
بیوتیک,تکنیکال-adx,11,0.455,0.000,,0.4666666666666667
بیوتیک,تکنیکال-macd,20,0.450,0.000,,0.4583333333333333
بیوتیک,تکنیکال-flow_bp,42,0.452,0.000,,0.45652173913043476
بیوتیک,تکنیکال-sma,7,0.429,0.000,,0.45454545454545453
بیوتیک,تکنیکال-stoch,14,0.429,0.000,,0.4444444444444444
بیوتیک,تکنیکال-donch,12,0.417,0.000,,0.4375
بیوتیک,تکنیکال-psar,26,0.423,0.000,,0.43333333333333335
بیوتیک,تکنیکال-volbrk,16,0.312,0.000,,0.35
بیوتیک,تکنیکال-trendflow,22,0.318,0.000,,0.34615384615384615
بیوتیک,تکنیکال-obv,20,0.300,0.000,,0.3333333333333333
بیوتیک,تکنیکال-ichi,14,0.214,0.000,,0.2777777777777778
تابا,تکنیکال-ichi,10,0.700,0.000,,0.6428571428571429
تابا,تکنیکال-macd,39,0.641,0.000,,0.627906976744186
تابا,تکنیکال-donch,17,0.647,0.000,,0.6190476190476191
تابا,تکنیکال-super,13,0.615,0.000,,0.5882352941176471
تابا,تکنیکال-sma,15,0.600,0.000,,0.5789473684210527
تابا,تکنیکال-flow_bp,69,0.551,0.000,,0.547945205479452
تابا,تکنیکال-fibo,10,0.500,0.000,,0.5
تابا,تکنیکال-obv,36,0.500,0.000,,0.5
تابا,تکنیکال-volbrk,23,0.478,0.000,,0.48148148148148145
تابا,تکنیکال-trendflow,34,0.471,0.000,,0.47368421052631576
تابا,تکنیکال-rsi,13,0.462,0.000,,0.47058823529411764
تابا,تکنیکال-stoch,33,0.455,0.000,,0.4594594594594595
تابا,تکنیکال-psar,66,0.455,0.000,,0.45714285714285713
تابا,تکنیکال-boll,25,0.440,0.000,,0.4482758620689655
تابا,تکنیکال-adx,31,0.419,0.000,,0.42857142857142855
تابا,تکنیکال-flow_net,39,0.410,0.000,,0.4186046511627907
تاتمس,تکنیکال-volbrk,14,0.714,0.000,,0.6666666666666666
تاتمس,تکنیکال-obv,14,0.643,0.000,,0.6111111111111112
تاتمس,تکنیکال-adx,18,0.611,0.000,,0.5909090909090909
تاتمس,تکنیکال-macd,18,0.611,0.000,,0.5909090909090909
تاتمس,تکنیکال-super,5,0.600,0.000,,0.5555555555555556
تاتمس,تکنیکال-flow_net,29,0.552,0.000,,0.5454545454545454
تاتمس,تکنیکال-stoch,9,0.556,0.000,,0.5384615384615384
تاتمس,تکنیکال-ichi,13,0.538,0.000,,0.5294117647058824
تاتمس,تکنیکال-psar,48,0.521,0.000,,0.5192307692307693
تاتمس,تکنیکال-donch,10,0.500,0.000,,0.5
تاتمس,تکنیکال-flow_bp,76,0.500,0.000,,0.5
تاتمس,تکنیکال-rsi,6,0.500,0.000,,0.5
تاتمس,تکنیکال-sma,6,0.500,0.000,,0.5
تاتمس,تکنیکال-trendflow,21,0.476,0.000,,0.48
تاتمس,تکنیکال-fibo,4,0.250,0.000,,0.375
تاتمس,تکنیکال-boll,7,0.286,0.000,,0.36363636363636365
تاصیکو,تکنیکال-donch,24,0.583,0.000,,0.5714285714285714
تاصیکو,تکنیکال-boll,26,0.577,0.000,,0.5666666666666667
تاصیکو,تکنیکال-fibo,9,0.556,0.000,,0.5384615384615384
تاصیکو,تکنیکال-volbrk,40,0.525,0.000,,0.5227272727272727
تاصیکو,تکنیکال-flow_net,109,0.523,0.000,,0.5221238938053098
تاصیکو,تکنیکال-trendflow,71,0.521,0.000,,0.52
تاصیکو,تکنیکال-ichi,34,0.471,0.000,,0.47368421052631576
تاصیکو,تکنیکال-super,15,0.467,0.000,,0.47368421052631576
تاصیکو,تکنیکال-psar,94,0.447,0.000,,0.4489795918367347
تاصیکو,تکنیکال-macd,70,0.443,0.000,,0.44594594594594594
تاصیکو,تکنیکال-flow_bp,96,0.427,0.000,,0.43
تاصیکو,تکنیکال-sma,17,0.412,0.000,,0.42857142857142855
تاصیکو,تکنیکال-stoch,32,0.406,0.000,,0.4166666666666667
تاصیکو,تکنیکال-obv,66,0.409,0.000,,0.4142857142857143
تاصیکو,تکنیکال-rsi,14,0.357,0.000,,0.3888888888888889
تاصیکو,تکنیکال-adx,48,0.354,0.000,,0.36538461538461536
تاپکیش,تکنیکال-flow_bp,47,0.574,0.000,,0.5686274509803921
تاپکیش,تکنیکال-donch,30,0.500,0.000,,0.5
تاپکیش,تکنیکال-rsi,20,0.500,0.000,,0.5
تاپکیش,تکنیکال-fibo,13,0.462,0.000,,0.47058823529411764
تاپکیش,تکنیکال-super,24,0.458,0.000,,0.4642857142857143
تاپکیش,تکنیکال-boll,35,0.457,0.000,,0.46153846153846156
تاپکیش,تکنیکال-sma,18,0.444,0.000,,0.45454545454545453
تاپکیش,تکنیکال-stoch,68,0.426,0.000,,0.4305555555555556
تاپکیش,تکنیکال-ichi,37,0.405,0.000,,0.4146341463414634
تاپکیش,تکنیکال-flow_net,57,0.404,0.000,,0.4098360655737705
تاپکیش,تکنیکال-macd,77,0.403,0.000,,0.4074074074074074
تاپکیش,تکنیکال-volbrk,46,0.391,0.000,,0.4
تاپکیش,تکنیکال-adx,50,0.380,0.000,,0.3888888888888889
تاپکیش,تکنیکال-trendflow,50,0.380,0.000,,0.3888888888888889
تاپکیش,تکنیکال-psar,102,0.363,0.000,,0.36792452830188677
تاپکیش,تکنیکال-obv,8,0.250,0.000,,0.3333333333333333
تاپیکو,تکنیکال-fibo,7,0.714,0.000,,0.6363636363636364
تاپیکو,تکنیکال-volbrk,40,0.625,0.000,,0.6136363636363636
تاپیکو,تکنیکال-rsi,24,0.625,0.000,,0.6071428571428571
تاپیکو,تکنیکال-stoch,56,0.589,0.000,,0.5833333333333334
تاپیکو,تکنیکال-obv,48,0.562,0.000,,0.5576923076923077
تاپیکو,تکنیکال-donch,36,0.556,0.000,,0.55
تاپیکو,تکنیکال-boll,28,0.536,0.000,,0.53125
تاپیکو,تکنیکال-super,34,0.529,0.000,,0.5263157894736842
تاپیکو,تکنیکال-flow_bp,114,0.518,0.000,,0.5169491525423728
تاپیکو,تکنیکال-adx,54,0.500,0.000,,0.5
تاپیکو,تکنیکال-macd,64,0.500,0.000,,0.5
تاپیکو,تکنیکال-psar,90,0.489,0.000,,0.48936170212765956
تاپیکو,تکنیکال-flow_net,104,0.481,0.000,,0.48148148148148145
تاپیکو,تکنیکال-trendflow,60,0.450,0.000,,0.453125
تاپیکو,تکنیکال-ichi,38,0.421,0.000,,0.42857142857142855
تاپیکو,تکنیکال-sma,32,0.344,0.000,,0.3611111111111111
تایرا,تکنیکال-super,22,0.682,0.000,,0.6538461538461539
تایرا,تکنیکال-rsi,24,0.625,0.000,,0.6071428571428571
تایرا,تکنیکال-donch,29,0.552,0.000,,0.5454545454545454
تایرا,تکنیکال-stoch,59,0.542,0.000,,0.5396825396825397
تایرا,تکنیکال-fibo,11,0.545,0.000,,0.5333333333333333
تایرا,تکنیکال-boll,26,0.500,0.000,,0.5
تایرا,تکنیکال-macd,62,0.500,0.000,,0.5
تایرا,تکنیکال-volbrk,41,0.463,0.000,,0.4666666666666667
تایرا,تکنیکال-flow_net,87,0.448,0.000,,0.45054945054945056
تایرا,تکنیکال-ichi,36,0.444,0.000,,0.45
تایرا,تکنیکال-obv,62,0.435,0.000,,0.4393939393939394
تایرا,تکنیکال-flow_bp,68,0.397,0.000,,0.4027777777777778
تایرا,تکنیکال-trendflow,49,0.388,0.000,,0.39622641509433965
تایرا,تکنیکال-sma,25,0.360,0.000,,0.3793103448275862
تایرا,تکنیکال-adx,52,0.346,0.000,,0.35714285714285715
تایرا,تکنیکال-psar,108,0.352,0.000,,0.35714285714285715
تبرک,تکنیکال-donch,31,0.581,0.000,,0.5714285714285714
تبرک,تکنیکال-stoch,55,0.527,0.000,,0.5254237288135594
تبرک,تکنیکال-super,27,0.519,0.000,,0.5161290322580645
تبرک,تکنیکال-rsi,20,0.500,0.000,,0.5
تبرک,تکنیکال-flow_bp,93,0.473,0.000,,0.4742268041237113
تبرک,تکنیکال-boll,32,0.469,0.000,,0.4722222222222222
تبرک,تکنیکال-sma,26,0.462,0.000,,0.4666666666666667
تبرک,تکنیکال-ichi,33,0.455,0.000,,0.4594594594594595
تبرک,تکنیکال-macd,70,0.457,0.000,,0.4594594594594595
تبرک,تکنیکال-trendflow,60,0.450,0.000,,0.453125
تبرک,تکنیکال-psar,106,0.434,0.000,,0.43636363636363634
تبرک,تکنیکال-flow_net,75,0.427,0.000,,0.43037974683544306
تبرک,تکنیکال-volbrk,44,0.409,0.000,,0.4166666666666667
تبرک,تکنیکال-fibo,14,0.357,0.000,,0.3888888888888889
تبرک,تکنیکال-adx,53,0.377,0.000,,0.38596491228070173
تبرک,تکنیکال-obv,77,0.351,0.000,,0.35802469135802467
تجلی,تکنیکال-rsi,9,0.778,0.000,,0.6923076923076923
تجلی,تکنیکال-stoch,24,0.667,0.000,,0.6428571428571429
تجلی,تکنیکال-boll,21,0.619,0.000,,0.6
تجلی,تکنیکال-macd,40,0.575,0.000,,0.5681818181818182
تجلی,تکنیکال-fibo,11,0.545,0.000,,0.5333333333333333
تجلی,تکنیکال-adx,29,0.448,0.000,,0.45454545454545453
تجلی,تکنیکال-volbrk,23,0.435,0.000,,0.4444444444444444
تجلی,تکنیکال-flow_net,54,0.426,0.000,,0.43103448275862066
تجلی,تکنیکال-super,17,0.412,0.000,,0.42857142857142855
تجلی,تکنیکال-donch,20,0.400,0.000,,0.4166666666666667
تجلی,تکنیکال-obv,35,0.400,0.000,,0.41025641025641024
تجلی,تکنیکال-trendflow,27,0.370,0.000,,0.3870967741935484
تجلی,تکنیکال-psar,73,0.370,0.000,,0.37662337662337664
تجلی,تکنیکال-flow_bp,40,0.350,0.000,,0.36363636363636365
تجلی,تکنیکال-ichi,19,0.263,0.000,,0.30434782608695654
تجلی,تکنیکال-sma,20,0.250,0.000,,0.2916666666666667
تشتاد,تکنیکال-super,13,0.692,0.000,,0.6470588235294118
تشتاد,تکنیکال-psar,73,0.589,0.000,,0.5844155844155844
تشتاد,تکنیکال-volbrk,27,0.593,0.000,,0.5806451612903226
تشتاد,تکنیکال-donch,15,0.600,0.000,,0.5789473684210527
تشتاد,تکنیکال-obv,29,0.586,0.000,,0.5757575757575758
تشتاد,تکنیکال-rsi,17,0.588,0.000,,0.5714285714285714
تشتاد,تکنیکال-flow_bp,82,0.573,0.000,,0.5697674418604651
تشتاد,تکنیکال-adx,33,0.576,0.000,,0.5675675675675675
تشتاد,تکنیکال-sma,18,0.556,0.000,,0.5454545454545454
تشتاد,تکنیکال-fibo,9,0.556,0.000,,0.5384615384615384
تشتاد,تکنیکال-flow_net,22,0.545,0.000,,0.5384615384615384
تشتاد,تکنیکال-macd,37,0.541,0.000,,0.5365853658536586
تشتاد,تکنیکال-ichi,21,0.524,0.000,,0.52
تشتاد,تکنیکال-boll,26,0.423,0.000,,0.43333333333333335
تشتاد,تکنیکال-trendflow,41,0.415,0.000,,0.4222222222222222
تشتاد,تکنیکال-stoch,22,0.364,0.000,,0.38461538461538464
تفارس,تکنیکال-macd,2,1.000,0.000,,0.6666666666666666
تفارس,تکنیکال-sma,1,1.000,0.000,,0.6
تفارس,تکنیکال-adx,3,0.667,0.000,,0.5714285714285714
تفارس,تکنیکال-stoch,3,0.667,0.000,,0.5714285714285714
تفارس,تکنیکال-psar,5,0.600,0.000,,0.5555555555555556
تفارس,تکنیکال-boll,0,,0.000,,0.5
تفارس,تکنیکال-donch,4,0.500,0.000,,0.5
تفارس,تکنیکال-fibo,0,,0.000,,0.5
تفارس,تکنیکال-ichi,2,0.500,0.000,,0.5
تفارس,تکنیکال-obv,4,0.500,0.000,,0.5
تفارس,تکنیکال-rsi,0,,0.000,,0.5
تفارس,تکنیکال-super,4,0.500,0.000,,0.5
تفارس,تکنیکال-trendflow,6,0.500,0.000,,0.5
تفارس,تکنیکال-volbrk,4,0.500,0.000,,0.5
تفارس,تکنیکال-flow_bp,14,0.357,0.000,,0.3888888888888889
تفارس,تکنیکال-flow_net,12,0.333,0.000,,0.375
تفیرو,تکنیکال-donch,1,1.000,0.000,,0.6
تفیرو,تکنیکال-trendflow,1,1.000,0.000,,0.6
تفیرو,تکنیکال-volbrk,1,1.000,0.000,,0.6
تفیرو,تکنیکال-macd,3,0.667,0.000,,0.5714285714285714
تفیرو,تکنیکال-flow_bp,11,0.545,0.000,,0.5333333333333333
تفیرو,تکنیکال-adx,0,,0.000,,0.5
تفیرو,تکنیکال-boll,0,,0.000,,0.5
تفیرو,تکنیکال-fibo,0,,0.000,,0.5
تفیرو,تکنیکال-flow_net,2,0.500,0.000,,0.5
تفیرو,تکنیکال-ichi,0,,0.000,,0.5
تفیرو,تکنیکال-obv,0,,0.000,,0.5
تفیرو,تکنیکال-psar,0,,0.000,,0.5
تفیرو,تکنیکال-rsi,0,,0.000,,0.5
تفیرو,تکنیکال-sma,0,,0.000,,0.5
تفیرو,تکنیکال-stoch,0,,0.000,,0.5
تفیرو,تکنیکال-super,0,,0.000,,0.5
تلیسه,تکنیکال-fibo,12,0.583,0.000,,0.5625
تلیسه,تکنیکال-adx,44,0.545,0.000,,0.5416666666666666
تلیسه,تکنیکال-donch,37,0.541,0.000,,0.5365853658536586
تلیسه,تکنیکال-volbrk,39,0.538,0.000,,0.5348837209302325
تلیسه,تکنیکال-rsi,29,0.517,0.000,,0.5151515151515151
تلیسه,تکنیکال-super,34,0.500,0.000,,0.5
تلیسه,تکنیکال-ichi,28,0.464,0.000,,0.46875
تلیسه,تکنیکال-boll,43,0.465,0.000,,0.46808510638297873
تلیسه,تکنیکال-macd,64,0.453,0.000,,0.45588235294117646
تلیسه,تکنیکال-flow_bp,44,0.432,0.000,,0.4375
تلیسه,تکنیکال-psar,101,0.426,0.000,,0.42857142857142855
تلیسه,تکنیکال-stoch,64,0.422,0.000,,0.4264705882352941
تلیسه,تکنیکال-obv,69,0.391,0.000,,0.3972602739726027
تلیسه,تکنیکال-trendflow,42,0.381,0.000,,0.391304347826087
تلیسه,تکنیکال-flow_net,38,0.368,0.000,,0.38095238095238093
تلیسه,تکنیکال-sma,26,0.346,0.000,,0.36666666666666664
تماوند,تکنیکال-boll,31,0.645,0.000,,0.6285714285714286
تماوند,تکنیکال-rsi,20,0.600,0.000,,0.5833333333333334
تماوند,تکنیکال-stoch,44,0.545,0.000,,0.5416666666666666
تماوند,تکنیکال-fibo,7,0.429,0.000,,0.45454545454545453
تماوند,تکنیکال-macd,72,0.417,0.000,,0.42105263157894735
تماوند,تکنیکال-adx,39,0.410,0.000,,0.4186046511627907
تماوند,تکنیکال-trendflow,38,0.395,0.000,,0.40476190476190477
تماوند,تکنیکال-flow_net,74,0.378,0.000,,0.38461538461538464
تماوند,تکنیکال-obv,62,0.371,0.000,,0.3787878787878788
تماوند,تکنیکال-sma,28,0.357,0.000,,0.375
تماوند,تکنیکال-super,24,0.333,0.000,,0.35714285714285715
تماوند,تکنیکال-donch,27,0.333,0.000,,0.3548387096774194
تماوند,تکنیکال-psar,115,0.330,0.000,,0.33613445378151263
تماوند,تکنیکال-flow_bp,59,0.305,0.000,,0.31746031746031744
تماوند,تکنیکال-ichi,46,0.283,0.000,,0.3
تماوند,تکنیکال-volbrk,46,0.283,0.000,,0.3
تمحرکه,تکنیکال-ichi,17,0.706,0.000,,0.6666666666666666
تمحرکه,تکنیکال-volbrk,24,0.625,0.000,,0.6071428571428571
تمحرکه,تکنیکال-adx,44,0.614,0.000,,0.6041666666666666
تمحرکه,تکنیکال-super,21,0.619,0.000,,0.6
تمحرکه,تکنیکال-flow_bp,71,0.563,0.000,,0.56
تمحرکه,تکنیکال-donch,27,0.556,0.000,,0.5483870967741935
تمحرکه,تکنیکال-boll,29,0.552,0.000,,0.5454545454545454
تمحرکه,تکنیکال-trendflow,29,0.552,0.000,,0.5454545454545454
تمحرکه,تکنیکال-rsi,20,0.550,0.000,,0.5416666666666666
تمحرکه,تکنیکال-fibo,9,0.556,0.000,,0.5384615384615384
تمحرکه,تکنیکال-stoch,47,0.532,0.000,,0.5294117647058824
تمحرکه,تکنیکال-macd,45,0.511,0.000,,0.5102040816326531
تمحرکه,تکنیکال-flow_net,34,0.500,0.000,,0.5
تمحرکه,تکنیکال-sma,16,0.500,0.000,,0.5
تمحرکه,تکنیکال-obv,47,0.489,0.000,,0.49019607843137253
تمحرکه,تکنیکال-psar,76,0.447,0.000,,0.45
تملت,تکنیکال-fibo,5,0.800,0.000,,0.6666666666666666
تملت,تکنیکال-stoch,22,0.545,0.000,,0.5384615384615384
تملت,تکنیکال-boll,26,0.500,0.000,,0.5
تملت,تکنیکال-ichi,26,0.500,0.000,,0.5
تملت,تکنیکال-sma,18,0.500,0.000,,0.5
تملت,تکنیکال-super,16,0.500,0.000,,0.5
تملت,تکنیکال-volbrk,36,0.472,0.000,,0.475
تملت,تکنیکال-flow_bp,161,0.466,0.000,,0.4666666666666667
تملت,تکنیکال-flow_net,60,0.450,0.000,,0.453125
تملت,تکنیکال-adx,49,0.429,0.000,,0.4339622641509434
تملت,تکنیکال-donch,17,0.412,0.000,,0.42857142857142855
تملت,تکنیکال-rsi,16,0.375,0.000,,0.4
تملت,تکنیکال-trendflow,99,0.394,0.000,,0.39805825242718446
تملت,تکنیکال-psar,103,0.388,0.000,,0.3925233644859813
تملت,تکنیکال-obv,56,0.375,0.000,,0.38333333333333336
تملت,تکنیکال-macd,60,0.367,0.000,,0.375
تنوین,تکنیکال-rsi,20,0.700,0.000,,0.6666666666666666
تنوین,تکنیکال-donch,24,0.625,0.000,,0.6071428571428571
تنوین,تکنیکال-sma,21,0.571,0.000,,0.56
تنوین,تکنیکال-stoch,43,0.558,0.000,,0.5531914893617021
تنوین,تکنیکال-fibo,7,0.571,0.000,,0.5454545454545454
تنوین,تکنیکال-volbrk,33,0.545,0.000,,0.5405405405405406
تنوین,تکنیکال-macd,49,0.531,0.000,,0.5283018867924528
تنوین,تکنیکال-boll,29,0.517,0.000,,0.5151515151515151
تنوین,تکنیکال-trendflow,55,0.509,0.000,,0.5084745762711864
تنوین,تکنیکال-flow_bp,92,0.500,0.000,,0.5
تنوین,تکنیکال-psar,88,0.500,0.000,,0.5
تنوین,تکنیکال-super,28,0.500,0.000,,0.5
تنوین,تکنیکال-obv,47,0.489,0.000,,0.49019607843137253
تنوین,تکنیکال-ichi,30,0.467,0.000,,0.47058823529411764
تنوین,تکنیکال-flow_net,101,0.465,0.000,,0.4666666666666667
تنوین,تکنیکال-adx,48,0.438,0.000,,0.4423076923076923
توریل,تکنیکال-stoch,73,0.562,0.000,,0.5584415584415584
توریل,تکنیکال-rsi,26,0.538,0.000,,0.5333333333333333
توریل,تکنیکال-sma,26,0.500,0.000,,0.5
توریل,تکنیکال-volbrk,40,0.500,0.000,,0.5
توریل,تکنیکال-boll,35,0.486,0.000,,0.48717948717948717
توریل,تکنیکال-macd,68,0.485,0.000,,0.4861111111111111
توریل,تکنیکال-fibo,17,0.412,0.000,,0.42857142857142855
توریل,تکنیکال-obv,73,0.425,0.000,,0.42857142857142855
توریل,تکنیکال-trendflow,50,0.420,0.000,,0.42592592592592593
توریل,تکنیکال-flow_net,74,0.419,0.000,,0.4230769230769231
توریل,تکنیکال-adx,46,0.413,0.000,,0.42
توریل,تکنیکال-flow_bp,68,0.412,0.000,,0.4166666666666667
توریل,تکنیکال-psar,103,0.408,0.000,,0.411214953271028
توریل,تکنیکال-ichi,33,0.364,0.000,,0.3783783783783784
توریل,تکنیکال-super,33,0.364,0.000,,0.3783783783783784
توریل,تکنیکال-donch,41,0.366,0.000,,0.37777777777777777
توسن,تکنیکال-fibo,5,0.600,0.000,,0.5555555555555556
توسن,تکنیکال-flow_bp,157,0.503,0.000,,0.5031055900621118
توسن,تکنیکال-rsi,12,0.500,0.000,,0.5
توسن,تکنیکال-super,24,0.500,0.000,,0.5
توسن,تکنیکال-donch,23,0.478,0.000,,0.48148148148148145
توسن,تکنیکال-stoch,48,0.479,0.000,,0.4807692307692308
توسن,تکنیکال-boll,26,0.462,0.000,,0.4666666666666667
توسن,تکنیکال-psar,73,0.452,0.000,,0.45454545454545453
توسن,تکنیکال-flow_net,82,0.451,0.000,,0.45348837209302323
توسن,تکنیکال-ichi,28,0.429,0.000,,0.4375
توسن,تکنیکال-adx,51,0.431,0.000,,0.43636363636363634
توسن,تکنیکال-volbrk,35,0.400,0.000,,0.41025641025641024
توسن,تکنیکال-sma,18,0.389,0.000,,0.4090909090909091
توسن,تکنیکال-macd,63,0.397,0.000,,0.40298507462686567
توسن,تکنیکال-trendflow,84,0.381,0.000,,0.38636363636363635
توسن,تکنیکال-obv,59,0.322,0.000,,0.3333333333333333
تپسی,تکنیکال-donch,7,0.857,0.000,,0.7272727272727273
تپسی,تکنیکال-volbrk,7,0.857,0.000,,0.7272727272727273
تپسی,تکنیکال-sma,7,0.714,0.000,,0.6363636363636364
تپسی,تکنیکال-ichi,9,0.667,0.000,,0.6153846153846154
تپسی,تکنیکال-super,11,0.636,0.000,,0.6
تپسی,تکنیکال-obv,19,0.526,0.000,,0.5217391304347826
تپسی,تکنیکال-trendflow,19,0.526,0.000,,0.5217391304347826
تپسی,تکنیکال-flow_net,44,0.523,0.000,,0.5208333333333334
تپسی,تکنیکال-rsi,6,0.500,0.000,,0.5
تپسی,تکنیکال-macd,19,0.474,0.000,,0.4782608695652174
تپسی,تکنیکال-flow_bp,32,0.469,0.000,,0.4722222222222222
تپسی,تکنیکال-psar,26,0.462,0.000,,0.4666666666666667
تپسی,تکنیکال-boll,8,0.375,0.000,,0.4166666666666667
تپسی,تکنیکال-adx,13,0.385,0.000,,0.4117647058823529
تپسی,تکنیکال-stoch,16,0.375,0.000,,0.4
تپسی,تکنیکال-fibo,4,0.250,0.000,,0.375
تپمپی,تکنیکال-super,23,0.609,0.000,,0.5925925925925926
تپمپی,تکنیکال-donch,33,0.576,0.000,,0.5675675675675675
تپمپی,تکنیکال-ichi,34,0.559,0.000,,0.5526315789473685
تپمپی,تکنیکال-fibo,11,0.545,0.000,,0.5333333333333333
تپمپی,تکنیکال-stoch,54,0.500,0.000,,0.5
تپمپی,تکنیکال-rsi,19,0.474,0.000,,0.4782608695652174
تپمپی,تکنیکال-flow_net,82,0.451,0.000,,0.45348837209302323
تپمپی,تکنیکال-volbrk,45,0.444,0.000,,0.4489795918367347
تپمپی,تکنیکال-boll,28,0.429,0.000,,0.4375
تپمپی,تکنیکال-obv,59,0.424,0.000,,0.42857142857142855
تپمپی,تکنیکال-flow_bp,95,0.411,0.000,,0.41414141414141414
تپمپی,تکنیکال-macd,84,0.393,0.000,,0.3977272727272727
تپمپی,تکنیکال-psar,113,0.372,0.000,,0.37606837606837606
تپمپی,تکنیکال-trendflow,66,0.364,0.000,,0.37142857142857144
تپمپی,تکنیکال-adx,58,0.362,0.000,,0.3709677419354839
تپمپی,تکنیکال-sma,21,0.333,0.000,,0.36
تپولا,تکنیکال-ichi,16,0.750,0.000,,0.7
تپولا,تکنیکال-boll,38,0.605,0.000,,0.5952380952380952
تپولا,تکنیکال-trendflow,45,0.600,0.000,,0.5918367346938775
تپولا,تکنیکال-adx,38,0.579,0.000,,0.5714285714285714
تپولا,تکنیکال-donch,26,0.577,0.000,,0.5666666666666667
تپولا,تکنیکال-sma,12,0.583,0.000,,0.5625
تپولا,تکنیکال-flow_bp,73,0.534,0.000,,0.5324675324675324
تپولا,تکنیکال-stoch,49,0.531,0.000,,0.5283018867924528
تپولا,تکنیکال-rsi,19,0.526,0.000,,0.5217391304347826
تپولا,تکنیکال-psar,73,0.507,0.000,,0.5064935064935064
تپولا,تکنیکال-flow_net,24,0.500,0.000,,0.5
تپولا,تکنیکال-macd,61,0.492,0.000,,0.49230769230769234
تپولا,تکنیکال-volbrk,36,0.472,0.000,,0.475
تپولا,تکنیکال-obv,43,0.465,0.000,,0.46808510638297873
تپولا,تکنیکال-super,20,0.450,0.000,,0.4583333333333333
تپولا,تکنیکال-fibo,9,0.222,0.000,,0.3076923076923077
تپکو,تکنیکال-ichi,18,0.611,0.000,,0.5909090909090909
تپکو,تکنیکال-super,28,0.571,0.000,,0.5625
تپکو,تکنیکال-flow_bp,55,0.545,0.000,,0.5423728813559322
تپکو,تکنیکال-boll,30,0.533,0.000,,0.5294117647058824
تپکو,تکنیکال-donch,33,0.515,0.000,,0.5135135135135135
تپکو,تکنیکال-stoch,58,0.483,0.000,,0.4838709677419355
تپکو,تکنیکال-volbrk,36,0.472,0.000,,0.475
تپکو,تکنیکال-fibo,11,0.455,0.000,,0.4666666666666667
تپکو,تکنیکال-rsi,24,0.458,0.000,,0.4642857142857143
تپکو,تکنیکال-trendflow,52,0.462,0.000,,0.4642857142857143
تپکو,تکنیکال-psar,78,0.462,0.000,,0.4634146341463415
تپکو,تکنیکال-sma,22,0.455,0.000,,0.46153846153846156
تپکو,تکنیکال-obv,55,0.455,0.000,,0.4576271186440678
تپکو,تکنیکال-flow_net,54,0.444,0.000,,0.4482758620689655
تپکو,تکنیکال-adx,50,0.440,0.000,,0.4444444444444444
تپکو,تکنیکال-macd,48,0.438,0.000,,0.4423076923076923
تکاردان,تکنیکال-stoch,16,0.812,0.000,,0.75
تکاردان,تکنیکال-rsi,11,0.727,0.000,,0.6666666666666666
تکاردان,تکنیکال-psar,49,0.592,0.000,,0.5849056603773585
تکاردان,تکنیکال-boll,10,0.600,0.000,,0.5714285714285714
تکاردان,تکنیکال-flow_net,24,0.542,0.000,,0.5357142857142857
تکاردان,تکنیکال-flow_bp,100,0.530,0.000,,0.5288461538461539
تکاردان,تکنیکال-adx,27,0.519,0.000,,0.5161290322580645
تکاردان,تکنیکال-macd,30,0.500,0.000,,0.5
تکاردان,تکنیکال-fibo,5,0.400,0.000,,0.4444444444444444
تکاردان,تکنیکال-obv,23,0.435,0.000,,0.4444444444444444
تکاردان,تکنیکال-trendflow,60,0.433,0.000,,0.4375
تکاردان,تکنیکال-ichi,17,0.412,0.000,,0.42857142857142855
تکاردان,تکنیکال-donch,14,0.357,0.000,,0.3888888888888889
تکاردان,تکنیکال-volbrk,20,0.350,0.000,,0.375
تکاردان,تکنیکال-sma,11,0.273,0.000,,0.3333333333333333
تکاردان,تکنیکال-super,18,0.222,0.000,,0.2727272727272727
تکشا,تکنیکال-fibo,16,0.688,0.000,,0.65
تکشا,تکنیکال-donch,33,0.545,0.000,,0.5405405405405406
تکشا,تکنیکال-flow_bp,50,0.500,0.000,,0.5
تکشا,تکنیکال-flow_net,60,0.500,0.000,,0.5
تکشا,تکنیکال-volbrk,36,0.500,0.000,,0.5
تکشا,تکنیکال-super,26,0.462,0.000,,0.4666666666666667
تکشا,تکنیکال-stoch,61,0.459,0.000,,0.46153846153846156
تکشا,تکنیکال-boll,33,0.455,0.000,,0.4594594594594595
تکشا,تکنیکال-trendflow,42,0.452,0.000,,0.45652173913043476
تکشا,تکنیکال-psar,100,0.450,0.000,,0.4519230769230769
تکشا,تکنیکال-adx,39,0.436,0.000,,0.4418604651162791
تکشا,تکنیکال-macd,67,0.433,0.000,,0.43661971830985913
تکشا,تکنیکال-sma,19,0.421,0.000,,0.43478260869565216
تکشا,تکنیکال-ichi,27,0.407,0.000,,0.41935483870967744
تکشا,تکنیکال-rsi,26,0.385,0.000,,0.4
تکشا,تکنیکال-obv,62,0.323,0.000,,0.3333333333333333
تکمبا,تکنیکال-super,28,0.607,0.000,,0.59375
تکمبا,تکنیکال-donch,32,0.562,0.000,,0.5555555555555556
تکمبا,تکنیکال-boll,34,0.529,0.000,,0.5263157894736842
تکمبا,تکنیکال-flow_bp,66,0.515,0.000,,0.5142857142857142
تکمبا,تکنیکال-ichi,29,0.483,0.000,,0.48484848484848486
تکمبا,تکنیکال-flow_net,66,0.470,0.000,,0.4714285714285714
تکمبا,تکنیکال-rsi,30,0.467,0.000,,0.47058823529411764
تکمبا,تکنیکال-fibo,12,0.417,0.000,,0.4375
تکمبا,تکنیکال-obv,67,0.433,0.000,,0.43661971830985913
تکمبا,تکنیکال-psar,114,0.421,0.000,,0.423728813559322
تکمبا,تکنیکال-macd,72,0.417,0.000,,0.42105263157894735
تکمبا,تکنیکال-sma,26,0.385,0.000,,0.4
تکمبا,تکنیکال-volbrk,46,0.391,0.000,,0.4
تکمبا,تکنیکال-stoch,57,0.386,0.000,,0.39344262295081966
تکمبا,تکنیکال-trendflow,65,0.385,0.000,,0.391304347826087
تکمبا,تکنیکال-adx,69,0.377,0.000,,0.3835616438356164
تکنار,تکنیکال-volbrk,28,0.679,0.000,,0.65625
تکنار,تکنیکال-ichi,16,0.688,0.000,,0.65
تکنار,تکنیکال-donch,21,0.619,0.000,,0.6
تکنار,تکنیکال-boll,29,0.586,0.000,,0.5757575757575758
تکنار,تکنیکال-rsi,23,0.565,0.000,,0.5555555555555556
تکنار,تکنیکال-stoch,43,0.558,0.000,,0.5531914893617021
تکنار,تکنیکال-flow_net,71,0.549,0.000,,0.5466666666666666
تکنار,تکنیکال-macd,55,0.545,0.000,,0.5423728813559322
تکنار,تکنیکال-flow_bp,102,0.539,0.000,,0.5377358490566038
تکنار,تکنیکال-psar,86,0.512,0.000,,0.5111111111111111
تکنار,تکنیکال-sma,15,0.467,0.000,,0.47368421052631576
تکنار,تکنیکال-obv,47,0.468,0.000,,0.47058823529411764
تکنار,تکنیکال-adx,46,0.457,0.000,,0.46
تکنار,تکنیکال-super,27,0.444,0.000,,0.45161290322580644
تکنار,تکنیکال-trendflow,45,0.444,0.000,,0.4489795918367347
تکنار,تکنیکال-fibo,9,0.222,0.000,,0.3076923076923077
تکنو,تکنیکال-super,18,0.667,0.000,,0.6363636363636364
تکنو,تکنیکال-ichi,12,0.667,0.000,,0.625
تکنو,تکنیکال-donch,22,0.636,0.000,,0.6153846153846154
تکنو,تکنیکال-volbrk,27,0.630,0.000,,0.6129032258064516
تکنو,تکنیکال-sma,14,0.643,0.000,,0.6111111111111112
تکنو,تکنیکال-fibo,7,0.571,0.000,,0.5454545454545454
تکنو,تکنیکال-flow_bp,82,0.524,0.000,,0.5232558139534884
تکنو,تکنیکال-psar,75,0.520,0.000,,0.5189873417721519
تکنو,تکنیکال-adx,33,0.515,0.000,,0.5135135135135135
تکنو,تکنیکال-stoch,46,0.500,0.000,,0.5
تکنو,تکنیکال-trendflow,22,0.500,0.000,,0.5
تکنو,تکنیکال-flow_net,48,0.479,0.000,,0.4807692307692308
تکنو,تکنیکال-obv,43,0.442,0.000,,0.44680851063829785
تکنو,تکنیکال-macd,55,0.418,0.000,,0.423728813559322
تکنو,تکنیکال-rsi,32,0.406,0.000,,0.4166666666666667
تکنو,تکنیکال-boll,34,0.353,0.000,,0.3684210526315789
تکیمیا,تکنیکال-sma,9,0.778,0.000,,0.6923076923076923
تکیمیا,تکنیکال-super,11,0.636,0.000,,0.6
تکیمیا,تکنیکال-ichi,15,0.600,0.000,,0.5789473684210527
تکیمیا,تکنیکال-rsi,5,0.600,0.000,,0.5555555555555556
تکیمیا,تکنیکال-donch,11,0.545,0.000,,0.5333333333333333
تکیمیا,تکنیکال-macd,29,0.483,0.000,,0.48484848484848486
تکیمیا,تکنیکال-volbrk,17,0.471,0.000,,0.47619047619047616
تکیمیا,تکنیکال-flow_net,30,0.467,0.000,,0.47058823529411764
تکیمیا,تکنیکال-flow_bp,41,0.463,0.000,,0.4666666666666667
تکیمیا,تکنیکال-trendflow,39,0.462,0.000,,0.46511627906976744
تکیمیا,تکنیکال-boll,9,0.444,0.000,,0.46153846153846156
تکیمیا,تکنیکال-obv,23,0.435,0.000,,0.4444444444444444
تکیمیا,تکنیکال-psar,42,0.429,0.000,,0.43478260869565216
تکیمیا,تکنیکال-adx,26,0.423,0.000,,0.43333333333333335
تکیمیا,تکنیکال-stoch,13,0.385,0.000,,0.4117647058823529
تکیمیا,تکنیکال-fibo,4,0.250,0.000,,0.375
تیپیکو,تکنیکال-fibo,5,0.800,0.000,,0.6666666666666666
تیپیکو,تکنیکال-ichi,31,0.677,0.000,,0.6571428571428571
تیپیکو,تکنیکال-donch,15,0.667,0.000,,0.631578947368421
تیپیکو,تکنیکال-super,20,0.650,0.000,,0.625
تیپیکو,تکنیکال-adx,44,0.614,0.000,,0.6041666666666666
تیپیکو,تکنیکال-sma,22,0.591,0.000,,0.5769230769230769
تیپیکو,تکنیکال-obv,38,0.579,0.000,,0.5714285714285714
تیپیکو,تکنیکال-trendflow,58,0.534,0.000,,0.532258064516129
تیپیکو,تکنیکال-flow_net,107,0.533,0.000,,0.5315315315315315
تیپیکو,تکنیکال-flow_bp,91,0.527,0.000,,0.5263157894736842
تیپیکو,تکنیکال-volbrk,34,0.529,0.000,,0.5263157894736842
تیپیکو,تکنیکال-psar,103,0.495,0.000,,0.4953271028037383
تیپیکو,تکنیکال-macd,55,0.455,0.000,,0.4576271186440678
تیپیکو,تکنیکال-stoch,26,0.423,0.000,,0.43333333333333335
تیپیکو,تکنیکال-boll,24,0.292,0.000,,0.32142857142857145
تیپیکو,تکنیکال-rsi,24,0.292,0.000,,0.32142857142857145
ثاخت,تکنیکال-super,30,0.600,0.000,,0.5882352941176471
ثاخت,تکنیکال-stoch,62,0.548,0.000,,0.5454545454545454
ثاخت,تکنیکال-donch,33,0.545,0.000,,0.5405405405405406
ثاخت,تکنیکال-volbrk,41,0.488,0.000,,0.4888888888888889
ثاخت,تکنیکال-ichi,39,0.487,0.000,,0.4883720930232558
ثاخت,تکنیکال-adx,46,0.478,0.000,,0.48
ثاخت,تکنیکال-fibo,11,0.455,0.000,,0.4666666666666667
ثاخت,تکنیکال-rsi,20,0.450,0.000,,0.4583333333333333
ثاخت,تکنیکال-flow_net,64,0.453,0.000,,0.45588235294117646
ثاخت,تکنیکال-boll,40,0.425,0.000,,0.4318181818181818
ثاخت,تکنیکال-sma,22,0.409,0.000,,0.4230769230769231
ثاخت,تکنیکال-obv,66,0.409,0.000,,0.4142857142857143
ثاخت,تکنیکال-flow_bp,77,0.403,0.000,,0.4074074074074074
ثاخت,تکنیکال-trendflow,66,0.394,0.000,,0.4
ثاخت,تکنیکال-psar,104,0.394,0.000,,0.39814814814814814
ثاخت,تکنیکال-macd,75,0.347,0.000,,0.35443037974683544
ثاصفا,تکنیکال-sma,9,0.667,0.000,,0.6153846153846154
ثاصفا,تکنیکال-fibo,3,0.667,0.000,,0.5714285714285714
ثاصفا,تکنیکال-donch,16,0.562,0.000,,0.55
ثاصفا,تکنیکال-psar,67,0.552,0.000,,0.5492957746478874
ثاصفا,تکنیکال-stoch,35,0.543,0.000,,0.5384615384615384
ثاصفا,تکنیکال-flow_bp,90,0.522,0.000,,0.5212765957446809
ثاصفا,تکنیکال-adx,33,0.485,0.000,,0.4864864864864865
ثاصفا,تکنیکال-trendflow,49,0.469,0.000,,0.4716981132075472
ثاصفا,تکنیکال-super,13,0.462,0.000,,0.47058823529411764
ثاصفا,تکنیکال-flow_net,48,0.458,0.000,,0.46153846153846156
ثاصفا,تکنیکال-rsi,16,0.438,0.000,,0.45
ثاصفا,تکنیکال-macd,50,0.420,0.000,,0.42592592592592593
ثاصفا,تکنیکال-obv,32,0.406,0.000,,0.4166666666666667
ثاصفا,تکنیکال-boll,24,0.375,0.000,,0.39285714285714285
ثاصفا,تکنیکال-ichi,20,0.350,0.000,,0.375
ثاصفا,تکنیکال-volbrk,26,0.346,0.000,,0.36666666666666664
ثالوند,تکنیکال-sma,14,0.571,0.000,,0.5555555555555556
ثالوند,تکنیکال-super,27,0.556,0.000,,0.5483870967741935
ثالوند,تکنیکال-flow_net,46,0.543,0.000,,0.54
ثالوند,تکنیکال-stoch,68,0.515,0.000,,0.5138888888888888
ثالوند,تکنیکال-obv,4,0.500,0.000,,0.5
ثالوند,تکنیکال-donch,31,0.484,0.000,,0.4857142857142857
ثالوند,تکنیکال-flow_bp,27,0.481,0.000,,0.4838709677419355
ثالوند,تکنیکال-adx,40,0.475,0.000,,0.4772727272727273
ثالوند,تکنیکال-ichi,29,0.448,0.000,,0.45454545454545453
ثالوند,تکنیکال-rsi,29,0.448,0.000,,0.45454545454545453
ثالوند,تکنیکال-macd,67,0.448,0.000,,0.4507042253521127
ثالوند,تکنیکال-psar,92,0.435,0.000,,0.4375
ثالوند,تکنیکال-boll,34,0.412,0.000,,0.42105263157894735
ثالوند,تکنیکال-volbrk,39,0.410,0.000,,0.4186046511627907
ثالوند,تکنیکال-fibo,8,0.375,0.000,,0.4166666666666667
ثالوند,تکنیکال-trendflow,23,0.391,0.000,,0.4074074074074074
ثامان,تکنیکال-sma,14,0.714,0.000,,0.6666666666666666
ثامان,تکنیکال-volbrk,29,0.655,0.000,,0.6363636363636364
ثامان,تکنیکال-super,20,0.650,0.000,,0.625
ثامان,تکنیکال-ichi,19,0.632,0.000,,0.6086956521739131
ثامان,تکنیکال-fibo,12,0.583,0.000,,0.5625
ثامان,تکنیکال-donch,25,0.560,0.000,,0.5517241379310345
ثامان,تکنیکال-flow_net,51,0.529,0.000,,0.5272727272727272
ثامان,تکنیکال-boll,35,0.514,0.000,,0.5128205128205128
ثامان,تکنیکال-adx,32,0.500,0.000,,0.5
ثامان,تکنیکال-flow_bp,50,0.500,0.000,,0.5
ثامان,تکنیکال-trendflow,34,0.500,0.000,,0.5
ثامان,تکنیکال-stoch,53,0.472,0.000,,0.47368421052631576
ثامان,تکنیکال-macd,68,0.456,0.000,,0.4583333333333333
ثامان,تکنیکال-obv,7,0.429,0.000,,0.45454545454545453
ثامان,تکنیکال-psar,84,0.440,0.000,,0.4431818181818182
ثامان,تکنیکال-rsi,29,0.379,0.000,,0.3939393939393939
ثامید,تکنیکال-donch,29,0.724,0.000,,0.696969696969697
ثامید,تکنیکال-super,25,0.640,0.000,,0.6206896551724138
ثامید,تکنیکال-rsi,21,0.619,0.000,,0.6
ثامید,تکنیکال-stoch,50,0.560,0.000,,0.5555555555555556
ثامید,تکنیکال-boll,35,0.543,0.000,,0.5384615384615384
ثامید,تکنیکال-sma,26,0.538,0.000,,0.5333333333333333
ثامید,تکنیکال-volbrk,41,0.537,0.000,,0.5333333333333333
ثامید,تکنیکال-flow_net,85,0.518,0.000,,0.5168539325842697
ثامید,تکنیکال-flow_bp,267,0.491,0.000,,0.4907749077490775
ثامید,تکنیکال-adx,47,0.468,0.000,,0.47058823529411764
ثامید,تکنیکال-trendflow,135,0.430,0.000,,0.4316546762589928
ثامید,تکنیکال-ichi,38,0.421,0.000,,0.42857142857142855
ثامید,تکنیکال-macd,66,0.424,0.000,,0.42857142857142855
ثامید,تکنیکال-psar,102,0.382,0.000,,0.3867924528301887
ثامید,تکنیکال-obv,73,0.329,0.000,,0.33766233766233766
ثامید,تکنیکال-fibo,9,0.222,0.000,,0.3076923076923077
ثباغ,تکنیکال-donch,25,0.760,0.000,,0.7241379310344828
ثباغ,تکنیکال-volbrk,39,0.615,0.000,,0.6046511627906976
ثباغ,تکنیکال-sma,21,0.571,0.000,,0.56
ثباغ,تکنیکال-super,21,0.571,0.000,,0.56
ثباغ,تکنیکال-fibo,7,0.571,0.000,,0.5454545454545454
ثباغ,تکنیکال-flow_bp,57,0.526,0.000,,0.5245901639344263
ثباغ,تکنیکال-adx,43,0.512,0.000,,0.5106382978723404
ثباغ,تکنیکال-trendflow,49,0.510,0.000,,0.5094339622641509
ثباغ,تکنیکال-flow_net,89,0.483,0.000,,0.4838709677419355
ثباغ,تکنیکال-boll,38,0.447,0.000,,0.4523809523809524
ثباغ,تکنیکال-psar,106,0.434,0.000,,0.43636363636363634
ثباغ,تکنیکال-obv,61,0.426,0.000,,0.4307692307692308
ثباغ,تکنیکال-macd,76,0.421,0.000,,0.425
ثباغ,تکنیکال-ichi,29,0.414,0.000,,0.42424242424242425
ثباغ,تکنیکال-stoch,70,0.371,0.000,,0.3783783783783784
ثباغ,تکنیکال-rsi,39,0.359,0.000,,0.37209302325581395
ثبهساز,تکنیکال-boll,39,0.641,0.000,,0.627906976744186
ثبهساز,تکنیکال-donch,33,0.606,0.000,,0.5945945945945946
ثبهساز,تکنیکال-ichi,25,0.600,0.000,,0.5862068965517241
ثبهساز,تکنیکال-rsi,21,0.571,0.000,,0.56
ثبهساز,تکنیکال-stoch,63,0.524,0.000,,0.5223880597014925
ثبهساز,تکنیکال-volbrk,37,0.514,0.000,,0.5121951219512195
ثبهساز,تکنیکال-trendflow,96,0.479,0.000,,0.48
ثبهساز,تکنیکال-macd,67,0.478,0.000,,0.4788732394366197
ثبهساز,تکنیکال-fibo,13,0.462,0.000,,0.47058823529411764
ثبهساز,تکنیکال-sma,22,0.455,0.000,,0.46153846153846156
ثبهساز,تکنیکال-flow_bp,209,0.450,0.000,,0.4507042253521127
ثبهساز,تکنیکال-adx,51,0.431,0.000,,0.43636363636363634
ثبهساز,تکنیکال-super,29,0.414,0.000,,0.42424242424242425
ثبهساز,تکنیکال-psar,106,0.415,0.000,,0.41818181818181815
ثبهساز,تکنیکال-flow_net,47,0.404,0.000,,0.4117647058823529
ثبهساز,تکنیکال-obv,65,0.385,0.000,,0.391304347826087
ثتران,تکنیکال-flow_bp,54,0.537,0.000,,0.5344827586206896
ثتران,تکنیکال-donch,28,0.536,0.000,,0.53125
ثتران,تکنیکال-volbrk,36,0.528,0.000,,0.525
ثتران,تکنیکال-flow_net,42,0.524,0.000,,0.5217391304347826
ثتران,تکنیکال-boll,25,0.520,0.000,,0.5172413793103449
ثتران,تکنیکال-psar,79,0.506,0.000,,0.5060240963855421
ثتران,تکنیکال-super,29,0.483,0.000,,0.48484848484848486
ثتران,تکنیکال-macd,52,0.481,0.000,,0.48214285714285715
ثتران,تکنیکال-rsi,21,0.476,0.000,,0.48
ثتران,تکنیکال-stoch,67,0.478,0.000,,0.4788732394366197
ثتران,تکنیکال-sma,21,0.429,0.000,,0.44
ثتران,تکنیکال-obv,57,0.421,0.000,,0.4262295081967213
ثتران,تکنیکال-fibo,22,0.409,0.000,,0.4230769230769231
ثتران,تکنیکال-trendflow,46,0.413,0.000,,0.42
ثتران,تکنیکال-ichi,28,0.393,0.000,,0.40625
ثتران,تکنیکال-adx,51,0.353,0.000,,0.36363636363636365
ثتوسا,تکنیکال-donch,21,0.714,0.000,,0.68
ثتوسا,تکنیکال-super,15,0.667,0.000,,0.631578947368421
ثتوسا,تکنیکال-rsi,16,0.625,0.000,,0.6
ثتوسا,تکنیکال-volbrk,28,0.571,0.000,,0.5625
ثتوسا,تکنیکال-ichi,16,0.562,0.000,,0.55
ثتوسا,تکنیکال-adx,27,0.556,0.000,,0.5483870967741935
ثتوسا,تکنیکال-fibo,7,0.571,0.000,,0.5454545454545454
ثتوسا,تکنیکال-flow_net,46,0.543,0.000,,0.54
ثتوسا,تکنیکال-macd,49,0.531,0.000,,0.5283018867924528
ثتوسا,تکنیکال-sma,14,0.500,0.000,,0.5
ثتوسا,تکنیکال-stoch,52,0.500,0.000,,0.5
ثتوسا,تکنیکال-psar,71,0.493,0.000,,0.49333333333333335
ثتوسا,تکنیکال-flow_bp,77,0.481,0.000,,0.48148148148148145
ثتوسا,تکنیکال-obv,40,0.450,0.000,,0.45454545454545453
ثتوسا,تکنیکال-boll,31,0.419,0.000,,0.42857142857142855
ثتوسا,تکنیکال-trendflow,49,0.408,0.000,,0.41509433962264153
ثجنوب,تکنیکال-donch,15,0.667,0.000,,0.631578947368421
ثجنوب,تکنیکال-super,15,0.667,0.000,,0.631578947368421
ثجنوب,تکنیکال-adx,17,0.647,0.000,,0.6190476190476191
ثجنوب,تکنیکال-trendflow,29,0.586,0.000,,0.5757575757575758
ثجنوب,تکنیکال-flow_net,36,0.583,0.000,,0.575
ثجنوب,تکنیکال-boll,14,0.571,0.000,,0.5555555555555556
ثجنوب,تکنیکال-sma,9,0.556,0.000,,0.5384615384615384
ثجنوب,تکنیکال-ichi,13,0.538,0.000,,0.5294117647058824
ثجنوب,تکنیکال-volbrk,15,0.533,0.000,,0.5263157894736842
ثجنوب,تکنیکال-obv,24,0.500,0.000,,0.5
ثجنوب,تکنیکال-flow_bp,35,0.486,0.000,,0.48717948717948717
ثجنوب,تکنیکال-rsi,13,0.462,0.000,,0.47058823529411764
ثجنوب,تکنیکال-stoch,26,0.462,0.000,,0.4666666666666667
ثجنوب,تکنیکال-fibo,3,0.333,0.000,,0.42857142857142855
ثجنوب,تکنیکال-psar,43,0.395,0.000,,0.40425531914893614
ثجنوب,تکنیکال-macd,32,0.312,0.000,,0.3333333333333333
ثجوان,تکنیکال-flow_bp,64,0.594,0.000,,0.5882352941176471
ثجوان,تکنیکال-donch,22,0.591,0.000,,0.5769230769230769
ثجوان,تکنیکال-rsi,19,0.579,0.000,,0.5652173913043478
ثجوان,تکنیکال-super,21,0.571,0.000,,0.56
ثجوان,تکنیکال-stoch,53,0.547,0.000,,0.543859649122807
ثجوان,تکنیکال-boll,26,0.538,0.000,,0.5333333333333333
ثجوان,تکنیکال-flow_net,47,0.532,0.000,,0.5294117647058824
ثجوان,تکنیکال-volbrk,32,0.531,0.000,,0.5277777777777778
ثجوان,تکنیکال-macd,42,0.524,0.000,,0.5217391304347826
ثجوان,تکنیکال-psar,68,0.515,0.000,,0.5138888888888888
ثجوان,تکنیکال-fibo,12,0.500,0.000,,0.5
ثجوان,تکنیکال-ichi,23,0.435,0.000,,0.4444444444444444
ثجوان,تکنیکال-adx,43,0.419,0.000,,0.425531914893617
ثجوان,تکنیکال-obv,35,0.400,0.000,,0.41025641025641024
ثجوان,تکنیکال-trendflow,36,0.361,0.000,,0.375
ثجوان,تکنیکال-sma,15,0.333,0.000,,0.3684210526315789
ثرود,تکنیکال-ichi,30,0.667,0.000,,0.6470588235294118
ثرود,تکنیکال-volbrk,36,0.639,0.000,,0.625
ثرود,تکنیکال-donch,34,0.559,0.000,,0.5526315789473685
ثرود,تکنیکال-flow_net,36,0.556,0.000,,0.55
ثرود,تکنیکال-adx,46,0.543,0.000,,0.54
ثرود,تکنیکال-boll,45,0.533,0.000,,0.5306122448979592
ثرود,تکنیکال-flow_bp,65,0.523,0.000,,0.5217391304347826
ثرود,تکنیکال-macd,65,0.523,0.000,,0.5217391304347826
ثرود,تکنیکال-rsi,26,0.500,0.000,,0.5
ثرود,تکنیکال-psar,94,0.479,0.000,,0.47959183673469385
ثرود,تکنیکال-obv,58,0.466,0.000,,0.46774193548387094
ثرود,تکنیکال-super,28,0.429,0.000,,0.4375
ثرود,تکنیکال-trendflow,46,0.413,0.000,,0.42
ثرود,تکنیکال-fibo,20,0.400,0.000,,0.4166666666666667
ثرود,تکنیکال-stoch,69,0.391,0.000,,0.3972602739726027
ثرود,تکنیکال-sma,27,0.370,0.000,,0.3870967741935484
ثزاگرس,تکنیکال-stoch,48,0.667,0.000,,0.6538461538461539
ثزاگرس,تکنیکال-fibo,10,0.600,0.000,,0.5714285714285714
ثزاگرس,تکنیکال-sma,10,0.600,0.000,,0.5714285714285714
ثزاگرس,تکنیکال-trendflow,43,0.558,0.000,,0.5531914893617021
ثزاگرس,تکنیکال-donch,22,0.545,0.000,,0.5384615384615384
ثزاگرس,تکنیکال-boll,28,0.536,0.000,,0.53125
ثزاگرس,تکنیکال-rsi,19,0.526,0.000,,0.5217391304347826
ثزاگرس,تکنیکال-flow_bp,113,0.513,0.000,,0.5128205128205128
ثزاگرس,تکنیکال-adx,37,0.514,0.000,,0.5121951219512195
ثزاگرس,تکنیکال-macd,57,0.491,0.000,,0.4918032786885246
ثزاگرس,تکنیکال-volbrk,39,0.462,0.000,,0.46511627906976744
ثزاگرس,تکنیکال-flow_net,77,0.442,0.000,,0.4444444444444444
ثزاگرس,تکنیکال-psar,73,0.438,0.000,,0.44155844155844154
ثزاگرس,تکنیکال-ichi,24,0.417,0.000,,0.42857142857142855
ثزاگرس,تکنیکال-super,21,0.333,0.000,,0.36
ثزاگرس,تکنیکال-obv,48,0.312,0.000,,0.3269230769230769
ثشاهد,تکنیکال-donch,31,0.613,0.000,,0.6
ثشاهد,تکنیکال-super,35,0.600,0.000,,0.5897435897435898
ثشاهد,تکنیکال-trendflow,41,0.561,0.000,,0.5555555555555556
ثشاهد,تکنیکال-fibo,17,0.529,0.000,,0.5238095238095238
ثشاهد,تکنیکال-adx,54,0.500,0.000,,0.5
ثشاهد,تکنیکال-flow_bp,30,0.500,0.000,,0.5
ثشاهد,تکنیکال-rsi,32,0.500,0.000,,0.5
ثشاهد,تکنیکال-sma,22,0.500,0.000,,0.5
ثشاهد,تکنیکال-volbrk,40,0.500,0.000,,0.5
ثشاهد,تکنیکال-psar,91,0.484,0.000,,0.4842105263157895
ثشاهد,تکنیکال-ichi,32,0.469,0.000,,0.4722222222222222
ثشاهد,تکنیکال-stoch,91,0.462,0.000,,0.4631578947368421
ثشاهد,تکنیکال-macd,65,0.446,0.000,,0.4492753623188406
ثشاهد,تکنیکال-boll,48,0.417,0.000,,0.4230769230769231
ثشاهد,تکنیکال-obv,55,0.400,0.000,,0.4067796610169492
ثشاهد,تکنیکال-flow_net,46,0.326,0.000,,0.34
ثشرق,تکنیکال-flow_net,31,0.581,0.000,,0.5714285714285714
ثشرق,تکنیکال-stoch,51,0.569,0.000,,0.5636363636363636
ثشرق,تکنیکال-flow_bp,43,0.535,0.000,,0.5319148936170213
ثشرق,تکنیکال-rsi,17,0.529,0.000,,0.5238095238095238
ثشرق,تکنیکال-fibo,12,0.500,0.000,,0.5
ثشرق,تکنیکال-boll,36,0.472,0.000,,0.475
ثشرق,تکنیکال-macd,58,0.466,0.000,,0.46774193548387094
ثشرق,تکنیکال-super,22,0.455,0.000,,0.46153846153846156
ثشرق,تکنیکال-psar,86,0.453,0.000,,0.45555555555555555
ثشرق,تکنیکال-ichi,25,0.440,0.000,,0.4482758620689655
ثشرق,تکنیکال-obv,50,0.440,0.000,,0.4444444444444444
ثشرق,تکنیکال-volbrk,26,0.423,0.000,,0.43333333333333335
ثشرق,تکنیکال-sma,17,0.412,0.000,,0.42857142857142855
ثشرق,تکنیکال-adx,52,0.404,0.000,,0.4107142857142857
ثشرق,تکنیکال-donch,34,0.382,0.000,,0.39473684210526316
ثشرق,تکنیکال-trendflow,33,0.333,0.000,,0.35135135135135137
ثعتما,تکنیکال-donch,18,0.667,0.000,,0.6363636363636364
ثعتما,تکنیکال-volbrk,21,0.619,0.000,,0.6
ثعتما,تکنیکال-sma,15,0.600,0.000,,0.5789473684210527
ثعتما,تکنیکال-fibo,10,0.600,0.000,,0.5714285714285714
ثعتما,تکنیکال-trendflow,39,0.564,0.000,,0.5581395348837209
ثعتما,تکنیکال-macd,41,0.561,0.000,,0.5555555555555556
ثعتما,تکنیکال-flow_bp,66,0.545,0.000,,0.5428571428571428
ثعتما,تکنیکال-flow_net,20,0.550,0.000,,0.5416666666666666
ثعتما,تکنیکال-stoch,42,0.524,0.000,,0.5217391304347826
ثعتما,تکنیکال-boll,27,0.519,0.000,,0.5161290322580645
ثعتما,تکنیکال-psar,74,0.514,0.000,,0.5128205128205128
ثعتما,تکنیکال-adx,32,0.500,0.000,,0.5
ثعتما,تکنیکال-rsi,24,0.500,0.000,,0.5
ثعتما,تکنیکال-super,20,0.500,0.000,,0.5
ثعتما,تکنیکال-ichi,20,0.450,0.000,,0.4583333333333333
ثعتما,تکنیکال-obv,43,0.419,0.000,,0.425531914893617
ثعمرا,تکنیکال-boll,31,0.581,0.000,,0.5714285714285714
ثعمرا,تکنیکال-super,31,0.581,0.000,,0.5714285714285714
ثعمرا,تکنیکال-ichi,29,0.552,0.000,,0.5454545454545454
ثعمرا,تکنیکال-adx,63,0.540,0.000,,0.5373134328358209
ثعمرا,تکنیکال-macd,63,0.540,0.000,,0.5373134328358209
ثعمرا,تکنیکال-obv,60,0.533,0.000,,0.53125
ثعمرا,تکنیکال-volbrk,40,0.525,0.000,,0.5227272727272727
ثعمرا,تکنیکال-psar,96,0.510,0.000,,0.51
ثعمرا,تکنیکال-sma,24,0.500,0.000,,0.5
ثعمرا,تکنیکال-flow_bp,80,0.487,0.000,,0.4880952380952381
ثعمرا,تکنیکال-stoch,72,0.486,0.000,,0.4868421052631579
ثعمرا,تکنیکال-fibo,15,0.467,0.000,,0.47368421052631576
ثعمرا,تکنیکال-rsi,26,0.423,0.000,,0.43333333333333335
ثعمرا,تکنیکال-flow_net,55,0.418,0.000,,0.423728813559322
ثعمرا,تکنیکال-donch,34,0.412,0.000,,0.42105263157894735
ثعمرا,تکنیکال-trendflow,56,0.411,0.000,,0.4166666666666667
ثغرب,تکنیکال-stoch,71,0.648,0.000,,0.64
ثغرب,تکنیکال-trendflow,19,0.632,0.000,,0.6086956521739131
ثغرب,تکنیکال-flow_bp,57,0.561,0.000,,0.5573770491803278
ثغرب,تکنیکال-rsi,24,0.542,0.000,,0.5357142857142857
ثغرب,تکنیکال-boll,44,0.500,0.000,,0.5
ثغرب,تکنیکال-psar,82,0.476,0.000,,0.47674418604651164
ثغرب,تکنیکال-volbrk,28,0.464,0.000,,0.46875
ثغرب,تکنیکال-macd,58,0.466,0.000,,0.46774193548387094
ثغرب,تکنیکال-fibo,18,0.444,0.000,,0.45454545454545453
ثغرب,تکنیکال-flow_net,65,0.431,0.000,,0.43478260869565216
ثغرب,تکنیکال-sma,24,0.417,0.000,,0.42857142857142855
ثغرب,تکنیکال-donch,35,0.400,0.000,,0.41025641025641024
ثغرب,تکنیکال-adx,48,0.396,0.000,,0.40384615384615385
ثغرب,تکنیکال-obv,54,0.389,0.000,,0.39655172413793105
ثغرب,تکنیکال-ichi,27,0.370,0.000,,0.3870967741935484
ثغرب,تکنیکال-super,31,0.323,0.000,,0.34285714285714286
ثفارس,تکنیکال-fibo,7,0.857,0.000,,0.7272727272727273
ثفارس,تکنیکال-stoch,76,0.553,0.000,,0.55
ثفارس,تکنیکال-trendflow,41,0.537,0.000,,0.5333333333333333
ثفارس,تکنیکال-macd,55,0.527,0.000,,0.5254237288135594
ثفارس,تکنیکال-rsi,27,0.519,0.000,,0.5161290322580645
ثفارس,تکنیکال-boll,49,0.510,0.000,,0.5094339622641509
ثفارس,تکنیکال-flow_bp,24,0.500,0.000,,0.5
ثفارس,تکنیکال-volbrk,34,0.471,0.000,,0.47368421052631576
ثفارس,تکنیکال-psar,89,0.472,0.000,,0.4731182795698925
ثفارس,تکنیکال-donch,33,0.455,0.000,,0.4594594594594595
ثفارس,تکنیکال-obv,49,0.429,0.000,,0.4339622641509434
ثفارس,تکنیکال-adx,59,0.424,0.000,,0.42857142857142855
ثفارس,تکنیکال-sma,16,0.375,0.000,,0.4
ثفارس,تکنیکال-flow_net,55,0.382,0.000,,0.3898305084745763
ثفارس,تکنیکال-super,33,0.364,0.000,,0.3783783783783784
ثفارس,تکنیکال-ichi,33,0.303,0.000,,0.32432432432432434
ثقزوی,تکنیکال-donch,12,0.750,0.000,,0.6875
ثقزوی,تکنیکال-volbrk,18,0.611,0.000,,0.5909090909090909
ثقزوی,تکنیکال-ichi,15,0.600,0.000,,0.5789473684210527
ثقزوی,تکنیکال-rsi,15,0.600,0.000,,0.5789473684210527
ثقزوی,تکنیکال-sma,12,0.583,0.000,,0.5625
ثقزوی,تکنیکال-super,12,0.583,0.000,,0.5625
ثقزوی,تکنیکال-stoch,34,0.559,0.000,,0.5526315789473685
ثقزوی,تکنیکال-flow_bp,94,0.532,0.000,,0.5306122448979592
ثقزوی,تکنیکال-macd,42,0.524,0.000,,0.5217391304347826
ثقزوی,تکنیکال-boll,22,0.500,0.000,,0.5
ثقزوی,تکنیکال-trendflow,36,0.500,0.000,,0.5
ثقزوی,تکنیکال-adx,27,0.481,0.000,,0.4838709677419355
ثقزوی,تکنیکال-psar,79,0.481,0.000,,0.4819277108433735
ثقزوی,تکنیکال-flow_net,38,0.474,0.000,,0.47619047619047616
ثقزوی,تکنیکال-obv,33,0.364,0.000,,0.3783783783783784
ثقزوی,تکنیکال-fibo,4,0.250,0.000,,0.375
ثمسکن,تکنیکال-fibo,5,0.800,0.000,,0.6666666666666666
ثمسکن,تکنیکال-donch,31,0.613,0.000,,0.6
ثمسکن,تکنیکال-sma,20,0.600,0.000,,0.5833333333333334
ثمسکن,تکنیکال-volbrk,39,0.564,0.000,,0.5581395348837209
ثمسکن,تکنیکال-flow_net,84,0.548,0.000,,0.5454545454545454
ثمسکن,تکنیکال-stoch,73,0.548,0.000,,0.5454545454545454
ثمسکن,تکنیکال-rsi,24,0.542,0.000,,0.5357142857142857
ثمسکن,تکنیکال-flow_bp,58,0.534,0.000,,0.532258064516129
ثمسکن,تکنیکال-boll,38,0.526,0.000,,0.5238095238095238
ثمسکن,تکنیکال-adx,54,0.519,0.000,,0.5172413793103449
ثمسکن,تکنیکال-ichi,32,0.500,0.000,,0.5
ثمسکن,تکنیکال-macd,63,0.476,0.000,,0.47761194029850745
ثمسکن,تکنیکال-super,32,0.469,0.000,,0.4722222222222222
ثمسکن,تکنیکال-trendflow,61,0.443,0.000,,0.4461538461538462
ثمسکن,تکنیکال-psar,106,0.443,0.000,,0.44545454545454544
ثمسکن,تکنیکال-obv,68,0.368,0.000,,0.375
ثنام,تکنیکال-super,15,0.733,0.000,,0.6842105263157895
ثنام,تکنیکال-donch,18,0.667,0.000,,0.6363636363636364
ثنام,تکنیکال-fibo,6,0.667,0.000,,0.6
ثنام,تکنیکال-rsi,17,0.529,0.000,,0.5238095238095238
ثنام,تکنیکال-stoch,48,0.521,0.000,,0.5192307692307693
ثنام,تکنیکال-volbrk,25,0.520,0.000,,0.5172413793103449
ثنام,تکنیکال-psar,76,0.513,0.000,,0.5125
ثنام,تکنیکال-ichi,22,0.500,0.000,,0.5
ثنام,تکنیکال-sma,14,0.500,0.000,,0.5
ثنام,تکنیکال-trendflow,37,0.486,0.000,,0.4878048780487805
ثنام,تکنیکال-flow_bp,85,0.482,0.000,,0.48314606741573035
ثنام,تکنیکال-obv,36,0.472,0.000,,0.475
ثنام,تکنیکال-macd,43,0.465,0.000,,0.46808510638297873
ثنام,تکنیکال-flow_net,55,0.455,0.000,,0.4576271186440678
ثنام,تکنیکال-adx,38,0.447,0.000,,0.4523809523809524
ثنام,تکنیکال-boll,28,0.321,0.000,,0.34375
ثنظام,تکنیکال-super,9,0.889,0.000,,0.7692307692307693
ثنظام,تکنیکال-sma,12,0.750,0.000,,0.6875
ثنظام,تکنیکال-donch,13,0.692,0.000,,0.6470588235294118
ثنظام,تکنیکال-stoch,24,0.583,0.000,,0.5714285714285714
ثنظام,تکنیکال-volbrk,19,0.579,0.000,,0.5652173913043478
ثنظام,تکنیکال-flow_net,35,0.543,0.000,,0.5384615384615384
ثنظام,تکنیکال-fibo,4,0.500,0.000,,0.5
ثنظام,تکنیکال-rsi,10,0.500,0.000,,0.5
ثنظام,تکنیکال-psar,69,0.493,0.000,,0.4931506849315068
ثنظام,تکنیکال-adx,25,0.480,0.000,,0.4827586206896552
ثنظام,تکنیکال-flow_bp,73,0.479,0.000,,0.4805194805194805
ثنظام,تکنیکال-boll,19,0.474,0.000,,0.4782608695652174
ثنظام,تکنیکال-ichi,17,0.471,0.000,,0.47619047619047616
ثنظام,تکنیکال-macd,47,0.426,0.000,,0.43137254901960786
ثنظام,تکنیکال-trendflow,43,0.419,0.000,,0.425531914893617
ثنظام,تکنیکال-obv,29,0.345,0.000,,0.36363636363636365
ثنور,تکنیکال-stoch,64,0.656,0.000,,0.6470588235294118
ثنور,تکنیکال-fibo,12,0.667,0.000,,0.625
ثنور,تکنیکال-boll,25,0.640,0.000,,0.6206896551724138
ثنور,تکنیکال-flow_net,54,0.556,0.000,,0.5517241379310345
ثنور,تکنیکال-flow_bp,82,0.524,0.000,,0.5232558139534884
ثنور,تکنیکال-volbrk,24,0.500,0.000,,0.5
ثنور,تکنیکال-rsi,24,0.417,0.000,,0.42857142857142855
ثنور,تکنیکال-trendflow,24,0.417,0.000,,0.42857142857142855
ثنور,تکنیکال-macd,65,0.415,0.000,,0.42028985507246375
ثنور,تکنیکال-psar,82,0.415,0.000,,0.4186046511627907
ثنور,تکنیکال-sma,18,0.389,0.000,,0.4090909090909091
ثنور,تکنیکال-adx,43,0.395,0.000,,0.40425531914893614
ثنور,تکنیکال-super,29,0.379,0.000,,0.3939393939393939
ثنور,تکنیکال-ichi,21,0.333,0.000,,0.36
ثنور,تکنیکال-donch,30,0.300,0.000,,0.3235294117647059
ثنور,تکنیکال-obv,64,0.297,0.000,,0.3088235294117647
ثنوسا,تکنیکال-volbrk,32,0.656,0.000,,0.6388888888888888
ثنوسا,تکنیکال-super,32,0.562,0.000,,0.5555555555555556
ثنوسا,تکنیکال-donch,34,0.529,0.000,,0.5263157894736842
ثنوسا,تکنیکال-adx,59,0.525,0.000,,0.5238095238095238
ثنوسا,تکنیکال-ichi,29,0.517,0.000,,0.5151515151515151
ثنوسا,تکنیکال-flow_net,67,0.507,0.000,,0.5070422535211268
ثنوسا,تکنیکال-flow_bp,64,0.500,0.000,,0.5
ثنوسا,تکنیکال-obv,54,0.500,0.000,,0.5
ثنوسا,تکنیکال-macd,69,0.493,0.000,,0.4931506849315068
ثنوسا,تکنیکال-trendflow,39,0.487,0.000,,0.4883720930232558
ثنوسا,تکنیکال-stoch,76,0.474,0.000,,0.475
ثنوسا,تکنیکال-sma,20,0.450,0.000,,0.4583333333333333
ثنوسا,تکنیکال-boll,34,0.441,0.000,,0.4473684210526316
ثنوسا,تکنیکال-psar,100,0.400,0.000,,0.40384615384615385
ثنوسا,تکنیکال-fibo,14,0.357,0.000,,0.3888888888888889
ثنوسا,تکنیکال-rsi,37,0.324,0.000,,0.34146341463414637
ثپردیس,تکنیکال-flow_bp,54,0.611,0.000,,0.603448275862069
ثپردیس,تکنیکال-stoch,72,0.542,0.000,,0.5394736842105263
ثپردیس,تکنیکال-sma,22,0.545,0.000,,0.5384615384615384
ثپردیس,تکنیکال-fibo,11,0.545,0.000,,0.5333333333333333
ثپردیس,تکنیکال-psar,91,0.527,0.000,,0.5263157894736842
ثپردیس,تکنیکال-rsi,34,0.529,0.000,,0.5263157894736842
ثپردیس,تکنیکال-trendflow,29,0.517,0.000,,0.5151515151515151
ثپردیس,تکنیکال-super,28,0.500,0.000,,0.5
ثپردیس,تکنیکال-macd,65,0.492,0.000,,0.4927536231884058
ثپردیس,تکنیکال-volbrk,39,0.487,0.000,,0.4883720930232558
ثپردیس,تکنیکال-donch,31,0.484,0.000,,0.4857142857142857
ثپردیس,تکنیکال-boll,43,0.465,0.000,,0.46808510638297873
ثپردیس,تکنیکال-ichi,31,0.452,0.000,,0.45714285714285713
ثپردیس,تکنیکال-adx,51,0.431,0.000,,0.43636363636363634
ثپردیس,تکنیکال-flow_net,81,0.395,0.000,,0.4
ثپردیس,تکنیکال-obv,60,0.367,0.000,,0.375
جم,تکنیکال-donch,14,0.714,0.000,,0.6666666666666666
جم,تکنیکال-obv,36,0.611,0.000,,0.6
جم,تکنیکال-adx,38,0.605,0.000,,0.5952380952380952
جم,تکنیکال-boll,27,0.593,0.000,,0.5806451612903226
جم,تکنیکال-stoch,27,0.593,0.000,,0.5806451612903226
جم,تکنیکال-ichi,22,0.591,0.000,,0.5769230769230769
جم,تکنیکال-super,12,0.583,0.000,,0.5625
جم,تکنیکال-flow_bp,78,0.564,0.000,,0.5609756097560976
جم,تکنیکال-sma,18,0.556,0.000,,0.5454545454545454
جم,تکنیکال-trendflow,41,0.537,0.000,,0.5333333333333333
جم,تکنیکال-volbrk,37,0.514,0.000,,0.5121951219512195
جم,تکنیکال-macd,53,0.509,0.000,,0.5087719298245614
جم,تکنیکال-flow_net,90,0.500,0.000,,0.5
جم,تکنیکال-psar,100,0.460,0.000,,0.46153846153846156
جم,تکنیکال-fibo,5,0.400,0.000,,0.4444444444444444
جم,تکنیکال-rsi,21,0.429,0.000,,0.44
جمپیلن,تکنیکال-stoch,25,0.600,0.000,,0.5862068965517241
جمپیلن,تکنیکال-rsi,16,0.562,0.000,,0.55
جمپیلن,تکنیکال-boll,18,0.500,0.000,,0.5
جمپیلن,تکنیکال-fibo,8,0.500,0.000,,0.5
جمپیلن,تکنیکال-flow_net,115,0.496,0.000,,0.4957983193277311
جمپیلن,تکنیکال-psar,98,0.490,0.000,,0.49019607843137253
جمپیلن,تکنیکال-obv,51,0.471,0.000,,0.4727272727272727
جمپیلن,تکنیکال-macd,62,0.452,0.000,,0.45454545454545453
جمپیلن,تکنیکال-donch,21,0.429,0.000,,0.44
جمپیلن,تکنیکال-flow_bp,71,0.437,0.000,,0.44
جمپیلن,تکنیکال-volbrk,45,0.422,0.000,,0.42857142857142855
جمپیلن,تکنیکال-ichi,43,0.419,0.000,,0.425531914893617
جمپیلن,تکنیکال-super,20,0.400,0.000,,0.4166666666666667
جمپیلن,تکنیکال-sma,25,0.400,0.000,,0.41379310344827586
جمپیلن,تکنیکال-adx,45,0.400,0.000,,0.40816326530612246
جمپیلن,تکنیکال-trendflow,52,0.365,0.000,,0.375
جهرم,تکنیکال-rsi,21,0.667,0.000,,0.64
جهرم,تکنیکال-volbrk,26,0.654,0.000,,0.6333333333333333
جهرم,تکنیکال-adx,32,0.625,0.000,,0.6111111111111112
جهرم,تکنیکال-macd,41,0.610,0.000,,0.6
جهرم,تکنیکال-obv,28,0.571,0.000,,0.5625
جهرم,تکنیکال-donch,14,0.571,0.000,,0.5555555555555556
جهرم,تکنیکال-trendflow,38,0.553,0.000,,0.5476190476190477
جهرم,تکنیکال-flow_bp,79,0.544,0.000,,0.5421686746987951
جهرم,تکنیکال-fibo,4,0.500,0.000,,0.5
جهرم,تکنیکال-flow_net,8,0.500,0.000,,0.5
جهرم,تکنیکال-ichi,12,0.500,0.000,,0.5
جهرم,تکنیکال-stoch,24,0.500,0.000,,0.5
جهرم,تکنیکال-psar,85,0.494,0.000,,0.4943820224719101
جهرم,تکنیکال-boll,21,0.476,0.000,,0.48
جهرم,تکنیکال-super,15,0.467,0.000,,0.47368421052631576
جهرم,تکنیکال-sma,14,0.357,0.000,,0.3888888888888889
جوین,تکنیکال-flow_net,58,0.586,0.000,,0.5806451612903226
جوین,تکنیکال-super,23,0.565,0.000,,0.5555555555555556
جوین,تکنیکال-stoch,45,0.533,0.000,,0.5306122448979592
جوین,تکنیکال-macd,54,0.519,0.000,,0.5172413793103449
جوین,تکنیکال-rsi,10,0.500,0.000,,0.5
جوین,تکنیکال-donch,29,0.483,0.000,,0.48484848484848486
جوین,تکنیکال-sma,19,0.474,0.000,,0.4782608695652174
جوین,تکنیکال-flow_bp,59,0.458,0.000,,0.4603174603174603
جوین,تکنیکال-ichi,29,0.448,0.000,,0.45454545454545453
جوین,تکنیکال-psar,80,0.450,0.000,,0.4523809523809524
جوین,تکنیکال-boll,27,0.444,0.000,,0.45161290322580644
جوین,تکنیکال-volbrk,38,0.421,0.000,,0.42857142857142855
جوین,تکنیکال-trendflow,54,0.407,0.000,,0.41379310344827586
جوین,تکنیکال-adx,35,0.400,0.000,,0.41025641025641024
جوین,تکنیکال-fibo,7,0.286,0.000,,0.36363636363636365
جوین,تکنیکال-obv,54,0.352,0.000,,0.3620689655172414
حآسا,تکنیکال-flow_net,48,0.583,0.000,,0.5769230769230769
حآسا,تکنیکال-trendflow,36,0.556,0.000,,0.55
حآسا,تکنیکال-adx,59,0.542,0.000,,0.5396825396825397
حآسا,تکنیکال-sma,22,0.545,0.000,,0.5384615384615384
حآسا,تکنیکال-rsi,30,0.533,0.000,,0.5294117647058824
حآسا,تکنیکال-donch,34,0.529,0.000,,0.5263157894736842
حآسا,تکنیکال-fibo,10,0.500,0.000,,0.5
حآسا,تکنیکال-flow_bp,56,0.500,0.000,,0.5
حآسا,تکنیکال-ichi,20,0.500,0.000,,0.5
حآسا,تکنیکال-psar,97,0.495,0.000,,0.49504950495049505
حآسا,تکنیکال-stoch,72,0.458,0.000,,0.4605263157894737
حآسا,تکنیکال-super,31,0.452,0.000,,0.45714285714285713
حآسا,تکنیکال-volbrk,44,0.432,0.000,,0.4375
حآسا,تکنیکال-macd,67,0.418,0.000,,0.4225352112676056
حآسا,تکنیکال-boll,33,0.394,0.000,,0.40540540540540543
حآسا,تکنیکال-obv,68,0.382,0.000,,0.3888888888888889
حآفرین,تکنیکال-flow_bp,40,0.600,0.000,,0.5909090909090909
حآفرین,تکنیکال-donch,26,0.577,0.000,,0.5666666666666667
حآفرین,تکنیکال-boll,21,0.571,0.000,,0.56
حآفرین,تکنیکال-volbrk,40,0.550,0.000,,0.5454545454545454
حآفرین,تکنیکال-flow_net,74,0.514,0.000,,0.5128205128205128
حآفرین,تکنیکال-stoch,51,0.510,0.000,,0.509090909090909
حآفرین,تکنیکال-macd,57,0.509,0.000,,0.5081967213114754
حآفرین,تکنیکال-fibo,8,0.500,0.000,,0.5
حآفرین,تکنیکال-super,21,0.476,0.000,,0.48
حآفرین,تکنیکال-rsi,20,0.450,0.000,,0.4583333333333333
حآفرین,تکنیکال-ichi,31,0.452,0.000,,0.45714285714285713
حآفرین,تکنیکال-sma,19,0.421,0.000,,0.43478260869565216
حآفرین,تکنیکال-adx,53,0.415,0.000,,0.42105263157894735
حآفرین,تکنیکال-psar,90,0.378,0.000,,0.3829787234042553
حآفرین,تکنیکال-obv,54,0.370,0.000,,0.3793103448275862
حآفرین,تکنیکال-trendflow,45,0.311,0.000,,0.32653061224489793
حبندر,تکنیکال-super,34,0.588,0.000,,0.5789473684210527
حبندر,تکنیکال-volbrk,29,0.586,0.000,,0.5757575757575758
حبندر,تکنیکال-rsi,26,0.577,0.000,,0.5666666666666667
حبندر,تکنیکال-stoch,60,0.517,0.000,,0.515625
حبندر,تکنیکال-ichi,29,0.517,0.000,,0.5151515151515151
حبندر,تکنیکال-boll,31,0.516,0.000,,0.5142857142857142
حبندر,تکنیکال-fibo,22,0.500,0.000,,0.5
حبندر,تکنیکال-macd,57,0.474,0.000,,0.47540983606557374
حبندر,تکنیکال-flow_net,37,0.459,0.000,,0.4634146341463415
حبندر,تکنیکال-obv,48,0.458,0.000,,0.46153846153846156
حبندر,تکنیکال-donch,31,0.452,0.000,,0.45714285714285713
حبندر,تکنیکال-trendflow,54,0.444,0.000,,0.4482758620689655
حبندر,تکنیکال-adx,41,0.439,0.000,,0.4444444444444444
حبندر,تکنیکال-flow_bp,62,0.435,0.000,,0.4393939393939394
حبندر,تکنیکال-psar,78,0.436,0.000,,0.43902439024390244
حبندر,تکنیکال-sma,23,0.304,0.000,,0.3333333333333333
حتاید,تکنیکال-super,29,0.586,0.000,,0.5757575757575758
حتاید,تکنیکال-stoch,53,0.528,0.000,,0.5263157894736842
حتاید,تکنیکال-flow_bp,60,0.500,0.000,,0.5
حتاید,تکنیکال-sma,23,0.478,0.000,,0.48148148148148145
حتاید,تکنیکال-trendflow,69,0.449,0.000,,0.4520547945205479
حتاید,تکنیکال-obv,65,0.446,0.000,,0.4492753623188406
حتاید,تکنیکال-boll,34,0.441,0.000,,0.4473684210526316
حتاید,تکنیکال-adx,53,0.434,0.000,,0.43859649122807015
حتاید,تکنیکال-psar,95,0.421,0.000,,0.42424242424242425
حتاید,تکنیکال-rsi,15,0.400,0.000,,0.42105263157894735
حتاید,تکنیکال-flow_net,98,0.398,0.000,,0.4019607843137255
حتاید,تکنیکال-macd,69,0.391,0.000,,0.3972602739726027
حتاید,تکنیکال-donch,39,0.385,0.000,,0.3953488372093023
حتاید,تکنیکال-volbrk,49,0.367,0.000,,0.37735849056603776
حتاید,تکنیکال-fibo,18,0.333,0.000,,0.36363636363636365
حتاید,تکنیکال-ichi,44,0.341,0.000,,0.3541666666666667
حتوکا,تکنیکال-stoch,65,0.600,0.000,,0.5942028985507246
حتوکا,تکنیکال-macd,68,0.529,0.000,,0.5277777777777778
حتوکا,تکنیکال-rsi,23,0.522,0.000,,0.5185185185185185
حتوکا,تکنیکال-boll,29,0.517,0.000,,0.5151515151515151
حتوکا,تکنیکال-fibo,19,0.474,0.000,,0.4782608695652174
حتوکا,تکنیکال-adx,64,0.453,0.000,,0.45588235294117646
حتوکا,تکنیکال-ichi,42,0.429,0.000,,0.43478260869565216
حتوکا,تکنیکال-volbrk,43,0.419,0.000,,0.425531914893617
حتوکا,تکنیکال-flow_net,64,0.406,0.000,,0.4117647058823529
حتوکا,تکنیکال-trendflow,55,0.400,0.000,,0.4067796610169492
حتوکا,تکنیکال-flow_bp,56,0.393,0.000,,0.4
حتوکا,تکنیکال-obv,54,0.389,0.000,,0.39655172413793105
حتوکا,تکنیکال-psar,99,0.374,0.000,,0.3786407766990291
حتوکا,تکنیکال-sma,33,0.364,0.000,,0.3783783783783784
حتوکا,تکنیکال-donch,43,0.349,0.000,,0.3617021276595745
حتوکا,تکنیکال-super,32,0.344,0.000,,0.3611111111111111
حخزر,تکنیکال-stoch,66,0.576,0.000,,0.5714285714285714
حخزر,تکنیکال-boll,35,0.571,0.000,,0.5641025641025641
حخزر,تکنیکال-rsi,21,0.524,0.000,,0.52
حخزر,تکنیکال-adx,45,0.511,0.000,,0.5102040816326531
حخزر,تکنیکال-flow_bp,91,0.495,0.000,,0.49473684210526314
حخزر,تکنیکال-fibo,15,0.467,0.000,,0.47368421052631576
حخزر,تکنیکال-flow_net,118,0.466,0.000,,0.4672131147540984
حخزر,تکنیکال-sma,18,0.444,0.000,,0.45454545454545453
حخزر,تکنیکال-super,27,0.444,0.000,,0.45161290322580644
حخزر,تکنیکال-psar,90,0.444,0.000,,0.44680851063829785
حخزر,تکنیکال-donch,32,0.438,0.000,,0.4444444444444444
حخزر,تکنیکال-volbrk,37,0.432,0.000,,0.43902439024390244
حخزر,تکنیکال-macd,70,0.400,0.000,,0.40540540540540543
حخزر,تکنیکال-ichi,31,0.387,0.000,,0.4
حخزر,تکنیکال-trendflow,54,0.333,0.000,,0.3448275862068966
حخزر,تکنیکال-obv,59,0.305,0.000,,0.31746031746031744
حرهشا,تکنیکال-volbrk,23,0.783,0.000,,0.7407407407407407
حرهشا,تکنیکال-stoch,36,0.694,0.000,,0.675
حرهشا,تکنیکال-rsi,17,0.647,0.000,,0.6190476190476191
حرهشا,تکنیکال-sma,14,0.643,0.000,,0.6111111111111112
حرهشا,تکنیکال-donch,19,0.632,0.000,,0.6086956521739131
حرهشا,تکنیکال-fibo,8,0.625,0.000,,0.5833333333333334
حرهشا,تکنیکال-psar,71,0.563,0.000,,0.56
حرهشا,تکنیکال-adx,41,0.561,0.000,,0.5555555555555556
حرهشا,تکنیکال-ichi,14,0.571,0.000,,0.5555555555555556
حرهشا,تکنیکال-flow_bp,95,0.537,0.000,,0.5353535353535354
حرهشا,تکنیکال-macd,47,0.511,0.000,,0.5098039215686274
حرهشا,تکنیکال-super,20,0.500,0.000,,0.5
حرهشا,تکنیکال-obv,38,0.474,0.000,,0.47619047619047616
حرهشا,تکنیکال-trendflow,45,0.444,0.000,,0.4489795918367347
حرهشا,تکنیکال-flow_net,43,0.395,0.000,,0.40425531914893614
حرهشا,تکنیکال-boll,21,0.333,0.000,,0.36
حریل,تکنیکال-trendflow,31,0.645,0.000,,0.6285714285714286
حریل,تکنیکال-donch,26,0.577,0.000,,0.5666666666666667
حریل,تکنیکال-sma,21,0.571,0.000,,0.56
حریل,تکنیکال-flow_bp,57,0.544,0.000,,0.5409836065573771
حریل,تکنیکال-fibo,9,0.556,0.000,,0.5384615384615384
حریل,تکنیکال-stoch,75,0.520,0.000,,0.5189873417721519
حریل,تکنیکال-ichi,31,0.516,0.000,,0.5142857142857142
حریل,تکنیکال-volbrk,37,0.486,0.000,,0.4878048780487805
حریل,تکنیکال-boll,31,0.484,0.000,,0.4857142857142857
حریل,تکنیکال-macd,66,0.485,0.000,,0.4857142857142857
حریل,تکنیکال-obv,62,0.452,0.000,,0.45454545454545453
حریل,تکنیکال-rsi,27,0.444,0.000,,0.45161290322580644
حریل,تکنیکال-super,27,0.444,0.000,,0.45161290322580644
حریل,تکنیکال-flow_net,48,0.438,0.000,,0.4423076923076923
حریل,تکنیکال-psar,108,0.417,0.000,,0.41964285714285715
حریل,تکنیکال-adx,63,0.413,0.000,,0.417910447761194
حسیر,تکنیکال-donch,30,0.600,0.000,,0.5882352941176471
حسیر,تکنیکال-adx,53,0.528,0.000,,0.5263157894736842
حسیر,تکنیکال-flow_net,86,0.500,0.000,,0.5
حسیر,تکنیکال-macd,62,0.484,0.000,,0.48484848484848486
حسیر,تکنیکال-flow_bp,42,0.476,0.000,,0.4782608695652174
حسیر,تکنیکال-volbrk,42,0.476,0.000,,0.4782608695652174
حسیر,تکنیکال-stoch,56,0.464,0.000,,0.4666666666666667
حسیر,تکنیکال-sma,24,0.458,0.000,,0.4642857142857143
حسیر,تکنیکال-super,29,0.448,0.000,,0.45454545454545453
حسیر,تکنیکال-trendflow,36,0.389,0.000,,0.4
حسیر,تکنیکال-obv,62,0.387,0.000,,0.3939393939393939
حسیر,تکنیکال-boll,37,0.378,0.000,,0.3902439024390244
حسیر,تکنیکال-psar,96,0.385,0.000,,0.39
حسیر,تکنیکال-fibo,9,0.333,0.000,,0.38461538461538464
حسیر,تکنیکال-ichi,38,0.368,0.000,,0.38095238095238093
حسیر,تکنیکال-rsi,22,0.318,0.000,,0.34615384615384615
حسینا,تکنیکال-obv,54,0.593,0.000,,0.5862068965517241
حسینا,تکنیکال-stoch,60,0.550,0.000,,0.546875
حسینا,تکنیکال-super,22,0.545,0.000,,0.5384615384615384
حسینا,تکنیکال-fibo,19,0.526,0.000,,0.5217391304347826
حسینا,تکنیکال-boll,21,0.524,0.000,,0.52
حسینا,تکنیکال-psar,88,0.511,0.000,,0.5108695652173914
حسینا,تکنیکال-trendflow,64,0.484,0.000,,0.4852941176470588
حسینا,تکنیکال-flow_net,112,0.429,0.000,,0.43103448275862066
حسینا,تکنیکال-rsi,17,0.412,0.000,,0.42857142857142855
حسینا,تکنیکال-donch,36,0.417,0.000,,0.425
حسینا,تکنیکال-adx,58,0.414,0.000,,0.41935483870967744
حسینا,تکنیکال-macd,78,0.410,0.000,,0.4146341463414634
حسینا,تکنیکال-flow_bp,69,0.391,0.000,,0.3972602739726027
حسینا,تکنیکال-volbrk,49,0.367,0.000,,0.37735849056603776
حسینا,تکنیکال-sma,19,0.316,0.000,,0.34782608695652173
حسینا,تکنیکال-ichi,36,0.306,0.000,,0.325
حشکوه,تکنیکال-rsi,28,0.679,0.000,,0.65625
حشکوه,تکنیکال-adx,49,0.592,0.000,,0.5849056603773585
حشکوه,تکنیکال-psar,68,0.588,0.000,,0.5833333333333334
حشکوه,تکنیکال-flow_bp,51,0.588,0.000,,0.5818181818181818
حشکوه,تکنیکال-volbrk,29,0.586,0.000,,0.5757575757575758
حشکوه,تکنیکال-flow_net,65,0.523,0.000,,0.5217391304347826
حشکوه,تکنیکال-donch,25,0.520,0.000,,0.5172413793103449
حشکوه,تکنیکال-trendflow,29,0.517,0.000,,0.5151515151515151
حشکوه,تکنیکال-macd,45,0.511,0.000,,0.5102040816326531
حشکوه,تکنیکال-stoch,61,0.475,0.000,,0.47692307692307695
حشکوه,تکنیکال-boll,30,0.467,0.000,,0.47058823529411764
حشکوه,تکنیکال-fibo,9,0.444,0.000,,0.46153846153846156
حشکوه,تکنیکال-super,23,0.435,0.000,,0.4444444444444444
حشکوه,تکنیکال-obv,40,0.400,0.000,,0.4090909090909091
حشکوه,تکنیکال-sma,16,0.375,0.000,,0.4
حشکوه,تکنیکال-ichi,21,0.333,0.000,,0.36
حفارس,تکنیکال-fibo,17,0.529,0.000,,0.5238095238095238
حفارس,تکنیکال-flow_bp,62,0.500,0.000,,0.5
حفارس,تکنیکال-super,30,0.500,0.000,,0.5
حفارس,تکنیکال-flow_net,68,0.471,0.000,,0.4722222222222222
حفارس,تکنیکال-adx,56,0.464,0.000,,0.4666666666666667
حفارس,تکنیکال-boll,39,0.436,0.000,,0.4418604651162791
حفارس,تکنیکال-psar,93,0.430,0.000,,0.4329896907216495
حفارس,تکنیکال-obv,45,0.422,0.000,,0.42857142857142855
حفارس,تکنیکال-sma,17,0.412,0.000,,0.42857142857142855
حفارس,تکنیکال-stoch,69,0.406,0.000,,0.410958904109589
حفارس,تکنیکال-trendflow,62,0.403,0.000,,0.4090909090909091
حفارس,تکنیکال-volbrk,40,0.400,0.000,,0.4090909090909091
حفارس,تکنیکال-donch,41,0.390,0.000,,0.4
حفارس,تکنیکال-macd,63,0.381,0.000,,0.3880597014925373
حفارس,تکنیکال-rsi,13,0.308,0.000,,0.35294117647058826
حفارس,تکنیکال-ichi,36,0.333,0.000,,0.35
حفاری,تکنیکال-macd,66,0.545,0.000,,0.5428571428571428
حفاری,تکنیکال-flow_bp,98,0.520,0.000,,0.5196078431372549
حفاری,تکنیکال-stoch,69,0.507,0.000,,0.5068493150684932
حفاری,تکنیکال-fibo,22,0.500,0.000,,0.5
حفاری,تکنیکال-flow_net,95,0.484,0.000,,0.48484848484848486
حفاری,تکنیکال-sma,23,0.478,0.000,,0.48148148148148145
حفاری,تکنیکال-adx,63,0.476,0.000,,0.47761194029850745
حفاری,تکنیکال-boll,36,0.472,0.000,,0.475
حفاری,تکنیکال-ichi,36,0.472,0.000,,0.475
حفاری,تکنیکال-psar,97,0.454,0.000,,0.45544554455445546
حفاری,تکنیکال-trendflow,78,0.449,0.000,,0.45121951219512196
حفاری,تکنیکال-volbrk,43,0.442,0.000,,0.44680851063829785
حفاری,تکنیکال-donch,46,0.391,0.000,,0.4
حفاری,تکنیکال-super,36,0.389,0.000,,0.4
حفاری,تکنیکال-rsi,29,0.379,0.000,,0.3939393939393939
حفاری,تکنیکال-obv,70,0.386,0.000,,0.3918918918918919
حپارسا,تکنیکال-rsi,12,0.667,0.000,,0.625
حپارسا,تکنیکال-flow_net,96,0.552,0.000,,0.55
حپارسا,تکنیکال-flow_bp,92,0.543,0.000,,0.5416666666666666
حپارسا,تکنیکال-donch,28,0.536,0.000,,0.53125
حپارسا,تکنیکال-ichi,30,0.533,0.000,,0.5294117647058824
حپارسا,تکنیکال-boll,26,0.500,0.000,,0.5
حپارسا,تکنیکال-super,20,0.500,0.000,,0.5
حپارسا,تکنیکال-obv,56,0.429,0.000,,0.43333333333333335
حپارسا,تکنیکال-volbrk,40,0.425,0.000,,0.4318181818181818
حپارسا,تکنیکال-adx,42,0.405,0.000,,0.41304347826086957
حپارسا,تکنیکال-stoch,47,0.383,0.000,,0.39215686274509803
حپارسا,تکنیکال-macd,84,0.369,0.000,,0.375
حپارسا,تکنیکال-fibo,7,0.286,0.000,,0.36363636363636365
حپارسا,تکنیکال-psar,106,0.358,0.000,,0.36363636363636365
حپارسا,تکنیکال-trendflow,53,0.340,0.000,,0.3508771929824561
حپارسا,تکنیکال-sma,21,0.238,0.000,,0.28
حپترو,تکنیکال-fibo,9,0.778,0.000,,0.6923076923076923
حپترو,تکنیکال-boll,32,0.625,0.000,,0.6111111111111112
حپترو,تکنیکال-stoch,52,0.558,0.000,,0.5535714285714286
حپترو,تکنیکال-flow_bp,43,0.558,0.000,,0.5531914893617021
حپترو,تکنیکال-volbrk,36,0.556,0.000,,0.55
حپترو,تکنیکال-trendflow,39,0.538,0.000,,0.5348837209302325
حپترو,تکنیکال-flow_net,66,0.515,0.000,,0.5142857142857142
حپترو,تکنیکال-donch,32,0.500,0.000,,0.5
حپترو,تکنیکال-macd,64,0.469,0.000,,0.47058823529411764
حپترو,تکنیکال-rsi,25,0.440,0.000,,0.4482758620689655
حپترو,تکنیکال-psar,103,0.437,0.000,,0.4392523364485981
حپترو,تکنیکال-super,28,0.429,0.000,,0.4375
حپترو,تکنیکال-obv,61,0.377,0.000,,0.38461538461538464
حپترو,تکنیکال-ichi,30,0.367,0.000,,0.38235294117647056
حپترو,تکنیکال-adx,51,0.333,0.000,,0.34545454545454546
حپترو,تکنیکال-sma,21,0.238,0.000,,0.28
حپرتو,تکنیکال-psar,15,0.733,0.000,,0.6842105263157895
حپرتو,تکنیکال-flow_net,18,0.722,0.000,,0.6818181818181818
حپرتو,تکنیکال-trendflow,5,0.800,0.000,,0.6666666666666666
حپرتو,تکنیکال-adx,9,0.667,0.000,,0.6153846153846154
حپرتو,تکنیکال-obv,9,0.667,0.000,,0.6153846153846154
حپرتو,تکنیکال-super,9,0.667,0.000,,0.6153846153846154
حپرتو,تکنیکال-macd,13,0.615,0.000,,0.5882352941176471
حپرتو,تکنیکال-sma,3,0.667,0.000,,0.5714285714285714
حپرتو,تکنیکال-flow_bp,12,0.583,0.000,,0.5625
حپرتو,تکنیکال-volbrk,5,0.600,0.000,,0.5555555555555556
حپرتو,تکنیکال-fibo,2,0.500,0.000,,0.5
حپرتو,تکنیکال-stoch,21,0.476,0.000,,0.48
حپرتو,تکنیکال-ichi,5,0.400,0.000,,0.4444444444444444
حپرتو,تکنیکال-boll,10,0.400,0.000,,0.42857142857142855
حپرتو,تکنیکال-rsi,10,0.400,0.000,,0.42857142857142855
حپرتو,تکنیکال-donch,11,0.364,0.000,,0.4
حکشتی,تکنیکال-donch,38,0.553,0.000,,0.5476190476190477
حکشتی,تکنیکال-sma,18,0.556,0.000,,0.5454545454545454
حکشتی,تکنیکال-flow_bp,85,0.541,0.000,,0.5393258426966292
حکشتی,تکنیکال-volbrk,41,0.537,0.000,,0.5333333333333333
حکشتی,تکنیکال-super,32,0.531,0.000,,0.5277777777777778
حکشتی,تکنیکال-fibo,24,0.500,0.000,,0.5
حکشتی,تکنیکال-flow_net,91,0.495,0.000,,0.49473684210526314
حکشتی,تکنیکال-trendflow,61,0.492,0.000,,0.49230769230769234
حکشتی,تکنیکال-macd,60,0.483,0.000,,0.484375
حکشتی,تکنیکال-rsi,23,0.478,0.000,,0.48148148148148145
حکشتی,تکنیکال-psar,96,0.479,0.000,,0.48
حکشتی,تکنیکال-boll,34,0.471,0.000,,0.47368421052631576
حکشتی,تکنیکال-stoch,71,0.465,0.000,,0.4666666666666667
حکشتی,تکنیکال-ichi,36,0.444,0.000,,0.45
حکشتی,تکنیکال-adx,48,0.438,0.000,,0.4423076923076923
حکشتی,تکنیکال-obv,55,0.436,0.000,,0.4406779661016949
حگردش,تکنیکال-volbrk,24,0.667,0.000,,0.6428571428571429
حگردش,تکنیکال-ichi,14,0.643,0.000,,0.6111111111111112
حگردش,تکنیکال-donch,24,0.625,0.000,,0.6071428571428571
حگردش,تکنیکال-super,23,0.609,0.000,,0.5925925925925926
حگردش,تکنیکال-flow_bp,64,0.578,0.000,,0.5735294117647058
حگردش,تکنیکال-boll,20,0.500,0.000,,0.5
حگردش,تکنیکال-fibo,4,0.500,0.000,,0.5
حگردش,تکنیکال-rsi,29,0.483,0.000,,0.48484848484848486
حگردش,تکنیکال-flow_net,51,0.471,0.000,,0.4727272727272727
حگردش,تکنیکال-stoch,48,0.458,0.000,,0.46153846153846156
حگردش,تکنیکال-trendflow,23,0.435,0.000,,0.4444444444444444
حگردش,تکنیکال-adx,42,0.429,0.000,,0.43478260869565216
حگردش,تکنیکال-psar,87,0.391,0.000,,0.3956043956043956
حگردش,تکنیکال-obv,59,0.373,0.000,,0.38095238095238093
حگردش,تکنیکال-macd,54,0.370,0.000,,0.3793103448275862
حگردش,تکنیکال-sma,20,0.300,0.000,,0.3333333333333333
حگهر,تکنیکال-flow_net,74,0.622,0.000,,0.6153846153846154
حگهر,تکنیکال-flow_bp,64,0.578,0.000,,0.5735294117647058
حگهر,تکنیکال-donch,18,0.556,0.000,,0.5454545454545454
حگهر,تکنیکال-sma,9,0.556,0.000,,0.5384615384615384
حگهر,تکنیکال-boll,26,0.538,0.000,,0.5333333333333333
حگهر,تکنیکال-stoch,34,0.529,0.000,,0.5263157894736842
حگهر,تکنیکال-fibo,2,0.500,0.000,,0.5
حگهر,تکنیکال-ichi,14,0.500,0.000,,0.5
حگهر,تکنیکال-volbrk,24,0.500,0.000,,0.5
حگهر,تکنیکال-rsi,19,0.474,0.000,,0.4782608695652174
حگهر,تکنیکال-macd,44,0.455,0.000,,0.4583333333333333
حگهر,تکنیکال-obv,31,0.452,0.000,,0.45714285714285713
حگهر,تکنیکال-psar,52,0.442,0.000,,0.44642857142857145
حگهر,تکنیکال-trendflow,33,0.424,0.000,,0.43243243243243246
حگهر,تکنیکال-super,14,0.286,0.000,,0.3333333333333333
حگهر,تکنیکال-adx,30,0.300,0.000,,0.3235294117647059
خاذین,تکنیکال-fibo,15,0.600,0.000,,0.5789473684210527
خاذین,تکنیکال-flow_net,27,0.556,0.000,,0.5483870967741935
خاذین,تکنیکال-rsi,24,0.542,0.000,,0.5357142857142857
خاذین,تکنیکال-flow_bp,71,0.535,0.000,,0.5333333333333333
خاذین,تکنیکال-volbrk,44,0.523,0.000,,0.5208333333333334
خاذین,تکنیکال-stoch,69,0.493,0.000,,0.4931506849315068
خاذین,تکنیکال-super,34,0.471,0.000,,0.47368421052631576
خاذین,تکنیکال-macd,66,0.470,0.000,,0.4714285714285714
خاذین,تکنیکال-donch,36,0.444,0.000,,0.45
خاذین,تکنیکال-sma,26,0.423,0.000,,0.43333333333333335
خاذین,تکنیکال-obv,73,0.425,0.000,,0.42857142857142855
خاذین,تکنیکال-boll,43,0.419,0.000,,0.425531914893617
خاذین,تکنیکال-ichi,27,0.407,0.000,,0.41935483870967744
خاذین,تکنیکال-adx,63,0.413,0.000,,0.417910447761194
خاذین,تکنیکال-psar,106,0.377,0.000,,0.38181818181818183
خاذین,تکنیکال-trendflow,50,0.360,0.000,,0.37037037037037035
خاور,تکنیکال-super,30,0.667,0.000,,0.6470588235294118
خاور,تکنیکال-fibo,17,0.647,0.000,,0.6190476190476191
خاور,تکنیکال-psar,77,0.584,0.000,,0.5802469135802469
خاور,تکنیکال-flow_bp,20,0.550,0.000,,0.5416666666666666
خاور,تکنیکال-rsi,24,0.542,0.000,,0.5357142857142857
خاور,تکنیکال-donch,32,0.531,0.000,,0.5277777777777778
خاور,تکنیکال-macd,75,0.493,0.000,,0.4936708860759494
خاور,تکنیکال-ichi,27,0.481,0.000,,0.4838709677419355
خاور,تکنیکال-sma,21,0.476,0.000,,0.48
خاور,تکنیکال-trendflow,17,0.471,0.000,,0.47619047619047616
خاور,تکنیکال-volbrk,37,0.459,0.000,,0.4634146341463415
خاور,تکنیکال-obv,61,0.459,0.000,,0.46153846153846156
خاور,تکنیکال-flow_net,28,0.429,0.000,,0.4375
خاور,تکنیکال-boll,35,0.429,0.000,,0.4358974358974359
خاور,تکنیکال-stoch,68,0.426,0.000,,0.4305555555555556
خاور,تکنیکال-adx,46,0.391,0.000,,0.4
خبازرس,تکنیکال-rsi,23,0.565,0.000,,0.5555555555555556
خبازرس,تکنیکال-sma,16,0.562,0.000,,0.55
خبازرس,تکنیکال-ichi,20,0.550,0.000,,0.5416666666666666
خبازرس,تکنیکال-macd,46,0.543,0.000,,0.54
خبازرس,تکنیکال-flow_bp,74,0.527,0.000,,0.5256410256410257
خبازرس,تکنیکال-trendflow,41,0.512,0.000,,0.5111111111111111
خبازرس,تکنیکال-stoch,47,0.511,0.000,,0.5098039215686274
خبازرس,تکنیکال-donch,22,0.500,0.000,,0.5
خبازرس,تکنیکال-flow_net,54,0.500,0.000,,0.5
خبازرس,تکنیکال-volbrk,28,0.500,0.000,,0.5
خبازرس,تکنیکال-psar,91,0.462,0.000,,0.4631578947368421
خبازرس,تکنیکال-adx,42,0.452,0.000,,0.45652173913043476
خبازرس,تکنیکال-obv,45,0.444,0.000,,0.4489795918367347
خبازرس,تکنیکال-super,22,0.409,0.000,,0.4230769230769231
خبازرس,تکنیکال-boll,25,0.400,0.000,,0.41379310344827586
خبازرس,تکنیکال-fibo,7,0.286,0.000,,0.36363636363636365
خبرنا,تکنیکال-obv,7,0.714,0.000,,0.6363636363636364
خبرنا,تکنیکال-psar,7,0.714,0.000,,0.6363636363636364
خبرنا,تکنیکال-super,4,0.750,0.000,,0.625
خبرنا,تکنیکال-flow_bp,16,0.625,0.000,,0.6
خبرنا,تکنیکال-adx,5,0.600,0.000,,0.5555555555555556
خبرنا,تکنیکال-trendflow,7,0.571,0.000,,0.5454545454545454
خبرنا,تکنیکال-boll,0,,0.000,,0.5
خبرنا,تکنیکال-donch,4,0.500,0.000,,0.5
خبرنا,تکنیکال-fibo,2,0.500,0.000,,0.5
خبرنا,تکنیکال-macd,2,0.500,0.000,,0.5
خبرنا,تکنیکال-rsi,0,,0.000,,0.5
خبرنا,تکنیکال-volbrk,4,0.500,0.000,,0.5
خبرنا,تکنیکال-flow_net,13,0.462,0.000,,0.47058823529411764
خبرنا,تکنیکال-ichi,3,0.333,0.000,,0.42857142857142855
خبرنا,تکنیکال-sma,3,0.333,0.000,,0.42857142857142855
خبرنا,تکنیکال-stoch,4,0.250,0.000,,0.375
خبنیان,تکنیکال-stoch,59,0.576,0.000,,0.5714285714285714
خبنیان,تکنیکال-volbrk,23,0.565,0.000,,0.5555555555555556
خبنیان,تکنیکال-flow_bp,30,0.533,0.000,,0.5294117647058824
خبنیان,تکنیکال-adx,34,0.529,0.000,,0.5263157894736842
خبنیان,تکنیکال-super,23,0.522,0.000,,0.5185185185185185
خبنیان,تکنیکال-boll,27,0.519,0.000,,0.5161290322580645
خبنیان,تکنیکال-fibo,10,0.500,0.000,,0.5
خبنیان,تکنیکال-psar,56,0.500,0.000,,0.5
خبنیان,تکنیکال-rsi,32,0.500,0.000,,0.5
خبنیان,تکنیکال-obv,34,0.441,0.000,,0.4473684210526316
خبنیان,تکنیکال-donch,23,0.435,0.000,,0.4444444444444444
خبنیان,تکنیکال-flow_net,66,0.439,0.000,,0.44285714285714284
خبنیان,تکنیکال-ichi,12,0.417,0.000,,0.4375
خبنیان,تکنیکال-macd,44,0.432,0.000,,0.4375
خبنیان,تکنیکال-trendflow,17,0.353,0.000,,0.38095238095238093
خبنیان,تکنیکال-sma,13,0.308,0.000,,0.35294117647058826
خبهمن,تکنیکال-volbrk,41,0.634,0.000,,0.6222222222222222
خبهمن,تکنیکال-donch,35,0.600,0.000,,0.5897435897435898
خبهمن,تکنیکال-rsi,31,0.516,0.000,,0.5142857142857142
خبهمن,تکنیکال-boll,42,0.500,0.000,,0.5
خبهمن,تکنیکال-super,33,0.485,0.000,,0.4864864864864865
خبهمن,تکنیکال-adx,54,0.481,0.000,,0.4827586206896552
خبهمن,تکنیکال-macd,67,0.478,0.000,,0.4788732394366197
خبهمن,تکنیکال-flow_bp,61,0.475,0.000,,0.47692307692307695
خبهمن,تکنیکال-fibo,14,0.429,0.000,,0.4444444444444444
خبهمن,تکنیکال-stoch,63,0.429,0.000,,0.43283582089552236
خبهمن,تکنیکال-psar,101,0.426,0.000,,0.42857142857142855
خبهمن,تکنیکال-sma,30,0.400,0.000,,0.4117647058823529
خبهمن,تکنیکال-ichi,44,0.386,0.000,,0.3958333333333333
خبهمن,تکنیکال-flow_net,101,0.386,0.000,,0.3904761904761905
خبهمن,تکنیکال-obv,63,0.381,0.000,,0.3880597014925373
خبهمن,تکنیکال-trendflow,61,0.377,0.000,,0.38461538461538464
ختراک,تکنیکال-stoch,72,0.611,0.000,,0.6052631578947368
ختراک,تکنیکال-boll,31,0.581,0.000,,0.5714285714285714
ختراک,تکنیکال-fibo,23,0.565,0.000,,0.5555555555555556
ختراک,تکنیکال-rsi,21,0.524,0.000,,0.52
ختراک,تکنیکال-sma,25,0.520,0.000,,0.5172413793103449
ختراک,تکنیکال-flow_net,100,0.500,0.000,,0.5
ختراک,تکنیکال-flow_bp,69,0.449,0.000,,0.4520547945205479
ختراک,تکنیکال-super,35,0.429,0.000,,0.4358974358974359
ختراک,تکنیکال-psar,104,0.433,0.000,,0.4351851851851852
ختراک,تکنیکال-ichi,40,0.425,0.000,,0.4318181818181818
ختراک,تکنیکال-obv,80,0.400,0.000,,0.40476190476190477
ختراک,تکنیکال-donch,39,0.385,0.000,,0.3953488372093023
ختراک,تکنیکال-volbrk,45,0.378,0.000,,0.3877551020408163
ختراک,تکنیکال-trendflow,68,0.368,0.000,,0.375
ختراک,تکنیکال-adx,55,0.364,0.000,,0.3728813559322034
ختراک,تکنیکال-macd,86,0.349,0.000,,0.35555555555555557
ختور,تکنیکال-super,32,0.562,0.000,,0.5555555555555556
ختور,تکنیکال-donch,32,0.531,0.000,,0.5277777777777778
ختور,تکنیکال-fibo,17,0.529,0.000,,0.5238095238095238
ختور,تکنیکال-flow_bp,40,0.525,0.000,,0.5227272727272727
ختور,تکنیکال-volbrk,38,0.500,0.000,,0.5
ختور,تکنیکال-stoch,63,0.492,0.000,,0.4925373134328358
ختور,تکنیکال-rsi,25,0.480,0.000,,0.4827586206896552
ختور,تکنیکال-flow_net,53,0.472,0.000,,0.47368421052631576
ختور,تکنیکال-sma,27,0.444,0.000,,0.45161290322580644
ختور,تکنیکال-macd,64,0.438,0.000,,0.4411764705882353
ختور,تکنیکال-trendflow,38,0.421,0.000,,0.42857142857142855
ختور,تکنیکال-obv,71,0.408,0.000,,0.41333333333333333
ختور,تکنیکال-boll,40,0.400,0.000,,0.4090909090909091
ختور,تکنیکال-psar,93,0.398,0.000,,0.4020618556701031
ختور,تکنیکال-adx,54,0.389,0.000,,0.39655172413793105
ختور,تکنیکال-ichi,39,0.385,0.000,,0.3953488372093023
ختوقا,تکنیکال-rsi,17,0.706,0.000,,0.6666666666666666
ختوقا,تکنیکال-stoch,82,0.561,0.000,,0.5581395348837209
ختوقا,تکنیکال-adx,59,0.542,0.000,,0.5396825396825397
ختوقا,تکنیکال-flow_bp,60,0.517,0.000,,0.515625
ختوقا,تکنیکال-macd,67,0.478,0.000,,0.4788732394366197
ختوقا,تکنیکال-flow_net,31,0.452,0.000,,0.45714285714285713
ختوقا,تکنیکال-boll,42,0.452,0.000,,0.45652173913043476
ختوقا,تکنیکال-donch,36,0.444,0.000,,0.45
ختوقا,تکنیکال-super,36,0.444,0.000,,0.45
ختوقا,تکنیکال-volbrk,41,0.439,0.000,,0.4444444444444444
ختوقا,تکنیکال-fibo,26,0.423,0.000,,0.43333333333333335
ختوقا,تکنیکال-obv,67,0.388,0.000,,0.39436619718309857
ختوقا,تکنیکال-sma,27,0.370,0.000,,0.3870967741935484
ختوقا,تکنیکال-psar,104,0.365,0.000,,0.37037037037037035
ختوقا,تکنیکال-trendflow,66,0.318,0.000,,0.32857142857142857
ختوقا,تکنیکال-ichi,40,0.300,0.000,,0.3181818181818182
خدیزل,تکنیکال-donch,31,0.613,0.000,,0.6
خدیزل,تکنیکال-super,25,0.560,0.000,,0.5517241379310345
خدیزل,تکنیکال-boll,38,0.526,0.000,,0.5238095238095238
خدیزل,تکنیکال-adx,53,0.472,0.000,,0.47368421052631576
خدیزل,تکنیکال-macd,71,0.465,0.000,,0.4666666666666667
خدیزل,تکنیکال-rsi,25,0.440,0.000,,0.4482758620689655
خدیزل,تکنیکال-flow_bp,68,0.441,0.000,,0.4444444444444444
خدیزل,تکنیکال-stoch,58,0.431,0.000,,0.43548387096774194
خدیزل,تکنیکال-fibo,19,0.421,0.000,,0.43478260869565216
خدیزل,تکنیکال-obv,76,0.421,0.000,,0.425
خدیزل,تکنیکال-ichi,36,0.389,0.000,,0.4
خدیزل,تکنیکال-psar,101,0.396,0.000,,0.4
خدیزل,تکنیکال-flow_net,132,0.394,0.000,,0.39705882352941174
خدیزل,تکنیکال-trendflow,50,0.360,0.000,,0.37037037037037035
خدیزل,تکنیکال-volbrk,51,0.353,0.000,,0.36363636363636365
خدیزل,تکنیکال-sma,24,0.333,0.000,,0.35714285714285715
خراسان,تکنیکال-stoch,28,0.679,0.000,,0.65625
خراسان,تکنیکال-volbrk,32,0.594,0.000,,0.5833333333333334
خراسان,تکنیکال-macd,53,0.585,0.000,,0.5789473684210527
خراسان,تکنیکال-psar,104,0.577,0.000,,0.5740740740740741
خراسان,تکنیکال-rsi,24,0.583,0.000,,0.5714285714285714
خراسان,تکنیکال-adx,56,0.571,0.000,,0.5666666666666667
خراسان,تکنیکال-super,23,0.565,0.000,,0.5555555555555556
خراسان,تکنیکال-boll,29,0.552,0.000,,0.5454545454545454
خراسان,تکنیکال-donch,19,0.526,0.000,,0.5217391304347826
خراسان,تکنیکال-trendflow,38,0.500,0.000,,0.5
خراسان,تکنیکال-obv,40,0.475,0.000,,0.4772727272727273
خراسان,تکنیکال-flow_net,100,0.450,0.000,,0.4519230769230769
خراسان,تکنیکال-flow_bp,55,0.418,0.000,,0.423728813559322
خراسان,تکنیکال-sma,23,0.391,0.000,,0.4074074074074074
خراسان,تکنیکال-fibo,7,0.286,0.000,,0.36363636363636365
خراسان,تکنیکال-ichi,35,0.286,0.000,,0.3076923076923077
خریخت,تکنیکال-macd,61,0.607,0.000,,0.6
خریخت,تکنیکال-super,20,0.600,0.000,,0.5833333333333334
خریخت,تکنیکال-rsi,25,0.560,0.000,,0.5517241379310345
خریخت,تکنیکال-trendflow,64,0.547,0.000,,0.5441176470588235
خریخت,تکنیکال-donch,31,0.548,0.000,,0.5428571428571428
خریخت,تکنیکال-boll,24,0.542,0.000,,0.5357142857142857
خریخت,تکنیکال-obv,52,0.538,0.000,,0.5357142857142857
خریخت,تکنیکال-sma,19,0.526,0.000,,0.5217391304347826
خریخت,تکنیکال-flow_net,75,0.520,0.000,,0.5189873417721519
خریخت,تکنیکال-flow_bp,74,0.514,0.000,,0.5128205128205128
خریخت,تکنیکال-stoch,54,0.500,0.000,,0.5
خریخت,تکنیکال-volbrk,35,0.486,0.000,,0.48717948717948717
خریخت,تکنیکال-adx,64,0.484,0.000,,0.4852941176470588
خریخت,تکنیکال-psar,102,0.480,0.000,,0.4811320754716981
خریخت,تکنیکال-fibo,11,0.455,0.000,,0.4666666666666667
خریخت,تکنیکال-ichi,35,0.371,0.000,,0.38461538461538464
خرینگ,تکنیکال-stoch,73,0.562,0.000,,0.5584415584415584
خرینگ,تکنیکال-boll,45,0.556,0.000,,0.5510204081632653
خرینگ,تکنیکال-super,32,0.531,0.000,,0.5277777777777778
خرینگ,تکنیکال-flow_net,40,0.525,0.000,,0.5227272727272727
خرینگ,تکنیکال-donch,37,0.514,0.000,,0.5121951219512195
خرینگ,تکنیکال-volbrk,37,0.514,0.000,,0.5121951219512195
خرینگ,تکنیکال-macd,63,0.508,0.000,,0.5074626865671642
خرینگ,تکنیکال-fibo,24,0.500,0.000,,0.5
خرینگ,تکنیکال-rsi,37,0.486,0.000,,0.4878048780487805
خرینگ,تکنیکال-adx,60,0.483,0.000,,0.484375
خرینگ,تکنیکال-psar,104,0.452,0.000,,0.4537037037037037
خرینگ,تکنیکال-flow_bp,35,0.429,0.000,,0.4358974358974359
خرینگ,تکنیکال-ichi,32,0.406,0.000,,0.4166666666666667
خرینگ,تکنیکال-obv,67,0.403,0.000,,0.4084507042253521
خرینگ,تکنیکال-sma,28,0.321,0.000,,0.34375
خرینگ,تکنیکال-trendflow,34,0.265,0.000,,0.2894736842105263
خزامیا,تکنیکال-boll,38,0.737,0.000,,0.7142857142857143
خزامیا,تکنیکال-rsi,20,0.750,0.000,,0.7083333333333334
خزامیا,تکنیکال-volbrk,38,0.658,0.000,,0.6428571428571429
خزامیا,تکنیکال-stoch,72,0.597,0.000,,0.5921052631578947
خزامیا,تکنیکال-macd,67,0.537,0.000,,0.5352112676056338
خزامیا,تکنیکال-fibo,22,0.500,0.000,,0.5
خزامیا,تکنیکال-flow_bp,36,0.500,0.000,,0.5
خزامیا,تکنیکال-super,37,0.459,0.000,,0.4634146341463415
خزامیا,تکنیکال-donch,43,0.442,0.000,,0.44680851063829785
خزامیا,تکنیکال-flow_net,50,0.400,0.000,,0.4074074074074074
خزامیا,تکنیکال-psar,106,0.396,0.000,,0.4
خزامیا,تکنیکال-adx,67,0.388,0.000,,0.39436619718309857
خزامیا,تکنیکال-trendflow,46,0.370,0.000,,0.38
خزامیا,تکنیکال-sma,23,0.348,0.000,,0.37037037037037035
خزامیا,تکنیکال-ichi,36,0.333,0.000,,0.35
خزامیا,تکنیکال-obv,69,0.333,0.000,,0.3424657534246575
خزر,تکنیکال-flow_bp,26,0.731,0.000,,0.7
خزر,تکنیکال-rsi,20,0.700,0.000,,0.6666666666666666
خزر,تکنیکال-boll,29,0.655,0.000,,0.6363636363636364
خزر,تکنیکال-stoch,54,0.593,0.000,,0.5862068965517241
خزر,تکنیکال-flow_net,32,0.562,0.000,,0.5555555555555556
خزر,تکنیکال-macd,57,0.526,0.000,,0.5245901639344263
خزر,تکنیکال-super,21,0.524,0.000,,0.52
خزر,تکنیکال-fibo,8,0.500,0.000,,0.5
خزر,تکنیکال-psar,83,0.482,0.000,,0.4827586206896552
خزر,تکنیکال-volbrk,32,0.469,0.000,,0.4722222222222222
خزر,تکنیکال-donch,30,0.467,0.000,,0.47058823529411764
خزر,تکنیکال-obv,51,0.412,0.000,,0.41818181818181815
خزر,تکنیکال-trendflow,33,0.394,0.000,,0.40540540540540543
خزر,تکنیکال-adx,40,0.375,0.000,,0.38636363636363635
خزر,تکنیکال-ichi,31,0.355,0.000,,0.37142857142857144
خزر,تکنیکال-sma,23,0.348,0.000,,0.37037037037037035
خساپا,تکنیکال-boll,32,0.594,0.000,,0.5833333333333334
خساپا,تکنیکال-macd,64,0.547,0.000,,0.5441176470588235
خساپا,تکنیکال-stoch,68,0.515,0.000,,0.5138888888888888
خساپا,تکنیکال-fibo,13,0.462,0.000,,0.47058823529411764
خساپا,تکنیکال-psar,94,0.468,0.000,,0.46938775510204084
خساپا,تکنیکال-adx,56,0.464,0.000,,0.4666666666666667
خساپا,تکنیکال-flow_bp,72,0.458,0.000,,0.4605263157894737
خساپا,تکنیکال-volbrk,42,0.452,0.000,,0.45652173913043476
خساپا,تکنیکال-flow_net,56,0.446,0.000,,0.45
خساپا,تکنیکال-donch,40,0.425,0.000,,0.4318181818181818
خساپا,تکنیکال-obv,74,0.392,0.000,,0.3974358974358974
خساپا,تکنیکال-rsi,23,0.348,0.000,,0.37037037037037035
خساپا,تکنیکال-ichi,42,0.310,0.000,,0.32608695652173914
خساپا,تکنیکال-super,33,0.303,0.000,,0.32432432432432434
خساپا,تکنیکال-trendflow,63,0.302,0.000,,0.31343283582089554
خساپا,تکنیکال-sma,30,0.267,0.000,,0.29411764705882354
خشرق,تکنیکال-fibo,12,0.667,0.000,,0.625
خشرق,تکنیکال-rsi,30,0.567,0.000,,0.5588235294117647
خشرق,تکنیکال-flow_net,61,0.557,0.000,,0.5538461538461539
خشرق,تکنیکال-sma,25,0.560,0.000,,0.5517241379310345
خشرق,تکنیکال-stoch,74,0.541,0.000,,0.5384615384615384
خشرق,تکنیکال-macd,61,0.525,0.000,,0.5230769230769231
خشرق,تکنیکال-volbrk,44,0.523,0.000,,0.5208333333333334
خشرق,تکنیکال-adx,48,0.521,0.000,,0.5192307692307693
خشرق,تکنیکال-donch,38,0.500,0.000,,0.5
خشرق,تکنیکال-ichi,30,0.500,0.000,,0.5
خشرق,تکنیکال-super,27,0.481,0.000,,0.4838709677419355
خشرق,تکنیکال-flow_bp,55,0.473,0.000,,0.4745762711864407
خشرق,تکنیکال-boll,44,0.455,0.000,,0.4583333333333333
خشرق,تکنیکال-psar,98,0.449,0.000,,0.45098039215686275
خشرق,تکنیکال-trendflow,45,0.378,0.000,,0.3877551020408163
خشرق,تکنیکال-obv,68,0.353,0.000,,0.3611111111111111
خصدرا,تکنیکال-volbrk,25,0.720,0.000,,0.6896551724137931
خصدرا,تکنیکال-donch,29,0.655,0.000,,0.6363636363636364
خصدرا,تکنیکال-super,23,0.609,0.000,,0.5925925925925926
خصدرا,تکنیکال-stoch,66,0.545,0.000,,0.5428571428571428
خصدرا,تکنیکال-macd,55,0.545,0.000,,0.5423728813559322
خصدرا,تکنیکال-flow_bp,59,0.542,0.000,,0.5396825396825397
خصدرا,تکنیکال-adx,52,0.500,0.000,,0.5
خصدرا,تکنیکال-fibo,10,0.500,0.000,,0.5
خصدرا,تکنیکال-flow_net,50,0.500,0.000,,0.5
خصدرا,تکنیکال-rsi,28,0.500,0.000,,0.5
خصدرا,تکنیکال-sma,22,0.455,0.000,,0.46153846153846156
خصدرا,تکنیکال-psar,80,0.438,0.000,,0.44047619047619047
خصدرا,تکنیکال-ichi,21,0.429,0.000,,0.44
خصدرا,تکنیکال-obv,53,0.396,0.000,,0.40350877192982454
خصدرا,تکنیکال-boll,29,0.379,0.000,,0.3939393939393939
خصدرا,تکنیکال-trendflow,47,0.383,0.000,,0.39215686274509803
خعمرا,تکنیکال-volbrk,20,0.750,0.000,,0.7083333333333334
خعمرا,تکنیکال-trendflow,28,0.679,0.000,,0.65625
خعمرا,تکنیکال-donch,18,0.667,0.000,,0.6363636363636364
خعمرا,تکنیکال-stoch,44,0.636,0.000,,0.625
خعمرا,تکنیکال-fibo,3,0.667,0.000,,0.5714285714285714
خعمرا,تکنیکال-flow_bp,88,0.523,0.000,,0.5217391304347826
خعمرا,تکنیکال-flow_net,63,0.508,0.000,,0.5074626865671642
خعمرا,تکنیکال-boll,28,0.500,0.000,,0.5
خعمرا,تکنیکال-ichi,20,0.500,0.000,,0.5
خعمرا,تکنیکال-obv,36,0.500,0.000,,0.5
خعمرا,تکنیکال-super,14,0.500,0.000,,0.5
خعمرا,تکنیکال-macd,40,0.475,0.000,,0.4772727272727273
خعمرا,تکنیکال-sma,17,0.471,0.000,,0.47619047619047616
خعمرا,تکنیکال-rsi,23,0.435,0.000,,0.4444444444444444
خعمرا,تکنیکال-psar,69,0.420,0.000,,0.4246575342465753
خعمرا,تکنیکال-adx,30,0.367,0.000,,0.38235294117647056
خفناور,تکنیکال-rsi,21,0.667,0.000,,0.64
خفناور,تکنیکال-flow_net,21,0.619,0.000,,0.6
خفناور,تکنیکال-super,21,0.619,0.000,,0.6
خفناور,تکنیکال-macd,49,0.592,0.000,,0.5849056603773585
خفناور,تکنیکال-sma,15,0.600,0.000,,0.5789473684210527
خفناور,تکنیکال-trendflow,29,0.586,0.000,,0.5757575757575758
خفناور,تکنیکال-flow_bp,30,0.567,0.000,,0.5588235294117647
خفناور,تکنیکال-fibo,11,0.545,0.000,,0.5333333333333333
خفناور,تکنیکال-stoch,55,0.527,0.000,,0.5254237288135594
خفناور,تکنیکال-adx,36,0.528,0.000,,0.525
خفناور,تکنیکال-ichi,19,0.526,0.000,,0.5217391304347826
خفناور,تکنیکال-donch,24,0.500,0.000,,0.5
خفناور,تکنیکال-obv,40,0.500,0.000,,0.5
خفناور,تکنیکال-psar,63,0.476,0.000,,0.47761194029850745
خفناور,تکنیکال-volbrk,27,0.444,0.000,,0.45161290322580644
خفناور,تکنیکال-boll,29,0.379,0.000,,0.3939393939393939
خفنر,تکنیکال-rsi,14,0.857,0.000,,0.7777777777777778
خفنر,تکنیکال-boll,22,0.591,0.000,,0.5769230769230769
خفنر,تکنیکال-stoch,58,0.569,0.000,,0.5645161290322581
خفنر,تکنیکال-flow_net,56,0.518,0.000,,0.5166666666666667
خفنر,تکنیکال-flow_bp,68,0.515,0.000,,0.5138888888888888
خفنر,تکنیکال-donch,33,0.515,0.000,,0.5135135135135135
خفنر,تکنیکال-macd,57,0.509,0.000,,0.5081967213114754
خفنر,تکنیکال-super,29,0.483,0.000,,0.48484848484848486
خفنر,تکنیکال-psar,81,0.457,0.000,,0.4588235294117647
خفنر,تکنیکال-fibo,10,0.400,0.000,,0.42857142857142855
خفنر,تکنیکال-trendflow,57,0.421,0.000,,0.4262295081967213
خفنر,تکنیکال-sma,22,0.409,0.000,,0.4230769230769231
خفنر,تکنیکال-adx,58,0.362,0.000,,0.3709677419354839
خفنر,تکنیکال-volbrk,40,0.350,0.000,,0.36363636363636365
خفنر,تکنیکال-obv,61,0.344,0.000,,0.35384615384615387
خفنر,تکنیکال-ichi,39,0.308,0.000,,0.32558139534883723
خفولا,تکنیکال-ichi,10,0.700,0.000,,0.6428571428571429
خفولا,تکنیکال-sma,6,0.667,0.000,,0.6
خفولا,تکنیکال-stoch,36,0.583,0.000,,0.575
خفولا,تکنیکال-trendflow,26,0.538,0.000,,0.5333333333333333
خفولا,تکنیکال-flow_bp,53,0.509,0.000,,0.5087719298245614
خفولا,تکنیکال-super,20,0.500,0.000,,0.5
خفولا,تکنیکال-macd,47,0.468,0.000,,0.47058823529411764
خفولا,تکنیکال-obv,24,0.458,0.000,,0.4642857142857143
خفولا,تکنیکال-flow_net,18,0.444,0.000,,0.45454545454545453
خفولا,تکنیکال-boll,21,0.429,0.000,,0.44
خفولا,تکنیکال-psar,46,0.435,0.000,,0.44
خفولا,تکنیکال-donch,20,0.400,0.000,,0.4166666666666667
خفولا,تکنیکال-volbrk,25,0.400,0.000,,0.41379310344827586
خفولا,تکنیکال-adx,26,0.385,0.000,,0.4
خفولا,تکنیکال-fibo,6,0.333,0.000,,0.4
خفولا,تکنیکال-rsi,14,0.286,0.000,,0.3333333333333333
خلنت,تکنیکال-obv,3,1.000,0.000,,0.7142857142857143
خلنت,تکنیکال-sma,21,0.667,0.000,,0.64
خلنت,تکنیکال-adx,63,0.587,0.000,,0.582089552238806
خلنت,تکنیکال-super,31,0.581,0.000,,0.5714285714285714
خلنت,تکنیکال-stoch,79,0.532,0.000,,0.5301204819277109
خلنت,تکنیکال-ichi,30,0.533,0.000,,0.5294117647058824
خلنت,تکنیکال-donch,39,0.513,0.000,,0.5116279069767442
خلنت,تکنیکال-boll,32,0.500,0.000,,0.5
خلنت,تکنیکال-flow_bp,52,0.462,0.000,,0.4642857142857143
خلنت,تکنیکال-psar,108,0.454,0.000,,0.45535714285714285
خلنت,تکنیکال-flow_net,74,0.446,0.000,,0.44871794871794873
خلنت,تکنیکال-macd,65,0.431,0.000,,0.43478260869565216
خلنت,تکنیکال-volbrk,40,0.425,0.000,,0.4318181818181818
خلنت,تکنیکال-fibo,13,0.385,0.000,,0.4117647058823529
خلنت,تکنیکال-rsi,26,0.385,0.000,,0.4
خلنت,تکنیکال-trendflow,45,0.378,0.000,,0.3877551020408163
خلیبل,تکنیکال-fibo,3,1.000,0.000,,0.7142857142857143
خلیبل,تکنیکال-stoch,22,0.727,0.000,,0.6923076923076923
خلیبل,تکنیکال-rsi,7,0.714,0.000,,0.6363636363636364
خلیبل,تکنیکال-boll,16,0.625,0.000,,0.6
خلیبل,تکنیکال-flow_net,34,0.588,0.000,,0.5789473684210527
خلیبل,تکنیکال-flow_bp,44,0.568,0.000,,0.5625
خلیبل,تکنیکال-psar,55,0.527,0.000,,0.5254237288135594
خلیبل,تکنیکال-volbrk,15,0.467,0.000,,0.47368421052631576
خلیبل,تکنیکال-macd,35,0.457,0.000,,0.46153846153846156
خلیبل,تکنیکال-sma,9,0.444,0.000,,0.46153846153846156
خلیبل,تکنیکال-obv,25,0.400,0.000,,0.41379310344827586
خلیبل,تکنیکال-super,16,0.375,0.000,,0.4
خلیبل,تکنیکال-trendflow,29,0.379,0.000,,0.3939393939393939
خلیبل,تکنیکال-adx,27,0.296,0.000,,0.3225806451612903
خلیبل,تکنیکال-donch,15,0.267,0.000,,0.3157894736842105
خلیبل,تکنیکال-ichi,10,0.200,0.000,,0.2857142857142857
خمحرکه,تکنیکال-flow_net,31,0.645,0.000,,0.6285714285714286
خمحرکه,تکنیکال-rsi,32,0.625,0.000,,0.6111111111111112
خمحرکه,تکنیکال-macd,65,0.569,0.000,,0.5652173913043478
خمحرکه,تکنیکال-volbrk,40,0.550,0.000,,0.5454545454545454
خمحرکه,تکنیکال-flow_bp,56,0.536,0.000,,0.5333333333333333
خمحرکه,تکنیکال-super,34,0.529,0.000,,0.5263157894736842
خمحرکه,تکنیکال-fibo,17,0.529,0.000,,0.5238095238095238
خمحرکه,تکنیکال-stoch,82,0.524,0.000,,0.5232558139534884
خمحرکه,تکنیکال-donch,32,0.500,0.000,,0.5
خمحرکه,تکنیکال-boll,42,0.476,0.000,,0.4782608695652174
خمحرکه,تکنیکال-ichi,34,0.441,0.000,,0.4473684210526316
خمحرکه,تکنیکال-psar,101,0.416,0.000,,0.41904761904761906
خمحرکه,تکنیکال-adx,64,0.391,0.000,,0.39705882352941174
خمحرکه,تکنیکال-trendflow,64,0.391,0.000,,0.39705882352941174
خمحرکه,تکنیکال-sma,26,0.346,0.000,,0.36666666666666664
خمحرکه,تکنیکال-obv,65,0.354,0.000,,0.36231884057971014
خمحور,تکنیکال-rsi,28,0.643,0.000,,0.625
خمحور,تکنیکال-stoch,72,0.597,0.000,,0.5921052631578947
خمحور,تکنیکال-flow_bp,69,0.551,0.000,,0.547945205479452
خمحور,تکنیکال-macd,62,0.532,0.000,,0.5303030303030303
خمحور,تکنیکال-boll,30,0.533,0.000,,0.5294117647058824
خمحور,تکنیکال-obv,47,0.532,0.000,,0.5294117647058824
خمحور,تکنیکال-super,32,0.531,0.000,,0.5277777777777778
خمحور,تکنیکال-psar,96,0.510,0.000,,0.51
خمحور,تکنیکال-flow_net,62,0.500,0.000,,0.5
خمحور,تکنیکال-adx,63,0.476,0.000,,0.47761194029850745
خمحور,تکنیکال-sma,28,0.464,0.000,,0.46875
خمحور,تکنیکال-volbrk,39,0.462,0.000,,0.46511627906976744
خمحور,تکنیکال-donch,34,0.441,0.000,,0.4473684210526316
خمحور,تکنیکال-trendflow,47,0.404,0.000,,0.4117647058823529
خمحور,تکنیکال-fibo,29,0.379,0.000,,0.3939393939393939
خمحور,تکنیکال-ichi,40,0.325,0.000,,0.3409090909090909
خمهر,تکنیکال-volbrk,38,0.579,0.000,,0.5714285714285714
خمهر,تکنیکال-trendflow,43,0.558,0.000,,0.5531914893617021
خمهر,تکنیکال-stoch,73,0.548,0.000,,0.5454545454545454
خمهر,تکنیکال-flow_bp,62,0.516,0.000,,0.5151515151515151
خمهر,تکنیکال-ichi,39,0.513,0.000,,0.5116279069767442
خمهر,تکنیکال-flow_net,53,0.491,0.000,,0.49122807017543857
خمهر,تکنیکال-rsi,21,0.476,0.000,,0.48
خمهر,تکنیکال-donch,38,0.474,0.000,,0.47619047619047616
خمهر,تکنیکال-fibo,17,0.471,0.000,,0.47619047619047616
خمهر,تکنیکال-adx,58,0.431,0.000,,0.43548387096774194
خمهر,تکنیکال-boll,35,0.400,0.000,,0.41025641025641024
خمهر,تکنیکال-psar,100,0.400,0.000,,0.40384615384615385
خمهر,تکنیکال-macd,76,0.395,0.000,,0.4
خمهر,تکنیکال-super,36,0.389,0.000,,0.4
خمهر,تکنیکال-sma,29,0.379,0.000,,0.3939393939393939
خمهر,تکنیکال-obv,66,0.379,0.000,,0.38571428571428573
خموتور,تکنیکال-fibo,23,0.565,0.000,,0.5555555555555556
خموتور,تکنیکال-sma,22,0.545,0.000,,0.5384615384615384
خموتور,تکنیکال-flow_net,95,0.537,0.000,,0.5353535353535354
خموتور,تکنیکال-flow_bp,58,0.517,0.000,,0.5161290322580645
خموتور,تکنیکال-rsi,27,0.519,0.000,,0.5161290322580645
خموتور,تکنیکال-boll,39,0.513,0.000,,0.5116279069767442
خموتور,تکنیکال-stoch,69,0.507,0.000,,0.5068493150684932
خموتور,تکنیکال-adx,54,0.500,0.000,,0.5
خموتور,تکنیکال-trendflow,46,0.500,0.000,,0.5
خموتور,تکنیکال-donch,33,0.485,0.000,,0.4864864864864865
خموتور,تکنیکال-volbrk,38,0.474,0.000,,0.47619047619047616
خموتور,تکنیکال-ichi,32,0.469,0.000,,0.4722222222222222
خموتور,تکنیکال-macd,71,0.451,0.000,,0.4533333333333333
خموتور,تکنیکال-psar,107,0.411,0.000,,0.4144144144144144
خموتور,تکنیکال-super,34,0.382,0.000,,0.39473684210526316
خموتور,تکنیکال-obv,68,0.382,0.000,,0.3888888888888889
خنصیر,تکنیکال-donch,29,0.655,0.000,,0.6363636363636364
خنصیر,تکنیکال-ichi,22,0.636,0.000,,0.6153846153846154
خنصیر,تکنیکال-volbrk,27,0.630,0.000,,0.6129032258064516
خنصیر,تکنیکال-flow_net,41,0.585,0.000,,0.5777777777777777
خنصیر,تکنیکال-super,31,0.548,0.000,,0.5428571428571428
خنصیر,تکنیکال-trendflow,26,0.538,0.000,,0.5333333333333333
خنصیر,تکنیکال-adx,61,0.525,0.000,,0.5230769230769231
خنصیر,تکنیکال-flow_bp,23,0.522,0.000,,0.5185185185185185
خنصیر,تکنیکال-fibo,16,0.500,0.000,,0.5
خنصیر,تکنیکال-obv,64,0.500,0.000,,0.5
خنصیر,تکنیکال-macd,57,0.474,0.000,,0.47540983606557374
خنصیر,تکنیکال-rsi,28,0.464,0.000,,0.46875
خنصیر,تکنیکال-psar,99,0.444,0.000,,0.44660194174757284
خنصیر,تکنیکال-boll,37,0.432,0.000,,0.43902439024390244
خنصیر,تکنیکال-sma,23,0.391,0.000,,0.4074074074074074
خنصیر,تکنیکال-stoch,75,0.400,0.000,,0.4050632911392405
خنور,تکنیکال-boll,7,0.857,0.000,,0.7272727272727273
خنور,تکنیکال-ichi,8,0.750,0.000,,0.6666666666666666
خنور,تکنیکال-donch,10,0.700,0.000,,0.6428571428571429
خنور,تکنیکال-super,12,0.667,0.000,,0.625
خنور,تکنیکال-rsi,6,0.667,0.000,,0.6
خنور,تکنیکال-volbrk,8,0.625,0.000,,0.5833333333333334
خنور,تکنیکال-stoch,21,0.571,0.000,,0.56
خنور,تکنیکال-adx,18,0.500,0.000,,0.5
خنور,تکنیکال-flow_bp,52,0.500,0.000,,0.5
خنور,تکنیکال-flow_net,20,0.500,0.000,,0.5
خنور,تکنیکال-psar,22,0.500,0.000,,0.5
خنور,تکنیکال-trendflow,24,0.500,0.000,,0.5
خنور,تکنیکال-macd,18,0.444,0.000,,0.45454545454545453
خنور,تکنیکال-obv,16,0.438,0.000,,0.45
خنور,تکنیکال-sma,5,0.400,0.000,,0.4444444444444444
خنور,تکنیکال-fibo,4,0.250,0.000,,0.375
خودرو,تکنیکال-boll,36,0.556,0.000,,0.55
خودرو,تکنیکال-stoch,70,0.529,0.000,,0.527027027027027
خودرو,تکنیکال-flow_bp,68,0.485,0.000,,0.4861111111111111
خودرو,تکنیکال-super,29,0.483,0.000,,0.48484848484848486
خودرو,تکنیکال-macd,68,0.456,0.000,,0.4583333333333333
خودرو,تکنیکال-flow_net,56,0.446,0.000,,0.45
خودرو,تکنیکال-psar,98,0.439,0.000,,0.4411764705882353
خودرو,تکنیکال-obv,66,0.424,0.000,,0.42857142857142855
خودرو,تکنیکال-trendflow,53,0.415,0.000,,0.42105263157894735
خودرو,تکنیکال-donch,40,0.400,0.000,,0.4090909090909091
خودرو,تکنیکال-rsi,32,0.375,0.000,,0.3888888888888889
خودرو,تکنیکال-adx,62,0.355,0.000,,0.36363636363636365
خودرو,تکنیکال-sma,19,0.316,0.000,,0.34782608695652173
خودرو,تکنیکال-volbrk,48,0.333,0.000,,0.34615384615384615
خودرو,تکنیکال-fibo,17,0.294,0.000,,0.3333333333333333
خودرو,تکنیکال-ichi,29,0.310,0.000,,0.3333333333333333
خودکفا,تکنیکال-volbrk,32,0.625,0.000,,0.6111111111111112
خودکفا,تکنیکال-fibo,15,0.600,0.000,,0.5789473684210527
خودکفا,تکنیکال-flow_bp,90,0.556,0.000,,0.5531914893617021
خودکفا,تکنیکال-donch,34,0.559,0.000,,0.5526315789473685
خودکفا,تکنیکال-flow_net,38,0.526,0.000,,0.5238095238095238
خودکفا,تکنیکال-ichi,28,0.500,0.000,,0.5
خودکفا,تکنیکال-macd,56,0.500,0.000,,0.5
خودکفا,تکنیکال-stoch,66,0.500,0.000,,0.5
خودکفا,تکنیکال-super,34,0.500,0.000,,0.5
خودکفا,تکنیکال-adx,53,0.491,0.000,,0.49122807017543857
خودکفا,تکنیکال-boll,32,0.469,0.000,,0.4722222222222222
خودکفا,تکنیکال-trendflow,67,0.463,0.000,,0.4647887323943662
خودکفا,تکنیکال-obv,60,0.433,0.000,,0.4375
خودکفا,تکنیکال-psar,100,0.420,0.000,,0.4230769230769231
خودکفا,تکنیکال-sma,22,0.364,0.000,,0.38461538461538464
خودکفا,تکنیکال-rsi,36,0.361,0.000,,0.375
خوساز,تکنیکال-fibo,14,0.643,0.000,,0.6111111111111112
خوساز,تکنیکال-boll,33,0.576,0.000,,0.5675675675675675
خوساز,تکنیکال-rsi,19,0.579,0.000,,0.5652173913043478
خوساز,تکنیکال-flow_bp,73,0.479,0.000,,0.4805194805194805
خوساز,تکنیکال-volbrk,38,0.474,0.000,,0.47619047619047616
خوساز,تکنیکال-stoch,77,0.468,0.000,,0.4691358024691358
خوساز,تکنیکال-psar,98,0.449,0.000,,0.45098039215686275
خوساز,تکنیکال-flow_net,56,0.446,0.000,,0.45
خوساز,تکنیکال-super,36,0.444,0.000,,0.45
خوساز,تکنیکال-donch,32,0.438,0.000,,0.4444444444444444
خوساز,تکنیکال-obv,54,0.426,0.000,,0.43103448275862066
خوساز,تکنیکال-macd,68,0.426,0.000,,0.4305555555555556
خوساز,تکنیکال-trendflow,63,0.397,0.000,,0.40298507462686567
خوساز,تکنیکال-sma,27,0.370,0.000,,0.3870967741935484
خوساز,تکنیکال-adx,57,0.368,0.000,,0.3770491803278688
خوساز,تکنیکال-ichi,34,0.324,0.000,,0.34210526315789475
خپارس,تکنیکال-rsi,26,0.615,0.000,,0.6
خپارس,تکنیکال-flow_net,38,0.579,0.000,,0.5714285714285714
خپارس,تکنیکال-sma,17,0.588,0.000,,0.5714285714285714
خپارس,تکنیکال-stoch,64,0.531,0.000,,0.5294117647058824
خپارس,تکنیکال-boll,33,0.515,0.000,,0.5135135135135135
خپارس,تکنیکال-flow_bp,55,0.509,0.000,,0.5084745762711864
خپارس,تکنیکال-fibo,16,0.500,0.000,,0.5
خپارس,تکنیکال-volbrk,32,0.500,0.000,,0.5
خپارس,تکنیکال-super,28,0.464,0.000,,0.46875
خپارس,تکنیکال-donch,32,0.406,0.000,,0.4166666666666667
خپارس,تکنیکال-macd,56,0.411,0.000,,0.4166666666666667
خپارس,تکنیکال-adx,47,0.404,0.000,,0.4117647058823529
خپارس,تکنیکال-psar,78,0.397,0.000,,0.4024390243902439
خپارس,تکنیکال-obv,59,0.356,0.000,,0.36507936507936506
خپارس,تکنیکال-ichi,34,0.324,0.000,,0.34210526315789475
خپارس,تکنیکال-trendflow,50,0.320,0.000,,0.3333333333333333
خپویش,تکنیکال-rsi,18,0.611,0.000,,0.5909090909090909
خپویش,تکنیکال-fibo,14,0.571,0.000,,0.5555555555555556
خپویش,تکنیکال-donch,25,0.560,0.000,,0.5517241379310345
خپویش,تکنیکال-flow_bp,54,0.519,0.000,,0.5172413793103449
خپویش,تکنیکال-stoch,54,0.519,0.000,,0.5172413793103449
خپویش,تکنیکال-macd,55,0.473,0.000,,0.4745762711864407
خپویش,تکنیکال-flow_net,85,0.471,0.000,,0.47191011235955055
خپویش,تکنیکال-super,30,0.467,0.000,,0.47058823529411764
خپویش,تکنیکال-psar,90,0.467,0.000,,0.46808510638297873
خپویش,تکنیکال-ichi,33,0.455,0.000,,0.4594594594594595
خپویش,تکنیکال-sma,21,0.429,0.000,,0.44
خپویش,تکنیکال-adx,53,0.434,0.000,,0.43859649122807015
خپویش,تکنیکال-trendflow,39,0.385,0.000,,0.3953488372093023
خپویش,تکنیکال-volbrk,37,0.378,0.000,,0.3902439024390244
خپویش,تکنیکال-boll,28,0.321,0.000,,0.34375
خپویش,تکنیکال-obv,59,0.322,0.000,,0.3333333333333333
خچرخش,تکنیکال-rsi,24,0.667,0.000,,0.6428571428571429
خچرخش,تکنیکال-volbrk,32,0.562,0.000,,0.5555555555555556
خچرخش,تکنیکال-donch,28,0.536,0.000,,0.53125
خچرخش,تکنیکال-adx,51,0.510,0.000,,0.509090909090909
خچرخش,تکنیکال-stoch,75,0.493,0.000,,0.4936708860759494
خچرخش,تکنیکال-boll,44,0.477,0.000,,0.4791666666666667
خچرخش,تکنیکال-super,26,0.462,0.000,,0.4666666666666667
خچرخش,تکنیکال-macd,69,0.464,0.000,,0.4657534246575342
خچرخش,تکنیکال-flow_bp,72,0.431,0.000,,0.4342105263157895
خچرخش,تکنیکال-flow_net,74,0.419,0.000,,0.4230769230769231
خچرخش,تکنیکال-psar,100,0.380,0.000,,0.38461538461538464
خچرخش,تکنیکال-fibo,12,0.333,0.000,,0.375
خچرخش,تکنیکال-ichi,34,0.353,0.000,,0.3684210526315789
خچرخش,تکنیکال-obv,67,0.358,0.000,,0.36619718309859156
خچرخش,تکنیکال-trendflow,33,0.333,0.000,,0.35135135135135137
خچرخش,تکنیکال-sma,29,0.310,0.000,,0.3333333333333333
خکار,تکنیکال-stoch,76,0.566,0.000,,0.5625
خکار,تکنیکال-flow_net,44,0.545,0.000,,0.5416666666666666
خکار,تکنیکال-rsi,28,0.500,0.000,,0.5
خکار,تکنیکال-fibo,17,0.471,0.000,,0.47619047619047616
خکار,تکنیکال-flow_bp,51,0.471,0.000,,0.4727272727272727
خکار,تکنیکال-trendflow,62,0.468,0.000,,0.4696969696969697
خکار,تکنیکال-ichi,33,0.455,0.000,,0.4594594594594595
خکار,تکنیکال-donch,32,0.438,0.000,,0.4444444444444444
خکار,تکنیکال-volbrk,37,0.432,0.000,,0.43902439024390244
خکار,تکنیکال-sma,28,0.429,0.000,,0.4375
خکار,تکنیکال-super,33,0.424,0.000,,0.43243243243243246
خکار,تکنیکال-psar,99,0.414,0.000,,0.4174757281553398
خکار,تکنیکال-macd,69,0.391,0.000,,0.3972602739726027
خکار,تکنیکال-adx,54,0.389,0.000,,0.39655172413793105
خکار,تکنیکال-boll,42,0.357,0.000,,0.3695652173913043
خکار,تکنیکال-obv,72,0.347,0.000,,0.35526315789473684
خکاوه,تکنیکال-fibo,8,0.625,0.000,,0.5833333333333334
خکاوه,تکنیکال-macd,48,0.562,0.000,,0.5576923076923077
خکاوه,تکنیکال-flow_bp,45,0.511,0.000,,0.5102040816326531
خکاوه,تکنیکال-stoch,67,0.507,0.000,,0.5070422535211268
خکاوه,تکنیکال-ichi,36,0.500,0.000,,0.5
خکاوه,تکنیکال-volbrk,32,0.469,0.000,,0.4722222222222222
خکاوه,تکنیکال-psar,79,0.468,0.000,,0.46987951807228917
خکاوه,تکنیکال-super,37,0.459,0.000,,0.4634146341463415
خکاوه,تکنیکال-flow_net,31,0.452,0.000,,0.45714285714285713
خکاوه,تکنیکال-trendflow,42,0.452,0.000,,0.45652173913043476
خکاوه,تکنیکال-donch,39,0.436,0.000,,0.4418604651162791
خکاوه,تکنیکال-obv,57,0.421,0.000,,0.4262295081967213
خکاوه,تکنیکال-boll,34,0.412,0.000,,0.42105263157894735
خکاوه,تکنیکال-adx,46,0.413,0.000,,0.42
خکاوه,تکنیکال-rsi,35,0.371,0.000,,0.38461538461538464
خکاوه,تکنیکال-sma,21,0.333,0.000,,0.36
خکرمان,تکنیکال-boll,29,0.621,0.000,,0.6060606060606061
خکرمان,تکنیکال-ichi,33,0.606,0.000,,0.5945945945945946
خکرمان,تکنیکال-donch,40,0.525,0.000,,0.5227272727272727
خکرمان,تکنیکال-super,33,0.515,0.000,,0.5135135135135135
خکرمان,تکنیکال-volbrk,43,0.512,0.000,,0.5106382978723404
خکرمان,تکنیکال-flow_net,65,0.508,0.000,,0.5072463768115942
خکرمان,تکنیکال-stoch,74,0.486,0.000,,0.48717948717948717
خکرمان,تکنیکال-macd,79,0.468,0.000,,0.46987951807228917
خکرمان,تکنیکال-rsi,26,0.462,0.000,,0.4666666666666667
خکرمان,تکنیکال-adx,54,0.463,0.000,,0.46551724137931033
خکرمان,تکنیکال-obv,78,0.449,0.000,,0.45121951219512196
خکرمان,تکنیکال-trendflow,41,0.439,0.000,,0.4444444444444444
خکرمان,تکنیکال-flow_bp,59,0.424,0.000,,0.42857142857142855
خکرمان,تکنیکال-fibo,13,0.385,0.000,,0.4117647058823529
خکرمان,تکنیکال-psar,105,0.400,0.000,,0.4036697247706422
خکرمان,تکنیکال-sma,29,0.379,0.000,,0.3939393939393939
خکمک,تکنیکال-rsi,28,0.571,0.000,,0.5625
خکمک,تکنیکال-boll,45,0.556,0.000,,0.5510204081632653
خکمک,تکنیکال-donch,32,0.531,0.000,,0.5277777777777778
خکمک,تکنیکال-stoch,72,0.528,0.000,,0.5263157894736842
خکمک,تکنیکال-flow_bp,42,0.524,0.000,,0.5217391304347826
خکمک,تکنیکال-macd,59,0.508,0.000,,0.5079365079365079
خکمک,تکنیکال-super,28,0.500,0.000,,0.5
خکمک,تکنیکال-volbrk,39,0.487,0.000,,0.4883720930232558
خکمک,تکنیکال-fibo,21,0.476,0.000,,0.48
خکمک,تکنیکال-psar,92,0.478,0.000,,0.4791666666666667
خکمک,تکنیکال-obv,62,0.468,0.000,,0.4696969696969697
خکمک,تکنیکال-flow_net,58,0.431,0.000,,0.43548387096774194
خکمک,تکنیکال-ichi,27,0.407,0.000,,0.41935483870967744
خکمک,تکنیکال-trendflow,39,0.410,0.000,,0.4186046511627907
خکمک,تکنیکال-sma,28,0.357,0.000,,0.375
خکمک,تکنیکال-adx,58,0.345,0.000,,0.3548387096774194
خگستر,تکنیکال-boll,41,0.610,0.000,,0.6
خگستر,تکنیکال-macd,75,0.507,0.000,,0.5063291139240507
خگستر,تکنیکال-donch,34,0.500,0.000,,0.5
خگستر,تکنیکال-volbrk,45,0.489,0.000,,0.4897959183673469
خگستر,تکنیکال-stoch,75,0.480,0.000,,0.4810126582278481
خگستر,تکنیکال-fibo,21,0.476,0.000,,0.48
خگستر,تکنیکال-obv,67,0.478,0.000,,0.4788732394366197
خگستر,تکنیکال-flow_bp,65,0.477,0.000,,0.4782608695652174
خگستر,تکنیکال-flow_net,34,0.471,0.000,,0.47368421052631576
خگستر,تکنیکال-rsi,22,0.455,0.000,,0.46153846153846156
خگستر,تکنیکال-super,38,0.447,0.000,,0.4523809523809524
خگستر,تکنیکال-trendflow,53,0.415,0.000,,0.42105263157894735
خگستر,تکنیکال-adx,60,0.400,0.000,,0.40625
خگستر,تکنیکال-psar,105,0.400,0.000,,0.4036697247706422
خگستر,تکنیکال-sma,27,0.333,0.000,,0.3548387096774194
خگستر,تکنیکال-ichi,35,0.314,0.000,,0.3333333333333333
خیمن,تکنیکال-sma,1,1.000,0.000,,0.6
خیمن,تکنیکال-stoch,1,1.000,0.000,,0.6
خیمن,تکنیکال-flow_net,10,0.600,0.000,,0.5714285714285714
خیمن,تکنیکال-obv,3,0.667,0.000,,0.5714285714285714
خیمن,تکنیکال-psar,7,0.571,0.000,,0.5454545454545454
خیمن,تکنیکال-boll,0,,0.000,,0.5
خیمن,تکنیکال-donch,2,0.500,0.000,,0.5
خیمن,تکنیکال-fibo,0,,0.000,,0.5
خیمن,تکنیکال-ichi,2,0.500,0.000,,0.5
خیمن,تکنیکال-rsi,2,0.500,0.000,,0.5
خیمن,تکنیکال-super,2,0.500,0.000,,0.5
خیمن,تکنیکال-volbrk,2,0.500,0.000,,0.5
خیمن,تکنیکال-flow_bp,18,0.444,0.000,,0.45454545454545453
خیمن,تکنیکال-adx,5,0.400,0.000,,0.4444444444444444
خیمن,تکنیکال-trendflow,9,0.333,0.000,,0.38461538461538464
خیمن,تکنیکال-macd,3,0.000,0.000,,0.2857142857142857
دابور,تکنیکال-stoch,44,0.614,0.000,,0.6041666666666666
دابور,تکنیکال-boll,28,0.607,0.000,,0.59375
دابور,تکنیکال-rsi,20,0.600,0.000,,0.5833333333333334
دابور,تکنیکال-ichi,27,0.556,0.000,,0.5483870967741935
دابور,تکنیکال-fibo,7,0.571,0.000,,0.5454545454545454
دابور,تکنیکال-donch,30,0.533,0.000,,0.5294117647058824
دابور,تکنیکال-super,27,0.519,0.000,,0.5161290322580645
دابور,تکنیکال-sma,27,0.481,0.000,,0.4838709677419355
دابور,تکنیکال-volbrk,42,0.452,0.000,,0.45652173913043476
دابور,تکنیکال-macd,69,0.449,0.000,,0.4520547945205479
دابور,تکنیکال-flow_bp,116,0.440,0.000,,0.44166666666666665
دابور,تکنیکال-trendflow,51,0.431,0.000,,0.43636363636363634
دابور,تکنیکال-flow_net,130,0.431,0.000,,0.43283582089552236
دابور,تکنیکال-psar,105,0.419,0.000,,0.42201834862385323
دابور,تکنیکال-adx,46,0.348,0.000,,0.36
دابور,تکنیکال-obv,65,0.277,0.000,,0.2898550724637681
داتام,تکنیکال-rsi,8,0.750,0.000,,0.6666666666666666
داتام,تکنیکال-boll,6,0.667,0.000,,0.6
داتام,تکنیکال-flow_net,30,0.600,0.000,,0.5882352941176471
داتام,تکنیکال-macd,12,0.583,0.000,,0.5625
داتام,تکنیکال-stoch,13,0.538,0.000,,0.5294117647058824
داتام,تکنیکال-flow_bp,56,0.518,0.000,,0.5166666666666667
داتام,تکنیکال-psar,29,0.517,0.000,,0.5151515151515151
داتام,تکنیکال-donch,10,0.500,0.000,,0.5
داتام,تکنیکال-ichi,8,0.500,0.000,,0.5
داتام,تکنیکال-obv,12,0.500,0.000,,0.5
داتام,تکنیکال-super,10,0.500,0.000,,0.5
داتام,تکنیکال-trendflow,31,0.484,0.000,,0.4857142857142857
داتام,تکنیکال-adx,11,0.455,0.000,,0.4666666666666667
داتام,تکنیکال-volbrk,10,0.400,0.000,,0.42857142857142855
داتام,تکنیکال-sma,6,0.333,0.000,,0.4
داتام,تکنیکال-fibo,4,0.250,0.000,,0.375
داراب,تکنیکال-volbrk,13,0.769,0.000,,0.7058823529411765
داراب,تکنیکال-fibo,2,1.000,0.000,,0.6666666666666666
داراب,تکنیکال-stoch,18,0.667,0.000,,0.6363636363636364
داراب,تکنیکال-super,12,0.667,0.000,,0.625
داراب,تکنیکال-macd,40,0.625,0.000,,0.6136363636363636
داراب,تکنیکال-adx,45,0.600,0.000,,0.5918367346938775
داراب,تکنیکال-obv,19,0.579,0.000,,0.5652173913043478
داراب,تکنیکال-donch,12,0.583,0.000,,0.5625
داراب,تکنیکال-rsi,14,0.571,0.000,,0.5555555555555556
داراب,تکنیکال-psar,84,0.536,0.000,,0.5340909090909091
داراب,تکنیکال-ichi,14,0.500,0.000,,0.5
داراب,تکنیکال-sma,16,0.500,0.000,,0.5
داراب,تکنیکال-boll,23,0.478,0.000,,0.48148148148148145
داراب,تکنیکال-trendflow,19,0.474,0.000,,0.4782608695652174
داراب,تکنیکال-flow_bp,93,0.473,0.000,,0.4742268041237113
داراب,تکنیکال-flow_net,11,0.455,0.000,,0.4666666666666667
دارو,تکنیکال-flow_bp,84,0.595,0.000,,0.5909090909090909
دارو,تکنیکال-volbrk,34,0.559,0.000,,0.5526315789473685
دارو,تکنیکال-donch,22,0.545,0.000,,0.5384615384615384
دارو,تکنیکال-stoch,41,0.537,0.000,,0.5333333333333333
دارو,تکنیکال-rsi,17,0.529,0.000,,0.5238095238095238
دارو,تکنیکال-sma,23,0.522,0.000,,0.5185185185185185
دارو,تکنیکال-boll,28,0.500,0.000,,0.5
دارو,تکنیکال-super,20,0.500,0.000,,0.5
دارو,تکنیکال-adx,58,0.483,0.000,,0.4838709677419355
دارو,تکنیکال-flow_net,112,0.482,0.000,,0.4827586206896552
دارو,تکنیکال-macd,70,0.457,0.000,,0.4594594594594595
دارو,تکنیکال-psar,108,0.454,0.000,,0.45535714285714285
دارو,تکنیکال-ichi,34,0.441,0.000,,0.4473684210526316
دارو,تکنیکال-trendflow,52,0.442,0.000,,0.44642857142857145
دارو,تکنیکال-obv,51,0.353,0.000,,0.36363636363636365
دارو,تکنیکال-fibo,9,0.222,0.000,,0.3076923076923077
داسوه,تکنیکال-rsi,24,0.625,0.000,,0.6071428571428571
داسوه,تکنیکال-fibo,11,0.636,0.000,,0.6
داسوه,تکنیکال-stoch,40,0.575,0.000,,0.5681818181818182
داسوه,تکنیکال-trendflow,47,0.553,0.000,,0.5490196078431373
داسوه,تکنیکال-flow_bp,74,0.527,0.000,,0.5256410256410257
داسوه,تکنیکال-sma,19,0.526,0.000,,0.5217391304347826
داسوه,تکنیکال-super,21,0.524,0.000,,0.52
داسوه,تکنیکال-donch,25,0.520,0.000,,0.5172413793103449
داسوه,تکنیکال-macd,68,0.515,0.000,,0.5138888888888888
داسوه,تکنیکال-flow_net,90,0.489,0.000,,0.48936170212765956
داسوه,تکنیکال-boll,34,0.471,0.000,,0.47368421052631576
داسوه,تکنیکال-volbrk,43,0.465,0.000,,0.46808510638297873
داسوه,تکنیکال-psar,105,0.457,0.000,,0.45871559633027525
داسوه,تکنیکال-adx,47,0.426,0.000,,0.43137254901960786
داسوه,تکنیکال-obv,51,0.392,0.000,,0.4
داسوه,تکنیکال-ichi,22,0.364,0.000,,0.38461538461538464
دالبر,تکنیکال-super,23,0.609,0.000,,0.5925925925925926
دالبر,تکنیکال-ichi,27,0.593,0.000,,0.5806451612903226
دالبر,تکنیکال-boll,28,0.571,0.000,,0.5625
دالبر,تکنیکال-rsi,24,0.542,0.000,,0.5357142857142857
دالبر,تکنیکال-sma,24,0.542,0.000,,0.5357142857142857
دالبر,تکنیکال-flow_bp,86,0.523,0.000,,0.5222222222222223
دالبر,تکنیکال-trendflow,51,0.510,0.000,,0.509090909090909
دالبر,تکنیکال-psar,95,0.505,0.000,,0.5050505050505051
دالبر,تکنیکال-volbrk,38,0.500,0.000,,0.5
دالبر,تکنیکال-stoch,44,0.477,0.000,,0.4791666666666667
دالبر,تکنیکال-fibo,9,0.444,0.000,,0.46153846153846156
دالبر,تکنیکال-flow_net,123,0.447,0.000,,0.44881889763779526
دالبر,تکنیکال-macd,56,0.429,0.000,,0.43333333333333335
دالبر,تکنیکال-obv,54,0.389,0.000,,0.39655172413793105
دالبر,تکنیکال-adx,52,0.385,0.000,,0.39285714285714285
دالبر,تکنیکال-donch,24,0.375,0.000,,0.39285714285714285
دامین,تکنیکال-stoch,62,0.629,0.000,,0.6212121212121212
دامین,تکنیکال-donch,34,0.588,0.000,,0.5789473684210527
دامین,تکنیکال-sma,18,0.556,0.000,,0.5454545454545454
دامین,تکنیکال-boll,31,0.548,0.000,,0.5428571428571428
دامین,تکنیکال-flow_bp,41,0.537,0.000,,0.5333333333333333
دامین,تکنیکال-flow_net,89,0.517,0.000,,0.5161290322580645
دامین,تکنیکال-ichi,29,0.517,0.000,,0.5151515151515151
دامین,تکنیکال-rsi,27,0.481,0.000,,0.4838709677419355
دامین,تکنیکال-fibo,13,0.462,0.000,,0.47058823529411764
دامین,تکنیکال-volbrk,47,0.468,0.000,,0.47058823529411764
دامین,تکنیکال-adx,58,0.466,0.000,,0.46774193548387094
دامین,تکنیکال-psar,97,0.464,0.000,,0.46534653465346537
دامین,تکنیکال-macd,75,0.453,0.000,,0.45569620253164556
دامین,تکنیکال-obv,54,0.389,0.000,,0.39655172413793105
دامین,تکنیکال-trendflow,55,0.364,0.000,,0.3728813559322034
دامین,تکنیکال-super,29,0.345,0.000,,0.36363636363636365
دانا,تکنیکال-volbrk,37,0.568,0.000,,0.5609756097560976
دانا,تکنیکال-ichi,29,0.552,0.000,,0.5454545454545454
دانا,تکنیکال-trendflow,29,0.552,0.000,,0.5454545454545454
دانا,تکنیکال-sma,22,0.545,0.000,,0.5384615384615384
دانا,تکنیکال-donch,28,0.536,0.000,,0.53125
دانا,تکنیکال-rsi,21,0.524,0.000,,0.52
دانا,تکنیکال-macd,62,0.516,0.000,,0.5151515151515151
دانا,تکنیکال-flow_bp,41,0.512,0.000,,0.5111111111111111
دانا,تکنیکال-stoch,67,0.507,0.000,,0.5070422535211268
دانا,تکنیکال-adx,50,0.500,0.000,,0.5
دانا,تکنیکال-super,32,0.500,0.000,,0.5
دانا,تکنیکال-flow_net,41,0.488,0.000,,0.4888888888888889
دانا,تکنیکال-boll,29,0.483,0.000,,0.48484848484848486
دانا,تکنیکال-obv,58,0.466,0.000,,0.46774193548387094
دانا,تکنیکال-fibo,11,0.455,0.000,,0.4666666666666667
دانا,تکنیکال-psar,89,0.438,0.000,,0.44086021505376344
داوه,تکنیکال-obv,6,0.667,0.000,,0.6
داوه,تکنیکال-donch,30,0.600,0.000,,0.5882352941176471
داوه,تکنیکال-super,28,0.571,0.000,,0.5625
داوه,تکنیکال-boll,24,0.542,0.000,,0.5357142857142857
داوه,تکنیکال-psar,87,0.529,0.000,,0.5274725274725275
داوه,تکنیکال-volbrk,34,0.529,0.000,,0.5263157894736842
داوه,تکنیکال-stoch,64,0.516,0.000,,0.5147058823529411
داوه,تکنیکال-adx,47,0.511,0.000,,0.5098039215686274
داوه,تکنیکال-ichi,26,0.500,0.000,,0.5
داوه,تکنیکال-sma,22,0.500,0.000,,0.5
داوه,تکنیکال-macd,64,0.484,0.000,,0.4852941176470588
داوه,تکنیکال-flow_bp,81,0.469,0.000,,0.47058823529411764
داوه,تکنیکال-trendflow,36,0.444,0.000,,0.45
داوه,تکنیکال-flow_net,51,0.431,0.000,,0.43636363636363634
داوه,تکنیکال-fibo,10,0.400,0.000,,0.42857142857142855
داوه,تکنیکال-rsi,27,0.370,0.000,,0.3870967741935484
دبالک,تکنیکال-volbrk,34,0.618,0.000,,0.6052631578947368
دبالک,تکنیکال-macd,64,0.516,0.000,,0.5147058823529411
دبالک,تکنیکال-boll,33,0.515,0.000,,0.5135135135135135
دبالک,تکنیکال-ichi,28,0.500,0.000,,0.5
دبالک,تکنیکال-flow_net,81,0.494,0.000,,0.49411764705882355
دبالک,تکنیکال-flow_bp,70,0.486,0.000,,0.4864864864864865
دبالک,تکنیکال-rsi,31,0.484,0.000,,0.4857142857142857
دبالک,تکنیکال-stoch,69,0.478,0.000,,0.4794520547945205
دبالک,تکنیکال-adx,67,0.478,0.000,,0.4788732394366197
دبالک,تکنیکال-super,25,0.440,0.000,,0.4482758620689655
دبالک,تکنیکال-donch,32,0.438,0.000,,0.4444444444444444
دبالک,تکنیکال-trendflow,46,0.391,0.000,,0.4
دبالک,تکنیکال-psar,89,0.382,0.000,,0.3870967741935484
دبالک,تکنیکال-obv,56,0.375,0.000,,0.38333333333333336
دبالک,تکنیکال-fibo,7,0.286,0.000,,0.36363636363636365
دبالک,تکنیکال-sma,28,0.286,0.000,,0.3125
دتماد,تکنیکال-donch,22,0.636,0.000,,0.6153846153846154
دتماد,تکنیکال-boll,26,0.538,0.000,,0.5333333333333333
دتماد,تکنیکال-fibo,13,0.538,0.000,,0.5294117647058824
دتماد,تکنیکال-stoch,49,0.531,0.000,,0.5283018867924528
دتماد,تکنیکال-sma,21,0.524,0.000,,0.52
دتماد,تکنیکال-super,27,0.519,0.000,,0.5161290322580645
دتماد,تکنیکال-flow_bp,61,0.508,0.000,,0.5076923076923077
دتماد,تکنیکال-ichi,32,0.500,0.000,,0.5
دتماد,تکنیکال-rsi,20,0.500,0.000,,0.5
دتماد,تکنیکال-psar,92,0.424,0.000,,0.4270833333333333
دتماد,تکنیکال-volbrk,46,0.391,0.000,,0.4
دتماد,تکنیکال-macd,77,0.390,0.000,,0.3950617283950617
دتماد,تکنیکال-adx,55,0.382,0.000,,0.3898305084745763
دتماد,تکنیکال-flow_net,108,0.380,0.000,,0.38392857142857145
دتماد,تکنیکال-trendflow,60,0.367,0.000,,0.375
دتماد,تکنیکال-obv,72,0.292,0.000,,0.3026315789473684
دتوزیع,تکنیکال-fibo,12,0.583,0.000,,0.5625
دتوزیع,تکنیکال-flow_bp,87,0.563,0.000,,0.5604395604395604
دتوزیع,تکنیکال-rsi,18,0.556,0.000,,0.5454545454545454
دتوزیع,تکنیکال-stoch,54,0.537,0.000,,0.5344827586206896
دتوزیع,تکنیکال-super,26,0.538,0.000,,0.5333333333333333
دتوزیع,تکنیکال-adx,56,0.518,0.000,,0.5166666666666667
دتوزیع,تکنیکال-trendflow,65,0.492,0.000,,0.4927536231884058
دتوزیع,تکنیکال-boll,33,0.485,0.000,,0.4864864864864865
دتوزیع,تکنیکال-volbrk,31,0.484,0.000,,0.4857142857142857
دتوزیع,تکنیکال-macd,67,0.478,0.000,,0.4788732394366197
دتوزیع,تکنیکال-sma,25,0.440,0.000,,0.4482758620689655
دتوزیع,تکنیکال-psar,93,0.441,0.000,,0.44329896907216493
دتوزیع,تکنیکال-donch,32,0.406,0.000,,0.4166666666666667
دتوزیع,تکنیکال-flow_net,105,0.410,0.000,,0.41284403669724773
دتوزیع,تکنیکال-ichi,38,0.395,0.000,,0.40476190476190477
دتوزیع,تکنیکال-obv,66,0.379,0.000,,0.38571428571428573
دتولید,تکنیکال-volbrk,28,0.571,0.000,,0.5625
دتولید,تکنیکال-flow_bp,66,0.530,0.000,,0.5285714285714286
دتولید,تکنیکال-ichi,23,0.522,0.000,,0.5185185185185185
دتولید,تکنیکال-sma,23,0.522,0.000,,0.5185185185185185
دتولید,تکنیکال-donch,29,0.517,0.000,,0.5151515151515151
دتولید,تکنیکال-boll,47,0.511,0.000,,0.5098039215686274
دتولید,تکنیکال-adx,51,0.510,0.000,,0.509090909090909
دتولید,تکنیکال-stoch,73,0.507,0.000,,0.5064935064935064
دتولید,تکنیکال-super,28,0.500,0.000,,0.5
دتولید,تکنیکال-psar,93,0.495,0.000,,0.4948453608247423
دتولید,تکنیکال-flow_net,91,0.495,0.000,,0.49473684210526314
دتولید,تکنیکال-macd,69,0.478,0.000,,0.4794520547945205
دتولید,تکنیکال-rsi,28,0.464,0.000,,0.46875
دتولید,تکنیکال-obv,64,0.438,0.000,,0.4411764705882353
دتولید,تکنیکال-trendflow,49,0.347,0.000,,0.3584905660377358
دتولید,تکنیکال-fibo,12,0.250,0.000,,0.3125
دجابر,تکنیکال-boll,34,0.676,0.000,,0.6578947368421053
دجابر,تکنیکال-donch,30,0.633,0.000,,0.6176470588235294
دجابر,تکنیکال-super,28,0.571,0.000,,0.5625
دجابر,تکنیکال-rsi,29,0.552,0.000,,0.5454545454545454
دجابر,تکنیکال-stoch,68,0.544,0.000,,0.5416666666666666
دجابر,تکنیکال-ichi,30,0.533,0.000,,0.5294117647058824
دجابر,تکنیکال-flow_bp,83,0.518,0.000,,0.5172413793103449
دجابر,تکنیکال-sma,26,0.500,0.000,,0.5
دجابر,تکنیکال-adx,44,0.477,0.000,,0.4791666666666667
دجابر,تکنیکال-flow_net,99,0.475,0.000,,0.47572815533980584
دجابر,تکنیکال-macd,57,0.474,0.000,,0.47540983606557374
دجابر,تکنیکال-volbrk,39,0.436,0.000,,0.4418604651162791
دجابر,تکنیکال-psar,87,0.425,0.000,,0.42857142857142855
دجابر,تکنیکال-obv,67,0.418,0.000,,0.4225352112676056
دجابر,تکنیکال-trendflow,56,0.375,0.000,,0.38333333333333336
دجابر,تکنیکال-fibo,8,0.125,0.000,,0.25
دحاوی,تکنیکال-sma,10,0.700,0.000,,0.6428571428571429
دحاوی,تکنیکال-super,18,0.611,0.000,,0.5909090909090909
دحاوی,تکنیکال-stoch,52,0.596,0.000,,0.5892857142857143
دحاوی,تکنیکال-donch,20,0.600,0.000,,0.5833333333333334
دحاوی,تکنیکال-fibo,10,0.600,0.000,,0.5714285714285714
دحاوی,تکنیکال-adx,39,0.564,0.000,,0.5581395348837209
دحاوی,تکنیکال-flow_bp,75,0.547,0.000,,0.5443037974683544
دحاوی,تکنیکال-flow_net,41,0.537,0.000,,0.5333333333333333
دحاوی,تکنیکال-psar,73,0.507,0.000,,0.5064935064935064
دحاوی,تکنیکال-volbrk,29,0.483,0.000,,0.48484848484848486
دحاوی,تکنیکال-rsi,17,0.471,0.000,,0.47619047619047616
دحاوی,تکنیکال-trendflow,56,0.446,0.000,,0.45
دحاوی,تکنیکال-boll,30,0.400,0.000,,0.4117647058823529
دحاوی,تکنیکال-obv,40,0.400,0.000,,0.4090909090909091
دحاوی,تکنیکال-macd,69,0.391,0.000,,0.3972602739726027
دحاوی,تکنیکال-ichi,24,0.375,0.000,,0.39285714285714285
ددام,تکنیکال-boll,33,0.727,0.000,,0.7027027027027027
ددام,تکنیکال-fibo,9,0.667,0.000,,0.6153846153846154
ددام,تکنیکال-rsi,22,0.636,0.000,,0.6153846153846154
ددام,تکنیکال-donch,25,0.560,0.000,,0.5517241379310345
ددام,تکنیکال-macd,51,0.549,0.000,,0.5454545454545454
ددام,تکنیکال-obv,58,0.517,0.000,,0.5161290322580645
ددام,تکنیکال-ichi,32,0.500,0.000,,0.5
ددام,تکنیکال-stoch,60,0.500,0.000,,0.5
ددام,تکنیکال-super,29,0.483,0.000,,0.48484848484848486
ددام,تکنیکال-sma,26,0.462,0.000,,0.4666666666666667
ددام,تکنیکال-flow_bp,81,0.457,0.000,,0.4588235294117647
ددام,تکنیکال-volbrk,42,0.429,0.000,,0.43478260869565216
ددام,تکنیکال-psar,101,0.426,0.000,,0.42857142857142855
ددام,تکنیکال-trendflow,55,0.418,0.000,,0.423728813559322
ددام,تکنیکال-adx,68,0.412,0.000,,0.4166666666666667
ددام,تکنیکال-flow_net,101,0.406,0.000,,0.4095238095238095
ددانا,تکنیکال-obv,24,0.708,0.000,,0.6785714285714286
ددانا,تکنیکال-ichi,14,0.714,0.000,,0.6666666666666666
ددانا,تکنیکال-macd,28,0.679,0.000,,0.65625
ددانا,تکنیکال-volbrk,20,0.650,0.000,,0.625
ددانا,تکنیکال-boll,19,0.632,0.000,,0.6086956521739131
ددانا,تکنیکال-stoch,24,0.625,0.000,,0.6071428571428571
ددانا,تکنیکال-super,11,0.636,0.000,,0.6
ددانا,تکنیکال-psar,53,0.604,0.000,,0.5964912280701754
ددانا,تکنیکال-flow_net,58,0.569,0.000,,0.5645161290322581
ددانا,تکنیکال-flow_bp,119,0.563,0.000,,0.5609756097560976
ددانا,تکنیکال-donch,14,0.571,0.000,,0.5555555555555556
ددانا,تکنیکال-trendflow,59,0.525,0.000,,0.5238095238095238
ددانا,تکنیکال-adx,41,0.512,0.000,,0.5111111111111111
ددانا,تکنیکال-rsi,16,0.500,0.000,,0.5
ددانا,تکنیکال-sma,15,0.400,0.000,,0.42105263157894735
ددانا,تکنیکال-fibo,6,0.167,0.000,,0.3
درازک,تکنیکال-boll,31,0.548,0.000,,0.5428571428571428
درازک,تکنیکال-stoch,52,0.538,0.000,,0.5357142857142857
درازک,تکنیکال-ichi,26,0.538,0.000,,0.5333333333333333
درازک,تکنیکال-sma,25,0.520,0.000,,0.5172413793103449
درازک,تکنیکال-trendflow,31,0.516,0.000,,0.5142857142857142
درازک,تکنیکال-flow_bp,55,0.509,0.000,,0.5084745762711864
درازک,تکنیکال-donch,26,0.500,0.000,,0.5
درازک,تکنیکال-adx,55,0.491,0.000,,0.4915254237288136
درازک,تکنیکال-fibo,9,0.444,0.000,,0.46153846153846156
درازک,تکنیکال-volbrk,38,0.447,0.000,,0.4523809523809524
درازک,تکنیکال-macd,65,0.446,0.000,,0.4492753623188406
درازک,تکنیکال-flow_net,120,0.442,0.000,,0.4435483870967742
درازک,تکنیکال-super,29,0.414,0.000,,0.42424242424242425
درازک,تکنیکال-obv,59,0.407,0.000,,0.4126984126984127
درازک,تکنیکال-rsi,29,0.379,0.000,,0.3939393939393939
درازک,تکنیکال-psar,96,0.365,0.000,,0.37
درازی,تکنیکال-ichi,11,0.818,0.000,,0.7333333333333333
درازی,تکنیکال-volbrk,17,0.647,0.000,,0.6190476190476191
درازی,تکنیکال-super,11,0.636,0.000,,0.6
درازی,تکنیکال-donch,12,0.583,0.000,,0.5625
درازی,تکنیکال-psar,46,0.565,0.000,,0.56
درازی,تکنیکال-flow_bp,41,0.537,0.000,,0.5333333333333333
درازی,تکنیکال-flow_net,70,0.514,0.000,,0.5135135135135135
درازی,تکنیکال-fibo,8,0.500,0.000,,0.5
درازی,تکنیکال-trendflow,14,0.500,0.000,,0.5
درازی,تکنیکال-rsi,13,0.462,0.000,,0.47058823529411764
درازی,تکنیکال-boll,24,0.458,0.000,,0.4642857142857143
درازی,تکنیکال-stoch,25,0.440,0.000,,0.4482758620689655
درازی,تکنیکال-adx,31,0.419,0.000,,0.42857142857142855
درازی,تکنیکال-macd,45,0.422,0.000,,0.42857142857142855
درازی,تکنیکال-sma,15,0.400,0.000,,0.42105263157894735
درازی,تکنیکال-obv,38,0.395,0.000,,0.40476190476190477
درهآور,تکنیکال-stoch,57,0.614,0.000,,0.6065573770491803
درهآور,تکنیکال-sma,19,0.579,0.000,,0.5652173913043478
درهآور,تکنیکال-fibo,13,0.538,0.000,,0.5294117647058824
درهآور,تکنیکال-flow_net,88,0.523,0.000,,0.5217391304347826
درهآور,تکنیکال-boll,21,0.524,0.000,,0.52
درهآور,تکنیکال-trendflow,65,0.508,0.000,,0.5072463768115942
درهآور,تکنیکال-rsi,12,0.500,0.000,,0.5
درهآور,تکنیکال-flow_bp,66,0.485,0.000,,0.4857142857142857
درهآور,تکنیکال-psar,107,0.467,0.000,,0.46846846846846846
درهآور,تکنیکال-ichi,43,0.465,0.000,,0.46808510638297873
درهآور,تکنیکال-adx,65,0.462,0.000,,0.463768115942029
درهآور,تکنیکال-volbrk,40,0.425,0.000,,0.4318181818181818
درهآور,تکنیکال-super,29,0.414,0.000,,0.42424242424242425
درهآور,تکنیکال-donch,34,0.412,0.000,,0.42105263157894735
درهآور,تکنیکال-macd,78,0.385,0.000,,0.3902439024390244
درهآور,تکنیکال-obv,72,0.292,0.000,,0.3026315789473684
دروز,تکنیکال-boll,28,0.714,0.000,,0.6875
دروز,تکنیکال-stoch,44,0.614,0.000,,0.6041666666666666
دروز,تکنیکال-rsi,25,0.600,0.000,,0.5862068965517241
دروز,تکنیکال-flow_bp,48,0.562,0.000,,0.5576923076923077
دروز,تکنیکال-fibo,5,0.600,0.000,,0.5555555555555556
دروز,تکنیکال-flow_net,72,0.556,0.000,,0.5526315789473685
دروز,تکنیکال-super,24,0.542,0.000,,0.5357142857142857
دروز,تکنیکال-donch,26,0.500,0.000,,0.5
دروز,تکنیکال-psar,84,0.500,0.000,,0.5
دروز,تکنیکال-trendflow,38,0.500,0.000,,0.5
دروز,تکنیکال-volbrk,40,0.500,0.000,,0.5
دروز,تکنیکال-obv,45,0.444,0.000,,0.4489795918367347
دروز,تکنیکال-sma,25,0.440,0.000,,0.4482758620689655
دروز,تکنیکال-adx,57,0.386,0.000,,0.39344262295081966
دروز,تکنیکال-ichi,36,0.361,0.000,,0.375
دروز,تکنیکال-macd,67,0.358,0.000,,0.36619718309859156
دزاگرس,تکنیکال-adx,1,1.000,0.000,,0.6
دزاگرس,تکنیکال-boll,1,1.000,0.000,,0.6
دزاگرس,تکنیکال-fibo,1,1.000,0.000,,0.6
دزاگرس,تکنیکال-flow_bp,6,0.667,0.000,,0.6
دزاگرس,تکنیکال-sma,1,1.000,0.000,,0.6
دزاگرس,تکنیکال-stoch,1,1.000,0.000,,0.6
دزاگرس,تکنیکال-super,5,0.600,0.000,,0.5555555555555556
دزاگرس,تکنیکال-psar,7,0.571,0.000,,0.5454545454545454
دزاگرس,تکنیکال-ichi,2,0.500,0.000,,0.5
دزاگرس,تکنیکال-rsi,0,,0.000,,0.5
دزاگرس,تکنیکال-volbrk,2,0.500,0.000,,0.5
دزاگرس,تکنیکال-flow_net,9,0.444,0.000,,0.46153846153846156
دزاگرس,تکنیکال-macd,7,0.429,0.000,,0.45454545454545453
دزاگرس,تکنیکال-obv,5,0.400,0.000,,0.4444444444444444
دزاگرس,تکنیکال-trendflow,5,0.400,0.000,,0.4444444444444444
دزاگرس,تکنیکال-donch,3,0.333,0.000,,0.42857142857142855
دزهراوی,تکنیکال-ichi,22,0.591,0.000,,0.5769230769230769
دزهراوی,تکنیکال-donch,30,0.567,0.000,,0.5588235294117647
دزهراوی,تکنیکال-sma,25,0.560,0.000,,0.5517241379310345
دزهراوی,تکنیکال-super,30,0.533,0.000,,0.5294117647058824
دزهراوی,تکنیکال-stoch,65,0.508,0.000,,0.5072463768115942
دزهراوی,تکنیکال-boll,34,0.500,0.000,,0.5
دزهراوی,تکنیکال-flow_bp,82,0.500,0.000,,0.5
دزهراوی,تکنیکال-rsi,32,0.500,0.000,,0.5
دزهراوی,تکنیکال-volbrk,42,0.500,0.000,,0.5
دزهراوی,تکنیکال-macd,63,0.492,0.000,,0.4925373134328358
دزهراوی,تکنیکال-trendflow,39,0.487,0.000,,0.4883720930232558
دزهراوی,تکنیکال-obv,60,0.483,0.000,,0.484375
دزهراوی,تکنیکال-psar,97,0.464,0.000,,0.46534653465346537
دزهراوی,تکنیکال-adx,50,0.460,0.000,,0.46296296296296297
دزهراوی,تکنیکال-fibo,8,0.375,0.000,,0.4166666666666667
دزهراوی,تکنیکال-flow_net,80,0.375,0.000,,0.38095238095238093
دسانکو,تکنیکال-super,25,0.640,0.000,,0.6206896551724138
دسانکو,تکنیکال-sma,20,0.550,0.000,,0.5416666666666666
دسانکو,تکنیکال-donch,30,0.533,0.000,,0.5294117647058824
دسانکو,تکنیکال-ichi,30,0.533,0.000,,0.5294117647058824
دسانکو,تکنیکال-adx,38,0.526,0.000,,0.5238095238095238
دسانکو,تکنیکال-flow_net,79,0.506,0.000,,0.5060240963855421
دسانکو,تکنیکال-rsi,34,0.500,0.000,,0.5
دسانکو,تکنیکال-volbrk,36,0.500,0.000,,0.5
دسانکو,تکنیکال-flow_bp,60,0.483,0.000,,0.484375
دسانکو,تکنیکال-fibo,13,0.462,0.000,,0.47058823529411764
دسانکو,تکنیکال-obv,62,0.468,0.000,,0.4696969696969697
دسانکو,تکنیکال-boll,43,0.465,0.000,,0.46808510638297873
دسانکو,تکنیکال-trendflow,39,0.462,0.000,,0.46511627906976744
دسانکو,تکنیکال-macd,72,0.458,0.000,,0.4605263157894737
دسانکو,تکنیکال-stoch,66,0.455,0.000,,0.45714285714285713
دسانکو,تکنیکال-psar,104,0.413,0.000,,0.4166666666666667
دسبحا,تکنیکال-rsi,29,0.690,0.000,,0.6666666666666666
دسبحا,تکنیکال-super,20,0.650,0.000,,0.625
دسبحا,تکنیکال-volbrk,39,0.564,0.000,,0.5581395348837209
دسبحا,تکنیکال-trendflow,35,0.543,0.000,,0.5384615384615384
دسبحا,تکنیکال-boll,32,0.531,0.000,,0.5277777777777778
دسبحا,تکنیکال-macd,63,0.524,0.000,,0.5223880597014925
دسبحا,تکنیکال-flow_bp,75,0.520,0.000,,0.5189873417721519
دسبحا,تکنیکال-stoch,43,0.512,0.000,,0.5106382978723404
دسبحا,تکنیکال-donch,26,0.500,0.000,,0.5
دسبحا,تکنیکال-obv,48,0.500,0.000,,0.5
دسبحا,تکنیکال-flow_net,115,0.496,0.000,,0.4957983193277311
دسبحا,تکنیکال-ichi,27,0.481,0.000,,0.4838709677419355
دسبحا,تکنیکال-psar,106,0.481,0.000,,0.4818181818181818
دسبحا,تکنیکال-adx,62,0.435,0.000,,0.4393939393939394
دسبحا,تکنیکال-sma,26,0.423,0.000,,0.43333333333333335
دسبحا,تکنیکال-fibo,6,0.333,0.000,,0.4
دسبحان,تکنیکال-fibo,10,0.700,0.000,,0.6428571428571429
دسبحان,تکنیکال-super,24,0.625,0.000,,0.6071428571428571
دسبحان,تکنیکال-donch,23,0.609,0.000,,0.5925925925925926
دسبحان,تکنیکال-rsi,27,0.593,0.000,,0.5806451612903226
دسبحان,تکنیکال-stoch,49,0.571,0.000,,0.5660377358490566
دسبحان,تکنیکال-boll,30,0.567,0.000,,0.5588235294117647
دسبحان,تکنیکال-flow_bp,82,0.537,0.000,,0.5348837209302325
دسبحان,تکنیکال-psar,92,0.489,0.000,,0.4895833333333333
دسبحان,تکنیکال-ichi,35,0.486,0.000,,0.48717948717948717
دسبحان,تکنیکال-volbrk,35,0.486,0.000,,0.48717948717948717
دسبحان,تکنیکال-macd,58,0.483,0.000,,0.4838709677419355
دسبحان,تکنیکال-adx,52,0.481,0.000,,0.48214285714285715
دسبحان,تکنیکال-obv,46,0.457,0.000,,0.46
دسبحان,تکنیکال-flow_net,122,0.443,0.000,,0.4444444444444444
دسبحان,تکنیکال-trendflow,57,0.404,0.000,,0.4098360655737705
دسبحان,تکنیکال-sma,20,0.350,0.000,,0.375
دسینا,تکنیکال-rsi,14,0.714,0.000,,0.6666666666666666
دسینا,تکنیکال-stoch,39,0.590,0.000,,0.5813953488372093
دسینا,تکنیکال-boll,28,0.571,0.000,,0.5625
دسینا,تکنیکال-flow_net,115,0.504,0.000,,0.5042016806722689
دسینا,تکنیکال-fibo,8,0.500,0.000,,0.5
دسینا,تکنیکال-flow_bp,106,0.500,0.000,,0.5
دسینا,تکنیکال-sma,18,0.500,0.000,,0.5
دسینا,تکنیکال-volbrk,44,0.455,0.000,,0.4583333333333333
دسینا,تکنیکال-psar,99,0.455,0.000,,0.4563106796116505
دسینا,تکنیکال-macd,66,0.439,0.000,,0.44285714285714284
دسینا,تکنیکال-obv,55,0.436,0.000,,0.4406779661016949
دسینا,تکنیکال-adx,50,0.420,0.000,,0.42592592592592593
دسینا,تکنیکال-trendflow,69,0.420,0.000,,0.4246575342465753
دسینا,تکنیکال-donch,29,0.414,0.000,,0.42424242424242425
دسینا,تکنیکال-super,23,0.391,0.000,,0.4074074074074074
دسینا,تکنیکال-ichi,36,0.389,0.000,,0.4
دشیری,تکنیکال-fibo,10,0.700,0.000,,0.6428571428571429
دشیری,تکنیکال-rsi,20,0.650,0.000,,0.625
دشیری,تکنیکال-ichi,29,0.586,0.000,,0.5757575757575758
دشیری,تکنیکال-super,24,0.583,0.000,,0.5714285714285714
دشیری,تکنیکال-volbrk,35,0.543,0.000,,0.5384615384615384
دشیری,تکنیکال-donch,24,0.542,0.000,,0.5357142857142857
دشیری,تکنیکال-macd,54,0.537,0.000,,0.5344827586206896
دشیری,تکنیکال-adx,46,0.522,0.000,,0.52
دشیری,تکنیکال-psar,99,0.515,0.000,,0.5145631067961165
دشیری,تکنیکال-stoch,38,0.474,0.000,,0.47619047619047616
دشیری,تکنیکال-boll,30,0.467,0.000,,0.47058823529411764
دشیری,تکنیکال-sma,18,0.444,0.000,,0.45454545454545453
دشیری,تکنیکال-trendflow,65,0.446,0.000,,0.4492753623188406
دشیری,تکنیکال-flow_net,99,0.444,0.000,,0.44660194174757284
دشیری,تکنیکال-obv,57,0.421,0.000,,0.4262295081967213
دشیری,تکنیکال-flow_bp,115,0.409,0.000,,0.4117647058823529
دشیمی,تکنیکال-rsi,26,0.692,0.000,,0.6666666666666666
دشیمی,تکنیکال-donch,28,0.607,0.000,,0.59375
دشیمی,تکنیکال-boll,30,0.600,0.000,,0.5882352941176471
دشیمی,تکنیکال-stoch,58,0.569,0.000,,0.5645161290322581
دشیمی,تکنیکال-sma,27,0.556,0.000,,0.5483870967741935
دشیمی,تکنیکال-trendflow,37,0.541,0.000,,0.5365853658536586
دشیمی,تکنیکال-volbrk,39,0.538,0.000,,0.5348837209302325
دشیمی,تکنیکال-macd,65,0.508,0.000,,0.5072463768115942
دشیمی,تکنیکال-flow_bp,85,0.506,0.000,,0.5056179775280899
دشیمی,تکنیکال-flow_net,104,0.490,0.000,,0.49074074074074076
دشیمی,تکنیکال-psar,104,0.471,0.000,,0.4722222222222222
دشیمی,تکنیکال-adx,56,0.464,0.000,,0.4666666666666667
دشیمی,تکنیکال-super,30,0.433,0.000,,0.4411764705882353
دشیمی,تکنیکال-ichi,31,0.419,0.000,,0.42857142857142855
دشیمی,تکنیکال-fibo,13,0.385,0.000,,0.4117647058823529
دشیمی,تکنیکال-obv,57,0.404,0.000,,0.4098360655737705
دعبید,تکنیکال-donch,14,0.786,0.000,,0.7222222222222222
دعبید,تکنیکال-ichi,25,0.640,0.000,,0.6206896551724138
دعبید,تکنیکال-macd,49,0.571,0.000,,0.5660377358490566
دعبید,تکنیکال-super,14,0.571,0.000,,0.5555555555555556
دعبید,تکنیکال-rsi,18,0.556,0.000,,0.5454545454545454
دعبید,تکنیکال-volbrk,39,0.513,0.000,,0.5116279069767442
دعبید,تکنیکال-psar,99,0.495,0.000,,0.49514563106796117
دعبید,تکنیکال-adx,44,0.477,0.000,,0.4791666666666667
دعبید,تکنیکال-sma,17,0.471,0.000,,0.47619047619047616
دعبید,تکنیکال-trendflow,32,0.469,0.000,,0.4722222222222222
دعبید,تکنیکال-flow_net,88,0.466,0.000,,0.4673913043478261
دعبید,تکنیکال-flow_bp,61,0.459,0.000,,0.46153846153846156
دعبید,تکنیکال-stoch,17,0.412,0.000,,0.42857142857142855
دعبید,تکنیکال-boll,22,0.409,0.000,,0.4230769230769231
دعبید,تکنیکال-obv,8,0.375,0.000,,0.4166666666666667
دعبید,تکنیکال-fibo,1,0.000,0.000,,0.4
دفارا,تکنیکال-rsi,22,0.727,0.000,,0.6923076923076923
دفارا,تکنیکال-donch,32,0.594,0.000,,0.5833333333333334
دفارا,تکنیکال-ichi,24,0.583,0.000,,0.5714285714285714
دفارا,تکنیکال-super,28,0.571,0.000,,0.5625
دفارا,تکنیکال-stoch,54,0.537,0.000,,0.5344827586206896
دفارا,تکنیکال-boll,32,0.531,0.000,,0.5277777777777778
دفارا,تکنیکال-macd,63,0.508,0.000,,0.5074626865671642
دفارا,تکنیکال-psar,94,0.500,0.000,,0.5
دفارا,تکنیکال-volbrk,34,0.500,0.000,,0.5
دفارا,تکنیکال-flow_bp,75,0.493,0.000,,0.4936708860759494
دفارا,تکنیکال-flow_net,109,0.459,0.000,,0.46017699115044247
دفارا,تکنیکال-obv,51,0.451,0.000,,0.45454545454545453
دفارا,تکنیکال-trendflow,48,0.417,0.000,,0.4230769230769231
دفارا,تکنیکال-adx,46,0.413,0.000,,0.42
دفارا,تکنیکال-sma,22,0.364,0.000,,0.38461538461538464
دفارا,تکنیکال-fibo,8,0.250,0.000,,0.3333333333333333
دفرا,تکنیکال-boll,19,0.684,0.000,,0.6521739130434783
دفرا,تکنیکال-super,12,0.667,0.000,,0.625
دفرا,تکنیکال-sma,17,0.647,0.000,,0.6190476190476191
دفرا,تکنیکال-donch,16,0.625,0.000,,0.6
دفرا,تکنیکال-stoch,21,0.619,0.000,,0.6
دفرا,تکنیکال-psar,105,0.552,0.000,,0.5504587155963303
دفرا,تکنیکال-macd,59,0.542,0.000,,0.5396825396825397
دفرا,تکنیکال-adx,54,0.500,0.000,,0.5
دفرا,تکنیکال-rsi,12,0.500,0.000,,0.5
دفرا,تکنیکال-trendflow,47,0.489,0.000,,0.49019607843137253
دفرا,تکنیکال-ichi,30,0.467,0.000,,0.47058823529411764
دفرا,تکنیکال-fibo,7,0.429,0.000,,0.45454545454545453
دفرا,تکنیکال-flow_bp,78,0.449,0.000,,0.45121951219512196
دفرا,تکنیکال-volbrk,44,0.432,0.000,,0.4375
دفرا,تکنیکال-flow_net,115,0.409,0.000,,0.4117647058823529
دفرا,تکنیکال-obv,51,0.373,0.000,,0.38181818181818183
دقاضی,تکنیکال-donch,19,0.684,0.000,,0.6521739130434783
دقاضی,تکنیکال-volbrk,34,0.618,0.000,,0.6052631578947368
دقاضی,تکنیکال-stoch,33,0.606,0.000,,0.5945945945945946
دقاضی,تکنیکال-boll,23,0.609,0.000,,0.5925925925925926
دقاضی,تکنیکال-fibo,5,0.600,0.000,,0.5555555555555556
دقاضی,تکنیکال-super,24,0.542,0.000,,0.5357142857142857
دقاضی,تکنیکال-rsi,13,0.538,0.000,,0.5294117647058824
دقاضی,تکنیکال-macd,57,0.509,0.000,,0.5081967213114754
دقاضی,تکنیکال-adx,46,0.478,0.000,,0.48
دقاضی,تکنیکال-sma,17,0.471,0.000,,0.47619047619047616
دقاضی,تکنیکال-ichi,34,0.471,0.000,,0.47368421052631576
دقاضی,تکنیکال-flow_bp,66,0.455,0.000,,0.45714285714285713
دقاضی,تکنیکال-psar,99,0.444,0.000,,0.44660194174757284
دقاضی,تکنیکال-obv,61,0.443,0.000,,0.4461538461538462
دقاضی,تکنیکال-flow_net,69,0.435,0.000,,0.4383561643835616
دقاضی,تکنیکال-trendflow,60,0.300,0.000,,0.3125
دلر,تکنیکال-super,21,0.667,0.000,,0.64
دلر,تکنیکال-sma,24,0.583,0.000,,0.5714285714285714
دلر,تکنیکال-rsi,23,0.522,0.000,,0.5185185185185185
دلر,تکنیکال-flow_net,123,0.480,0.000,,0.48031496062992124
دلر,تکنیکال-ichi,40,0.475,0.000,,0.4772727272727273
دلر,تکنیکال-stoch,49,0.469,0.000,,0.4716981132075472
دلر,تکنیکال-flow_bp,95,0.463,0.000,,0.46464646464646464
دلر,تکنیکال-boll,27,0.444,0.000,,0.45161290322580644
دلر,تکنیکال-macd,67,0.448,0.000,,0.4507042253521127
دلر,تکنیکال-adx,61,0.443,0.000,,0.4461538461538462
دلر,تکنیکال-volbrk,42,0.429,0.000,,0.43478260869565216
دلر,تکنیکال-obv,61,0.410,0.000,,0.4153846153846154
دلر,تکنیکال-trendflow,51,0.392,0.000,,0.4
دلر,تکنیکال-psar,108,0.380,0.000,,0.38392857142857145
دلر,تکنیکال-donch,31,0.355,0.000,,0.37142857142857144
دلر,تکنیکال-fibo,7,0.286,0.000,,0.36363636363636365
دلقما,تکنیکال-boll,23,0.565,0.000,,0.5555555555555556
دلقما,تکنیکال-sma,20,0.550,0.000,,0.5416666666666666
دلقما,تکنیکال-fibo,9,0.556,0.000,,0.5384615384615384
دلقما,تکنیکال-rsi,28,0.536,0.000,,0.53125
دلقما,تکنیکال-adx,39,0.513,0.000,,0.5116279069767442
دلقما,تکنیکال-stoch,61,0.508,0.000,,0.5076923076923077
دلقما,تکنیکال-psar,97,0.474,0.000,,0.4752475247524752
دلقما,تکنیکال-donch,30,0.467,0.000,,0.47058823529411764
دلقما,تکنیکال-flow_net,86,0.453,0.000,,0.45555555555555555
دلقما,تکنیکال-macd,64,0.438,0.000,,0.4411764705882353
دلقما,تکنیکال-obv,44,0.432,0.000,,0.4375
دلقما,تکنیکال-volbrk,45,0.422,0.000,,0.42857142857142855
دلقما,تکنیکال-ichi,44,0.409,0.000,,0.4166666666666667
دلقما,تکنیکال-flow_bp,54,0.407,0.000,,0.41379310344827586
دلقما,تکنیکال-super,25,0.400,0.000,,0.41379310344827586
دلقما,تکنیکال-trendflow,44,0.386,0.000,,0.3958333333333333
دماوند,تکنیکال-macd,64,0.578,0.000,,0.5735294117647058
دماوند,تکنیکال-stoch,67,0.567,0.000,,0.5633802816901409
دماوند,تکنیکال-fibo,20,0.550,0.000,,0.5416666666666666
دماوند,تکنیکال-boll,37,0.541,0.000,,0.5365853658536586
دماوند,تکنیکال-super,31,0.516,0.000,,0.5142857142857142
دماوند,تکنیکال-rsi,32,0.500,0.000,,0.5
دماوند,تکنیکال-adx,65,0.462,0.000,,0.463768115942029
دماوند,تکنیکال-psar,101,0.455,0.000,,0.45714285714285713
دماوند,تکنیکال-donch,42,0.452,0.000,,0.45652173913043476
دماوند,تکنیکال-volbrk,46,0.435,0.000,,0.44
دماوند,تکنیکال-ichi,41,0.415,0.000,,0.4222222222222222
دماوند,تکنیکال-flow_bp,99,0.414,0.000,,0.4174757281553398
دماوند,تکنیکال-flow_net,82,0.402,0.000,,0.4069767441860465
دماوند,تکنیکال-trendflow,66,0.394,0.000,,0.4
دماوند,تکنیکال-obv,70,0.386,0.000,,0.3918918918918919
دماوند,تکنیکال-sma,32,0.250,0.000,,0.2777777777777778
دهدشت,تکنیکال-super,16,0.750,0.000,,0.7
دهدشت,تکنیکال-sma,11,0.727,0.000,,0.6666666666666666
دهدشت,تکنیکال-ichi,16,0.688,0.000,,0.65
دهدشت,تکنیکال-macd,35,0.629,0.000,,0.6153846153846154
دهدشت,تکنیکال-fibo,6,0.667,0.000,,0.6
دهدشت,تکنیکال-volbrk,20,0.600,0.000,,0.5833333333333334
دهدشت,تکنیکال-adx,34,0.588,0.000,,0.5789473684210527
دهدشت,تکنیکال-rsi,19,0.579,0.000,,0.5652173913043478
دهدشت,تکنیکال-stoch,41,0.561,0.000,,0.5555555555555556
دهدشت,تکنیکال-obv,22,0.545,0.000,,0.5384615384615384
دهدشت,تکنیکال-donch,24,0.542,0.000,,0.5357142857142857
دهدشت,تکنیکال-trendflow,54,0.537,0.000,,0.5344827586206896
دهدشت,تکنیکال-flow_net,45,0.533,0.000,,0.5306122448979592
دهدشت,تکنیکال-flow_bp,96,0.510,0.000,,0.51
دهدشت,تکنیکال-psar,58,0.500,0.000,,0.5
دهدشت,تکنیکال-boll,22,0.455,0.000,,0.46153846153846156
دوایکس,تکنیکال-trendflow,5,0.800,0.000,,0.6666666666666666
دوایکس,تکنیکال-flow_net,1,1.000,0.000,,0.6
دوایکس,تکنیکال-sma,1,1.000,0.000,,0.6
دوایکس,تکنیکال-adx,3,0.667,0.000,,0.5714285714285714
دوایکس,تکنیکال-donch,3,0.667,0.000,,0.5714285714285714
دوایکس,تکنیکال-ichi,3,0.667,0.000,,0.5714285714285714
دوایکس,تکنیکال-obv,3,0.667,0.000,,0.5714285714285714
دوایکس,تکنیکال-super,3,0.667,0.000,,0.5714285714285714
دوایکس,تکنیکال-volbrk,3,0.667,0.000,,0.5714285714285714
دوایکس,تکنیکال-boll,2,0.500,0.000,,0.5
دوایکس,تکنیکال-fibo,0,,0.000,,0.5
دوایکس,تکنیکال-flow_bp,0,,0.000,,0.5
دوایکس,تکنیکال-macd,4,0.500,0.000,,0.5
دوایکس,تکنیکال-rsi,2,0.500,0.000,,0.5
دوایکس,تکنیکال-stoch,4,0.500,0.000,,0.5
دوایکس,تکنیکال-psar,8,0.375,0.000,,0.4166666666666667
دپارس,تکنیکال-fibo,10,0.800,0.000,,0.7142857142857143
دپارس,تکنیکال-ichi,23,0.739,0.000,,0.7037037037037037
دپارس,تکنیکال-obv,42,0.690,0.000,,0.6739130434782609
دپارس,تکنیکال-rsi,30,0.667,0.000,,0.6470588235294118
دپارس,تکنیکال-super,26,0.615,0.000,,0.6
دپارس,تکنیکال-volbrk,42,0.571,0.000,,0.5652173913043478
دپارس,تکنیکال-donch,28,0.571,0.000,,0.5625
دپارس,تکنیکال-macd,59,0.559,0.000,,0.5555555555555556
دپارس,تکنیکال-boll,29,0.552,0.000,,0.5454545454545454
دپارس,تکنیکال-psar,91,0.516,0.000,,0.5157894736842106
دپارس,تکنیکال-adx,53,0.509,0.000,,0.5087719298245614
دپارس,تکنیکال-trendflow,52,0.500,0.000,,0.5
دپارس,تکنیکال-flow_bp,102,0.490,0.000,,0.49056603773584906
دپارس,تکنیکال-flow_net,132,0.485,0.000,,0.4852941176470588
دپارس,تکنیکال-stoch,54,0.481,0.000,,0.4827586206896552
دپارس,تکنیکال-sma,20,0.400,0.000,,0.4166666666666667
دکوثر,تکنیکال-boll,27,0.667,0.000,,0.6451612903225806
دکوثر,تکنیکال-rsi,19,0.579,0.000,,0.5652173913043478
دکوثر,تکنیکال-adx,33,0.515,0.000,,0.5135135135135135
دکوثر,تکنیکال-stoch,47,0.511,0.000,,0.5098039215686274
دکوثر,تکنیکال-flow_net,65,0.508,0.000,,0.5072463768115942
دکوثر,تکنیکال-donch,30,0.500,0.000,,0.5
دکوثر,تکنیکال-ichi,26,0.500,0.000,,0.5
دکوثر,تکنیکال-trendflow,43,0.488,0.000,,0.48936170212765956
دکوثر,تکنیکال-volbrk,35,0.486,0.000,,0.48717948717948717
دکوثر,تکنیکال-flow_bp,70,0.486,0.000,,0.4864864864864865
دکوثر,تکنیکال-super,23,0.478,0.000,,0.48148148148148145
دکوثر,تکنیکال-fibo,15,0.467,0.000,,0.47368421052631576
دکوثر,تکنیکال-obv,51,0.471,0.000,,0.4727272727272727
دکوثر,تکنیکال-macd,57,0.456,0.000,,0.45901639344262296
دکوثر,تکنیکال-psar,88,0.455,0.000,,0.45652173913043476
دکوثر,تکنیکال-sma,16,0.438,0.000,,0.45
دکپسول,تکنیکال-rsi,13,0.692,0.000,,0.6470588235294118
دکپسول,تکنیکال-boll,28,0.643,0.000,,0.625
دکپسول,تکنیکال-stoch,58,0.621,0.000,,0.6129032258064516
دکپسول,تکنیکال-sma,22,0.591,0.000,,0.5769230769230769
دکپسول,تکنیکال-super,20,0.550,0.000,,0.5416666666666666
دکپسول,تکنیکال-flow_net,94,0.479,0.000,,0.47959183673469385
دکپسول,تکنیکال-macd,83,0.446,0.000,,0.4482758620689655
دکپسول,تکنیکال-donch,37,0.432,0.000,,0.43902439024390244
دکپسول,تکنیکال-trendflow,75,0.413,0.000,,0.4177215189873418
دکپسول,تکنیکال-adx,47,0.404,0.000,,0.4117647058823529
دکپسول,تکنیکال-flow_bp,79,0.405,0.000,,0.40963855421686746
دکپسول,تکنیکال-obv,73,0.397,0.000,,0.4025974025974026
دکپسول,تکنیکال-ichi,52,0.385,0.000,,0.39285714285714285
دکپسول,تکنیکال-psar,106,0.340,0.000,,0.34545454545454546
دکپسول,تکنیکال-volbrk,51,0.314,0.000,,0.32727272727272727
دکپسول,تکنیکال-fibo,13,0.231,0.000,,0.29411764705882354
دکیمی,تکنیکال-super,19,0.684,0.000,,0.6521739130434783
دکیمی,تکنیکال-volbrk,29,0.552,0.000,,0.5454545454545454
دکیمی,تکنیکال-trendflow,34,0.529,0.000,,0.5263157894736842
دکیمی,تکنیکال-ichi,25,0.520,0.000,,0.5172413793103449
دکیمی,تکنیکال-flow_net,98,0.510,0.000,,0.5098039215686274
دکیمی,تکنیکال-flow_bp,85,0.506,0.000,,0.5056179775280899
دکیمی,تکنیکال-donch,20,0.500,0.000,,0.5
دکیمی,تکنیکال-sma,18,0.500,0.000,,0.5
دکیمی,تکنیکال-psar,91,0.495,0.000,,0.49473684210526314
دکیمی,تکنیکال-boll,27,0.481,0.000,,0.4838709677419355
دکیمی,تکنیکال-adx,54,0.481,0.000,,0.4827586206896552
دکیمی,تکنیکال-macd,55,0.455,0.000,,0.4576271186440678
دکیمی,تکنیکال-rsi,23,0.435,0.000,,0.4444444444444444
دکیمی,تکنیکال-obv,47,0.426,0.000,,0.43137254901960786
دکیمی,تکنیکال-stoch,45,0.422,0.000,,0.42857142857142855
دکیمی,تکنیکال-fibo,4,0.250,0.000,,0.375
دی,تکنیکال-fibo,9,0.667,0.000,,0.6153846153846154
دی,تکنیکال-flow_net,12,0.583,0.000,,0.5625
دی,تکنیکال-super,23,0.565,0.000,,0.5555555555555556
دی,تکنیکال-trendflow,25,0.560,0.000,,0.5517241379310345
دی,تکنیکال-donch,25,0.520,0.000,,0.5172413793103449
دی,تکنیکال-flow_bp,46,0.500,0.000,,0.5
دی,تکنیکال-psar,57,0.491,0.000,,0.4918032786885246
دی,تکنیکال-volbrk,25,0.480,0.000,,0.4827586206896552
دی,تکنیکال-macd,45,0.444,0.000,,0.4489795918367347
دی,تکنیکال-rsi,23,0.435,0.000,,0.4444444444444444
دی,تکنیکال-boll,30,0.433,0.000,,0.4411764705882353
دی,تکنیکال-stoch,57,0.421,0.000,,0.4262295081967213
دی,تکنیکال-sma,15,0.400,0.000,,0.42105263157894735
دی,تکنیکال-obv,50,0.360,0.000,,0.37037037037037035
دی,تکنیکال-adx,37,0.351,0.000,,0.36585365853658536
دی,تکنیکال-ichi,21,0.333,0.000,,0.36
دیران,تکنیکال-super,30,0.633,0.000,,0.6176470588235294
دیران,تکنیکال-flow_net,52,0.615,0.000,,0.6071428571428571
دیران,تکنیکال-sma,25,0.600,0.000,,0.5862068965517241
دیران,تکنیکال-donch,29,0.586,0.000,,0.5757575757575758
دیران,تکنیکال-volbrk,32,0.562,0.000,,0.5555555555555556
دیران,تکنیکال-flow_bp,65,0.538,0.000,,0.5362318840579711
دیران,تکنیکال-ichi,29,0.517,0.000,,0.5151515151515151
دیران,تکنیکال-stoch,61,0.508,0.000,,0.5076923076923077
دیران,تکنیکال-boll,36,0.472,0.000,,0.475
دیران,تکنیکال-rsi,27,0.444,0.000,,0.45161290322580644
دیران,تکنیکال-adx,52,0.442,0.000,,0.44642857142857145
دیران,تکنیکال-trendflow,41,0.439,0.000,,0.4444444444444444
دیران,تکنیکال-fibo,12,0.417,0.000,,0.4375
دیران,تکنیکال-psar,102,0.392,0.000,,0.39622641509433965
دیران,تکنیکال-macd,74,0.378,0.000,,0.38461538461538464
دیران,تکنیکال-obv,62,0.371,0.000,,0.3787878787878788
ذوب,تکنیکال-volbrk,39,0.667,0.000,,0.6511627906976745
ذوب,تکنیکال-super,34,0.647,0.000,,0.631578947368421
ذوب,تکنیکال-donch,34,0.559,0.000,,0.5526315789473685
ذوب,تکنیکال-adx,49,0.551,0.000,,0.5471698113207547
ذوب,تکنیکال-rsi,25,0.520,0.000,,0.5172413793103449
ذوب,تکنیکال-macd,64,0.500,0.000,,0.5
ذوب,تکنیکال-fibo,20,0.450,0.000,,0.4583333333333333
ذوب,تکنیکال-trendflow,36,0.444,0.000,,0.45
ذوب,تکنیکال-flow_bp,59,0.441,0.000,,0.4444444444444444
ذوب,تکنیکال-flow_net,77,0.442,0.000,,0.4444444444444444
ذوب,تکنیکال-obv,66,0.424,0.000,,0.42857142857142855
ذوب,تکنیکال-psar,101,0.426,0.000,,0.42857142857142855
ذوب,تکنیکال-sma,24,0.417,0.000,,0.42857142857142855
ذوب,تکنیکال-stoch,68,0.397,0.000,,0.4027777777777778
ذوب,تکنیکال-boll,43,0.372,0.000,,0.3829787234042553
ذوب,تکنیکال-ichi,31,0.355,0.000,,0.37142857142857144
رافزا,تکنیکال-fibo,13,0.615,0.000,,0.5882352941176471
رافزا,تکنیکال-volbrk,42,0.571,0.000,,0.5652173913043478
رافزا,تکنیکال-donch,35,0.571,0.000,,0.5641025641025641
رافزا,تکنیکال-adx,53,0.566,0.000,,0.5614035087719298
رافزا,تکنیکال-rsi,29,0.552,0.000,,0.5454545454545454
رافزا,تکنیکال-boll,37,0.541,0.000,,0.5365853658536586
رافزا,تکنیکال-super,29,0.517,0.000,,0.5151515151515151
رافزا,تکنیکال-stoch,63,0.508,0.000,,0.5074626865671642
رافزا,تکنیکال-flow_bp,236,0.487,0.000,,0.4875
رافزا,تکنیکال-macd,66,0.470,0.000,,0.4714285714285714
رافزا,تکنیکال-trendflow,104,0.452,0.000,,0.4537037037037037
رافزا,تکنیکال-sma,25,0.440,0.000,,0.4482758620689655
رافزا,تکنیکال-flow_net,99,0.444,0.000,,0.44660194174757284
رافزا,تکنیکال-psar,100,0.420,0.000,,0.4230769230769231
رافزا,تکنیکال-obv,53,0.415,0.000,,0.42105263157894735
رافزا,تکنیکال-ichi,42,0.381,0.000,,0.391304347826087
رانفور,تکنیکال-fibo,5,0.800,0.000,,0.6666666666666666
رانفور,تکنیکال-stoch,39,0.641,0.000,,0.627906976744186
رانفور,تکنیکال-boll,34,0.559,0.000,,0.5526315789473685
رانفور,تکنیکال-macd,51,0.549,0.000,,0.5454545454545454
رانفور,تکنیکال-rsi,37,0.541,0.000,,0.5365853658536586
رانفور,تکنیکال-flow_bp,70,0.529,0.000,,0.527027027027027
رانفور,تکنیکال-sma,21,0.524,0.000,,0.52
رانفور,تکنیکال-donch,21,0.476,0.000,,0.48
رانفور,تکنیکال-flow_net,74,0.473,0.000,,0.47435897435897434
رانفور,تکنیکال-trendflow,56,0.464,0.000,,0.4666666666666667
رانفور,تکنیکال-volbrk,37,0.459,0.000,,0.4634146341463415
رانفور,تکنیکال-psar,108,0.444,0.000,,0.44642857142857145
رانفور,تکنیکال-ichi,36,0.417,0.000,,0.425
رانفور,تکنیکال-adx,58,0.414,0.000,,0.41935483870967744
رانفور,تکنیکال-obv,51,0.412,0.000,,0.41818181818181815
رانفور,تکنیکال-super,25,0.360,0.000,,0.3793103448275862
رتاپ,تکنیکال-fibo,4,0.750,0.000,,0.625
رتاپ,تکنیکال-boll,36,0.611,0.000,,0.6
رتاپ,تکنیکال-rsi,28,0.607,0.000,,0.59375
رتاپ,تکنیکال-stoch,47,0.574,0.000,,0.5686274509803921
رتاپ,تکنیکال-flow_net,80,0.525,0.000,,0.5238095238095238
رتاپ,تکنیکال-flow_bp,71,0.493,0.000,,0.49333333333333335
رتاپ,تکنیکال-super,29,0.483,0.000,,0.48484848484848486
رتاپ,تکنیکال-trendflow,40,0.475,0.000,,0.4772727272727273
رتاپ,تکنیکال-macd,66,0.455,0.000,,0.45714285714285713
رتاپ,تکنیکال-volbrk,36,0.444,0.000,,0.45
رتاپ,تکنیکال-adx,53,0.434,0.000,,0.43859649122807015
رتاپ,تکنیکال-psar,102,0.431,0.000,,0.4339622641509434
رتاپ,تکنیکال-obv,56,0.411,0.000,,0.4166666666666667
رتاپ,تکنیکال-donch,32,0.344,0.000,,0.3611111111111111
رتاپ,تکنیکال-sma,21,0.333,0.000,,0.36
رتاپ,تکنیکال-ichi,33,0.333,0.000,,0.35135135135135137
رتکو,تکنیکال-ichi,5,1.000,0.000,,0.7777777777777778
رتکو,تکنیکال-fibo,2,1.000,0.000,,0.6666666666666666
رتکو,تکنیکال-sma,5,0.800,0.000,,0.6666666666666666
رتکو,تکنیکال-volbrk,8,0.625,0.000,,0.5833333333333334
رتکو,تکنیکال-rsi,14,0.571,0.000,,0.5555555555555556
رتکو,تکنیکال-donch,9,0.556,0.000,,0.5384615384615384
رتکو,تکنیکال-super,9,0.556,0.000,,0.5384615384615384
رتکو,تکنیکال-trendflow,13,0.538,0.000,,0.5294117647058824
رتکو,تکنیکال-psar,37,0.514,0.000,,0.5121951219512195
رتکو,تکنیکال-flow_bp,36,0.500,0.000,,0.5
رتکو,تکنیکال-macd,31,0.484,0.000,,0.4857142857142857
رتکو,تکنیکال-obv,15,0.467,0.000,,0.47368421052631576
رتکو,تکنیکال-flow_net,12,0.417,0.000,,0.4375
رتکو,تکنیکال-adx,24,0.417,0.000,,0.42857142857142855
رتکو,تکنیکال-stoch,29,0.345,0.000,,0.36363636363636365
رتکو,تکنیکال-boll,21,0.333,0.000,,0.36
رفاه,تکنیکال-rsi,10,0.800,0.000,,0.7142857142857143
رفاه,تکنیکال-trendflow,18,0.667,0.000,,0.6363636363636364
رفاه,تکنیکال-psar,31,0.613,0.000,,0.6
رفاه,تکنیکال-super,8,0.625,0.000,,0.5833333333333334
رفاه,تکنیکال-stoch,27,0.593,0.000,,0.5806451612903226
رفاه,تکنیکال-fibo,3,0.667,0.000,,0.5714285714285714
رفاه,تکنیکال-macd,24,0.583,0.000,,0.5714285714285714
رفاه,تکنیکال-obv,14,0.571,0.000,,0.5555555555555556
رفاه,تکنیکال-flow_net,49,0.551,0.000,,0.5471698113207547
رفاه,تکنیکال-flow_bp,48,0.542,0.000,,0.5384615384615384
رفاه,تکنیکال-adx,16,0.500,0.000,,0.5
رفاه,تکنیکال-volbrk,10,0.500,0.000,,0.5
رفاه,تکنیکال-boll,25,0.480,0.000,,0.4827586206896552
رفاه,تکنیکال-donch,10,0.400,0.000,,0.42857142857142855
رفاه,تکنیکال-ichi,10,0.400,0.000,,0.42857142857142855
رفاه,تکنیکال-sma,8,0.375,0.000,,0.4166666666666667
رمپنا,تکنیکال-super,28,0.714,0.000,,0.6875
رمپنا,تکنیکال-donch,26,0.654,0.000,,0.6333333333333333
رمپنا,تکنیکال-ichi,32,0.625,0.000,,0.6111111111111112
رمپنا,تکنیکال-volbrk,36,0.583,0.000,,0.575
رمپنا,تکنیکال-macd,50,0.560,0.000,,0.5555555555555556
رمپنا,تکنیکال-flow_bp,95,0.505,0.000,,0.5050505050505051
رمپنا,تکنیکال-rsi,24,0.500,0.000,,0.5
رمپنا,تکنیکال-boll,30,0.467,0.000,,0.47058823529411764
رمپنا,تکنیکال-psar,90,0.456,0.000,,0.4574468085106383
رمپنا,تکنیکال-flow_net,140,0.450,0.000,,0.4513888888888889
رمپنا,تکنیکال-obv,52,0.442,0.000,,0.44642857142857145
رمپنا,تکنیکال-sma,28,0.429,0.000,,0.4375
رمپنا,تکنیکال-stoch,66,0.424,0.000,,0.42857142857142855
رمپنا,تکنیکال-adx,65,0.415,0.000,,0.42028985507246375
رمپنا,تکنیکال-fibo,10,0.300,0.000,,0.35714285714285715
رمپنا,تکنیکال-trendflow,62,0.323,0.000,,0.3333333333333333
رنیک,تکنیکال-rsi,21,0.571,0.000,,0.56
رنیک,تکنیکال-fibo,24,0.542,0.000,,0.5357142857142857
رنیک,تکنیکال-boll,33,0.515,0.000,,0.5135135135135135
رنیک,تکنیکال-stoch,63,0.476,0.000,,0.47761194029850745
رنیک,تکنیکال-donch,35,0.457,0.000,,0.46153846153846156
رنیک,تکنیکال-flow_net,109,0.459,0.000,,0.46017699115044247
رنیک,تکنیکال-adx,58,0.448,0.000,,0.45161290322580644
رنیک,تکنیکال-flow_bp,118,0.432,0.000,,0.4344262295081967
رنیک,تکنیکال-trendflow,72,0.431,0.000,,0.4342105263157895
رنیک,تکنیکال-volbrk,50,0.420,0.000,,0.42592592592592593
رنیک,تکنیکال-obv,63,0.381,0.000,,0.3880597014925373
رنیک,تکنیکال-sma,22,0.364,0.000,,0.38461538461538464
رنیک,تکنیکال-macd,77,0.377,0.000,,0.38271604938271603
رنیک,تکنیکال-psar,106,0.377,0.000,,0.38181818181818183
رنیک,تکنیکال-super,34,0.353,0.000,,0.3684210526315789
رنیک,تکنیکال-ichi,44,0.318,0.000,,0.3333333333333333
رپویا,تکنیکال-flow_bp,15,0.667,0.000,,0.631578947368421
رپویا,تکنیکال-trendflow,13,0.538,0.000,,0.5294117647058824
رپویا,تکنیکال-boll,2,0.500,0.000,,0.5
رپویا,تکنیکال-macd,2,0.500,0.000,,0.5
رپویا,تکنیکال-rsi,0,,0.000,,0.5
رپویا,تکنیکال-flow_net,9,0.444,0.000,,0.46153846153846156
رپویا,تکنیکال-adx,5,0.400,0.000,,0.4444444444444444
رپویا,تکنیکال-sma,3,0.333,0.000,,0.42857142857142855
رپویا,تکنیکال-stoch,3,0.333,0.000,,0.42857142857142855
رپویا,تکنیکال-donch,4,0.250,0.000,,0.375
رپویا,تکنیکال-ichi,4,0.250,0.000,,0.375
رپویا,تکنیکال-super,4,0.250,0.000,,0.375
رپویا,تکنیکال-volbrk,4,0.250,0.000,,0.375
رپویا,تکنیکال-obv,7,0.286,0.000,,0.36363636363636365
رپویا,تکنیکال-fibo,2,0.000,0.000,,0.3333333333333333
رپویا,تکنیکال-psar,8,0.250,0.000,,0.3333333333333333
رکیش,تکنیکال-donch,35,0.571,0.000,,0.5641025641025641
رکیش,تکنیکال-obv,47,0.553,0.000,,0.5490196078431373
رکیش,تکنیکال-flow_bp,49,0.551,0.000,,0.5471698113207547
رکیش,تکنیکال-boll,41,0.537,0.000,,0.5333333333333333
رکیش,تکنیکال-volbrk,41,0.537,0.000,,0.5333333333333333
رکیش,تکنیکال-macd,58,0.534,0.000,,0.532258064516129
رکیش,تکنیکال-stoch,75,0.520,0.000,,0.5189873417721519
رکیش,تکنیکال-flow_net,83,0.518,0.000,,0.5172413793103449
رکیش,تکنیکال-rsi,40,0.500,0.000,,0.5
رکیش,تکنیکال-super,35,0.486,0.000,,0.48717948717948717
رکیش,تکنیکال-sma,23,0.478,0.000,,0.48148148148148145
رکیش,تکنیکال-adx,76,0.474,0.000,,0.475
رکیش,تکنیکال-psar,103,0.456,0.000,,0.45794392523364486
رکیش,تکنیکال-fibo,7,0.429,0.000,,0.45454545454545453
رکیش,تکنیکال-trendflow,42,0.429,0.000,,0.43478260869565216
رکیش,تکنیکال-ichi,25,0.360,0.000,,0.3793103448275862
ریشمک,تکنیکال-stoch,76,0.579,0.000,,0.575
ریشمک,تکنیکال-boll,34,0.559,0.000,,0.5526315789473685
ریشمک,تکنیکال-flow_bp,50,0.500,0.000,,0.5
ریشمک,تکنیکال-sma,27,0.481,0.000,,0.4838709677419355
ریشمک,تکنیکال-rsi,16,0.438,0.000,,0.45
ریشمک,تکنیکال-macd,83,0.410,0.000,,0.41379310344827586
ریشمک,تکنیکال-volbrk,50,0.400,0.000,,0.4074074074074074
ریشمک,تکنیکال-flow_net,87,0.402,0.000,,0.4065934065934066
ریشمک,تکنیکال-donch,38,0.395,0.000,,0.40476190476190477
ریشمک,تکنیکال-super,29,0.379,0.000,,0.3939393939393939
ریشمک,تکنیکال-obv,69,0.362,0.000,,0.3698630136986301
ریشمک,تکنیکال-psar,111,0.360,0.000,,0.3652173913043478
ریشمک,تکنیکال-fibo,7,0.286,0.000,,0.36363636363636365
ریشمک,تکنیکال-trendflow,57,0.351,0.000,,0.36065573770491804
ریشمک,تکنیکال-ichi,42,0.333,0.000,,0.34782608695652173
ریشمک,تکنیکال-adx,63,0.333,0.000,,0.34328358208955223
زاگرس,تکنیکال-fibo,14,0.571,0.000,,0.5555555555555556
زاگرس,تکنیکال-trendflow,32,0.531,0.000,,0.5277777777777778
زاگرس,تکنیکال-stoch,65,0.523,0.000,,0.5217391304347826
زاگرس,تکنیکال-super,25,0.520,0.000,,0.5172413793103449
زاگرس,تکنیکال-flow_bp,57,0.509,0.000,,0.5081967213114754
زاگرس,تکنیکال-donch,34,0.500,0.000,,0.5
زاگرس,تکنیکال-rsi,32,0.500,0.000,,0.5
زاگرس,تکنیکال-sma,19,0.474,0.000,,0.4782608695652174
زاگرس,تکنیکال-boll,34,0.471,0.000,,0.47368421052631576
زاگرس,تکنیکال-macd,74,0.459,0.000,,0.46153846153846156
زاگرس,تکنیکال-obv,54,0.444,0.000,,0.4482758620689655
زاگرس,تکنیکال-flow_net,120,0.442,0.000,,0.4435483870967742
زاگرس,تکنیکال-adx,52,0.423,0.000,,0.42857142857142855
زاگرس,تکنیکال-psar,98,0.408,0.000,,0.4117647058823529
زاگرس,تکنیکال-volbrk,43,0.395,0.000,,0.40425531914893614
زاگرس,تکنیکال-ichi,24,0.375,0.000,,0.39285714285714285
زبینا,تکنیکال-rsi,19,0.632,0.000,,0.6086956521739131
زبینا,تکنیکال-flow_bp,68,0.544,0.000,,0.5416666666666666
زبینا,تکنیکال-stoch,59,0.525,0.000,,0.5238095238095238
زبینا,تکنیکال-boll,32,0.500,0.000,,0.5
زبینا,تکنیکال-donch,33,0.485,0.000,,0.4864864864864865
زبینا,تکنیکال-super,27,0.481,0.000,,0.4838709677419355
زبینا,تکنیکال-volbrk,46,0.478,0.000,,0.48
زبینا,تکنیکال-flow_net,76,0.461,0.000,,0.4625
زبینا,تکنیکال-macd,74,0.446,0.000,,0.44871794871794873
زبینا,تکنیکال-psar,114,0.439,0.000,,0.4406779661016949
زبینا,تکنیکال-ichi,38,0.421,0.000,,0.42857142857142855
زبینا,تکنیکال-trendflow,52,0.404,0.000,,0.4107142857142857
زبینا,تکنیکال-sma,26,0.385,0.000,,0.4
زبینا,تکنیکال-fibo,14,0.357,0.000,,0.3888888888888889
زبینا,تکنیکال-obv,55,0.345,0.000,,0.3559322033898305
زبینا,تکنیکال-adx,53,0.321,0.000,,0.3333333333333333
زدشت,تکنیکال-boll,45,0.578,0.000,,0.5714285714285714
زدشت,تکنیکال-volbrk,46,0.565,0.000,,0.56
زدشت,تکنیکال-flow_net,88,0.534,0.000,,0.532608695652174
زدشت,تکنیکال-flow_bp,75,0.493,0.000,,0.4936708860759494
زدشت,تکنیکال-psar,103,0.485,0.000,,0.48598130841121495
زدشت,تکنیکال-rsi,19,0.474,0.000,,0.4782608695652174
زدشت,تکنیکال-trendflow,57,0.456,0.000,,0.45901639344262296
زدشت,تکنیکال-adx,56,0.446,0.000,,0.45
زدشت,تکنیکال-donch,35,0.429,0.000,,0.4358974358974359
زدشت,تکنیکال-super,32,0.406,0.000,,0.4166666666666667
زدشت,تکنیکال-obv,69,0.406,0.000,,0.410958904109589
زدشت,تکنیکال-stoch,65,0.400,0.000,,0.4057971014492754
زدشت,تکنیکال-macd,84,0.381,0.000,,0.38636363636363635
زدشت,تکنیکال-fibo,22,0.364,0.000,,0.38461538461538464
زدشت,تکنیکال-sma,25,0.360,0.000,,0.3793103448275862
زدشت,تکنیکال-ichi,36,0.361,0.000,,0.375
زشریف,تکنیکال-stoch,53,0.585,0.000,,0.5789473684210527
زشریف,تکنیکال-adx,56,0.571,0.000,,0.5666666666666667
زشریف,تکنیکال-volbrk,36,0.556,0.000,,0.55
زشریف,تکنیکال-sma,25,0.520,0.000,,0.5172413793103449
زشریف,تکنیکال-fibo,14,0.500,0.000,,0.5
زشریف,تکنیکال-rsi,22,0.500,0.000,,0.5
زشریف,تکنیکال-trendflow,52,0.481,0.000,,0.48214285714285715
زشریف,تکنیکال-obv,57,0.474,0.000,,0.47540983606557374
زشریف,تکنیکال-boll,34,0.471,0.000,,0.47368421052631576
زشریف,تکنیکال-ichi,34,0.471,0.000,,0.47368421052631576
زشریف,تکنیکال-super,32,0.469,0.000,,0.4722222222222222
زشریف,تکنیکال-flow_bp,75,0.440,0.000,,0.4430379746835443
زشریف,تکنیکال-flow_net,94,0.426,0.000,,0.42857142857142855
زشریف,تکنیکال-donch,36,0.417,0.000,,0.425
زشریف,تکنیکال-macd,74,0.405,0.000,,0.41025641025641024
زشریف,تکنیکال-psar,112,0.402,0.000,,0.4051724137931034
زشگزا,تکنیکال-stoch,59,0.610,0.000,,0.6031746031746031
زشگزا,تکنیکال-boll,33,0.515,0.000,,0.5135135135135135
زشگزا,تکنیکال-rsi,22,0.500,0.000,,0.5
زشگزا,تکنیکال-flow_bp,39,0.487,0.000,,0.4883720930232558
زشگزا,تکنیکال-adx,48,0.479,0.000,,0.4807692307692308
زشگزا,تکنیکال-trendflow,47,0.468,0.000,,0.47058823529411764
زشگزا,تکنیکال-flow_net,94,0.468,0.000,,0.46938775510204084
زشگزا,تکنیکال-volbrk,44,0.455,0.000,,0.4583333333333333
زشگزا,تکنیکال-macd,76,0.434,0.000,,0.4375
زشگزا,تکنیکال-donch,35,0.429,0.000,,0.4358974358974359
زشگزا,تکنیکال-sma,24,0.417,0.000,,0.42857142857142855
زشگزا,تکنیکال-fibo,16,0.375,0.000,,0.4
زشگزا,تکنیکال-ichi,31,0.387,0.000,,0.4
زشگزا,تکنیکال-super,34,0.382,0.000,,0.39473684210526316
زشگزا,تکنیکال-obv,67,0.388,0.000,,0.39436619718309857
زشگزا,تکنیکال-psar,104,0.356,0.000,,0.3611111111111111
زفجر,تکنیکال-ichi,12,0.667,0.000,,0.625
زفجر,تکنیکال-fibo,8,0.625,0.000,,0.5833333333333334
زفجر,تکنیکال-donch,17,0.529,0.000,,0.5238095238095238
زفجر,تکنیکال-super,17,0.529,0.000,,0.5238095238095238
زفجر,تکنیکال-trendflow,29,0.517,0.000,,0.5151515151515151
زفجر,تکنیکال-psar,43,0.512,0.000,,0.5106382978723404
زفجر,تکنیکال-volbrk,20,0.500,0.000,,0.5
زفجر,تکنیکال-obv,29,0.483,0.000,,0.48484848484848486
زفجر,تکنیکال-stoch,19,0.474,0.000,,0.4782608695652174
زفجر,تکنیکال-flow_bp,72,0.472,0.000,,0.47368421052631576
زفجر,تکنیکال-macd,28,0.464,0.000,,0.46875
زفجر,تکنیکال-sma,11,0.455,0.000,,0.4666666666666667
زفجر,تکنیکال-flow_net,48,0.458,0.000,,0.46153846153846156
زفجر,تکنیکال-adx,24,0.417,0.000,,0.42857142857142855
زفجر,تکنیکال-boll,10,0.300,0.000,,0.35714285714285715
زفجر,تکنیکال-rsi,9,0.111,0.000,,0.23076923076923078
زفکا,تکنیکال-boll,25,0.600,0.000,,0.5862068965517241
زفکا,تکنیکال-stoch,47,0.553,0.000,,0.5490196078431373
زفکا,تکنیکال-sma,22,0.545,0.000,,0.5384615384615384
زفکا,تکنیکال-rsi,11,0.545,0.000,,0.5333333333333333
زفکا,تکنیکال-volbrk,45,0.444,0.000,,0.4489795918367347
زفکا,تکنیکال-flow_net,103,0.447,0.000,,0.4485981308411215
زفکا,تکنیکال-ichi,35,0.429,0.000,,0.4358974358974359
زفکا,تکنیکال-macd,81,0.432,0.000,,0.43529411764705883
زفکا,تکنیکال-psar,101,0.416,0.000,,0.41904761904761906
زفکا,تکنیکال-trendflow,60,0.383,0.000,,0.390625
زفکا,تکنیکال-fibo,22,0.364,0.000,,0.38461538461538464
زفکا,تکنیکال-super,35,0.343,0.000,,0.358974358974359
زفکا,تکنیکال-donch,39,0.333,0.000,,0.3488372093023256
زفکا,تکنیکال-flow_bp,86,0.337,0.000,,0.34444444444444444
زفکا,تکنیکال-adx,59,0.271,0.000,,0.2857142857142857
زفکا,تکنیکال-obv,72,0.264,0.000,,0.27631578947368424
زقیام,تکنیکال-super,24,0.583,0.000,,0.5714285714285714
زقیام,تکنیکال-sma,25,0.520,0.000,,0.5172413793103449
زقیام,تکنیکال-stoch,58,0.483,0.000,,0.4838709677419355
زقیام,تکنیکال-trendflow,56,0.482,0.000,,0.48333333333333334
زقیام,تکنیکال-volbrk,43,0.465,0.000,,0.46808510638297873
زقیام,تکنیکال-flow_bp,54,0.463,0.000,,0.46551724137931033
زقیام,تکنیکال-flow_net,50,0.440,0.000,,0.4444444444444444
زقیام,تکنیکال-ichi,32,0.438,0.000,,0.4444444444444444
زقیام,تکنیکال-boll,35,0.429,0.000,,0.4358974358974359
زقیام,تکنیکال-donch,38,0.421,0.000,,0.42857142857142855
زقیام,تکنیکال-rsi,22,0.409,0.000,,0.4230769230769231
زقیام,تکنیکال-fibo,15,0.400,0.000,,0.42105263157894735
زقیام,تکنیکال-macd,77,0.416,0.000,,0.41975308641975306
زقیام,تکنیکال-obv,66,0.394,0.000,,0.4
زقیام,تکنیکال-adx,62,0.371,0.000,,0.3787878787878788
زقیام,تکنیکال-psar,103,0.369,0.000,,0.37383177570093457
زماهان,تکنیکال-donch,28,0.607,0.000,,0.59375
زماهان,تکنیکال-ichi,20,0.600,0.000,,0.5833333333333334
زماهان,تکنیکال-super,26,0.577,0.000,,0.5666666666666667
زماهان,تکنیکال-flow_bp,34,0.559,0.000,,0.5526315789473685
زماهان,تکنیکال-psar,87,0.552,0.000,,0.5494505494505495
زماهان,تکنیکال-rsi,27,0.556,0.000,,0.5483870967741935
زماهان,تکنیکال-flow_net,52,0.538,0.000,,0.5357142857142857
زماهان,تکنیکال-fibo,13,0.538,0.000,,0.5294117647058824
زماهان,تکنیکال-stoch,66,0.530,0.000,,0.5285714285714286
زماهان,تکنیکال-trendflow,33,0.515,0.000,,0.5135135135135135
زماهان,تکنیکال-boll,32,0.469,0.000,,0.4722222222222222
زماهان,تکنیکال-macd,57,0.456,0.000,,0.45901639344262296
زماهان,تکنیکال-sma,18,0.444,0.000,,0.45454545454545453
زماهان,تکنیکال-volbrk,39,0.436,0.000,,0.4418604651162791
زماهان,تکنیکال-adx,58,0.414,0.000,,0.41935483870967744
زماهان,تکنیکال-obv,59,0.390,0.000,,0.3968253968253968
زملارد,تکنیکال-boll,35,0.629,0.000,,0.6153846153846154
زملارد,تکنیکال-donch,33,0.576,0.000,,0.5675675675675675
زملارد,تکنیکال-flow_bp,215,0.540,0.000,,0.5388127853881278
زملارد,تکنیکال-adx,56,0.536,0.000,,0.5333333333333333
زملارد,تکنیکال-volbrk,43,0.535,0.000,,0.5319148936170213
زملارد,تکنیکال-fibo,17,0.529,0.000,,0.5238095238095238
زملارد,تکنیکال-flow_net,72,0.500,0.000,,0.5
زملارد,تکنیکال-stoch,69,0.464,0.000,,0.4657534246575342
زملارد,تکنیکال-trendflow,93,0.452,0.000,,0.4536082474226804
زملارد,تکنیکال-super,36,0.444,0.000,,0.45
زملارد,تکنیکال-macd,68,0.426,0.000,,0.4305555555555556
زملارد,تکنیکال-rsi,25,0.400,0.000,,0.41379310344827586
زملارد,تکنیکال-ichi,42,0.405,0.000,,0.41304347826086957
زملارد,تکنیکال-obv,67,0.388,0.000,,0.39436619718309857
زملارد,تکنیکال-sma,25,0.360,0.000,,0.3793103448275862
زملارد,تکنیکال-psar,104,0.365,0.000,,0.37037037037037035
زمگسا,تکنیکال-rsi,26,0.731,0.000,,0.7
زمگسا,تکنیکال-boll,27,0.630,0.000,,0.6129032258064516
زمگسا,تکنیکال-stoch,61,0.607,0.000,,0.6
زمگسا,تکنیکال-ichi,35,0.543,0.000,,0.5384615384615384
زمگسا,تکنیکال-fibo,14,0.500,0.000,,0.5
زمگسا,تکنیکال-super,28,0.500,0.000,,0.5
زمگسا,تکنیکال-flow_bp,77,0.494,0.000,,0.49382716049382713
زمگسا,تکنیکال-donch,31,0.484,0.000,,0.4857142857142857
زمگسا,تکنیکال-flow_net,93,0.473,0.000,,0.4742268041237113
زمگسا,تکنیکال-macd,73,0.438,0.000,,0.44155844155844154
زمگسا,تکنیکال-psar,102,0.431,0.000,,0.4339622641509434
زمگسا,تکنیکال-adx,55,0.418,0.000,,0.423728813559322
زمگسا,تکنیکال-obv,56,0.411,0.000,,0.4166666666666667
زمگسا,تکنیکال-volbrk,41,0.366,0.000,,0.37777777777777777
زمگسا,تکنیکال-sma,27,0.333,0.000,,0.3548387096774194
زمگسا,تکنیکال-trendflow,63,0.317,0.000,,0.3283582089552239
زنجان,تکنیکال-super,22,0.591,0.000,,0.5769230769230769
زنجان,تکنیکال-donch,28,0.571,0.000,,0.5625
زنجان,تکنیکال-sma,20,0.550,0.000,,0.5416666666666666
زنجان,تکنیکال-fibo,9,0.556,0.000,,0.5384615384615384
زنجان,تکنیکال-flow_net,55,0.527,0.000,,0.5254237288135594
زنجان,تکنیکال-boll,31,0.516,0.000,,0.5142857142857142
زنجان,تکنیکال-adx,34,0.500,0.000,,0.5
زنجان,تکنیکال-volbrk,26,0.500,0.000,,0.5
زنجان,تکنیکال-flow_bp,87,0.494,0.000,,0.4945054945054945
زنجان,تکنیکال-rsi,25,0.480,0.000,,0.4827586206896552
زنجان,تکنیکال-obv,47,0.468,0.000,,0.47058823529411764
زنجان,تکنیکال-trendflow,45,0.467,0.000,,0.46938775510204084
زنجان,تکنیکال-stoch,54,0.444,0.000,,0.4482758620689655
زنجان,تکنیکال-ichi,22,0.409,0.000,,0.4230769230769231
زنجان,تکنیکال-psar,77,0.403,0.000,,0.4074074074074074
زنجان,تکنیکال-macd,58,0.397,0.000,,0.4032258064516129
زنگان,تکنیکال-rsi,16,0.688,0.000,,0.65
زنگان,تکنیکال-fibo,15,0.533,0.000,,0.5263157894736842
زنگان,تکنیکال-flow_net,37,0.514,0.000,,0.5121951219512195
زنگان,تکنیکال-stoch,65,0.508,0.000,,0.5072463768115942
زنگان,تکنیکال-volbrk,49,0.490,0.000,,0.49056603773584906
زنگان,تکنیکال-flow_bp,58,0.483,0.000,,0.4838709677419355
زنگان,تکنیکال-super,30,0.467,0.000,,0.47058823529411764
زنگان,تکنیکال-trendflow,41,0.463,0.000,,0.4666666666666667
زنگان,تکنیکال-donch,33,0.455,0.000,,0.4594594594594595
زنگان,تکنیکال-macd,66,0.439,0.000,,0.44285714285714284
زنگان,تکنیکال-adx,62,0.403,0.000,,0.4090909090909091
زنگان,تکنیکال-psar,109,0.404,0.000,,0.40707964601769914
زنگان,تکنیکال-obv,67,0.388,0.000,,0.39436619718309857
زنگان,تکنیکال-boll,37,0.378,0.000,,0.3902439024390244
زنگان,تکنیکال-sma,22,0.318,0.000,,0.34615384615384615
زنگان,تکنیکال-ichi,40,0.300,0.000,,0.3181818181818182
زپارس,تکنیکال-stoch,62,0.565,0.000,,0.5606060606060606
زپارس,تکنیکال-flow_net,87,0.552,0.000,,0.5494505494505495
زپارس,تکنیکال-rsi,30,0.533,0.000,,0.5294117647058824
زپارس,تکنیکال-donch,28,0.500,0.000,,0.5
زپارس,تکنیکال-fibo,14,0.500,0.000,,0.5
زپارس,تکنیکال-trendflow,31,0.484,0.000,,0.4857142857142857
زپارس,تکنیکال-super,25,0.480,0.000,,0.4827586206896552
زپارس,تکنیکال-sma,21,0.476,0.000,,0.48
زپارس,تکنیکال-ichi,28,0.464,0.000,,0.46875
زپارس,تکنیکال-adx,38,0.447,0.000,,0.4523809523809524
زپارس,تکنیکال-boll,36,0.444,0.000,,0.45
زپارس,تکنیکال-flow_bp,57,0.421,0.000,,0.4262295081967213
زپارس,تکنیکال-volbrk,34,0.412,0.000,,0.42105263157894735
زپارس,تکنیکال-psar,93,0.409,0.000,,0.41237113402061853
زپارس,تکنیکال-macd,57,0.368,0.000,,0.3770491803278688
زپارس,تکنیکال-obv,65,0.369,0.000,,0.37681159420289856
زکشت,تکنیکال-super,22,0.591,0.000,,0.5769230769230769
زکشت,تکنیکال-rsi,19,0.526,0.000,,0.5217391304347826
زکشت,تکنیکال-macd,61,0.492,0.000,,0.49230769230769234
زکشت,تکنیکال-flow_bp,49,0.449,0.000,,0.4528301886792453
زکشت,تکنیکال-obv,59,0.441,0.000,,0.4444444444444444
زکشت,تکنیکال-stoch,64,0.438,0.000,,0.4411764705882353
زکشت,تکنیکال-adx,62,0.435,0.000,,0.4393939393939394
زکشت,تکنیکال-boll,37,0.432,0.000,,0.43902439024390244
زکشت,تکنیکال-psar,100,0.430,0.000,,0.4326923076923077
زکشت,تکنیکال-fibo,10,0.400,0.000,,0.42857142857142855
زکشت,تکنیکال-flow_net,59,0.424,0.000,,0.42857142857142855
زکشت,تکنیکال-sma,22,0.409,0.000,,0.4230769230769231
زکشت,تکنیکال-donch,34,0.412,0.000,,0.42105263157894735
زکشت,تکنیکال-ichi,39,0.410,0.000,,0.4186046511627907
زکشت,تکنیکال-volbrk,44,0.409,0.000,,0.4166666666666667
زکشت,تکنیکال-trendflow,44,0.364,0.000,,0.375
زکوثر,تکنیکال-donch,25,0.640,0.000,,0.6206896551724138
زکوثر,تکنیکال-ichi,25,0.640,0.000,,0.6206896551724138
زکوثر,تکنیکال-macd,59,0.559,0.000,,0.5555555555555556
زکوثر,تکنیکال-volbrk,38,0.553,0.000,,0.5476190476190477
زکوثر,تکنیکال-boll,40,0.500,0.000,,0.5
زکوثر,تکنیکال-obv,58,0.500,0.000,,0.5
زکوثر,تکنیکال-psar,92,0.500,0.000,,0.5
زکوثر,تکنیکال-stoch,54,0.500,0.000,,0.5
زکوثر,تکنیکال-flow_bp,165,0.485,0.000,,0.48520710059171596
زکوثر,تکنیکال-rsi,29,0.483,0.000,,0.48484848484848486
زکوثر,تکنیکال-trendflow,86,0.465,0.000,,0.4666666666666667
زکوثر,تکنیکال-sma,22,0.455,0.000,,0.46153846153846156
زکوثر,تکنیکال-flow_net,94,0.457,0.000,,0.45918367346938777
زکوثر,تکنیکال-super,29,0.448,0.000,,0.45454545454545453
زکوثر,تکنیکال-adx,54,0.407,0.000,,0.41379310344827586
زکوثر,تکنیکال-fibo,17,0.294,0.000,,0.3333333333333333
زگلدشت,تکنیکال-stoch,56,0.536,0.000,,0.5333333333333333
زگلدشت,تکنیکال-adx,51,0.529,0.000,,0.5272727272727272
زگلدشت,تکنیکال-macd,62,0.516,0.000,,0.5151515151515151
زگلدشت,تکنیکال-flow_bp,99,0.515,0.000,,0.5145631067961165
زگلدشت,تکنیکال-boll,31,0.516,0.000,,0.5142857142857142
زگلدشت,تکنیکال-flow_net,84,0.512,0.000,,0.5113636363636364
زگلدشت,تکنیکال-super,24,0.500,0.000,,0.5
زگلدشت,تکنیکال-volbrk,48,0.458,0.000,,0.46153846153846156
زگلدشت,تکنیکال-trendflow,70,0.457,0.000,,0.4594594594594595
زگلدشت,تکنیکال-donch,34,0.441,0.000,,0.4473684210526316
زگلدشت,تکنیکال-rsi,23,0.435,0.000,,0.4444444444444444
زگلدشت,تکنیکال-psar,111,0.441,0.000,,0.4434782608695652
زگلدشت,تکنیکال-ichi,41,0.390,0.000,,0.4
زگلدشت,تکنیکال-sma,26,0.385,0.000,,0.4
زگلدشت,تکنیکال-fibo,7,0.286,0.000,,0.36363636363636365
زگلدشت,تکنیکال-obv,81,0.333,0.000,,0.3411764705882353
سآبیک,تکنیکال-rsi,7,0.714,0.000,,0.6363636363636364
سآبیک,تکنیکال-boll,12,0.667,0.000,,0.625
سآبیک,تکنیکال-fibo,16,0.562,0.000,,0.55
سآبیک,تکنیکال-macd,44,0.545,0.000,,0.5416666666666666
سآبیک,تکنیکال-sma,13,0.538,0.000,,0.5294117647058824
سآبیک,تکنیکال-flow_bp,116,0.517,0.000,,0.5166666666666667
سآبیک,تکنیکال-stoch,35,0.514,0.000,,0.5128205128205128
سآبیک,تکنیکال-flow_net,71,0.493,0.000,,0.49333333333333335
سآبیک,تکنیکال-psar,63,0.476,0.000,,0.47761194029850745
سآبیک,تکنیکال-donch,26,0.462,0.000,,0.4666666666666667
سآبیک,تکنیکال-adx,40,0.450,0.000,,0.45454545454545453
سآبیک,تکنیکال-super,25,0.440,0.000,,0.4482758620689655
سآبیک,تکنیکال-ichi,26,0.423,0.000,,0.43333333333333335
سآبیک,تکنیکال-obv,46,0.391,0.000,,0.4
سآبیک,تکنیکال-trendflow,84,0.369,0.000,,0.375
سآبیک,تکنیکال-volbrk,28,0.321,0.000,,0.34375
ساذری,تکنیکال-ichi,21,0.714,0.000,,0.68
ساذری,تکنیکال-donch,20,0.700,0.000,,0.6666666666666666
ساذری,تکنیکال-obv,30,0.633,0.000,,0.6176470588235294
ساذری,تکنیکال-volbrk,24,0.625,0.000,,0.6071428571428571
ساذری,تکنیکال-sma,6,0.667,0.000,,0.6
ساذری,تکنیکال-rsi,14,0.571,0.000,,0.5555555555555556
ساذری,تکنیکال-super,16,0.562,0.000,,0.55
ساذری,تکنیکال-flow_net,11,0.545,0.000,,0.5333333333333333
ساذری,تکنیکال-stoch,36,0.528,0.000,,0.525
ساذری,تکنیکال-psar,73,0.521,0.000,,0.5194805194805194
ساذری,تکنیکال-adx,29,0.517,0.000,,0.5151515151515151
ساذری,تکنیکال-flow_bp,90,0.511,0.000,,0.5106382978723404
ساذری,تکنیکال-fibo,8,0.500,0.000,,0.5
ساذری,تکنیکال-trendflow,40,0.500,0.000,,0.5
ساذری,تکنیکال-macd,52,0.481,0.000,,0.48214285714285715
ساذری,تکنیکال-boll,26,0.462,0.000,,0.4666666666666667
ساراب,تکنیکال-super,8,0.625,0.000,,0.5833333333333334
ساراب,تکنیکال-sma,17,0.588,0.000,,0.5714285714285714
ساراب,تکنیکال-stoch,28,0.536,0.000,,0.53125
ساراب,تکنیکال-donch,15,0.533,0.000,,0.5263157894736842
ساراب,تکنیکال-volbrk,39,0.513,0.000,,0.5116279069767442
ساراب,تکنیکال-flow_bp,58,0.500,0.000,,0.5
ساراب,تکنیکال-adx,42,0.476,0.000,,0.4782608695652174
ساراب,تکنیکال-flow_net,68,0.471,0.000,,0.4722222222222222
ساراب,تکنیکال-boll,23,0.435,0.000,,0.4444444444444444
ساراب,تکنیکال-rsi,14,0.429,0.000,,0.4444444444444444
ساراب,تکنیکال-macd,69,0.435,0.000,,0.4383561643835616
ساراب,تکنیکال-fibo,8,0.375,0.000,,0.4166666666666667
ساراب,تکنیکال-trendflow,52,0.404,0.000,,0.4107142857142857
ساراب,تکنیکال-psar,104,0.404,0.000,,0.4074074074074074
ساراب,تکنیکال-obv,61,0.393,0.000,,0.4
ساراب,تکنیکال-ichi,40,0.325,0.000,,0.3409090909090909
ساربیل,تکنیکال-rsi,21,0.571,0.000,,0.56
ساربیل,تکنیکال-donch,29,0.552,0.000,,0.5454545454545454
ساربیل,تکنیکال-stoch,62,0.548,0.000,,0.5454545454545454
ساربیل,تکنیکال-psar,99,0.525,0.000,,0.5242718446601942
ساربیل,تکنیکال-super,21,0.524,0.000,,0.52
ساربیل,تکنیکال-boll,18,0.500,0.000,,0.5
ساربیل,تکنیکال-fibo,8,0.500,0.000,,0.5
ساربیل,تکنیکال-trendflow,54,0.500,0.000,,0.5
ساربیل,تکنیکال-flow_net,81,0.481,0.000,,0.4823529411764706
ساربیل,تکنیکال-macd,65,0.477,0.000,,0.4782608695652174
ساربیل,تکنیکال-volbrk,36,0.472,0.000,,0.475
ساربیل,تکنیکال-flow_bp,63,0.460,0.000,,0.4626865671641791
ساربیل,تکنیکال-sma,14,0.429,0.000,,0.4444444444444444
ساربیل,تکنیکال-adx,52,0.404,0.000,,0.4107142857142857
ساربیل,تکنیکال-obv,9,0.333,0.000,,0.38461538461538464
ساربیل,تکنیکال-ichi,36,0.333,0.000,,0.35
ساروج,تکنیکال-boll,27,0.630,0.000,,0.6129032258064516
ساروج,تکنیکال-stoch,33,0.606,0.000,,0.5945945945945946
ساروج,تکنیکال-rsi,10,0.600,0.000,,0.5714285714285714
ساروج,تکنیکال-volbrk,44,0.545,0.000,,0.5416666666666666
ساروج,تکنیکال-donch,22,0.545,0.000,,0.5384615384615384
ساروج,تکنیکال-obv,50,0.540,0.000,,0.5370370370370371
ساروج,تکنیکال-flow_net,83,0.530,0.000,,0.5287356321839081
ساروج,تکنیکال-flow_bp,73,0.479,0.000,,0.4805194805194805
ساروج,تکنیکال-trendflow,54,0.463,0.000,,0.46551724137931033
ساروج,تکنیکال-super,20,0.450,0.000,,0.4583333333333333
ساروج,تکنیکال-psar,117,0.453,0.000,,0.45454545454545453
ساروج,تکنیکال-macd,79,0.443,0.000,,0.4457831325301205
ساروج,تکنیکال-adx,44,0.409,0.000,,0.4166666666666667
ساروج,تکنیکال-ichi,36,0.333,0.000,,0.35
ساروج,تکنیکال-sma,24,0.292,0.000,,0.32142857142857145
ساروج,تکنیکال-fibo,4,0.000,0.000,,0.25
ساروم,تکنیکال-stoch,42,0.595,0.000,,0.5869565217391305
ساروم,تکنیکال-boll,35,0.543,0.000,,0.5384615384615384
ساروم,تکنیکال-rsi,16,0.500,0.000,,0.5
ساروم,تکنیکال-sma,22,0.500,0.000,,0.5
ساروم,تکنیکال-flow_net,98,0.490,0.000,,0.49019607843137253
ساروم,تکنیکال-super,33,0.485,0.000,,0.4864864864864865
ساروم,تکنیکال-volbrk,45,0.467,0.000,,0.46938775510204084
ساروم,تکنیکال-adx,44,0.455,0.000,,0.4583333333333333
ساروم,تکنیکال-macd,66,0.455,0.000,,0.45714285714285713
ساروم,تکنیکال-fibo,18,0.444,0.000,,0.45454545454545453
ساروم,تکنیکال-trendflow,49,0.449,0.000,,0.4528301886792453
ساروم,تکنیکال-donch,36,0.444,0.000,,0.45
ساروم,تکنیکال-ichi,41,0.415,0.000,,0.4222222222222222
ساروم,تکنیکال-psar,99,0.384,0.000,,0.3883495145631068
ساروم,تکنیکال-obv,59,0.373,0.000,,0.38095238095238093
ساروم,تکنیکال-flow_bp,60,0.333,0.000,,0.34375
سامان,تکنیکال-fibo,16,0.625,0.000,,0.6
سامان,تکنیکال-donch,27,0.593,0.000,,0.5806451612903226
سامان,تکنیکال-rsi,19,0.579,0.000,,0.5652173913043478
سامان,تکنیکال-stoch,52,0.500,0.000,,0.5
سامان,تکنیکال-boll,23,0.478,0.000,,0.48148148148148145
سامان,تکنیکال-flow_bp,38,0.474,0.000,,0.47619047619047616
سامان,تکنیکال-flow_net,48,0.458,0.000,,0.46153846153846156
سامان,تکنیکال-sma,20,0.450,0.000,,0.4583333333333333
سامان,تکنیکال-obv,48,0.438,0.000,,0.4423076923076923
سامان,تکنیکال-psar,100,0.400,0.000,,0.40384615384615385
سامان,تکنیکال-super,31,0.387,0.000,,0.4
سامان,تکنیکال-trendflow,26,0.385,0.000,,0.4
سامان,تکنیکال-volbrk,44,0.386,0.000,,0.3958333333333333
سامان,تکنیکال-ichi,31,0.355,0.000,,0.37142857142857144
سامان,تکنیکال-macd,72,0.347,0.000,,0.35526315789473684
سامان,تکنیکال-adx,59,0.339,0.000,,0.3492063492063492
ساوه,تکنیکال-rsi,20,0.600,0.000,,0.5833333333333334
ساوه,تکنیکال-fibo,20,0.550,0.000,,0.5416666666666666
ساوه,تکنیکال-boll,26,0.538,0.000,,0.5333333333333333
ساوه,تکنیکال-stoch,47,0.511,0.000,,0.5098039215686274
ساوه,تکنیکال-flow_bp,164,0.494,0.000,,0.49404761904761907
ساوه,تکنیکال-flow_net,109,0.468,0.000,,0.4690265486725664
ساوه,تکنیکال-psar,92,0.467,0.000,,0.46875
ساوه,تکنیکال-macd,64,0.438,0.000,,0.4411764705882353
ساوه,تکنیکال-super,30,0.433,0.000,,0.4411764705882353
ساوه,تکنیکال-obv,53,0.434,0.000,,0.43859649122807015
ساوه,تکنیکال-ichi,28,0.429,0.000,,0.4375
ساوه,تکنیکال-adx,45,0.422,0.000,,0.42857142857142855
ساوه,تکنیکال-donch,36,0.417,0.000,,0.425
ساوه,تکنیکال-sma,25,0.400,0.000,,0.41379310344827586
ساوه,تکنیکال-trendflow,80,0.400,0.000,,0.40476190476190477
ساوه,تکنیکال-volbrk,39,0.308,0.000,,0.32558139534883723
ساینا,تکنیکال-donch,29,0.655,0.000,,0.6363636363636364
ساینا,تکنیکال-obv,6,0.667,0.000,,0.6
ساینا,تکنیکال-volbrk,37,0.568,0.000,,0.5609756097560976
ساینا,تکنیکال-super,29,0.552,0.000,,0.5454545454545454
ساینا,تکنیکال-macd,64,0.547,0.000,,0.5441176470588235
ساینا,تکنیکال-boll,32,0.500,0.000,,0.5
ساینا,تکنیکال-flow_bp,54,0.500,0.000,,0.5
ساینا,تکنیکال-rsi,28,0.464,0.000,,0.46875
ساینا,تکنیکال-stoch,70,0.457,0.000,,0.4594594594594595
ساینا,تکنیکال-psar,110,0.436,0.000,,0.43859649122807015
ساینا,تکنیکال-flow_net,58,0.431,0.000,,0.43548387096774194
ساینا,تکنیکال-adx,49,0.429,0.000,,0.4339622641509434
ساینا,تکنیکال-trendflow,33,0.424,0.000,,0.43243243243243246
ساینا,تکنیکال-ichi,24,0.417,0.000,,0.42857142857142855
ساینا,تکنیکال-sma,24,0.417,0.000,,0.42857142857142855
ساینا,تکنیکال-fibo,15,0.333,0.000,,0.3684210526315789
سباقر,تکنیکال-boll,24,0.667,0.000,,0.6428571428571429
سباقر,تکنیکال-rsi,15,0.600,0.000,,0.5789473684210527
سباقر,تکنیکال-ichi,24,0.583,0.000,,0.5714285714285714
سباقر,تکنیکال-sma,10,0.600,0.000,,0.5714285714285714
سباقر,تکنیکال-stoch,53,0.566,0.000,,0.5614035087719298
سباقر,تکنیکال-flow_bp,8,0.500,0.000,,0.5
سباقر,تکنیکال-volbrk,40,0.450,0.000,,0.45454545454545453
سباقر,تکنیکال-flow_net,27,0.444,0.000,,0.45161290322580644
سباقر,تکنیکال-macd,70,0.443,0.000,,0.44594594594594594
سباقر,تکنیکال-super,26,0.423,0.000,,0.43333333333333335
سباقر,تکنیکال-fibo,10,0.400,0.000,,0.42857142857142855
سباقر,تکنیکال-donch,32,0.406,0.000,,0.4166666666666667
سباقر,تکنیکال-trendflow,18,0.389,0.000,,0.4090909090909091
سباقر,تکنیکال-psar,94,0.404,0.000,,0.40816326530612246
سباقر,تکنیکال-adx,44,0.386,0.000,,0.3958333333333333
سباقر,تکنیکال-obv,52,0.365,0.000,,0.375
سبجنو,تکنیکال-fibo,13,0.769,0.000,,0.7058823529411765
سبجنو,تکنیکال-sma,18,0.611,0.000,,0.5909090909090909
سبجنو,تکنیکال-stoch,50,0.580,0.000,,0.5740740740740741
سبجنو,تکنیکال-rsi,20,0.500,0.000,,0.5
سبجنو,تکنیکال-flow_bp,95,0.484,0.000,,0.48484848484848486
سبجنو,تکنیکال-psar,102,0.480,0.000,,0.4811320754716981
سبجنو,تکنیکال-flow_net,103,0.466,0.000,,0.4672897196261682
سبجنو,تکنیکال-super,26,0.462,0.000,,0.4666666666666667
سبجنو,تکنیکال-boll,20,0.450,0.000,,0.4583333333333333
سبجنو,تکنیکال-volbrk,45,0.422,0.000,,0.42857142857142855
سبجنو,تکنیکال-adx,60,0.400,0.000,,0.40625
سبجنو,تکنیکال-trendflow,70,0.400,0.000,,0.40540540540540543
سبجنو,تکنیکال-ichi,44,0.386,0.000,,0.3958333333333333
سبجنو,تکنیکال-obv,53,0.377,0.000,,0.38596491228070173
سبجنو,تکنیکال-donch,39,0.333,0.000,,0.3488372093023256
سبجنو,تکنیکال-macd,68,0.338,0.000,,0.3472222222222222
سبزوا,تکنیکال-rsi,22,0.636,0.000,,0.6153846153846154
سبزوا,تکنیکال-sma,19,0.579,0.000,,0.5652173913043478
سبزوا,تکنیکال-super,24,0.542,0.000,,0.5357142857142857
سبزوا,تکنیکال-ichi,34,0.529,0.000,,0.5263157894736842
سبزوا,تکنیکال-stoch,69,0.522,0.000,,0.5205479452054794
سبزوا,تکنیکال-flow_bp,89,0.517,0.000,,0.5161290322580645
سبزوا,تکنیکال-volbrk,33,0.515,0.000,,0.5135135135135135
سبزوا,تکنیکال-boll,37,0.514,0.000,,0.5121951219512195
سبزوا,تکنیکال-obv,8,0.500,0.000,,0.5
سبزوا,تکنیکال-donch,35,0.486,0.000,,0.48717948717948717
سبزوا,تکنیکال-flow_net,57,0.421,0.000,,0.4262295081967213
سبزوا,تکنیکال-adx,48,0.396,0.000,,0.40384615384615385
سبزوا,تکنیکال-psar,98,0.378,0.000,,0.38235294117647056
سبزوا,تکنیکال-trendflow,62,0.355,0.000,,0.36363636363636365
سبزوا,تکنیکال-fibo,11,0.273,0.000,,0.3333333333333333
سبزوا,تکنیکال-macd,74,0.324,0.000,,0.3333333333333333
سبهان,تکنیکال-stoch,42,0.667,0.000,,0.6521739130434783
سبهان,تکنیکال-rsi,15,0.667,0.000,,0.631578947368421
سبهان,تکنیکال-fibo,12,0.667,0.000,,0.625
سبهان,تکنیکال-boll,20,0.600,0.000,,0.5833333333333334
سبهان,تکنیکال-flow_bp,48,0.562,0.000,,0.5576923076923077
سبهان,تکنیکال-super,27,0.556,0.000,,0.5483870967741935
سبهان,تکنیکال-trendflow,44,0.545,0.000,,0.5416666666666666
سبهان,تکنیکال-donch,31,0.516,0.000,,0.5142857142857142
سبهان,تکنیکال-flow_net,76,0.513,0.000,,0.5125
سبهان,تکنیکال-obv,59,0.475,0.000,,0.47619047619047616
سبهان,تکنیکال-volbrk,30,0.467,0.000,,0.47058823529411764
سبهان,تکنیکال-macd,61,0.459,0.000,,0.46153846153846156
سبهان,تکنیکال-sma,27,0.444,0.000,,0.45161290322580644
سبهان,تکنیکال-psar,87,0.425,0.000,,0.42857142857142855
سبهان,تکنیکال-adx,36,0.389,0.000,,0.4
سبهان,تکنیکال-ichi,30,0.367,0.000,,0.38235294117647056
ستران,تکنیکال-ichi,29,0.655,0.000,,0.6363636363636364
ستران,تکنیکال-trendflow,46,0.543,0.000,,0.54
ستران,تکنیکال-donch,35,0.543,0.000,,0.5384615384615384
ستران,تکنیکال-adx,46,0.522,0.000,,0.52
ستران,تکنیکال-boll,35,0.514,0.000,,0.5128205128205128
ستران,تکنیکال-rsi,22,0.500,0.000,,0.5
ستران,تکنیکال-volbrk,38,0.500,0.000,,0.5
ستران,تکنیکال-obv,57,0.491,0.000,,0.4918032786885246
ستران,تکنیکال-macd,68,0.485,0.000,,0.4861111111111111
ستران,تکنیکال-flow_bp,61,0.459,0.000,,0.46153846153846156
ستران,تکنیکال-sma,20,0.450,0.000,,0.4583333333333333
ستران,تکنیکال-stoch,54,0.444,0.000,,0.4482758620689655
ستران,تکنیکال-super,25,0.440,0.000,,0.4482758620689655
ستران,تکنیکال-flow_net,83,0.422,0.000,,0.42528735632183906
ستران,تکنیکال-psar,97,0.392,0.000,,0.39603960396039606
ستران,تکنیکال-fibo,17,0.294,0.000,,0.3333333333333333
سجام,تکنیکال-rsi,19,0.737,0.000,,0.6956521739130435
سجام,تکنیکال-stoch,55,0.582,0.000,,0.576271186440678
سجام,تکنیکال-macd,59,0.542,0.000,,0.5396825396825397
سجام,تکنیکال-volbrk,40,0.500,0.000,,0.5
سجام,تکنیکال-flow_bp,51,0.490,0.000,,0.4909090909090909
سجام,تکنیکال-donch,37,0.486,0.000,,0.4878048780487805
سجام,تکنیکال-boll,25,0.480,0.000,,0.4827586206896552
سجام,تکنیکال-trendflow,34,0.471,0.000,,0.47368421052631576
سجام,تکنیکال-fibo,13,0.462,0.000,,0.47058823529411764
سجام,تکنیکال-psar,101,0.465,0.000,,0.4666666666666667
سجام,تکنیکال-super,35,0.457,0.000,,0.46153846153846156
سجام,تکنیکال-adx,49,0.449,0.000,,0.4528301886792453
سجام,تکنیکال-flow_net,72,0.389,0.000,,0.39473684210526316
سجام,تکنیکال-ichi,35,0.371,0.000,,0.38461538461538464
سجام,تکنیکال-sma,24,0.333,0.000,,0.35714285714285715
سجام,تکنیکال-obv,58,0.310,0.000,,0.3225806451612903
سخاش,تکنیکال-fibo,13,0.769,0.000,,0.7058823529411765
سخاش,تکنیکال-rsi,16,0.625,0.000,,0.6
سخاش,تکنیکال-stoch,51,0.608,0.000,,0.6
سخاش,تکنیکال-boll,26,0.538,0.000,,0.5333333333333333
سخاش,تکنیکال-flow_bp,41,0.512,0.000,,0.5111111111111111
سخاش,تکنیکال-donch,29,0.483,0.000,,0.48484848484848486
سخاش,تکنیکال-sma,21,0.476,0.000,,0.48
سخاش,تکنیکال-trendflow,44,0.477,0.000,,0.4791666666666667
سخاش,تکنیکال-super,28,0.429,0.000,,0.4375
سخاش,تکنیکال-psar,98,0.408,0.000,,0.4117647058823529
سخاش,تکنیکال-ichi,40,0.375,0.000,,0.38636363636363635
سخاش,تکنیکال-macd,74,0.378,0.000,,0.38461538461538464
سخاش,تکنیکال-adx,52,0.365,0.000,,0.375
سخاش,تکنیکال-flow_net,76,0.342,0.000,,0.35
سخاش,تکنیکال-obv,62,0.339,0.000,,0.3484848484848485
سخاش,تکنیکال-volbrk,45,0.333,0.000,,0.3469387755102041
سخزر,تکنیکال-sma,20,0.550,0.000,,0.5416666666666666
سخزر,تکنیکال-fibo,23,0.522,0.000,,0.5185185185185185
سخزر,تکنیکال-stoch,44,0.500,0.000,,0.5
سخزر,تکنیکال-flow_bp,68,0.485,0.000,,0.4861111111111111
سخزر,تکنیکال-trendflow,59,0.475,0.000,,0.47619047619047616
سخزر,تکنیکال-boll,26,0.462,0.000,,0.4666666666666667
سخزر,تکنیکال-obv,63,0.460,0.000,,0.4626865671641791
سخزر,تکنیکال-adx,48,0.458,0.000,,0.46153846153846156
سخزر,تکنیکال-flow_net,85,0.459,0.000,,0.4606741573033708
سخزر,تکنیکال-super,32,0.438,0.000,,0.4444444444444444
سخزر,تکنیکال-macd,80,0.438,0.000,,0.44047619047619047
سخزر,تکنیکال-donch,38,0.421,0.000,,0.42857142857142855
سخزر,تکنیکال-psar,108,0.426,0.000,,0.42857142857142855
سخزر,تکنیکال-rsi,17,0.412,0.000,,0.42857142857142855
سخزر,تکنیکال-ichi,34,0.412,0.000,,0.42105263157894735
سخزر,تکنیکال-volbrk,49,0.388,0.000,,0.39622641509433965
سخواف,تکنیکال-fibo,7,0.714,0.000,,0.6363636363636364
سخواف,تکنیکال-trendflow,38,0.632,0.000,,0.6190476190476191
سخواف,تکنیکال-super,19,0.632,0.000,,0.6086956521739131
سخواف,تکنیکال-boll,31,0.581,0.000,,0.5714285714285714
سخواف,تکنیکال-adx,36,0.556,0.000,,0.55
سخواف,تکنیکال-macd,56,0.554,0.000,,0.55
سخواف,تکنیکال-ichi,21,0.524,0.000,,0.52
سخواف,تکنیکال-stoch,50,0.520,0.000,,0.5185185185185185
سخواف,تکنیکال-donch,25,0.520,0.000,,0.5172413793103449
سخواف,تکنیکال-psar,68,0.515,0.000,,0.5138888888888888
سخواف,تکنیکال-flow_bp,89,0.506,0.000,,0.5053763440860215
سخواف,تکنیکال-rsi,24,0.500,0.000,,0.5
سخواف,تکنیکال-sma,12,0.500,0.000,,0.5
سخواف,تکنیکال-volbrk,26,0.500,0.000,,0.5
سخواف,تکنیکال-flow_net,41,0.439,0.000,,0.4444444444444444
سخواف,تکنیکال-obv,38,0.421,0.000,,0.42857142857142855
سخوز,تکنیکال-super,23,0.565,0.000,,0.5555555555555556
سخوز,تکنیکال-rsi,19,0.526,0.000,,0.5217391304347826
سخوز,تکنیکال-ichi,25,0.520,0.000,,0.5172413793103449
سخوز,تکنیکال-stoch,43,0.512,0.000,,0.5106382978723404
سخوز,تکنیکال-adx,42,0.500,0.000,,0.5
سخوز,تکنیکال-boll,28,0.500,0.000,,0.5
سخوز,تکنیکال-trendflow,53,0.491,0.000,,0.49122807017543857
سخوز,تکنیکال-sma,19,0.474,0.000,,0.4782608695652174
سخوز,تکنیکال-donch,34,0.471,0.000,,0.47368421052631576
سخوز,تکنیکال-flow_bp,88,0.466,0.000,,0.4673913043478261
سخوز,تکنیکال-flow_net,117,0.462,0.000,,0.4628099173553719
سخوز,تکنیکال-volbrk,43,0.442,0.000,,0.44680851063829785
سخوز,تکنیکال-psar,106,0.443,0.000,,0.44545454545454544
سخوز,تکنیکال-fibo,10,0.400,0.000,,0.42857142857142855
سخوز,تکنیکال-obv,71,0.408,0.000,,0.41333333333333333
سخوز,تکنیکال-macd,81,0.358,0.000,,0.36470588235294116
سدبیر,تکنیکال-fibo,13,0.615,0.000,,0.5882352941176471
سدبیر,تکنیکال-ichi,28,0.536,0.000,,0.53125
سدبیر,تکنیکال-flow_net,13,0.538,0.000,,0.5294117647058824
سدبیر,تکنیکال-super,30,0.533,0.000,,0.5294117647058824
سدبیر,تکنیکال-adx,44,0.500,0.000,,0.5
سدبیر,تکنیکال-boll,32,0.500,0.000,,0.5
سدبیر,تکنیکال-volbrk,30,0.500,0.000,,0.5
سدبیر,تکنیکال-flow_bp,35,0.486,0.000,,0.48717948717948717
سدبیر,تکنیکال-sma,21,0.476,0.000,,0.48
سدبیر,تکنیکال-donch,30,0.467,0.000,,0.47058823529411764
سدبیر,تکنیکال-stoch,56,0.464,0.000,,0.4666666666666667
سدبیر,تکنیکال-obv,59,0.458,0.000,,0.4603174603174603
سدبیر,تکنیکال-macd,56,0.429,0.000,,0.43333333333333335
سدبیر,تکنیکال-rsi,25,0.400,0.000,,0.41379310344827586
سدبیر,تکنیکال-trendflow,47,0.383,0.000,,0.39215686274509803
سدبیر,تکنیکال-psar,95,0.347,0.000,,0.35353535353535354
سدشت,تکنیکال-stoch,43,0.651,0.000,,0.6382978723404256
سدشت,تکنیکال-volbrk,36,0.639,0.000,,0.625
سدشت,تکنیکال-rsi,19,0.632,0.000,,0.6086956521739131
سدشت,تکنیکال-adx,54,0.593,0.000,,0.5862068965517241
سدشت,تکنیکال-super,29,0.586,0.000,,0.5757575757575758
سدشت,تکنیکال-donch,30,0.567,0.000,,0.5588235294117647
سدشت,تکنیکال-flow_bp,52,0.558,0.000,,0.5535714285714286
سدشت,تکنیکال-macd,59,0.542,0.000,,0.5396825396825397
سدشت,تکنیکال-psar,101,0.515,0.000,,0.5142857142857142
سدشت,تکنیکال-ichi,33,0.515,0.000,,0.5135135135135135
سدشت,تکنیکال-boll,18,0.500,0.000,,0.5
سدشت,تکنیکال-trendflow,55,0.473,0.000,,0.4745762711864407
سدشت,تکنیکال-obv,52,0.462,0.000,,0.4642857142857143
سدشت,تکنیکال-sma,18,0.444,0.000,,0.45454545454545453
سدشت,تکنیکال-flow_net,71,0.451,0.000,,0.4533333333333333
سدشت,تکنیکال-fibo,10,0.400,0.000,,0.42857142857142855
سدور,تکنیکال-donch,27,0.593,0.000,,0.5806451612903226
سدور,تکنیکال-boll,21,0.571,0.000,,0.56
سدور,تکنیکال-rsi,20,0.550,0.000,,0.5416666666666666
سدور,تکنیکال-super,21,0.524,0.000,,0.52
سدور,تکنیکال-flow_bp,73,0.507,0.000,,0.5064935064935064
سدور,تکنیکال-adx,38,0.500,0.000,,0.5
سدور,تکنیکال-stoch,48,0.500,0.000,,0.5
سدور,تکنیکال-macd,54,0.481,0.000,,0.4827586206896552
سدور,تکنیکال-flow_net,75,0.480,0.000,,0.4810126582278481
سدور,تکنیکال-psar,90,0.422,0.000,,0.425531914893617
سدور,تکنیکال-fibo,8,0.375,0.000,,0.4166666666666667
سدور,تکنیکال-sma,18,0.389,0.000,,0.4090909090909091
سدور,تکنیکال-volbrk,44,0.386,0.000,,0.3958333333333333
سدور,تکنیکال-ichi,32,0.375,0.000,,0.3888888888888889
سدور,تکنیکال-obv,51,0.373,0.000,,0.38181818181818183
سدور,تکنیکال-trendflow,78,0.321,0.000,,0.32926829268292684
سرود,تکنیکال-stoch,39,0.692,0.000,,0.6744186046511628
سرود,تکنیکال-boll,24,0.667,0.000,,0.6428571428571429
سرود,تکنیکال-rsi,15,0.667,0.000,,0.631578947368421
سرود,تکنیکال-psar,102,0.480,0.000,,0.4811320754716981
سرود,تکنیکال-flow_net,116,0.474,0.000,,0.475
سرود,تکنیکال-adx,46,0.457,0.000,,0.46
سرود,تکنیکال-volbrk,46,0.413,0.000,,0.42
سرود,تکنیکال-super,25,0.400,0.000,,0.41379310344827586
سرود,تکنیکال-macd,76,0.408,0.000,,0.4125
سرود,تکنیکال-obv,65,0.385,0.000,,0.391304347826087
سرود,تکنیکال-ichi,47,0.362,0.000,,0.37254901960784315
سرود,تکنیکال-donch,31,0.355,0.000,,0.37142857142857144
سرود,تکنیکال-sma,21,0.333,0.000,,0.36
سرود,تکنیکال-trendflow,68,0.338,0.000,,0.3472222222222222
سرود,تکنیکال-flow_bp,78,0.333,0.000,,0.34146341463414637
سرود,تکنیکال-fibo,17,0.294,0.000,,0.3333333333333333
سرچشمه,تکنیکال-super,21,0.667,0.000,,0.64
سرچشمه,تکنیکال-donch,31,0.581,0.000,,0.5714285714285714
سرچشمه,تکنیکال-adx,42,0.571,0.000,,0.5652173913043478
سرچشمه,تکنیکال-stoch,56,0.536,0.000,,0.5333333333333333
سرچشمه,تکنیکال-rsi,23,0.522,0.000,,0.5185185185185185
سرچشمه,تکنیکال-macd,66,0.500,0.000,,0.5
سرچشمه,تکنیکال-ichi,29,0.483,0.000,,0.48484848484848486
سرچشمه,تکنیکال-volbrk,44,0.477,0.000,,0.4791666666666667
سرچشمه,تکنیکال-flow_net,87,0.471,0.000,,0.4725274725274725
سرچشمه,تکنیکال-boll,35,0.457,0.000,,0.46153846153846156
سرچشمه,تکنیکال-psar,95,0.453,0.000,,0.45454545454545453
سرچشمه,تکنیکال-sma,21,0.429,0.000,,0.44
سرچشمه,تکنیکال-flow_bp,76,0.421,0.000,,0.425
سرچشمه,تکنیکال-obv,56,0.411,0.000,,0.4166666666666667
سرچشمه,تکنیکال-fibo,6,0.333,0.000,,0.4
سرچشمه,تکنیکال-trendflow,44,0.341,0.000,,0.3541666666666667
سشرق,تکنیکال-boll,25,0.760,0.000,,0.7241379310344828
سشرق,تکنیکال-rsi,13,0.692,0.000,,0.6470588235294118
سشرق,تکنیکال-fibo,13,0.615,0.000,,0.5882352941176471
سشرق,تکنیکال-sma,23,0.565,0.000,,0.5555555555555556
سشرق,تکنیکال-stoch,52,0.538,0.000,,0.5357142857142857
سشرق,تکنیکال-ichi,40,0.500,0.000,,0.5
سشرق,تکنیکال-donch,40,0.425,0.000,,0.4318181818181818
سشرق,تکنیکال-obv,74,0.419,0.000,,0.4230769230769231
سشرق,تکنیکال-adx,49,0.408,0.000,,0.41509433962264153
سشرق,تکنیکال-super,30,0.400,0.000,,0.4117647058823529
سشرق,تکنیکال-flow_bp,60,0.400,0.000,,0.40625
سشرق,تکنیکال-flow_net,86,0.395,0.000,,0.4
سشرق,تکنیکال-macd,87,0.391,0.000,,0.3956043956043956
سشرق,تکنیکال-trendflow,68,0.368,0.000,,0.375
سشرق,تکنیکال-psar,100,0.340,0.000,,0.34615384615384615
سشرق,تکنیکال-volbrk,43,0.279,0.000,,0.2978723404255319
سشمال,تکنیکال-donch,28,0.643,0.000,,0.625
سشمال,تکنیکال-ichi,34,0.588,0.000,,0.5789473684210527
سشمال,تکنیکال-stoch,41,0.585,0.000,,0.5777777777777777
سشمال,تکنیکال-trendflow,62,0.565,0.000,,0.5606060606060606
سشمال,تکنیکال-flow_bp,84,0.548,0.000,,0.5454545454545454
سشمال,تکنیکال-rsi,17,0.529,0.000,,0.5238095238095238
سشمال,تکنیکال-volbrk,45,0.511,0.000,,0.5102040816326531
سشمال,تکنیکال-fibo,4,0.500,0.000,,0.5
سشمال,تکنیکال-obv,62,0.484,0.000,,0.48484848484848486
سشمال,تکنیکال-boll,25,0.480,0.000,,0.4827586206896552
سشمال,تکنیکال-macd,64,0.469,0.000,,0.47058823529411764
سشمال,تکنیکال-adx,52,0.462,0.000,,0.4642857142857143
سشمال,تکنیکال-sma,17,0.412,0.000,,0.42857142857142855
سشمال,تکنیکال-flow_net,97,0.423,0.000,,0.42574257425742573
سشمال,تکنیکال-super,29,0.414,0.000,,0.42424242424242425
سشمال,تکنیکال-psar,107,0.421,0.000,,0.42342342342342343
سصفها,تکنیکال-donch,24,0.583,0.000,,0.5714285714285714
سصفها,تکنیکال-fibo,13,0.538,0.000,,0.5294117647058824
سصفها,تکنیکال-boll,32,0.531,0.000,,0.5277777777777778
سصفها,تکنیکال-stoch,59,0.508,0.000,,0.5079365079365079
سصفها,تکنیکال-sma,12,0.500,0.000,,0.5
سصفها,تکنیکال-super,30,0.500,0.000,,0.5
سصفها,تکنیکال-volbrk,32,0.500,0.000,,0.5
سصفها,تکنیکال-adx,47,0.468,0.000,,0.47058823529411764
سصفها,تکنیکال-flow_net,33,0.455,0.000,,0.4594594594594595
سصفها,تکنیکال-trendflow,31,0.452,0.000,,0.45714285714285713
سصفها,تکنیکال-flow_bp,27,0.444,0.000,,0.45161290322580644
سصفها,تکنیکال-macd,53,0.434,0.000,,0.43859649122807015
سصفها,تکنیکال-obv,49,0.429,0.000,,0.4339622641509434
سصفها,تکنیکال-psar,80,0.400,0.000,,0.40476190476190477
سصفها,تکنیکال-ichi,29,0.345,0.000,,0.36363636363636365
سصفها,تکنیکال-rsi,22,0.318,0.000,,0.34615384615384615
سصوفی,تکنیکال-fibo,13,0.615,0.000,,0.5882352941176471
سصوفی,تکنیکال-boll,29,0.586,0.000,,0.5757575757575758
سصوفی,تکنیکال-sma,19,0.579,0.000,,0.5652173913043478
سصوفی,تکنیکال-stoch,53,0.509,0.000,,0.5087719298245614
سصوفی,تکنیکال-ichi,43,0.488,0.000,,0.48936170212765956
سصوفی,تکنیکال-super,28,0.464,0.000,,0.46875
سصوفی,تکنیکال-rsi,16,0.438,0.000,,0.45
سصوفی,تکنیکال-volbrk,41,0.439,0.000,,0.4444444444444444
سصوفی,تکنیکال-trendflow,65,0.431,0.000,,0.43478260869565216
سصوفی,تکنیکال-flow_bp,57,0.421,0.000,,0.4262295081967213
سصوفی,تکنیکال-macd,72,0.417,0.000,,0.42105263157894735
سصوفی,تکنیکال-adx,46,0.413,0.000,,0.42
سصوفی,تکنیکال-obv,68,0.368,0.000,,0.375
سصوفی,تکنیکال-donch,39,0.359,0.000,,0.37209302325581395
سصوفی,تکنیکال-psar,101,0.366,0.000,,0.37142857142857144
سصوفی,تکنیکال-flow_net,107,0.364,0.000,,0.36936936936936937
سغدیر,تکنیکال-fibo,5,0.800,0.000,,0.6666666666666666
سغدیر,تکنیکال-rsi,14,0.714,0.000,,0.6666666666666666
سغدیر,تکنیکال-macd,34,0.647,0.000,,0.631578947368421
سغدیر,تکنیکال-donch,14,0.643,0.000,,0.6111111111111112
سغدیر,تکنیکال-boll,16,0.625,0.000,,0.6
سغدیر,تکنیکال-obv,27,0.556,0.000,,0.5483870967741935
سغدیر,تکنیکال-volbrk,32,0.531,0.000,,0.5277777777777778
سغدیر,تکنیکال-sma,17,0.529,0.000,,0.5238095238095238
سغدیر,تکنیکال-psar,72,0.514,0.000,,0.5131578947368421
سغدیر,تکنیکال-ichi,20,0.500,0.000,,0.5
سغدیر,تکنیکال-stoch,19,0.474,0.000,,0.4782608695652174
سغدیر,تکنیکال-adx,26,0.462,0.000,,0.4666666666666667
سغدیر,تکنیکال-flow_bp,79,0.443,0.000,,0.4457831325301205
سغدیر,تکنیکال-super,12,0.417,0.000,,0.4375
سغدیر,تکنیکال-flow_net,74,0.432,0.000,,0.4358974358974359
سغدیر,تکنیکال-trendflow,39,0.359,0.000,,0.37209302325581395
سغرب,تکنیکال-fibo,10,0.700,0.000,,0.6428571428571429
سغرب,تکنیکال-stoch,45,0.600,0.000,,0.5918367346938775
سغرب,تکنیکال-rsi,16,0.562,0.000,,0.55
سغرب,تکنیکال-boll,20,0.550,0.000,,0.5416666666666666
سغرب,تکنیکال-adx,33,0.515,0.000,,0.5135135135135135
سغرب,تکنیکال-flow_bp,64,0.453,0.000,,0.45588235294117646
سغرب,تکنیکال-psar,105,0.448,0.000,,0.44954128440366975
سغرب,تکنیکال-trendflow,67,0.403,0.000,,0.4084507042253521
سغرب,تکنیکال-flow_net,103,0.398,0.000,,0.40186915887850466
سغرب,تکنیکال-donch,30,0.367,0.000,,0.38235294117647056
سغرب,تکنیکال-sma,20,0.350,0.000,,0.375
سغرب,تکنیکال-super,23,0.348,0.000,,0.37037037037037035
سغرب,تکنیکال-ichi,37,0.351,0.000,,0.36585365853658536
سغرب,تکنیکال-volbrk,50,0.340,0.000,,0.35185185185185186
سغرب,تکنیکال-obv,73,0.329,0.000,,0.33766233766233766
سغرب,تکنیکال-macd,86,0.326,0.000,,0.3333333333333333
سفار,تکنیکال-fibo,16,0.688,0.000,,0.65
سفار,تکنیکال-rsi,27,0.630,0.000,,0.6129032258064516
سفار,تکنیکال-donch,31,0.613,0.000,,0.6
سفار,تکنیکال-psar,95,0.547,0.000,,0.5454545454545454
سفار,تکنیکال-stoch,69,0.522,0.000,,0.5205479452054794
سفار,تکنیکال-macd,65,0.508,0.000,,0.5072463768115942
سفار,تکنیکال-adx,52,0.481,0.000,,0.48214285714285715
سفار,تکنیکال-flow_bp,89,0.472,0.000,,0.4731182795698925
سفار,تکنیکال-flow_net,100,0.460,0.000,,0.46153846153846156
سفار,تکنیکال-ichi,33,0.455,0.000,,0.4594594594594595
سفار,تکنیکال-super,33,0.455,0.000,,0.4594594594594595
سفار,تکنیکال-boll,30,0.433,0.000,,0.4411764705882353
سفار,تکنیکال-sma,22,0.409,0.000,,0.4230769230769231
سفار,تکنیکال-volbrk,37,0.405,0.000,,0.4146341463414634
سفار,تکنیکال-obv,61,0.393,0.000,,0.4
سفار,تکنیکال-trendflow,54,0.352,0.000,,0.3620689655172414
سفارس,تکنیکال-stoch,57,0.684,0.000,,0.6721311475409836
سفارس,تکنیکال-trendflow,50,0.540,0.000,,0.5370370370370371
سفارس,تکنیکال-boll,33,0.515,0.000,,0.5135135135135135
سفارس,تکنیکال-fibo,10,0.500,0.000,,0.5
سفارس,تکنیکال-rsi,22,0.500,0.000,,0.5
سفارس,تکنیکال-sma,20,0.500,0.000,,0.5
سفارس,تکنیکال-volbrk,36,0.500,0.000,,0.5
سفارس,تکنیکال-flow_net,76,0.487,0.000,,0.4875
سفارس,تکنیکال-ichi,33,0.485,0.000,,0.4864864864864865
سفارس,تکنیکال-macd,70,0.486,0.000,,0.4864864864864865
سفارس,تکنیکال-flow_bp,64,0.484,0.000,,0.4852941176470588
سفارس,تکنیکال-adx,57,0.456,0.000,,0.45901639344262296
سفارس,تکنیکال-obv,63,0.444,0.000,,0.44776119402985076
سفارس,تکنیکال-super,33,0.424,0.000,,0.43243243243243246
سفارس,تکنیکال-psar,97,0.412,0.000,,0.4158415841584158
سفارس,تکنیکال-donch,42,0.381,0.000,,0.391304347826087
سفارود,تکنیکال-stoch,35,0.629,0.000,,0.6153846153846154
سفارود,تکنیکال-ichi,18,0.500,0.000,,0.5
سفارود,تکنیکال-rsi,18,0.500,0.000,,0.5
سفارود,تکنیکال-flow_bp,77,0.494,0.000,,0.49382716049382713
سفارود,تکنیکال-psar,74,0.486,0.000,,0.48717948717948717
سفارود,تکنیکال-volbrk,23,0.478,0.000,,0.48148148148148145
سفارود,تکنیکال-donch,19,0.474,0.000,,0.4782608695652174
سفارود,تکنیکال-trendflow,42,0.452,0.000,,0.45652173913043476
سفارود,تکنیکال-flow_net,16,0.438,0.000,,0.45
سفارود,تکنیکال-boll,23,0.435,0.000,,0.4444444444444444
سفارود,تکنیکال-adx,46,0.435,0.000,,0.44
سفارود,تکنیکال-macd,62,0.435,0.000,,0.4393939393939394
سفارود,تکنیکال-fibo,8,0.375,0.000,,0.4166666666666667
سفارود,تکنیکال-obv,43,0.395,0.000,,0.40425531914893614
سفارود,تکنیکال-sma,11,0.364,0.000,,0.4
سفارود,تکنیکال-super,25,0.320,0.000,,0.3448275862068966
سفاسی,تکنیکال-rsi,18,0.722,0.000,,0.6818181818181818
سفاسی,تکنیکال-stoch,44,0.636,0.000,,0.625
سفاسی,تکنیکال-boll,15,0.600,0.000,,0.5789473684210527
سفاسی,تکنیکال-flow_bp,72,0.556,0.000,,0.5526315789473685
سفاسی,تکنیکال-adx,33,0.515,0.000,,0.5135135135135135
سفاسی,تکنیکال-flow_net,12,0.500,0.000,,0.5
سفاسی,تکنیکال-volbrk,24,0.500,0.000,,0.5
سفاسی,تکنیکال-psar,87,0.471,0.000,,0.4725274725274725
سفاسی,تکنیکال-ichi,31,0.452,0.000,,0.45714285714285713
سفاسی,تکنیکال-trendflow,49,0.449,0.000,,0.4528301886792453
سفاسی,تکنیکال-sma,21,0.429,0.000,,0.44
سفاسی,تکنیکال-macd,51,0.431,0.000,,0.43636363636363634
سفاسی,تکنیکال-donch,24,0.417,0.000,,0.42857142857142855
سفاسی,تکنیکال-obv,53,0.396,0.000,,0.40350877192982454
سفاسی,تکنیکال-fibo,4,0.250,0.000,,0.375
سفاسی,تکنیکال-super,29,0.276,0.000,,0.30303030303030304
سفانو,تکنیکال-rsi,18,0.611,0.000,,0.5909090909090909
سفانو,تکنیکال-stoch,40,0.575,0.000,,0.5681818181818182
سفانو,تکنیکال-flow_net,100,0.470,0.000,,0.47115384615384615
سفانو,تکنیکال-adx,43,0.465,0.000,,0.46808510638297873
سفانو,تکنیکال-super,24,0.458,0.000,,0.4642857142857143
سفانو,تکنیکال-psar,90,0.456,0.000,,0.4574468085106383
سفانو,تکنیکال-flow_bp,95,0.442,0.000,,0.4444444444444444
سفانو,تکنیکال-ichi,32,0.438,0.000,,0.4444444444444444
سفانو,تکنیکال-boll,26,0.423,0.000,,0.43333333333333335
سفانو,تکنیکال-sma,23,0.391,0.000,,0.4074074074074074
سفانو,تکنیکال-macd,79,0.392,0.000,,0.39759036144578314
سفانو,تکنیکال-obv,63,0.381,0.000,,0.3880597014925373
سفانو,تکنیکال-trendflow,54,0.370,0.000,,0.3793103448275862
سفانو,تکنیکال-donch,34,0.353,0.000,,0.3684210526315789
سفانو,تکنیکال-volbrk,50,0.320,0.000,,0.3333333333333333
سفانو,تکنیکال-fibo,7,0.000,0.000,,0.18181818181818182
سقاین,تکنیکال-rsi,20,0.650,0.000,,0.625
سقاین,تکنیکال-boll,30,0.567,0.000,,0.5588235294117647
سقاین,تکنیکال-stoch,66,0.561,0.000,,0.5571428571428572
سقاین,تکنیکال-fibo,20,0.500,0.000,,0.5
سقاین,تکنیکال-psar,96,0.490,0.000,,0.49
سقاین,تکنیکال-volbrk,47,0.468,0.000,,0.47058823529411764
سقاین,تکنیکال-donch,33,0.455,0.000,,0.4594594594594595
سقاین,تکنیکال-trendflow,60,0.450,0.000,,0.453125
سقاین,تکنیکال-sma,26,0.423,0.000,,0.43333333333333335
سقاین,تکنیکال-flow_bp,70,0.429,0.000,,0.43243243243243246
سقاین,تکنیکال-super,36,0.417,0.000,,0.425
سقاین,تکنیکال-obv,72,0.417,0.000,,0.42105263157894735
سقاین,تکنیکال-macd,70,0.414,0.000,,0.4189189189189189
سقاین,تکنیکال-adx,44,0.409,0.000,,0.4166666666666667
سقاین,تکنیکال-ichi,33,0.394,0.000,,0.40540540540540543
سقاین,تکنیکال-flow_net,93,0.398,0.000,,0.4020618556701031
سلار,تکنیکال-psar,72,0.625,0.000,,0.618421052631579
سلار,تکنیکال-stoch,51,0.627,0.000,,0.6181818181818182
سلار,تکنیکال-sma,9,0.667,0.000,,0.6153846153846154
سلار,تکنیکال-boll,29,0.621,0.000,,0.6060606060606061
سلار,تکنیکال-super,26,0.577,0.000,,0.5666666666666667
سلار,تکنیکال-obv,37,0.568,0.000,,0.5609756097560976
سلار,تکنیکال-ichi,23,0.565,0.000,,0.5555555555555556
سلار,تکنیکال-trendflow,45,0.556,0.000,,0.5510204081632653
سلار,تکنیکال-macd,46,0.543,0.000,,0.54
سلار,تکنیکال-fibo,9,0.556,0.000,,0.5384615384615384
سلار,تکنیکال-rsi,17,0.529,0.000,,0.5238095238095238
سلار,تکنیکال-donch,28,0.500,0.000,,0.5
سلار,تکنیکال-volbrk,30,0.500,0.000,,0.5
سلار,تکنیکال-adx,40,0.475,0.000,,0.4772727272727273
سلار,تکنیکال-flow_bp,60,0.467,0.000,,0.46875
سلار,تکنیکال-flow_net,48,0.458,0.000,,0.46153846153846156
سلیم,تکنیکال-boll,10,0.800,0.000,,0.7142857142857143
سلیم,تکنیکال-rsi,10,0.700,0.000,,0.6428571428571429
سلیم,تکنیکال-fibo,4,0.750,0.000,,0.625
سلیم,تکنیکال-stoch,20,0.650,0.000,,0.625
سلیم,تکنیکال-obv,14,0.571,0.000,,0.5555555555555556
سلیم,تکنیکال-trendflow,5,0.600,0.000,,0.5555555555555556
سلیم,تکنیکال-macd,16,0.562,0.000,,0.55
سلیم,تکنیکال-flow_net,12,0.500,0.000,,0.5
سلیم,تکنیکال-psar,24,0.500,0.000,,0.5
سلیم,تکنیکال-super,9,0.444,0.000,,0.46153846153846156
سلیم,تکنیکال-sma,7,0.429,0.000,,0.45454545454545453
سلیم,تکنیکال-flow_bp,24,0.417,0.000,,0.42857142857142855
سلیم,تکنیکال-volbrk,10,0.400,0.000,,0.42857142857142855
سلیم,تکنیکال-ichi,8,0.375,0.000,,0.4166666666666667
سلیم,تکنیکال-adx,15,0.333,0.000,,0.3684210526315789
سلیم,تکنیکال-donch,10,0.300,0.000,,0.35714285714285715
سمازن,تکنیکال-stoch,40,0.625,0.000,,0.6136363636363636
سمازن,تکنیکال-rsi,18,0.556,0.000,,0.5454545454545454
سمازن,تکنیکال-donch,31,0.548,0.000,,0.5428571428571428
سمازن,تکنیکال-fibo,11,0.545,0.000,,0.5333333333333333
سمازن,تکنیکال-boll,30,0.533,0.000,,0.5294117647058824
سمازن,تکنیکال-super,27,0.481,0.000,,0.4838709677419355
سمازن,تکنیکال-flow_bp,94,0.479,0.000,,0.47959183673469385
سمازن,تکنیکال-obv,54,0.463,0.000,,0.46551724137931033
سمازن,تکنیکال-sma,22,0.455,0.000,,0.46153846153846156
سمازن,تکنیکال-flow_net,86,0.453,0.000,,0.45555555555555555
سمازن,تکنیکال-adx,55,0.418,0.000,,0.423728813559322
سمازن,تکنیکال-psar,103,0.408,0.000,,0.411214953271028
سمازن,تکنیکال-macd,85,0.400,0.000,,0.4044943820224719
سمازن,تکنیکال-ichi,48,0.396,0.000,,0.40384615384615385
سمازن,تکنیکال-volbrk,52,0.385,0.000,,0.39285714285714285
سمازن,تکنیکال-trendflow,82,0.378,0.000,,0.38372093023255816
سمایه,تکنیکال-super,21,0.810,0.000,,0.76
سمایه,تکنیکال-volbrk,26,0.654,0.000,,0.6333333333333333
سمایه,تکنیکال-donch,23,0.652,0.000,,0.6296296296296297
سمایه,تکنیکال-ichi,23,0.652,0.000,,0.6296296296296297
سمایه,تکنیکال-macd,46,0.609,0.000,,0.6
سمایه,تکنیکال-flow_bp,128,0.547,0.000,,0.5454545454545454
سمایه,تکنیکال-adx,42,0.548,0.000,,0.5434782608695652
سمایه,تکنیکال-sma,22,0.545,0.000,,0.5384615384615384
سمایه,تکنیکال-psar,78,0.526,0.000,,0.524390243902439
سمایه,تکنیکال-flow_net,38,0.526,0.000,,0.5238095238095238
سمایه,تکنیکال-obv,44,0.523,0.000,,0.5208333333333334
سمایه,تکنیکال-trendflow,56,0.518,0.000,,0.5166666666666667
سمایه,تکنیکال-fibo,6,0.500,0.000,,0.5
سمایه,تکنیکال-stoch,57,0.474,0.000,,0.47540983606557374
سمایه,تکنیکال-boll,36,0.472,0.000,,0.475
سمایه,تکنیکال-rsi,34,0.471,0.000,,0.47368421052631576
سمتاز,تکنیکال-stoch,35,0.600,0.000,,0.5897435897435898
سمتاز,تکنیکال-flow_bp,23,0.565,0.000,,0.5555555555555556
سمتاز,تکنیکال-donch,25,0.560,0.000,,0.5517241379310345
سمتاز,تکنیکال-sma,16,0.562,0.000,,0.55
سمتاز,تکنیکال-super,20,0.550,0.000,,0.5416666666666666
سمتاز,تکنیکال-volbrk,41,0.537,0.000,,0.5333333333333333
سمتاز,تکنیکال-ichi,30,0.533,0.000,,0.5294117647058824
سمتاز,تکنیکال-obv,49,0.531,0.000,,0.5283018867924528
سمتاز,تکنیکال-adx,58,0.500,0.000,,0.5
سمتاز,تکنیکال-boll,14,0.500,0.000,,0.5
سمتاز,تکنیکال-rsi,12,0.500,0.000,,0.5
سمتاز,تکنیکال-macd,61,0.492,0.000,,0.49230769230769234
سمتاز,تکنیکال-psar,107,0.458,0.000,,0.4594594594594595
سمتاز,تکنیکال-flow_net,25,0.440,0.000,,0.4482758620689655
سمتاز,تکنیکال-trendflow,16,0.250,0.000,,0.3
سمتاز,تکنیکال-fibo,4,0.000,0.000,,0.25
سمگا,تکنیکال-flow_net,73,0.603,0.000,,0.5974025974025974
سمگا,تکنیکال-flow_bp,46,0.565,0.000,,0.56
سمگا,تکنیکال-volbrk,31,0.548,0.000,,0.5428571428571428
سمگا,تکنیکال-donch,34,0.529,0.000,,0.5263157894736842
سمگا,تکنیکال-stoch,78,0.513,0.000,,0.5121951219512195
سمگا,تکنیکال-rsi,22,0.500,0.000,,0.5
سمگا,تکنیکال-super,36,0.472,0.000,,0.475
سمگا,تکنیکال-ichi,34,0.412,0.000,,0.42105263157894735
سمگا,تکنیکال-trendflow,34,0.412,0.000,,0.42105263157894735
سمگا,تکنیکال-adx,58,0.414,0.000,,0.41935483870967744
سمگا,تکنیکال-obv,63,0.413,0.000,,0.417910447761194
سمگا,تکنیکال-fibo,13,0.385,0.000,,0.4117647058823529
سمگا,تکنیکال-macd,71,0.394,0.000,,0.4
سمگا,تکنیکال-psar,95,0.389,0.000,,0.3939393939393939
سمگا,تکنیکال-sma,31,0.323,0.000,,0.34285714285714286
سمگا,تکنیکال-boll,37,0.243,0.000,,0.2682926829268293
سنوین,تکنیکال-stoch,41,0.683,0.000,,0.6666666666666666
سنوین,تکنیکال-rsi,22,0.682,0.000,,0.6538461538461539
سنوین,تکنیکال-boll,28,0.607,0.000,,0.59375
سنوین,تکنیکال-flow_bp,109,0.560,0.000,,0.5575221238938053
سنوین,تکنیکال-volbrk,28,0.536,0.000,,0.53125
سنوین,تکنیکال-sma,18,0.500,0.000,,0.5
سنوین,تکنیکال-flow_net,90,0.478,0.000,,0.4787234042553192
سنوین,تکنیکال-trendflow,34,0.471,0.000,,0.47368421052631576
سنوین,تکنیکال-psar,100,0.460,0.000,,0.46153846153846156
سنوین,تکنیکال-adx,38,0.447,0.000,,0.4523809523809524
سنوین,تکنیکال-ichi,20,0.400,0.000,,0.4166666666666667
سنوین,تکنیکال-super,20,0.400,0.000,,0.4166666666666667
سنوین,تکنیکال-fibo,1,0.000,0.000,,0.4
سنوین,تکنیکال-obv,47,0.362,0.000,,0.37254901960784315
سنوین,تکنیکال-macd,68,0.338,0.000,,0.3472222222222222
سنوین,تکنیکال-donch,20,0.300,0.000,,0.3333333333333333
سنیر,تکنیکال-sma,19,0.579,0.000,,0.5652173913043478
سنیر,تکنیکال-boll,39,0.564,0.000,,0.5581395348837209
سنیر,تکنیکال-stoch,63,0.556,0.000,,0.5522388059701493
سنیر,تکنیکال-super,25,0.560,0.000,,0.5517241379310345
سنیر,تکنیکال-ichi,34,0.500,0.000,,0.5
سنیر,تکنیکال-volbrk,39,0.487,0.000,,0.4883720930232558
سنیر,تکنیکال-donch,35,0.486,0.000,,0.48717948717948717
سنیر,تکنیکال-flow_bp,55,0.473,0.000,,0.4745762711864407
سنیر,تکنیکال-flow_net,72,0.444,0.000,,0.4473684210526316
سنیر,تکنیکال-fibo,14,0.429,0.000,,0.4444444444444444
سنیر,تکنیکال-psar,95,0.421,0.000,,0.42424242424242425
سنیر,تکنیکال-rsi,19,0.368,0.000,,0.391304347826087
سنیر,تکنیکال-macd,71,0.366,0.000,,0.37333333333333335
سنیر,تکنیکال-trendflow,49,0.347,0.000,,0.3584905660377358
سنیر,تکنیکال-obv,66,0.348,0.000,,0.35714285714285715
سنیر,تکنیکال-adx,60,0.267,0.000,,0.28125
سهرمز,تکنیکال-stoch,47,0.660,0.000,,0.6470588235294118
سهرمز,تکنیکال-boll,28,0.607,0.000,,0.59375
سهرمز,تکنیکال-flow_bp,75,0.493,0.000,,0.4936708860759494
سهرمز,تکنیکال-flow_net,102,0.480,0.000,,0.4811320754716981
سهرمز,تکنیکال-volbrk,38,0.474,0.000,,0.47619047619047616
سهرمز,تکنیکال-fibo,5,0.400,0.000,,0.4444444444444444
سهرمز,تکنیکال-rsi,14,0.429,0.000,,0.4444444444444444
سهرمز,تکنیکال-super,26,0.423,0.000,,0.43333333333333335
سهرمز,تکنیکال-trendflow,49,0.408,0.000,,0.41509433962264153
سهرمز,تکنیکال-obv,11,0.364,0.000,,0.4
سهرمز,تکنیکال-psar,106,0.387,0.000,,0.39090909090909093
سهرمز,تکنیکال-macd,71,0.380,0.000,,0.38666666666666666
سهرمز,تکنیکال-donch,30,0.333,0.000,,0.35294117647058826
سهرمز,تکنیکال-ichi,45,0.333,0.000,,0.3469387755102041
سهرمز,تکنیکال-adx,53,0.321,0.000,,0.3333333333333333
سهرمز,تکنیکال-sma,16,0.250,0.000,,0.3
سهگمت,تکنیکال-sma,20,0.600,0.000,,0.5833333333333334
سهگمت,تکنیکال-stoch,40,0.575,0.000,,0.5681818181818182
سهگمت,تکنیکال-fibo,5,0.600,0.000,,0.5555555555555556
سهگمت,تکنیکال-psar,102,0.529,0.000,,0.5283018867924528
سهگمت,تکنیکال-rsi,17,0.529,0.000,,0.5238095238095238
سهگمت,تکنیکال-donch,25,0.520,0.000,,0.5172413793103449
سهگمت,تکنیکال-boll,24,0.500,0.000,,0.5
سهگمت,تکنیکال-flow_bp,85,0.471,0.000,,0.47191011235955055
سهگمت,تکنیکال-adx,52,0.462,0.000,,0.4642857142857143
سهگمت,تکنیکال-super,22,0.455,0.000,,0.46153846153846156
سهگمت,تکنیکال-flow_net,101,0.455,0.000,,0.45714285714285713
سهگمت,تکنیکال-volbrk,41,0.439,0.000,,0.4444444444444444
سهگمت,تکنیکال-obv,66,0.439,0.000,,0.44285714285714284
سهگمت,تکنیکال-ichi,43,0.419,0.000,,0.425531914893617
سهگمت,تکنیکال-macd,67,0.373,0.000,,0.38028169014084506
سهگمت,تکنیکال-trendflow,73,0.329,0.000,,0.33766233766233766
سپ,تکنیکال-obv,23,0.652,0.000,,0.6296296296296297
سپ,تکنیکال-sma,13,0.615,0.000,,0.5882352941176471
سپ,تکنیکال-trendflow,42,0.595,0.000,,0.5869565217391305
سپ,تکنیکال-volbrk,32,0.594,0.000,,0.5833333333333334
سپ,تکنیکال-donch,8,0.500,0.000,,0.5
سپ,تکنیکال-super,10,0.500,0.000,,0.5
سپ,تکنیکال-ichi,31,0.484,0.000,,0.4857142857142857
سپ,تکنیکال-psar,96,0.469,0.000,,0.47
سپ,تکنیکال-flow_bp,81,0.457,0.000,,0.4588235294117647
سپ,تکنیکال-rsi,12,0.417,0.000,,0.4375
سپ,تکنیکال-boll,15,0.400,0.000,,0.42105263157894735
سپ,تکنیکال-stoch,8,0.375,0.000,,0.4166666666666667
سپ,تکنیکال-flow_net,66,0.409,0.000,,0.4142857142857143
سپ,تکنیکال-macd,49,0.367,0.000,,0.37735849056603776
سپ,تکنیکال-fibo,4,0.250,0.000,,0.375
سپ,تکنیکال-adx,51,0.333,0.000,,0.34545454545454546
سپاها,تکنیکال-stoch,57,0.614,0.000,,0.6065573770491803
سپاها,تکنیکال-rsi,16,0.625,0.000,,0.6
سپاها,تکنیکال-boll,33,0.606,0.000,,0.5945945945945946
سپاها,تکنیکال-sma,21,0.524,0.000,,0.52
سپاها,تکنیکال-volbrk,36,0.472,0.000,,0.475
سپاها,تکنیکال-flow_net,114,0.439,0.000,,0.4406779661016949
سپاها,تکنیکال-donch,37,0.432,0.000,,0.43902439024390244
سپاها,تکنیکال-ichi,31,0.419,0.000,,0.42857142857142855
سپاها,تکنیکال-super,29,0.414,0.000,,0.42424242424242425
سپاها,تکنیکال-psar,108,0.417,0.000,,0.41964285714285715
سپاها,تکنیکال-flow_bp,71,0.408,0.000,,0.41333333333333333
سپاها,تکنیکال-macd,84,0.405,0.000,,0.4090909090909091
سپاها,تکنیکال-fibo,14,0.357,0.000,,0.3888888888888889
سپاها,تکنیکال-trendflow,51,0.353,0.000,,0.36363636363636365
سپاها,تکنیکال-obv,68,0.279,0.000,,0.2916666666666667
سپاها,تکنیکال-adx,53,0.264,0.000,,0.2807017543859649
سپید,تکنیکال-rsi,20,0.650,0.000,,0.625
سپید,تکنیکال-stoch,41,0.634,0.000,,0.6222222222222222
سپید,تکنیکال-donch,24,0.583,0.000,,0.5714285714285714
سپید,تکنیکال-volbrk,34,0.529,0.000,,0.5263157894736842
سپید,تکنیکال-boll,23,0.522,0.000,,0.5185185185185185
سپید,تکنیکال-flow_net,98,0.480,0.000,,0.4803921568627451
سپید,تکنیکال-ichi,28,0.464,0.000,,0.46875
سپید,تکنیکال-super,22,0.455,0.000,,0.46153846153846156
سپید,تکنیکال-obv,50,0.440,0.000,,0.4444444444444444
سپید,تکنیکال-macd,60,0.433,0.000,,0.4375
سپید,تکنیکال-trendflow,73,0.425,0.000,,0.42857142857142855
سپید,تکنیکال-adx,36,0.417,0.000,,0.425
سپید,تکنیکال-flow_bp,156,0.391,0.000,,0.39375
سپید,تکنیکال-psar,86,0.349,0.000,,0.35555555555555557
سپید,تکنیکال-fibo,5,0.200,0.000,,0.3333333333333333
سپید,تکنیکال-sma,20,0.250,0.000,,0.2916666666666667
سپیدار,تکنیکال-rsi,5,0.800,0.000,,0.6666666666666666
سپیدار,تکنیکال-sma,16,0.625,0.000,,0.6
سپیدار,تکنیکال-stoch,33,0.606,0.000,,0.5945945945945946
سپیدار,تکنیکال-super,19,0.579,0.000,,0.5652173913043478
سپیدار,تکنیکال-fibo,12,0.583,0.000,,0.5625
سپیدار,تکنیکال-volbrk,34,0.559,0.000,,0.5526315789473685
سپیدار,تکنیکال-boll,17,0.529,0.000,,0.5238095238095238
سپیدار,تکنیکال-trendflow,124,0.484,0.000,,0.484375
سپیدار,تکنیکال-donch,23,0.478,0.000,,0.48148148148148145
سپیدار,تکنیکال-psar,77,0.481,0.000,,0.48148148148148145
سپیدار,تکنیکال-ichi,28,0.464,0.000,,0.46875
سپیدار,تکنیکال-macd,67,0.463,0.000,,0.4647887323943662
سپیدار,تکنیکال-obv,43,0.442,0.000,,0.44680851063829785
سپیدار,تکنیکال-flow_bp,198,0.439,0.000,,0.4405940594059406
سپیدار,تکنیکال-flow_net,99,0.404,0.000,,0.4077669902912621
سپیدار,تکنیکال-adx,48,0.375,0.000,,0.38461538461538464
سکارون,تکنیکال-macd,41,0.585,0.000,,0.5777777777777777
سکارون,تکنیکال-stoch,47,0.553,0.000,,0.5490196078431373
سکارون,تکنیکال-donch,27,0.556,0.000,,0.5483870967741935
سکارون,تکنیکال-fibo,7,0.571,0.000,,0.5454545454545454
سکارون,تکنیکال-boll,22,0.545,0.000,,0.5384615384615384
سکارون,تکنیکال-trendflow,54,0.537,0.000,,0.5344827586206896
سکارون,تکنیکال-rsi,15,0.533,0.000,,0.5263157894736842
سکارون,تکنیکال-volbrk,27,0.519,0.000,,0.5161290322580645
سکارون,تکنیکال-flow_bp,82,0.500,0.000,,0.5
سکارون,تکنیکال-psar,68,0.500,0.000,,0.5
سکارون,تکنیکال-super,20,0.500,0.000,,0.5
سکارون,تکنیکال-flow_net,58,0.466,0.000,,0.46774193548387094
سکارون,تکنیکال-sma,16,0.438,0.000,,0.45
سکارون,تکنیکال-adx,40,0.425,0.000,,0.4318181818181818
سکارون,تکنیکال-ichi,23,0.348,0.000,,0.37037037037037035
سکارون,تکنیکال-obv,41,0.341,0.000,,0.35555555555555557
سکرد,تکنیکال-sma,19,0.684,0.000,,0.6521739130434783
سکرد,تکنیکال-donch,28,0.643,0.000,,0.625
سکرد,تکنیکال-adx,45,0.533,0.000,,0.5306122448979592
سکرد,تکنیکال-flow_net,79,0.506,0.000,,0.5060240963855421
سکرد,تکنیکال-super,27,0.481,0.000,,0.4838709677419355
سکرد,تکنیکال-rsi,17,0.471,0.000,,0.47619047619047616
سکرد,تکنیکال-flow_bp,62,0.468,0.000,,0.4696969696969697
سکرد,تکنیکال-trendflow,50,0.460,0.000,,0.46296296296296297
سکرد,تکنیکال-fibo,9,0.444,0.000,,0.46153846153846156
سکرد,تکنیکال-volbrk,48,0.458,0.000,,0.46153846153846156
سکرد,تکنیکال-macd,68,0.456,0.000,,0.4583333333333333
سکرد,تکنیکال-psar,104,0.452,0.000,,0.4537037037037037
سکرد,تکنیکال-ichi,34,0.441,0.000,,0.4473684210526316
سکرد,تکنیکال-obv,65,0.431,0.000,,0.43478260869565216
سکرد,تکنیکال-boll,24,0.417,0.000,,0.42857142857142855
سکرد,تکنیکال-stoch,52,0.423,0.000,,0.42857142857142855
سکرما,تکنیکال-fibo,9,0.778,0.000,,0.6923076923076923
سکرما,تکنیکال-stoch,34,0.588,0.000,,0.5789473684210527
سکرما,تکنیکال-donch,23,0.565,0.000,,0.5555555555555556
سکرما,تکنیکال-boll,31,0.548,0.000,,0.5428571428571428
سکرما,تکنیکال-adx,55,0.545,0.000,,0.5423728813559322
سکرما,تکنیکال-rsi,24,0.542,0.000,,0.5357142857142857
سکرما,تکنیکال-super,18,0.500,0.000,,0.5
سکرما,تکنیکال-obv,59,0.492,0.000,,0.49206349206349204
سکرما,تکنیکال-macd,71,0.479,0.000,,0.48
سکرما,تکنیکال-volbrk,50,0.440,0.000,,0.4444444444444444
سکرما,تکنیکال-flow_bp,76,0.421,0.000,,0.425
سکرما,تکنیکال-psar,113,0.398,0.000,,0.4017094017094017
سکرما,تکنیکال-sma,21,0.381,0.000,,0.4
سکرما,تکنیکال-flow_net,97,0.392,0.000,,0.39603960396039606
سکرما,تکنیکال-trendflow,71,0.380,0.000,,0.38666666666666666
سکرما,تکنیکال-ichi,39,0.359,0.000,,0.37209302325581395
سیتا,تکنیکال-ichi,35,0.571,0.000,,0.5641025641025641
سیتا,تکنیکال-fibo,12,0.583,0.000,,0.5625
سیتا,تکنیکال-boll,20,0.550,0.000,,0.5416666666666666
سیتا,تکنیکال-donch,25,0.520,0.000,,0.5172413793103449
سیتا,تکنیکال-super,25,0.520,0.000,,0.5172413793103449
سیتا,تکنیکال-stoch,33,0.515,0.000,,0.5135135135135135
سیتا,تکنیکال-macd,62,0.484,0.000,,0.48484848484848486
سیتا,تکنیکال-adx,56,0.482,0.000,,0.48333333333333334
سیتا,تکنیکال-flow_bp,243,0.481,0.000,,0.4817813765182186
سیتا,تکنیکال-trendflow,139,0.453,0.000,,0.45454545454545453
سیتا,تکنیکال-sma,21,0.429,0.000,,0.44
سیتا,تکنیکال-rsi,19,0.421,0.000,,0.43478260869565216
سیتا,تکنیکال-psar,94,0.426,0.000,,0.42857142857142855
سیتا,تکنیکال-volbrk,41,0.415,0.000,,0.4222222222222222
سیتا,تکنیکال-flow_net,64,0.406,0.000,,0.4117647058823529
سیتا,تکنیکال-obv,63,0.397,0.000,,0.40298507462686567
سیدکو,تکنیکال-donch,14,0.786,0.000,,0.7222222222222222
سیدکو,تکنیکال-super,10,0.700,0.000,,0.6428571428571429
سیدکو,تکنیکال-sma,15,0.600,0.000,,0.5789473684210527
سیدکو,تکنیکال-macd,62,0.548,0.000,,0.5454545454545454
سیدکو,تکنیکال-stoch,22,0.545,0.000,,0.5384615384615384
سیدکو,تکنیکال-adx,47,0.511,0.000,,0.5098039215686274
سیدکو,تکنیکال-trendflow,67,0.507,0.000,,0.5070422535211268
سیدکو,تکنیکال-volbrk,42,0.476,0.000,,0.4782608695652174
سیدکو,تکنیکال-psar,107,0.477,0.000,,0.4774774774774775
سیدکو,تکنیکال-boll,25,0.440,0.000,,0.4482758620689655
سیدکو,تکنیکال-ichi,25,0.440,0.000,,0.4482758620689655
سیدکو,تکنیکال-obv,44,0.432,0.000,,0.4375
سیدکو,تکنیکال-rsi,15,0.400,0.000,,0.42105263157894735
سیدکو,تکنیکال-flow_bp,96,0.417,0.000,,0.42
سیدکو,تکنیکال-fibo,9,0.333,0.000,,0.38461538461538464
سیدکو,تکنیکال-flow_net,80,0.362,0.000,,0.36904761904761907
سیستم,تکنیکال-donch,21,0.619,0.000,,0.6
سیستم,تکنیکال-super,11,0.636,0.000,,0.6
سیستم,تکنیکال-boll,18,0.611,0.000,,0.5909090909090909
سیستم,تکنیکال-fibo,0,,0.000,,0.5
سیستم,تکنیکال-stoch,17,0.471,0.000,,0.47619047619047616
سیستم,تکنیکال-ichi,35,0.457,0.000,,0.46153846153846156
سیستم,تکنیکال-sma,20,0.450,0.000,,0.4583333333333333
سیستم,تکنیکال-rsi,16,0.438,0.000,,0.45
سیستم,تکنیکال-adx,51,0.431,0.000,,0.43636363636363634
سیستم,تکنیکال-psar,101,0.416,0.000,,0.41904761904761906
سیستم,تکنیکال-flow_bp,75,0.413,0.000,,0.4177215189873418
سیستم,تکنیکال-flow_net,102,0.412,0.000,,0.41509433962264153
سیستم,تکنیکال-trendflow,52,0.404,0.000,,0.4107142857142857
سیستم,تکنیکال-volbrk,45,0.400,0.000,,0.40816326530612246
سیستم,تکنیکال-macd,64,0.375,0.000,,0.38235294117647056
سیستم,تکنیکال-obv,49,0.327,0.000,,0.33962264150943394
سیسکو,تکنیکال-adx,1,1.000,0.000,,0.6
سیسکو,تکنیکال-donch,1,1.000,0.000,,0.6
سیسکو,تکنیکال-ichi,1,1.000,0.000,,0.6
سیسکو,تکنیکال-sma,1,1.000,0.000,,0.6
سیسکو,تکنیکال-obv,3,0.667,0.000,,0.5714285714285714
سیسکو,تکنیکال-trendflow,3,0.667,0.000,,0.5714285714285714
سیسکو,تکنیکال-volbrk,3,0.667,0.000,,0.5714285714285714
سیسکو,تکنیکال-flow_bp,14,0.571,0.000,,0.5555555555555556
سیسکو,تکنیکال-boll,0,,0.000,,0.5
سیسکو,تکنیکال-fibo,2,0.500,0.000,,0.5
سیسکو,تکنیکال-psar,6,0.500,0.000,,0.5
سیسکو,تکنیکال-rsi,2,0.500,0.000,,0.5
سیسکو,تکنیکال-stoch,2,0.500,0.000,,0.5
سیسکو,تکنیکال-super,6,0.500,0.000,,0.5
سیسکو,تکنیکال-flow_net,8,0.375,0.000,,0.4166666666666667
سیسکو,تکنیکال-macd,6,0.333,0.000,,0.4
سیلام,تکنیکال-donch,31,0.581,0.000,,0.5714285714285714
سیلام,تکنیکال-super,31,0.581,0.000,,0.5714285714285714
سیلام,تکنیکال-stoch,62,0.565,0.000,,0.5606060606060606
سیلام,تکنیکال-boll,32,0.562,0.000,,0.5555555555555556
سیلام,تکنیکال-volbrk,41,0.561,0.000,,0.5555555555555556
سیلام,تکنیکال-macd,64,0.531,0.000,,0.5294117647058824
سیلام,تکنیکال-obv,51,0.510,0.000,,0.509090909090909
سیلام,تکنیکال-flow_bp,78,0.500,0.000,,0.5
سیلام,تکنیکال-adx,56,0.464,0.000,,0.4666666666666667
سیلام,تکنیکال-fibo,20,0.450,0.000,,0.4583333333333333
سیلام,تکنیکال-psar,94,0.436,0.000,,0.4387755102040816
سیلام,تکنیکال-flow_net,81,0.432,0.000,,0.43529411764705883
سیلام,تکنیکال-rsi,24,0.417,0.000,,0.42857142857142855
سیلام,تکنیکال-trendflow,48,0.417,0.000,,0.4230769230769231
سیلام,تکنیکال-ichi,36,0.389,0.000,,0.4
سیلام,تکنیکال-sma,23,0.348,0.000,,0.37037037037037035
سیمرغ,تکنیکال-rsi,12,0.583,0.000,,0.5625
سیمرغ,تکنیکال-super,27,0.481,0.000,,0.4838709677419355
سیمرغ,تکنیکال-psar,94,0.447,0.000,,0.4489795918367347
سیمرغ,تکنیکال-stoch,54,0.444,0.000,,0.4482758620689655
سیمرغ,تکنیکال-macd,80,0.438,0.000,,0.44047619047619047
سیمرغ,تکنیکال-donch,37,0.432,0.000,,0.43902439024390244
سیمرغ,تکنیکال-sma,26,0.423,0.000,,0.43333333333333335
سیمرغ,تکنیکال-flow_net,68,0.412,0.000,,0.4166666666666667
سیمرغ,تکنیکال-obv,71,0.408,0.000,,0.41333333333333333
سیمرغ,تکنیکال-flow_bp,60,0.400,0.000,,0.40625
سیمرغ,تکنیکال-adx,56,0.393,0.000,,0.4
سیمرغ,تکنیکال-volbrk,58,0.379,0.000,,0.3870967741935484
سیمرغ,تکنیکال-boll,30,0.367,0.000,,0.38235294117647056
سیمرغ,تکنیکال-trendflow,73,0.356,0.000,,0.36363636363636365
سیمرغ,تکنیکال-fibo,8,0.250,0.000,,0.3333333333333333
سیمرغ,تکنیکال-ichi,49,0.245,0.000,,0.2641509433962264
شاراک,تکنیکال-rsi,24,0.625,0.000,,0.6071428571428571
شاراک,تکنیکال-boll,29,0.586,0.000,,0.5757575757575758
شاراک,تکنیکال-adx,61,0.541,0.000,,0.5384615384615384
شاراک,تکنیکال-donch,29,0.517,0.000,,0.5151515151515151
شاراک,تکنیکال-macd,57,0.509,0.000,,0.5081967213114754
شاراک,تکنیکال-flow_bp,63,0.508,0.000,,0.5074626865671642
شاراک,تکنیکال-volbrk,36,0.500,0.000,,0.5
شاراک,تکنیکال-stoch,57,0.474,0.000,,0.47540983606557374
شاراک,تکنیکال-flow_net,104,0.471,0.000,,0.4722222222222222
شاراک,تکنیکال-psar,90,0.467,0.000,,0.46808510638297873
شاراک,تکنیکال-ichi,22,0.455,0.000,,0.46153846153846156
شاراک,تکنیکال-sma,18,0.444,0.000,,0.45454545454545453
شاراک,تکنیکال-obv,58,0.431,0.000,,0.43548387096774194
شاراک,تکنیکال-super,24,0.417,0.000,,0.42857142857142855
شاراک,تکنیکال-trendflow,39,0.410,0.000,,0.4186046511627907
شاراک,تکنیکال-fibo,8,0.250,0.000,,0.3333333333333333
شاروم,تکنیکال-volbrk,47,0.553,0.000,,0.5490196078431373
شاروم,تکنیکال-stoch,59,0.508,0.000,,0.5079365079365079
شاروم,تکنیکال-donch,37,0.486,0.000,,0.4878048780487805
شاروم,تکنیکال-boll,48,0.479,0.000,,0.4807692307692308
شاروم,تکنیکال-flow_bp,236,0.470,0.000,,0.4708333333333333
شاروم,تکنیکال-flow_net,81,0.469,0.000,,0.47058823529411764
شاروم,تکنیکال-ichi,37,0.459,0.000,,0.4634146341463415
شاروم,تکنیکال-macd,74,0.432,0.000,,0.4358974358974359
شاروم,تکنیکال-trendflow,109,0.422,0.000,,0.4247787610619469
شاروم,تکنیکال-super,32,0.406,0.000,,0.4166666666666667
شاروم,تکنیکال-adx,54,0.407,0.000,,0.41379310344827586
شاروم,تکنیکال-psar,102,0.392,0.000,,0.39622641509433965
شاروم,تکنیکال-fibo,19,0.368,0.000,,0.391304347826087
شاروم,تکنیکال-rsi,19,0.368,0.000,,0.391304347826087
شاروم,تکنیکال-obv,81,0.358,0.000,,0.36470588235294116
شاروم,تکنیکال-sma,33,0.333,0.000,,0.35135135135135137
شاملا,تکنیکال-super,30,0.533,0.000,,0.5294117647058824
شاملا,تکنیکال-stoch,55,0.527,0.000,,0.5254237288135594
شاملا,تکنیکال-trendflow,53,0.453,0.000,,0.45614035087719296
شاملا,تکنیکال-fibo,5,0.400,0.000,,0.4444444444444444
شاملا,تکنیکال-boll,28,0.429,0.000,,0.4375
شاملا,تکنیکال-sma,22,0.409,0.000,,0.4230769230769231
شاملا,تکنیکال-donch,39,0.385,0.000,,0.3953488372093023
شاملا,تکنیکال-flow_bp,72,0.389,0.000,,0.39473684210526316
شاملا,تکنیکال-macd,70,0.386,0.000,,0.3918918918918919
شاملا,تکنیکال-ichi,37,0.378,0.000,,0.3902439024390244
شاملا,تکنیکال-adx,61,0.361,0.000,,0.36923076923076925
شاملا,تکنیکال-volbrk,51,0.353,0.000,,0.36363636363636365
شاملا,تکنیکال-obv,76,0.355,0.000,,0.3625
شاملا,تکنیکال-psar,105,0.352,0.000,,0.3577981651376147
شاملا,تکنیکال-flow_net,114,0.351,0.000,,0.3559322033898305
شاملا,تکنیکال-rsi,19,0.316,0.000,,0.34782608695652173
شاوان,تکنیکال-boll,33,0.636,0.000,,0.6216216216216216
شاوان,تکنیکال-stoch,55,0.618,0.000,,0.6101694915254238
شاوان,تکنیکال-rsi,17,0.588,0.000,,0.5714285714285714
شاوان,تکنیکال-flow_bp,61,0.574,0.000,,0.5692307692307692
شاوان,تکنیکال-volbrk,36,0.528,0.000,,0.525
شاوان,تکنیکال-trendflow,39,0.513,0.000,,0.5116279069767442
شاوان,تکنیکال-donch,32,0.500,0.000,,0.5
شاوان,تکنیکال-psar,88,0.466,0.000,,0.4673913043478261
شاوان,تکنیکال-macd,69,0.464,0.000,,0.4657534246575342
شاوان,تکنیکال-flow_net,122,0.451,0.000,,0.4523809523809524
شاوان,تکنیکال-adx,48,0.438,0.000,,0.4423076923076923
شاوان,تکنیکال-obv,54,0.426,0.000,,0.43103448275862066
شاوان,تکنیکال-super,27,0.370,0.000,,0.3870967741935484
شاوان,تکنیکال-sma,26,0.346,0.000,,0.36666666666666664
شاوان,تکنیکال-fibo,10,0.300,0.000,,0.35714285714285715
شاوان,تکنیکال-ichi,32,0.281,0.000,,0.3055555555555556
شبریز,تکنیکال-stoch,53,0.604,0.000,,0.5964912280701754
شبریز,تکنیکال-rsi,25,0.600,0.000,,0.5862068965517241
شبریز,تکنیکال-boll,35,0.543,0.000,,0.5384615384615384
شبریز,تکنیکال-macd,67,0.537,0.000,,0.5352112676056338
شبریز,تکنیکال-volbrk,41,0.537,0.000,,0.5333333333333333
شبریز,تکنیکال-donch,34,0.529,0.000,,0.5263157894736842
شبریز,تکنیکال-flow_net,100,0.480,0.000,,0.4807692307692308
شبریز,تکنیکال-flow_bp,80,0.475,0.000,,0.47619047619047616
شبریز,تکنیکال-adx,64,0.453,0.000,,0.45588235294117646
شبریز,تکنیکال-super,27,0.444,0.000,,0.45161290322580644
شبریز,تکنیکال-obv,63,0.444,0.000,,0.44776119402985076
شبریز,تکنیکال-ichi,34,0.441,0.000,,0.4473684210526316
شبریز,تکنیکال-trendflow,51,0.412,0.000,,0.41818181818181815
شبریز,تکنیکال-psar,105,0.410,0.000,,0.41284403669724773
شبریز,تکنیکال-sma,23,0.348,0.000,,0.37037037037037035
شبریز,تکنیکال-fibo,10,0.200,0.000,,0.2857142857142857
شبصیر,تکنیکال-super,22,0.636,0.000,,0.6153846153846154
شبصیر,تکنیکال-boll,35,0.600,0.000,,0.5897435897435898
شبصیر,تکنیکال-sma,23,0.565,0.000,,0.5555555555555556
شبصیر,تکنیکال-volbrk,40,0.525,0.000,,0.5227272727272727
شبصیر,تکنیکال-ichi,34,0.500,0.000,,0.5
شبصیر,تکنیکال-adx,48,0.458,0.000,,0.46153846153846156
شبصیر,تکنیکال-donch,40,0.450,0.000,,0.45454545454545453
شبصیر,تکنیکال-flow_net,107,0.449,0.000,,0.45045045045045046
شبصیر,تکنیکال-trendflow,50,0.420,0.000,,0.42592592592592593
شبصیر,تکنیکال-psar,109,0.422,0.000,,0.4247787610619469
شبصیر,تکنیکال-flow_bp,74,0.419,0.000,,0.4230769230769231
شبصیر,تکنیکال-rsi,15,0.400,0.000,,0.42105263157894735
شبصیر,تکنیکال-fibo,13,0.385,0.000,,0.4117647058823529
شبصیر,تکنیکال-macd,79,0.392,0.000,,0.39759036144578314
شبصیر,تکنیکال-stoch,63,0.381,0.000,,0.3880597014925373
شبصیر,تکنیکال-obv,66,0.379,0.000,,0.38571428571428573
شبندر,تکنیکال-boll,28,0.643,0.000,,0.625
شبندر,تکنیکال-stoch,56,0.625,0.000,,0.6166666666666667
شبندر,تکنیکال-volbrk,48,0.521,0.000,,0.5192307692307693
شبندر,تکنیکال-macd,75,0.467,0.000,,0.46835443037974683
شبندر,تکنیکال-fibo,9,0.444,0.000,,0.46153846153846156
شبندر,تکنیکال-flow_net,86,0.453,0.000,,0.45555555555555555
شبندر,تکنیکال-sma,25,0.440,0.000,,0.4482758620689655
شبندر,تکنیکال-trendflow,56,0.429,0.000,,0.43333333333333335
شبندر,تکنیکال-donch,46,0.413,0.000,,0.42
شبندر,تکنیکال-ichi,38,0.395,0.000,,0.40476190476190477
شبندر,تکنیکال-flow_bp,54,0.370,0.000,,0.3793103448275862
شبندر,تکنیکال-psar,93,0.366,0.000,,0.3711340206185567
شبندر,تکنیکال-adx,59,0.356,0.000,,0.36507936507936506
شبندر,تکنیکال-rsi,18,0.333,0.000,,0.36363636363636365
شبندر,تکنیکال-obv,68,0.324,0.000,,0.3333333333333333
شبندر,تکنیکال-super,41,0.317,0.000,,0.3333333333333333
شبهرن,تکنیکال-super,23,0.652,0.000,,0.6296296296296297
شبهرن,تکنیکال-sma,19,0.632,0.000,,0.6086956521739131
شبهرن,تکنیکال-stoch,39,0.615,0.000,,0.6046511627906976
شبهرن,تکنیکال-volbrk,38,0.553,0.000,,0.5476190476190477
شبهرن,تکنیکال-flow_bp,24,0.542,0.000,,0.5357142857142857
شبهرن,تکنیکال-adx,47,0.532,0.000,,0.5294117647058824
شبهرن,تکنیکال-rsi,23,0.522,0.000,,0.5185185185185185
شبهرن,تکنیکال-obv,56,0.518,0.000,,0.5166666666666667
شبهرن,تکنیکال-donch,35,0.514,0.000,,0.5128205128205128
شبهرن,تکنیکال-flow_net,82,0.500,0.000,,0.5
شبهرن,تکنیکال-macd,67,0.493,0.000,,0.49295774647887325
شبهرن,تکنیکال-ichi,35,0.486,0.000,,0.48717948717948717
شبهرن,تکنیکال-boll,29,0.483,0.000,,0.48484848484848486
شبهرن,تکنیکال-psar,92,0.467,0.000,,0.46875
شبهرن,تکنیکال-trendflow,30,0.400,0.000,,0.4117647058823529
شبهرن,تکنیکال-fibo,9,0.222,0.000,,0.3076923076923077
شتران,تکنیکال-boll,33,0.636,0.000,,0.6216216216216216
شتران,تکنیکال-stoch,63,0.571,0.000,,0.5671641791044776
شتران,تکنیکال-donch,37,0.568,0.000,,0.5609756097560976
شتران,تکنیکال-super,34,0.529,0.000,,0.5263157894736842
شتران,تکنیکال-flow_bp,72,0.514,0.000,,0.5131578947368421
شتران,تکنیکال-rsi,24,0.500,0.000,,0.5
شتران,تکنیکال-fibo,13,0.462,0.000,,0.47058823529411764
شتران,تکنیکال-volbrk,48,0.458,0.000,,0.46153846153846156
شتران,تکنیکال-macd,77,0.455,0.000,,0.4567901234567901
شتران,تکنیکال-psar,97,0.433,0.000,,0.43564356435643564
شتران,تکنیکال-flow_net,99,0.424,0.000,,0.42718446601941745
شتران,تکنیکال-trendflow,64,0.422,0.000,,0.4264705882352941
شتران,تکنیکال-adx,55,0.418,0.000,,0.423728813559322
شتران,تکنیکال-sma,18,0.389,0.000,,0.4090909090909091
شتران,تکنیکال-obv,63,0.397,0.000,,0.40298507462686567
شتران,تکنیکال-ichi,32,0.344,0.000,,0.3611111111111111
شتهران,تکنیکال-trendflow,4,1.000,0.000,,0.75
شتهران,تکنیکال-donch,6,0.833,0.000,,0.7
شتهران,تکنیکال-volbrk,6,0.833,0.000,,0.7
شتهران,تکنیکال-ichi,1,1.000,0.000,,0.6
شتهران,تکنیکال-psar,10,0.600,0.000,,0.5714285714285714
شتهران,تکنیکال-flow_bp,45,0.511,0.000,,0.5102040816326531
شتهران,تکنیکال-adx,6,0.500,0.000,,0.5
شتهران,تکنیکال-flow_net,8,0.500,0.000,,0.5
شتهران,تکنیکال-super,0,,0.000,,0.5
شتهران,تکنیکال-macd,9,0.444,0.000,,0.46153846153846156
شتهران,تکنیکال-rsi,3,0.333,0.000,,0.42857142857142855
شتهران,تکنیکال-sma,3,0.333,0.000,,0.42857142857142855
شتهران,تکنیکال-fibo,1,0.000,0.000,,0.4
شتهران,تکنیکال-stoch,11,0.364,0.000,,0.4
شتهران,تکنیکال-obv,4,0.250,0.000,,0.375
شتهران,تکنیکال-boll,6,0.167,0.000,,0.3
شتوکا,تکنیکال-fibo,17,0.765,0.000,,0.7142857142857143
شتوکا,تکنیکال-adx,38,0.632,0.000,,0.6190476190476191
شتوکا,تکنیکال-stoch,43,0.605,0.000,,0.5957446808510638
شتوکا,تکنیکال-rsi,13,0.615,0.000,,0.5882352941176471
شتوکا,تکنیکال-trendflow,50,0.580,0.000,,0.5740740740740741
شتوکا,تکنیکال-volbrk,40,0.550,0.000,,0.5454545454545454
شتوکا,تکنیکال-donch,30,0.533,0.000,,0.5294117647058824
شتوکا,تکنیکال-ichi,28,0.500,0.000,,0.5
شتوکا,تکنیکال-macd,58,0.500,0.000,,0.5
شتوکا,تکنیکال-psar,84,0.464,0.000,,0.4659090909090909
شتوکا,تکنیکال-flow_bp,57,0.456,0.000,,0.45901639344262296
شتوکا,تکنیکال-boll,23,0.435,0.000,,0.4444444444444444
شتوکا,تکنیکال-flow_net,65,0.431,0.000,,0.43478260869565216
شتوکا,تکنیکال-obv,52,0.423,0.000,,0.42857142857142855
شتوکا,تکنیکال-sma,22,0.409,0.000,,0.4230769230769231
شتوکا,تکنیکال-super,28,0.393,0.000,,0.40625
شجم,تکنیکال-stoch,56,0.571,0.000,,0.5666666666666667
شجم,تکنیکال-fibo,9,0.556,0.000,,0.5384615384615384
شجم,تکنیکال-boll,36,0.528,0.000,,0.525
شجم,تکنیکال-flow_net,89,0.483,0.000,,0.4838709677419355
شجم,تکنیکال-sma,23,0.478,0.000,,0.48148148148148145
شجم,تکنیکال-volbrk,40,0.475,0.000,,0.4772727272727273
شجم,تکنیکال-psar,87,0.471,0.000,,0.4725274725274725
شجم,تکنیکال-trendflow,46,0.457,0.000,,0.46
شجم,تکنیکال-flow_bp,82,0.439,0.000,,0.4418604651162791
شجم,تکنیکال-ichi,33,0.424,0.000,,0.43243243243243246
شجم,تکنیکال-adx,45,0.422,0.000,,0.42857142857142855
شجم,تکنیکال-macd,79,0.405,0.000,,0.40963855421686746
شجم,تکنیکال-donch,38,0.395,0.000,,0.40476190476190477
شجم,تکنیکال-obv,60,0.367,0.000,,0.375
شجم,تکنیکال-rsi,26,0.346,0.000,,0.36666666666666664
شجم,تکنیکال-super,32,0.344,0.000,,0.3611111111111111
شخارک,تکنیکال-super,11,0.909,0.000,,0.8
شخارک,تکنیکال-donch,15,0.867,0.000,,0.7894736842105263
شخارک,تکنیکال-boll,26,0.615,0.000,,0.6
شخارک,تکنیکال-flow_bp,54,0.556,0.000,,0.5517241379310345
شخارک,تکنیکال-volbrk,35,0.543,0.000,,0.5384615384615384
شخارک,تکنیکال-obv,41,0.537,0.000,,0.5333333333333333
شخارک,تکنیکال-macd,55,0.491,0.000,,0.4915254237288136
شخارک,تکنیکال-stoch,21,0.476,0.000,,0.48
شخارک,تکنیکال-flow_net,98,0.459,0.000,,0.46078431372549017
شخارک,تکنیکال-psar,80,0.450,0.000,,0.4523809523809524
شخارک,تکنیکال-ichi,27,0.444,0.000,,0.45161290322580644
شخارک,تکنیکال-rsi,19,0.421,0.000,,0.43478260869565216
شخارک,تکنیکال-trendflow,31,0.387,0.000,,0.4
شخارک,تکنیکال-sma,19,0.368,0.000,,0.391304347826087
شخارک,تکنیکال-adx,39,0.359,0.000,,0.37209302325581395
شخارک,تکنیکال-fibo,2,0.000,0.000,,0.3333333333333333
شدوص,تکنیکال-fibo,19,0.632,0.000,,0.6086956521739131
شدوص,تکنیکال-sma,20,0.600,0.000,,0.5833333333333334
شدوص,تکنیکال-stoch,59,0.542,0.000,,0.5396825396825397
شدوص,تکنیکال-adx,46,0.522,0.000,,0.52
شدوص,تکنیکال-boll,30,0.500,0.000,,0.5
شدوص,تکنیکال-flow_net,98,0.439,0.000,,0.4411764705882353
شدوص,تکنیکال-rsi,19,0.421,0.000,,0.43478260869565216
شدوص,تکنیکال-super,31,0.419,0.000,,0.42857142857142855
شدوص,تکنیکال-donch,36,0.417,0.000,,0.425
شدوص,تکنیکال-volbrk,46,0.413,0.000,,0.42
شدوص,تکنیکال-flow_bp,64,0.406,0.000,,0.4117647058823529
شدوص,تکنیکال-psar,104,0.375,0.000,,0.37962962962962965
شدوص,تکنیکال-trendflow,63,0.365,0.000,,0.373134328358209
شدوص,تکنیکال-ichi,37,0.351,0.000,,0.36585365853658536
شدوص,تکنیکال-obv,72,0.347,0.000,,0.35526315789473684
شدوص,تکنیکال-macd,100,0.340,0.000,,0.34615384615384615
شراز,تکنیکال-boll,26,0.692,0.000,,0.6666666666666666
شراز,تکنیکال-rsi,15,0.667,0.000,,0.631578947368421
شراز,تکنیکال-super,17,0.588,0.000,,0.5714285714285714
شراز,تکنیکال-stoch,28,0.571,0.000,,0.5625
شراز,تکنیکال-fibo,7,0.571,0.000,,0.5454545454545454
شراز,تکنیکال-donch,26,0.500,0.000,,0.5
شراز,تکنیکال-psar,89,0.483,0.000,,0.4838709677419355
شراز,تکنیکال-flow_net,70,0.471,0.000,,0.47297297297297297
شراز,تکنیکال-flow_bp,46,0.435,0.000,,0.44
شراز,تکنیکال-adx,52,0.423,0.000,,0.42857142857142855
شراز,تکنیکال-obv,59,0.424,0.000,,0.42857142857142855
شراز,تکنیکال-volbrk,38,0.421,0.000,,0.42857142857142855
شراز,تکنیکال-ichi,36,0.417,0.000,,0.425
شراز,تکنیکال-macd,63,0.413,0.000,,0.417910447761194
شراز,تکنیکال-trendflow,38,0.368,0.000,,0.38095238095238093
شراز,تکنیکال-sma,18,0.333,0.000,,0.36363636363636365
شرانل,تکنیکال-adx,53,0.566,0.000,,0.5614035087719298
شرانل,تکنیکال-donch,20,0.550,0.000,,0.5416666666666666
شرانل,تکنیکال-rsi,17,0.529,0.000,,0.5238095238095238
شرانل,تکنیکال-boll,23,0.522,0.000,,0.5185185185185185
شرانل,تکنیکال-fibo,2,0.500,0.000,,0.5
شرانل,تکنیکال-flow_bp,94,0.500,0.000,,0.5
شرانل,تکنیکال-obv,47,0.468,0.000,,0.47058823529411764
شرانل,تکنیکال-stoch,28,0.464,0.000,,0.46875
شرانل,تکنیکال-psar,98,0.459,0.000,,0.46078431372549017
شرانل,تکنیکال-volbrk,42,0.452,0.000,,0.45652173913043476
شرانل,تکنیکال-flow_net,131,0.450,0.000,,0.45185185185185184
شرانل,تکنیکال-super,21,0.429,0.000,,0.44
شرانل,تکنیکال-macd,67,0.433,0.000,,0.43661971830985913
شرانل,تکنیکال-trendflow,45,0.400,0.000,,0.40816326530612246
شرانل,تکنیکال-ichi,39,0.385,0.000,,0.3953488372093023
شرانل,تکنیکال-sma,24,0.333,0.000,,0.35714285714285715
شرنگی,تکنیکال-rsi,28,0.571,0.000,,0.5625
شرنگی,تکنیکال-volbrk,32,0.562,0.000,,0.5555555555555556
شرنگی,تکنیکال-trendflow,16,0.562,0.000,,0.55
شرنگی,تکنیکال-macd,62,0.532,0.000,,0.5303030303030303
شرنگی,تکنیکال-stoch,67,0.522,0.000,,0.5211267605633803
شرنگی,تکنیکال-ichi,27,0.519,0.000,,0.5161290322580645
شرنگی,تکنیکال-donch,32,0.500,0.000,,0.5
شرنگی,تکنیکال-fibo,16,0.500,0.000,,0.5
شرنگی,تکنیکال-super,28,0.500,0.000,,0.5
شرنگی,تکنیکال-flow_bp,17,0.471,0.000,,0.47619047619047616
شرنگی,تکنیکال-flow_net,15,0.467,0.000,,0.47368421052631576
شرنگی,تکنیکال-sma,20,0.450,0.000,,0.4583333333333333
شرنگی,تکنیکال-psar,93,0.452,0.000,,0.4536082474226804
شرنگی,تکنیکال-adx,67,0.418,0.000,,0.4225352112676056
شرنگی,تکنیکال-boll,35,0.371,0.000,,0.38461538461538464
شرنگی,تکنیکال-obv,56,0.357,0.000,,0.36666666666666664
شساخت,تکنیکال-rsi,16,0.812,0.000,,0.75
شساخت,تکنیکال-stoch,24,0.750,0.000,,0.7142857142857143
شساخت,تکنیکال-volbrk,28,0.607,0.000,,0.59375
شساخت,تکنیکال-fibo,3,0.667,0.000,,0.5714285714285714
شساخت,تکنیکال-macd,48,0.562,0.000,,0.5576923076923077
شساخت,تکنیکال-ichi,20,0.550,0.000,,0.5416666666666666
شساخت,تکنیکال-flow_bp,78,0.538,0.000,,0.5365853658536586
شساخت,تکنیکال-trendflow,38,0.526,0.000,,0.5238095238095238
شساخت,تکنیکال-boll,23,0.522,0.000,,0.5185185185185185
شساخت,تکنیکال-adx,40,0.500,0.000,,0.5
شساخت,تکنیکال-super,14,0.500,0.000,,0.5
شساخت,تکنیکال-donch,13,0.462,0.000,,0.47058823529411764
شساخت,تکنیکال-obv,37,0.459,0.000,,0.4634146341463415
شساخت,تکنیکال-psar,87,0.460,0.000,,0.46153846153846156
شساخت,تکنیکال-sma,20,0.450,0.000,,0.4583333333333333
شساخت,تکنیکال-flow_net,67,0.403,0.000,,0.4084507042253521
شستا,تکنیکال-rsi,13,0.692,0.000,,0.6470588235294118
شستا,تکنیکال-boll,26,0.615,0.000,,0.6
شستا,تکنیکال-stoch,53,0.509,0.000,,0.5087719298245614
شستا,تکنیکال-donch,42,0.500,0.000,,0.5
شستا,تکنیکال-super,30,0.500,0.000,,0.5
شستا,تکنیکال-ichi,36,0.472,0.000,,0.475
شستا,تکنیکال-flow_net,56,0.464,0.000,,0.4666666666666667
شستا,تکنیکال-macd,83,0.434,0.000,,0.4367816091954023
شستا,تکنیکال-trendflow,54,0.426,0.000,,0.43103448275862066
شستا,تکنیکال-fibo,10,0.400,0.000,,0.42857142857142855
شستا,تکنیکال-volbrk,45,0.422,0.000,,0.42857142857142855
شستا,تکنیکال-psar,96,0.406,0.000,,0.41
شستا,تکنیکال-adx,48,0.396,0.000,,0.40384615384615385
شستا,تکنیکال-obv,84,0.393,0.000,,0.3977272727272727
شستا,تکنیکال-flow_bp,75,0.373,0.000,,0.379746835443038
شستا,تکنیکال-sma,26,0.346,0.000,,0.36666666666666664
شستان,تکنیکال-rsi,14,0.643,0.000,,0.6111111111111112
شستان,تکنیکال-boll,25,0.600,0.000,,0.5862068965517241
شستان,تکنیکال-flow_bp,57,0.579,0.000,,0.5737704918032787
شستان,تکنیکال-stoch,42,0.571,0.000,,0.5652173913043478
شستان,تکنیکال-volbrk,25,0.520,0.000,,0.5172413793103449
شستان,تکنیکال-fibo,6,0.500,0.000,,0.5
شستان,تکنیکال-macd,36,0.500,0.000,,0.5
شستان,تکنیکال-sma,19,0.474,0.000,,0.4782608695652174
شستان,تکنیکال-flow_net,40,0.450,0.000,,0.45454545454545453
شستان,تکنیکال-psar,69,0.449,0.000,,0.4520547945205479
شستان,تکنیکال-super,16,0.438,0.000,,0.45
شستان,تکنیکال-trendflow,41,0.439,0.000,,0.4444444444444444
شستان,تکنیکال-donch,20,0.400,0.000,,0.4166666666666667
شستان,تکنیکال-ichi,20,0.400,0.000,,0.4166666666666667
شستان,تکنیکال-obv,44,0.341,0.000,,0.3541666666666667
شستان,تکنیکال-adx,34,0.294,0.000,,0.3157894736842105
شسپا,تکنیکال-adx,32,0.594,0.000,,0.5833333333333334
شسپا,تکنیکال-rsi,20,0.600,0.000,,0.5833333333333334
شسپا,تکنیکال-super,22,0.591,0.000,,0.5769230769230769
شسپا,تکنیکال-donch,26,0.577,0.000,,0.5666666666666667
شسپا,تکنیکال-boll,21,0.571,0.000,,0.56
شسپا,تکنیکال-stoch,31,0.548,0.000,,0.5428571428571428
شسپا,تکنیکال-fibo,2,0.500,0.000,,0.5
شسپا,تکنیکال-volbrk,43,0.465,0.000,,0.46808510638297873
شسپا,تکنیکال-flow_bp,66,0.455,0.000,,0.45714285714285713
شسپا,تکنیکال-ichi,30,0.433,0.000,,0.4411764705882353
شسپا,تکنیکال-macd,69,0.435,0.000,,0.4383561643835616
شسپا,تکنیکال-obv,49,0.429,0.000,,0.4339622641509434
شسپا,تکنیکال-flow_net,89,0.393,0.000,,0.3978494623655914
شسپا,تکنیکال-trendflow,54,0.389,0.000,,0.39655172413793105
شسپا,تکنیکال-psar,107,0.393,0.000,,0.3963963963963964
شسپا,تکنیکال-sma,29,0.345,0.000,,0.36363636363636365
شسینا,تکنیکال-rsi,19,0.684,0.000,,0.6521739130434783
شسینا,تکنیکال-donch,31,0.613,0.000,,0.6
شسینا,تکنیکال-volbrk,36,0.611,0.000,,0.6
شسینا,تکنیکال-flow_bp,47,0.596,0.000,,0.5882352941176471
شسینا,تکنیکال-flow_net,33,0.576,0.000,,0.5675675675675675
شسینا,تکنیکال-macd,61,0.557,0.000,,0.5538461538461539
شسینا,تکنیکال-boll,33,0.545,0.000,,0.5405405405405406
شسینا,تکنیکال-adx,45,0.533,0.000,,0.5306122448979592
شسینا,تکنیکال-super,30,0.533,0.000,,0.5294117647058824
شسینا,تکنیکال-obv,66,0.500,0.000,,0.5
شسینا,تکنیکال-trendflow,40,0.475,0.000,,0.4772727272727273
شسینا,تکنیکال-ichi,32,0.469,0.000,,0.4722222222222222
شسینا,تکنیکال-stoch,74,0.446,0.000,,0.44871794871794873
شسینا,تکنیکال-sma,28,0.393,0.000,,0.40625
شسینا,تکنیکال-fibo,6,0.333,0.000,,0.4
شسینا,تکنیکال-psar,97,0.392,0.000,,0.39603960396039606
شصدف,تکنیکال-boll,32,0.719,0.000,,0.6944444444444444
شصدف,تکنیکال-stoch,58,0.621,0.000,,0.6129032258064516
شصدف,تکنیکال-rsi,19,0.526,0.000,,0.5217391304347826
شصدف,تکنیکال-fibo,18,0.500,0.000,,0.5
شصدف,تکنیکال-volbrk,45,0.489,0.000,,0.4897959183673469
شصدف,تکنیکال-macd,78,0.474,0.000,,0.47560975609756095
شصدف,تکنیکال-flow_bp,156,0.474,0.000,,0.475
شصدف,تکنیکال-flow_net,71,0.451,0.000,,0.4533333333333333
شصدف,تکنیکال-adx,50,0.400,0.000,,0.4074074074074074
شصدف,تکنیکال-obv,90,0.389,0.000,,0.39361702127659576
شصدف,تکنیکال-sma,32,0.375,0.000,,0.3888888888888889
شصدف,تکنیکال-psar,100,0.380,0.000,,0.38461538461538464
شصدف,تکنیکال-trendflow,98,0.367,0.000,,0.37254901960784315
شصدف,تکنیکال-super,34,0.353,0.000,,0.3684210526315789
شصدف,تکنیکال-donch,43,0.326,0.000,,0.3404255319148936
شصدف,تکنیکال-ichi,45,0.289,0.000,,0.30612244897959184
شصفها,تکنیکال-rsi,21,0.667,0.000,,0.64
شصفها,تکنیکال-psar,66,0.591,0.000,,0.5857142857142857
شصفها,تکنیکال-boll,22,0.545,0.000,,0.5384615384615384
شصفها,تکنیکال-flow_bp,58,0.534,0.000,,0.532258064516129
شصفها,تکنیکال-sma,15,0.533,0.000,,0.5263157894736842
شصفها,تکنیکال-super,21,0.524,0.000,,0.52
شصفها,تکنیکال-volbrk,25,0.520,0.000,,0.5172413793103449
شصفها,تکنیکال-adx,46,0.500,0.000,,0.5
شصفها,تکنیکال-fibo,4,0.500,0.000,,0.5
شصفها,تکنیکال-stoch,49,0.490,0.000,,0.49056603773584906
شصفها,تکنیکال-obv,40,0.475,0.000,,0.4772727272727273
شصفها,تکنیکال-donch,28,0.464,0.000,,0.46875
شصفها,تکنیکال-macd,59,0.458,0.000,,0.4603174603174603
شصفها,تکنیکال-flow_net,68,0.426,0.000,,0.4305555555555556
شصفها,تکنیکال-ichi,21,0.381,0.000,,0.4
شصفها,تکنیکال-trendflow,29,0.379,0.000,,0.3939393939393939
شغدیر,تکنیکال-ichi,19,0.632,0.000,,0.6086956521739131
شغدیر,تکنیکال-rsi,13,0.615,0.000,,0.5882352941176471
شغدیر,تکنیکال-donch,25,0.600,0.000,,0.5862068965517241
شغدیر,تکنیکال-super,15,0.600,0.000,,0.5789473684210527
شغدیر,تکنیکال-sma,14,0.571,0.000,,0.5555555555555556
شغدیر,تکنیکال-flow_net,115,0.478,0.000,,0.4789915966386555
شغدیر,تکنیکال-flow_bp,67,0.478,0.000,,0.4788732394366197
شغدیر,تکنیکال-boll,34,0.441,0.000,,0.4473684210526316
شغدیر,تکنیکال-volbrk,39,0.436,0.000,,0.4418604651162791
شغدیر,تکنیکال-stoch,52,0.423,0.000,,0.42857142857142855
شغدیر,تکنیکال-trendflow,44,0.409,0.000,,0.4166666666666667
شغدیر,تکنیکال-obv,51,0.392,0.000,,0.4
شغدیر,تکنیکال-adx,43,0.372,0.000,,0.3829787234042553
شغدیر,تکنیکال-psar,89,0.371,0.000,,0.3763440860215054
شغدیر,تکنیکال-macd,80,0.362,0.000,,0.36904761904761907
شغدیر,تکنیکال-fibo,11,0.273,0.000,,0.3333333333333333
شفا,تکنیکال-stoch,50,0.680,0.000,,0.6666666666666666
شفا,تکنیکال-fibo,10,0.700,0.000,,0.6428571428571429
شفا,تکنیکال-rsi,24,0.625,0.000,,0.6071428571428571
شفا,تکنیکال-boll,29,0.586,0.000,,0.5757575757575758
شفا,تکنیکال-macd,50,0.580,0.000,,0.5740740740740741
شفا,تکنیکال-sma,23,0.565,0.000,,0.5555555555555556
شفا,تکنیکال-flow_bp,96,0.542,0.000,,0.54
شفا,تکنیکال-donch,28,0.500,0.000,,0.5
شفا,تکنیکال-psar,89,0.494,0.000,,0.4946236559139785
شفا,تکنیکال-volbrk,39,0.487,0.000,,0.4883720930232558
شفا,تکنیکال-ichi,28,0.464,0.000,,0.46875
شفا,تکنیکال-trendflow,60,0.467,0.000,,0.46875
شفا,تکنیکال-obv,50,0.460,0.000,,0.46296296296296297
شفا,تکنیکال-flow_net,126,0.444,0.000,,0.4461538461538462
شفا,تکنیکال-adx,57,0.439,0.000,,0.4426229508196721
شفا,تکنیکال-super,26,0.423,0.000,,0.43333333333333335
شفارا,تکنیکال-trendflow,40,0.675,0.000,,0.6590909090909091
شفارا,تکنیکال-ichi,23,0.652,0.000,,0.6296296296296297
شفارا,تکنیکال-stoch,68,0.544,0.000,,0.5416666666666666
شفارا,تکنیکال-flow_bp,73,0.534,0.000,,0.5324675324675324
شفارا,تکنیکال-donch,30,0.533,0.000,,0.5294117647058824
شفارا,تکنیکال-volbrk,41,0.512,0.000,,0.5111111111111111
شفارا,تکنیکال-boll,24,0.500,0.000,,0.5
شفارا,تکنیکال-sma,20,0.500,0.000,,0.5
شفارا,تکنیکال-super,26,0.500,0.000,,0.5
شفارا,تکنیکال-obv,48,0.479,0.000,,0.4807692307692308
شفارا,تکنیکال-adx,42,0.476,0.000,,0.4782608695652174
شفارا,تکنیکال-psar,92,0.467,0.000,,0.46875
شفارا,تکنیکال-macd,56,0.464,0.000,,0.4666666666666667
شفارا,تکنیکال-rsi,22,0.455,0.000,,0.46153846153846156
شفارا,تکنیکال-flow_net,66,0.455,0.000,,0.45714285714285713
شفارا,تکنیکال-fibo,7,0.286,0.000,,0.36363636363636365
شفارس,تکنیکال-flow_bp,51,0.529,0.000,,0.5272727272727272
شفارس,تکنیکال-stoch,76,0.526,0.000,,0.525
شفارس,تکنیکال-ichi,25,0.520,0.000,,0.5172413793103449
شفارس,تکنیکال-boll,49,0.510,0.000,,0.5094339622641509
شفارس,تکنیکال-donch,34,0.500,0.000,,0.5
شفارس,تکنیکال-flow_net,66,0.500,0.000,,0.5
شفارس,تکنیکال-obv,73,0.493,0.000,,0.4935064935064935
شفارس,تکنیکال-macd,56,0.464,0.000,,0.4666666666666667
شفارس,تکنیکال-fibo,5,0.400,0.000,,0.4444444444444444
شفارس,تکنیکال-volbrk,42,0.429,0.000,,0.43478260869565216
شفارس,تکنیکال-psar,96,0.417,0.000,,0.42
شفارس,تکنیکال-sma,25,0.400,0.000,,0.41379310344827586
شفارس,تکنیکال-adx,64,0.406,0.000,,0.4117647058823529
شفارس,تکنیکال-super,33,0.394,0.000,,0.40540540540540543
شفارس,تکنیکال-trendflow,35,0.371,0.000,,0.38461538461538464
شفارس,تکنیکال-rsi,30,0.333,0.000,,0.35294117647058826
شفام,تکنیکال-sma,5,0.800,0.000,,0.6666666666666666
شفام,تکنیکال-ichi,4,0.750,0.000,,0.625
شفام,تکنیکال-trendflow,17,0.647,0.000,,0.6190476190476191
شفام,تکنیکال-donch,6,0.667,0.000,,0.6
شفام,تکنیکال-super,6,0.667,0.000,,0.6
شفام,تکنیکال-flow_net,20,0.600,0.000,,0.5833333333333334
شفام,تکنیکال-psar,28,0.536,0.000,,0.53125
شفام,تکنیکال-flow_bp,48,0.521,0.000,,0.5192307692307693
شفام,تکنیکال-boll,8,0.500,0.000,,0.5
شفام,تکنیکال-fibo,0,,0.000,,0.5
شفام,تکنیکال-rsi,10,0.500,0.000,,0.5
شفام,تکنیکال-obv,16,0.438,0.000,,0.45
شفام,تکنیکال-macd,20,0.400,0.000,,0.4166666666666667
شفام,تکنیکال-stoch,18,0.389,0.000,,0.4090909090909091
شفام,تکنیکال-adx,16,0.375,0.000,,0.4
شفام,تکنیکال-volbrk,12,0.333,0.000,,0.375
شفن,تکنیکال-fibo,10,0.600,0.000,,0.5714285714285714
شفن,تکنیکال-stoch,55,0.527,0.000,,0.5254237288135594
شفن,تکنیکال-volbrk,39,0.513,0.000,,0.5116279069767442
شفن,تکنیکال-flow_net,114,0.509,0.000,,0.5084745762711864
شفن,تکنیکال-macd,70,0.500,0.000,,0.5
شفن,تکنیکال-super,30,0.500,0.000,,0.5
شفن,تکنیکال-boll,35,0.486,0.000,,0.48717948717948717
شفن,تکنیکال-donch,31,0.484,0.000,,0.4857142857142857
شفن,تکنیکال-sma,23,0.478,0.000,,0.48148148148148145
شفن,تکنیکال-trendflow,34,0.471,0.000,,0.47368421052631576
شفن,تکنیکال-ichi,26,0.462,0.000,,0.4666666666666667
شفن,تکنیکال-rsi,24,0.458,0.000,,0.4642857142857143
شفن,تکنیکال-psar,91,0.440,0.000,,0.4421052631578947
شفن,تکنیکال-flow_bp,53,0.434,0.000,,0.43859649122807015
شفن,تکنیکال-obv,59,0.424,0.000,,0.42857142857142855
شفن,تکنیکال-adx,61,0.377,0.000,,0.38461538461538464
شلرد,تکنیکال-rsi,20,0.650,0.000,,0.625
شلرد,تکنیکال-boll,25,0.600,0.000,,0.5862068965517241
شلرد,تکنیکال-flow_net,65,0.569,0.000,,0.5652173913043478
شلرد,تکنیکال-adx,58,0.552,0.000,,0.5483870967741935
شلرد,تکنیکال-fibo,20,0.550,0.000,,0.5416666666666666
شلرد,تکنیکال-stoch,63,0.540,0.000,,0.5373134328358209
شلرد,تکنیکال-flow_bp,45,0.533,0.000,,0.5306122448979592
شلرد,تکنیکال-volbrk,30,0.533,0.000,,0.5294117647058824
شلرد,تکنیکال-donch,38,0.526,0.000,,0.5238095238095238
شلرد,تکنیکال-psar,77,0.468,0.000,,0.4691358024691358
شلرد,تکنیکال-trendflow,39,0.462,0.000,,0.46511627906976744
شلرد,تکنیکال-macd,54,0.444,0.000,,0.4482758620689655
شلرد,تکنیکال-sma,22,0.409,0.000,,0.4230769230769231
شلرد,تکنیکال-ichi,30,0.400,0.000,,0.4117647058823529
شلرد,تکنیکال-super,40,0.400,0.000,,0.4090909090909091
شلرد,تکنیکال-obv,58,0.362,0.000,,0.3709677419354839
شلعاب,تکنیکال-flow_bp,31,0.581,0.000,,0.5714285714285714
شلعاب,تکنیکال-trendflow,29,0.552,0.000,,0.5454545454545454
شلعاب,تکنیکال-ichi,24,0.542,0.000,,0.5357142857142857
شلعاب,تکنیکال-boll,26,0.538,0.000,,0.5333333333333333
شلعاب,تکنیکال-stoch,48,0.521,0.000,,0.5192307692307693
شلعاب,تکنیکال-flow_net,50,0.500,0.000,,0.5
شلعاب,تکنیکال-super,25,0.480,0.000,,0.4827586206896552
شلعاب,تکنیکال-volbrk,34,0.471,0.000,,0.47368421052631576
شلعاب,تکنیکال-adx,37,0.459,0.000,,0.4634146341463415
شلعاب,تکنیکال-donch,28,0.429,0.000,,0.4375
شلعاب,تکنیکال-psar,79,0.405,0.000,,0.40963855421686746
شلعاب,تکنیکال-macd,53,0.377,0.000,,0.38596491228070173
شلعاب,تکنیکال-obv,61,0.377,0.000,,0.38461538461538464
شلعاب,تکنیکال-fibo,12,0.333,0.000,,0.375
شلعاب,تکنیکال-sma,19,0.316,0.000,,0.34782608695652173
شلعاب,تکنیکال-rsi,20,0.300,0.000,,0.3333333333333333
شلیا,تکنیکال-volbrk,23,0.652,0.000,,0.6296296296296297
شلیا,تکنیکال-flow_bp,49,0.592,0.000,,0.5849056603773585
شلیا,تکنیکال-psar,61,0.574,0.000,,0.5692307692307692
شلیا,تکنیکال-stoch,33,0.576,0.000,,0.5675675675675675
شلیا,تکنیکال-macd,38,0.553,0.000,,0.5476190476190477
شلیا,تکنیکال-trendflow,42,0.548,0.000,,0.5434782608695652
شلیا,تکنیکال-donch,24,0.542,0.000,,0.5357142857142857
شلیا,تکنیکال-ichi,18,0.500,0.000,,0.5
شلیا,تکنیکال-rsi,13,0.462,0.000,,0.47058823529411764
شلیا,تکنیکال-adx,28,0.464,0.000,,0.46875
شلیا,تکنیکال-boll,18,0.444,0.000,,0.45454545454545453
شلیا,تکنیکال-super,18,0.444,0.000,,0.45454545454545453
شلیا,تکنیکال-obv,38,0.421,0.000,,0.42857142857142855
شلیا,تکنیکال-flow_net,32,0.375,0.000,,0.3888888888888889
شلیا,تکنیکال-sma,14,0.357,0.000,,0.3888888888888889
شلیا,تکنیکال-fibo,8,0.250,0.000,,0.3333333333333333
شمس,تکنیکال-adx,1,1.000,0.000,,0.6
شمس,تکنیکال-sma,1,1.000,0.000,,0.6
شمس,تکنیکال-stoch,1,1.000,0.000,,0.6
شمس,تکنیکال-trendflow,11,0.636,0.000,,0.6
شمس,تکنیکال-boll,0,,0.000,,0.5
شمس,تکنیکال-donch,2,0.500,0.000,,0.5
شمس,تکنیکال-fibo,0,,0.000,,0.5
شمس,تکنیکال-flow_bp,18,0.500,0.000,,0.5
شمس,تکنیکال-flow_net,10,0.500,0.000,,0.5
شمس,تکنیکال-rsi,0,,0.000,,0.5
شمس,تکنیکال-volbrk,2,0.500,0.000,,0.5
شمس,تکنیکال-obv,3,0.333,0.000,,0.42857142857142855
شمس,تکنیکال-ichi,4,0.250,0.000,,0.375
شمس,تکنیکال-macd,4,0.250,0.000,,0.375
شمس,تکنیکال-psar,8,0.250,0.000,,0.3333333333333333
شمس,تکنیکال-super,5,0.200,0.000,,0.3333333333333333
شملی,تکنیکال-volbrk,15,0.667,0.000,,0.631578947368421
شملی,تکنیکال-macd,26,0.577,0.000,,0.5666666666666667
شملی,تکنیکال-obv,19,0.579,0.000,,0.5652173913043478
شملی,تکنیکال-super,15,0.533,0.000,,0.5263157894736842
شملی,تکنیکال-boll,17,0.529,0.000,,0.5238095238095238
شملی,تکنیکال-donch,17,0.529,0.000,,0.5238095238095238
شملی,تکنیکال-rsi,17,0.529,0.000,,0.5238095238095238
شملی,تکنیکال-adx,23,0.522,0.000,,0.5185185185185185
شملی,تکنیکال-fibo,6,0.500,0.000,,0.5
شملی,تکنیکال-sma,10,0.500,0.000,,0.5
شملی,تکنیکال-flow_bp,47,0.489,0.000,,0.49019607843137253
شملی,تکنیکال-stoch,31,0.484,0.000,,0.4857142857142857
شملی,تکنیکال-flow_net,52,0.481,0.000,,0.48214285714285715
شملی,تکنیکال-ichi,15,0.467,0.000,,0.47368421052631576
شملی,تکنیکال-trendflow,15,0.467,0.000,,0.47368421052631576
شملی,تکنیکال-psar,43,0.465,0.000,,0.46808510638297873
شمواد,تکنیکال-donch,31,0.581,0.000,,0.5714285714285714
شمواد,تکنیکال-stoch,47,0.574,0.000,,0.5686274509803921
شمواد,تکنیکال-flow_net,39,0.564,0.000,,0.5581395348837209
شمواد,تکنیکال-fibo,14,0.571,0.000,,0.5555555555555556
شمواد,تکنیکال-volbrk,29,0.552,0.000,,0.5454545454545454
شمواد,تکنیکال-macd,52,0.519,0.000,,0.5178571428571429
شمواد,تکنیکال-obv,39,0.513,0.000,,0.5116279069767442
شمواد,تکنیکال-boll,18,0.500,0.000,,0.5
شمواد,تکنیکال-adx,41,0.488,0.000,,0.4888888888888889
شمواد,تکنیکال-rsi,17,0.471,0.000,,0.47619047619047616
شمواد,تکنیکال-flow_bp,60,0.467,0.000,,0.46875
شمواد,تکنیکال-super,29,0.448,0.000,,0.45454545454545453
شمواد,تکنیکال-psar,74,0.432,0.000,,0.4358974358974359
شمواد,تکنیکال-trendflow,59,0.373,0.000,,0.38095238095238093
شمواد,تکنیکال-sma,18,0.278,0.000,,0.3181818181818182
شمواد,تکنیکال-ichi,35,0.286,0.000,,0.3076923076923077
شنفت,تکنیکال-trendflow,34,0.647,0.000,,0.631578947368421
شنفت,تکنیکال-obv,37,0.595,0.000,,0.5853658536585366
شنفت,تکنیکال-donch,20,0.600,0.000,,0.5833333333333334
شنفت,تکنیکال-fibo,3,0.667,0.000,,0.5714285714285714
شنفت,تکنیکال-ichi,32,0.562,0.000,,0.5555555555555556
شنفت,تکنیکال-rsi,23,0.565,0.000,,0.5555555555555556
شنفت,تکنیکال-flow_bp,71,0.549,0.000,,0.5466666666666666
شنفت,تکنیکال-adx,46,0.543,0.000,,0.54
شنفت,تکنیکال-boll,22,0.545,0.000,,0.5384615384615384
شنفت,تکنیکال-super,22,0.500,0.000,,0.5
شنفت,تکنیکال-macd,57,0.474,0.000,,0.47540983606557374
شنفت,تکنیکال-psar,97,0.474,0.000,,0.4752475247524752
شنفت,تکنیکال-flow_net,91,0.473,0.000,,0.47368421052631576
شنفت,تکنیکال-sma,18,0.444,0.000,,0.45454545454545453
شنفت,تکنیکال-volbrk,43,0.442,0.000,,0.44680851063829785
شنفت,تکنیکال-stoch,23,0.391,0.000,,0.4074074074074074
شهر,تکنیکال-rsi,8,0.750,0.000,,0.6666666666666666
شهر,تکنیکال-boll,10,0.600,0.000,,0.5714285714285714
شهر,تکنیکال-flow_bp,95,0.505,0.000,,0.5050505050505051
شهر,تکنیکال-macd,28,0.500,0.000,,0.5
شهر,تکنیکال-super,14,0.500,0.000,,0.5
شهر,تکنیکال-adx,25,0.480,0.000,,0.4827586206896552
شهر,تکنیکال-stoch,25,0.480,0.000,,0.4827586206896552
شهر,تکنیکال-psar,44,0.477,0.000,,0.4791666666666667
شهر,تکنیکال-flow_net,38,0.447,0.000,,0.4523809523809524
شهر,تکنیکال-donch,15,0.400,0.000,,0.42105263157894735
شهر,تکنیکال-volbrk,25,0.400,0.000,,0.41379310344827586
شهر,تکنیکال-ichi,21,0.333,0.000,,0.36
شهر,تکنیکال-fibo,5,0.200,0.000,,0.3333333333333333
شهر,تکنیکال-trendflow,53,0.321,0.000,,0.3333333333333333
شهر,تکنیکال-obv,37,0.297,0.000,,0.3170731707317073
شهر,تکنیکال-sma,13,0.231,0.000,,0.29411764705882354
شوینده,تکنیکال-boll,37,0.622,0.000,,0.6097560975609756
شوینده,تکنیکال-sma,18,0.556,0.000,,0.5454545454545454
شوینده,تکنیکال-fibo,15,0.533,0.000,,0.5263157894736842
شوینده,تکنیکال-super,31,0.516,0.000,,0.5142857142857142
شوینده,تکنیکال-volbrk,47,0.511,0.000,,0.5098039215686274
شوینده,تکنیکال-stoch,65,0.508,0.000,,0.5072463768115942
شوینده,تکنیکال-donch,34,0.500,0.000,,0.5
شوینده,تکنیکال-macd,70,0.471,0.000,,0.47297297297297297
شوینده,تکنیکال-rsi,20,0.450,0.000,,0.4583333333333333
شوینده,تکنیکال-flow_bp,98,0.449,0.000,,0.45098039215686275
شوینده,تکنیکال-psar,105,0.448,0.000,,0.44954128440366975
شوینده,تکنیکال-obv,63,0.444,0.000,,0.44776119402985076
شوینده,تکنیکال-adx,48,0.438,0.000,,0.4423076923076923
شوینده,تکنیکال-flow_net,119,0.437,0.000,,0.43902439024390244
شوینده,تکنیکال-ichi,30,0.400,0.000,,0.4117647058823529
شوینده,تکنیکال-trendflow,55,0.382,0.000,,0.3898305084745763
شپارس,تکنیکال-stoch,54,0.593,0.000,,0.5862068965517241
شپارس,تکنیکال-adx,48,0.562,0.000,,0.5576923076923077
شپارس,تکنیکال-boll,34,0.559,0.000,,0.5526315789473685
شپارس,تکنیکال-volbrk,46,0.500,0.000,,0.5
شپارس,تکنیکال-flow_bp,51,0.490,0.000,,0.4909090909090909
شپارس,تکنیکال-macd,68,0.485,0.000,,0.4861111111111111
شپارس,تکنیکال-psar,92,0.478,0.000,,0.4791666666666667
شپارس,تکنیکال-flow_net,67,0.478,0.000,,0.4788732394366197
شپارس,تکنیکال-fibo,13,0.462,0.000,,0.47058823529411764
شپارس,تکنیکال-rsi,30,0.467,0.000,,0.47058823529411764
شپارس,تکنیکال-sma,21,0.429,0.000,,0.44
شپارس,تکنیکال-ichi,26,0.423,0.000,,0.43333333333333335
شپارس,تکنیکال-donch,33,0.424,0.000,,0.43243243243243246
شپارس,تکنیکال-super,29,0.414,0.000,,0.42424242424242425
شپارس,تکنیکال-trendflow,37,0.405,0.000,,0.4146341463414634
شپارس,تکنیکال-obv,59,0.390,0.000,,0.3968253968253968
شپاس,تکنیکال-stoch,52,0.558,0.000,,0.5535714285714286
شپاس,تکنیکال-boll,36,0.556,0.000,,0.55
شپاس,تکنیکال-trendflow,55,0.527,0.000,,0.5254237288135594
شپاس,تکنیکال-obv,53,0.509,0.000,,0.5087719298245614
شپاس,تکنیکال-super,23,0.478,0.000,,0.48148148148148145
شپاس,تکنیکال-adx,48,0.458,0.000,,0.46153846153846156
شپاس,تکنیکال-donch,33,0.455,0.000,,0.4594594594594595
شپاس,تکنیکال-sma,20,0.450,0.000,,0.4583333333333333
شپاس,تکنیکال-flow_net,104,0.452,0.000,,0.4537037037037037
شپاس,تکنیکال-flow_bp,81,0.444,0.000,,0.4470588235294118
شپاس,تکنیکال-volbrk,41,0.439,0.000,,0.4444444444444444
شپاس,تکنیکال-ichi,39,0.436,0.000,,0.4418604651162791
شپاس,تکنیکال-macd,66,0.409,0.000,,0.4142857142857143
شپاس,تکنیکال-psar,99,0.384,0.000,,0.3883495145631068
شپاس,تکنیکال-rsi,27,0.370,0.000,,0.3870967741935484
شپاس,تکنیکال-fibo,8,0.250,0.000,,0.3333333333333333
شپاکسا,تکنیکال-rsi,20,0.600,0.000,,0.5833333333333334
شپاکسا,تکنیکال-volbrk,38,0.579,0.000,,0.5714285714285714
شپاکسا,تکنیکال-flow_net,90,0.533,0.000,,0.5319148936170213
شپاکسا,تکنیکال-adx,62,0.532,0.000,,0.5303030303030303
شپاکسا,تکنیکال-donch,33,0.515,0.000,,0.5135135135135135
شپاکسا,تکنیکال-fibo,10,0.500,0.000,,0.5
شپاکسا,تکنیکال-ichi,26,0.500,0.000,,0.5
شپاکسا,تکنیکال-super,30,0.467,0.000,,0.47058823529411764
شپاکسا,تکنیکال-stoch,60,0.467,0.000,,0.46875
شپاکسا,تکنیکال-boll,35,0.457,0.000,,0.46153846153846156
شپاکسا,تکنیکال-trendflow,39,0.436,0.000,,0.4418604651162791
شپاکسا,تکنیکال-sma,27,0.407,0.000,,0.41935483870967744
شپاکسا,تکنیکال-flow_bp,78,0.410,0.000,,0.4146341463414634
شپاکسا,تکنیکال-macd,66,0.379,0.000,,0.38571428571428573
شپاکسا,تکنیکال-psar,97,0.351,0.000,,0.3564356435643564
شپاکسا,تکنیکال-obv,8,0.250,0.000,,0.3333333333333333
شپترو,تکنیکال-ichi,21,0.619,0.000,,0.6
شپترو,تکنیکال-super,30,0.600,0.000,,0.5882352941176471
شپترو,تکنیکال-adx,44,0.591,0.000,,0.5833333333333334
شپترو,تکنیکال-macd,50,0.580,0.000,,0.5740740740740741
شپترو,تکنیکال-boll,40,0.575,0.000,,0.5681818181818182
شپترو,تکنیکال-obv,51,0.529,0.000,,0.5272727272727272
شپترو,تکنیکال-donch,36,0.528,0.000,,0.525
شپترو,تکنیکال-volbrk,38,0.526,0.000,,0.5238095238095238
شپترو,تکنیکال-flow_net,72,0.500,0.000,,0.5
شپترو,تکنیکال-trendflow,39,0.487,0.000,,0.4883720930232558
شپترو,تکنیکال-flow_bp,70,0.486,0.000,,0.4864864864864865
شپترو,تکنیکال-stoch,75,0.480,0.000,,0.4810126582278481
شپترو,تکنیکال-psar,94,0.479,0.000,,0.47959183673469385
شپترو,تکنیکال-sma,27,0.444,0.000,,0.45161290322580644
شپترو,تکنیکال-fibo,12,0.333,0.000,,0.375
شپترو,تکنیکال-rsi,40,0.350,0.000,,0.36363636363636365
شپدیس,تکنیکال-rsi,17,0.647,0.000,,0.6190476190476191
شپدیس,تکنیکال-stoch,58,0.569,0.000,,0.5645161290322581
شپدیس,تکنیکال-fibo,9,0.556,0.000,,0.5384615384615384
شپدیس,تکنیکال-flow_net,116,0.526,0.000,,0.525
شپدیس,تکنیکال-boll,28,0.464,0.000,,0.46875
شپدیس,تکنیکال-sma,16,0.438,0.000,,0.45
شپدیس,تکنیکال-super,33,0.424,0.000,,0.43243243243243246
شپدیس,تکنیکال-flow_bp,36,0.417,0.000,,0.425
شپدیس,تکنیکال-psar,89,0.404,0.000,,0.40860215053763443
شپدیس,تکنیکال-macd,73,0.397,0.000,,0.4025974025974026
شپدیس,تکنیکال-adx,51,0.353,0.000,,0.36363636363636365
شپدیس,تکنیکال-donch,35,0.343,0.000,,0.358974358974359
شپدیس,تکنیکال-obv,66,0.333,0.000,,0.34285714285714286
شپدیس,تکنیکال-volbrk,42,0.310,0.000,,0.32608695652173914
شپدیس,تکنیکال-trendflow,49,0.306,0.000,,0.32075471698113206
شپدیس,تکنیکال-ichi,38,0.263,0.000,,0.2857142857142857
شپلی,تکنیکال-flow_bp,38,0.605,0.000,,0.5952380952380952
شپلی,تکنیکال-trendflow,47,0.596,0.000,,0.5882352941176471
شپلی,تکنیکال-boll,27,0.556,0.000,,0.5483870967741935
شپلی,تکنیکال-stoch,74,0.541,0.000,,0.5384615384615384
شپلی,تکنیکال-sma,15,0.533,0.000,,0.5263157894736842
شپلی,تکنیکال-macd,68,0.515,0.000,,0.5138888888888888
شپلی,تکنیکال-fibo,6,0.500,0.000,,0.5
شپلی,تکنیکال-flow_net,48,0.500,0.000,,0.5
شپلی,تکنیکال-ichi,27,0.481,0.000,,0.4838709677419355
شپلی,تکنیکال-rsi,24,0.458,0.000,,0.4642857142857143
شپلی,تکنیکال-obv,61,0.459,0.000,,0.46153846153846156
شپلی,تکنیکال-super,35,0.457,0.000,,0.46153846153846156
شپلی,تکنیکال-adx,51,0.451,0.000,,0.45454545454545453
شپلی,تکنیکال-volbrk,45,0.444,0.000,,0.4489795918367347
شپلی,تکنیکال-psar,86,0.442,0.000,,0.4444444444444444
شپلی,تکنیکال-donch,40,0.425,0.000,,0.4318181818181818
شپنا,تکنیکال-boll,28,0.679,0.000,,0.65625
شپنا,تکنیکال-donch,39,0.538,0.000,,0.5348837209302325
شپنا,تکنیکال-volbrk,43,0.535,0.000,,0.5319148936170213
شپنا,تکنیکال-stoch,58,0.517,0.000,,0.5161290322580645
شپنا,تکنیکال-rsi,26,0.500,0.000,,0.5
شپنا,تکنیکال-sma,21,0.476,0.000,,0.48
شپنا,تکنیکال-macd,83,0.446,0.000,,0.4482758620689655
شپنا,تکنیکال-psar,92,0.446,0.000,,0.4479166666666667
شپنا,تکنیکال-super,34,0.441,0.000,,0.4473684210526316
شپنا,تکنیکال-flow_net,91,0.440,0.000,,0.4421052631578947
شپنا,تکنیکال-flow_bp,64,0.406,0.000,,0.4117647058823529
شپنا,تکنیکال-trendflow,52,0.404,0.000,,0.4107142857142857
شپنا,تکنیکال-obv,67,0.373,0.000,,0.38028169014084506
شپنا,تکنیکال-adx,48,0.354,0.000,,0.36538461538461536
شپنا,تکنیکال-fibo,10,0.300,0.000,,0.35714285714285715
شپنا,تکنیکال-ichi,49,0.327,0.000,,0.33962264150943394
شکام,تکنیکال-ichi,13,0.692,0.000,,0.6470588235294118
شکام,تکنیکال-donch,16,0.625,0.000,,0.6
شکام,تکنیکال-trendflow,23,0.565,0.000,,0.5555555555555556
شکام,تکنیکال-stoch,34,0.529,0.000,,0.5263157894736842
شکام,تکنیکال-boll,20,0.500,0.000,,0.5
شکام,تکنیکال-macd,43,0.488,0.000,,0.48936170212765956
شکام,تکنیکال-psar,62,0.484,0.000,,0.48484848484848486
شکام,تکنیکال-flow_bp,44,0.477,0.000,,0.4791666666666667
شکام,تکنیکال-volbrk,19,0.474,0.000,,0.4782608695652174
شکام,تکنیکال-obv,35,0.457,0.000,,0.46153846153846156
شکام,تکنیکال-adx,26,0.423,0.000,,0.43333333333333335
شکام,تکنیکال-super,22,0.409,0.000,,0.4230769230769231
شکام,تکنیکال-sma,15,0.400,0.000,,0.42105263157894735
شکام,تکنیکال-flow_net,62,0.387,0.000,,0.3939393939393939
شکام,تکنیکال-rsi,14,0.357,0.000,,0.3888888888888889
شکام,تکنیکال-fibo,8,0.250,0.000,,0.3333333333333333
شکبیر,تکنیکال-volbrk,22,0.773,0.000,,0.7307692307692307
شکبیر,تکنیکال-sma,13,0.769,0.000,,0.7058823529411765
شکبیر,تکنیکال-donch,17,0.647,0.000,,0.6190476190476191
شکبیر,تکنیکال-super,17,0.647,0.000,,0.6190476190476191
شکبیر,تکنیکال-macd,47,0.574,0.000,,0.5686274509803921
شکبیر,تکنیکال-trendflow,51,0.569,0.000,,0.5636363636363636
شکبیر,تکنیکال-adx,36,0.556,0.000,,0.55
شکبیر,تکنیکال-ichi,18,0.556,0.000,,0.5454545454545454
شکبیر,تکنیکال-obv,25,0.520,0.000,,0.5172413793103449
شکبیر,تکنیکال-rsi,14,0.500,0.000,,0.5
شکبیر,تکنیکال-stoch,22,0.500,0.000,,0.5
شکبیر,تکنیکال-psar,89,0.483,0.000,,0.4838709677419355
شکبیر,تکنیکال-flow_bp,82,0.463,0.000,,0.46511627906976744
شکبیر,تکنیکال-flow_net,97,0.454,0.000,,0.45544554455445546
شکبیر,تکنیکال-boll,20,0.300,0.000,,0.3333333333333333
شکبیر,تکنیکال-fibo,3,0.000,0.000,,0.2857142857142857
شکربن,تکنیکال-rsi,16,0.625,0.000,,0.6
شکربن,تکنیکال-stoch,64,0.547,0.000,,0.5441176470588235
شکربن,تکنیکال-flow_net,90,0.522,0.000,,0.5212765957446809
شکربن,تکنیکال-flow_bp,69,0.507,0.000,,0.5068493150684932
شکربن,تکنیکال-sma,26,0.500,0.000,,0.5
شکربن,تکنیکال-donch,31,0.484,0.000,,0.4857142857142857
شکربن,تکنیکال-super,28,0.464,0.000,,0.46875
شکربن,تکنیکال-boll,37,0.459,0.000,,0.4634146341463415
شکربن,تکنیکال-macd,81,0.457,0.000,,0.4588235294117647
شکربن,تکنیکال-adx,51,0.451,0.000,,0.45454545454545453
شکربن,تکنیکال-fibo,16,0.438,0.000,,0.45
شکربن,تکنیکال-volbrk,38,0.421,0.000,,0.42857142857142855
شکربن,تکنیکال-psar,99,0.384,0.000,,0.3883495145631068
شکربن,تکنیکال-obv,81,0.370,0.000,,0.3764705882352941
شکربن,تکنیکال-ichi,39,0.359,0.000,,0.37209302325581395
شکربن,تکنیکال-trendflow,64,0.344,0.000,,0.35294117647058826
شکلر,تکنیکال-ichi,28,0.679,0.000,,0.65625
شکلر,تکنیکال-boll,31,0.613,0.000,,0.6
شکلر,تکنیکال-flow_bp,58,0.603,0.000,,0.5967741935483871
شکلر,تکنیکال-donch,37,0.595,0.000,,0.5853658536585366
شکلر,تکنیکال-sma,21,0.524,0.000,,0.52
شکلر,تکنیکال-obv,58,0.517,0.000,,0.5161290322580645
شکلر,تکنیکال-macd,68,0.515,0.000,,0.5138888888888888
شکلر,تکنیکال-super,33,0.515,0.000,,0.5135135135135135
شکلر,تکنیکال-flow_net,82,0.512,0.000,,0.5116279069767442
شکلر,تکنیکال-adx,54,0.500,0.000,,0.5
شکلر,تکنیکال-fibo,14,0.500,0.000,,0.5
شکلر,تکنیکال-rsi,22,0.500,0.000,,0.5
شکلر,تکنیکال-trendflow,48,0.500,0.000,,0.5
شکلر,تکنیکال-volbrk,50,0.480,0.000,,0.48148148148148145
شکلر,تکنیکال-stoch,64,0.453,0.000,,0.45588235294117646
شکلر,تکنیکال-psar,103,0.417,0.000,,0.4205607476635514
شگامرن,تکنیکال-rsi,5,0.600,0.000,,0.5555555555555556
شگامرن,تکنیکال-sma,13,0.538,0.000,,0.5294117647058824
شگامرن,تکنیکال-boll,17,0.529,0.000,,0.5238095238095238
شگامرن,تکنیکال-flow_bp,52,0.481,0.000,,0.48214285714285715
شگامرن,تکنیکال-macd,36,0.472,0.000,,0.475
شگامرن,تکنیکال-flow_net,31,0.452,0.000,,0.45714285714285713
شگامرن,تکنیکال-psar,51,0.412,0.000,,0.41818181818181815
شگامرن,تکنیکال-trendflow,40,0.400,0.000,,0.4090909090909091
شگامرن,تکنیکال-stoch,23,0.391,0.000,,0.4074074074074074
شگامرن,تکنیکال-adx,24,0.375,0.000,,0.39285714285714285
شگامرن,تکنیکال-donch,22,0.364,0.000,,0.38461538461538464
شگامرن,تکنیکال-obv,30,0.367,0.000,,0.38235294117647056
شگامرن,تکنیکال-ichi,23,0.348,0.000,,0.37037037037037035
شگامرن,تکنیکال-volbrk,18,0.333,0.000,,0.36363636363636365
شگامرن,تکنیکال-super,20,0.300,0.000,,0.3333333333333333
شگامرن,تکنیکال-fibo,3,0.000,0.000,,0.2857142857142857
شگستر,تکنیکال-sma,5,0.800,0.000,,0.6666666666666666
شگستر,تکنیکال-donch,7,0.714,0.000,,0.6363636363636364
شگستر,تکنیکال-super,7,0.714,0.000,,0.6363636363636364
شگستر,تکنیکال-volbrk,7,0.714,0.000,,0.6363636363636364
شگستر,تکنیکال-rsi,4,0.750,0.000,,0.625
شگستر,تکنیکال-ichi,7,0.571,0.000,,0.5454545454545454
شگستر,تکنیکال-stoch,18,0.556,0.000,,0.5454545454545454
شگستر,تکنیکال-macd,9,0.556,0.000,,0.5384615384615384
شگستر,تکنیکال-trendflow,9,0.556,0.000,,0.5384615384615384
شگستر,تکنیکال-fibo,6,0.500,0.000,,0.5
شگستر,تکنیکال-flow_net,34,0.471,0.000,,0.47368421052631576
شگستر,تکنیکال-obv,11,0.455,0.000,,0.4666666666666667
شگستر,تکنیکال-flow_bp,25,0.400,0.000,,0.41379310344827586
شگستر,تکنیکال-psar,25,0.400,0.000,,0.41379310344827586
شگستر,تکنیکال-boll,4,0.250,0.000,,0.375
شگستر,تکنیکال-adx,19,0.316,0.000,,0.34782608695652173
شگل,تکنیکال-donch,25,0.640,0.000,,0.6206896551724138
شگل,تکنیکال-sma,24,0.583,0.000,,0.5714285714285714
شگل,تکنیکال-rsi,28,0.571,0.000,,0.5625
شگل,تکنیکال-stoch,49,0.551,0.000,,0.5471698113207547
شگل,تکنیکال-flow_bp,78,0.526,0.000,,0.524390243902439
شگل,تکنیکال-trendflow,40,0.525,0.000,,0.5227272727272727
شگل,تکنیکال-macd,65,0.508,0.000,,0.5072463768115942
شگل,تکنیکال-boll,32,0.500,0.000,,0.5
شگل,تکنیکال-ichi,26,0.500,0.000,,0.5
شگل,تکنیکال-super,28,0.500,0.000,,0.5
شگل,تکنیکال-volbrk,40,0.500,0.000,,0.5
شگل,تکنیکال-flow_net,96,0.458,0.000,,0.46
شگل,تکنیکال-obv,55,0.455,0.000,,0.4576271186440678
شگل,تکنیکال-psar,100,0.440,0.000,,0.4423076923076923
شگل,تکنیکال-adx,60,0.383,0.000,,0.390625
شگل,تکنیکال-fibo,7,0.286,0.000,,0.36363636363636365
شگویا,تکنیکال-ichi,22,0.682,0.000,,0.6538461538461539
شگویا,تکنیکال-donch,31,0.613,0.000,,0.6
شگویا,تکنیکال-boll,30,0.533,0.000,,0.5294117647058824
شگویا,تکنیکال-volbrk,47,0.511,0.000,,0.5098039215686274
شگویا,تکنیکال-flow_bp,107,0.505,0.000,,0.5045045045045045
شگویا,تکنیکال-rsi,18,0.500,0.000,,0.5
شگویا,تکنیکال-sma,26,0.500,0.000,,0.5
شگویا,تکنیکال-super,27,0.481,0.000,,0.4838709677419355
شگویا,تکنیکال-flow_net,73,0.479,0.000,,0.4805194805194805
شگویا,تکنیکال-macd,71,0.423,0.000,,0.4266666666666667
شگویا,تکنیکال-trendflow,62,0.419,0.000,,0.42424242424242425
شگویا,تکنیکال-stoch,61,0.393,0.000,,0.4
شگویا,تکنیکال-psar,93,0.376,0.000,,0.38144329896907214
شگویا,تکنیکال-adx,47,0.340,0.000,,0.35294117647058826
شگویا,تکنیکال-obv,73,0.315,0.000,,0.3246753246753247
شگویا,تکنیکال-fibo,12,0.250,0.000,,0.3125
شیراز,تکنیکال-super,27,0.556,0.000,,0.5483870967741935
شیراز,تکنیکال-flow_net,115,0.539,0.000,,0.5378151260504201
شیراز,تکنیکال-trendflow,45,0.533,0.000,,0.5306122448979592
شیراز,تکنیکال-flow_bp,81,0.531,0.000,,0.5294117647058824
شیراز,تکنیکال-donch,29,0.517,0.000,,0.5151515151515151
شیراز,تکنیکال-stoch,43,0.512,0.000,,0.5106382978723404
شیراز,تکنیکال-fibo,8,0.500,0.000,,0.5
شیراز,تکنیکال-obv,56,0.482,0.000,,0.48333333333333334
شیراز,تکنیکال-rsi,21,0.476,0.000,,0.48
شیراز,تکنیکال-sma,18,0.444,0.000,,0.45454545454545453
شیراز,تکنیکال-volbrk,39,0.436,0.000,,0.4418604651162791
شیراز,تکنیکال-adx,55,0.436,0.000,,0.4406779661016949
شیراز,تکنیکال-macd,75,0.427,0.000,,0.43037974683544306
شیراز,تکنیکال-psar,97,0.412,0.000,,0.4158415841584158
شیراز,تکنیکال-ichi,44,0.364,0.000,,0.375
شیراز,تکنیکال-boll,30,0.333,0.000,,0.35294117647058826
شیران,تکنیکال-donch,26,0.654,0.000,,0.6333333333333333
شیران,تکنیکال-super,25,0.560,0.000,,0.5517241379310345
شیران,تکنیکال-volbrk,38,0.553,0.000,,0.5476190476190477
شیران,تکنیکال-rsi,25,0.520,0.000,,0.5172413793103449
شیران,تکنیکال-flow_net,61,0.508,0.000,,0.5076923076923077
شیران,تکنیکال-trendflow,38,0.500,0.000,,0.5
شیران,تکنیکال-adx,51,0.490,0.000,,0.4909090909090909
شیران,تکنیکال-flow_bp,47,0.489,0.000,,0.49019607843137253
شیران,تکنیکال-ichi,31,0.484,0.000,,0.4857142857142857
شیران,تکنیکال-sma,22,0.455,0.000,,0.46153846153846156
شیران,تکنیکال-obv,58,0.448,0.000,,0.45161290322580644
شیران,تکنیکال-fibo,5,0.400,0.000,,0.4444444444444444
شیران,تکنیکال-psar,91,0.429,0.000,,0.43157894736842106
شیران,تکنیکال-boll,32,0.406,0.000,,0.4166666666666667
شیران,تکنیکال-stoch,49,0.408,0.000,,0.41509433962264153
شیران,تکنیکال-macd,74,0.392,0.000,,0.3974358974358974
صبا,تکنیکال-donch,29,0.655,0.000,,0.6363636363636364
صبا,تکنیکال-super,26,0.654,0.000,,0.6333333333333333
صبا,تکنیکال-ichi,28,0.607,0.000,,0.59375
صبا,تکنیکال-obv,54,0.556,0.000,,0.5517241379310345
صبا,تکنیکال-volbrk,36,0.528,0.000,,0.525
صبا,تکنیکال-rsi,23,0.522,0.000,,0.5185185185185185
صبا,تکنیکال-flow_net,64,0.516,0.000,,0.5147058823529411
صبا,تکنیکال-macd,55,0.509,0.000,,0.5084745762711864
صبا,تکنیکال-adx,54,0.463,0.000,,0.46551724137931033
صبا,تکنیکال-flow_bp,100,0.460,0.000,,0.46153846153846156
صبا,تکنیکال-stoch,40,0.450,0.000,,0.45454545454545453
صبا,تکنیکال-psar,102,0.431,0.000,,0.4339622641509434
صبا,تکنیکال-fibo,3,0.333,0.000,,0.42857142857142855
صبا,تکنیکال-trendflow,45,0.422,0.000,,0.42857142857142855
صبا,تکنیکال-boll,30,0.400,0.000,,0.4117647058823529
صبا,تکنیکال-sma,28,0.393,0.000,,0.40625
عالیس,تکنیکال-rsi,10,0.700,0.000,,0.6428571428571429
عالیس,تکنیکال-sma,13,0.615,0.000,,0.5882352941176471
عالیس,تکنیکال-donch,17,0.588,0.000,,0.5714285714285714
عالیس,تکنیکال-super,17,0.588,0.000,,0.5714285714285714
عالیس,تکنیکال-ichi,20,0.550,0.000,,0.5416666666666666
عالیس,تکنیکال-flow_net,42,0.524,0.000,,0.5217391304347826
عالیس,تکنیکال-fibo,4,0.500,0.000,,0.5
عالیس,تکنیکال-flow_bp,96,0.500,0.000,,0.5
عالیس,تکنیکال-volbrk,20,0.500,0.000,,0.5
عالیس,تکنیکال-obv,29,0.483,0.000,,0.48484848484848486
عالیس,تکنیکال-adx,25,0.480,0.000,,0.4827586206896552
عالیس,تکنیکال-stoch,25,0.480,0.000,,0.4827586206896552
عالیس,تکنیکال-trendflow,54,0.463,0.000,,0.46551724137931033
عالیس,تکنیکال-psar,44,0.455,0.000,,0.4583333333333333
عالیس,تکنیکال-macd,29,0.414,0.000,,0.42424242424242425
عالیس,تکنیکال-boll,12,0.333,0.000,,0.375
غاذر,تکنیکال-rsi,15,0.667,0.000,,0.631578947368421
غاذر,تکنیکال-boll,24,0.583,0.000,,0.5714285714285714
غاذر,تکنیکال-stoch,58,0.534,0.000,,0.532258064516129
غاذر,تکنیکال-flow_net,66,0.500,0.000,,0.5
غاذر,تکنیکال-ichi,34,0.500,0.000,,0.5
غاذر,تکنیکال-adx,48,0.458,0.000,,0.46153846153846156
غاذر,تکنیکال-donch,32,0.438,0.000,,0.4444444444444444
غاذر,تکنیکال-super,30,0.433,0.000,,0.4411764705882353
غاذر,تکنیکال-fibo,19,0.421,0.000,,0.43478260869565216
غاذر,تکنیکال-obv,63,0.429,0.000,,0.43283582089552236
غاذر,تکنیکال-flow_bp,54,0.426,0.000,,0.43103448275862066
غاذر,تکنیکال-macd,61,0.426,0.000,,0.4307692307692308
غاذر,تکنیکال-psar,98,0.408,0.000,,0.4117647058823529
غاذر,تکنیکال-sma,21,0.381,0.000,,0.4
غاذر,تکنیکال-trendflow,44,0.386,0.000,,0.3958333333333333
غاذر,تکنیکال-volbrk,45,0.311,0.000,,0.32653061224489793
غالبر,تکنیکال-flow_net,65,0.585,0.000,,0.5797101449275363
غالبر,تکنیکال-donch,29,0.586,0.000,,0.5757575757575758
غالبر,تکنیکال-obv,59,0.525,0.000,,0.5238095238095238
غالبر,تکنیکال-psar,102,0.520,0.000,,0.5188679245283019
غالبر,تکنیکال-fibo,18,0.500,0.000,,0.5
غالبر,تکنیکال-flow_bp,46,0.500,0.000,,0.5
غالبر,تکنیکال-rsi,41,0.488,0.000,,0.4888888888888889
غالبر,تکنیکال-volbrk,35,0.486,0.000,,0.48717948717948717
غالبر,تکنیکال-macd,70,0.486,0.000,,0.4864864864864865
غالبر,تکنیکال-ichi,27,0.481,0.000,,0.4838709677419355
غالبر,تکنیکال-super,27,0.481,0.000,,0.4838709677419355
غالبر,تکنیکال-stoch,74,0.473,0.000,,0.47435897435897434
غالبر,تکنیکال-trendflow,32,0.469,0.000,,0.4722222222222222
غالبر,تکنیکال-adx,64,0.469,0.000,,0.47058823529411764
غالبر,تکنیکال-boll,39,0.462,0.000,,0.46511627906976744
غالبر,تکنیکال-sma,20,0.450,0.000,,0.4583333333333333
غانیزان,تکنیکال-flow_net,8,0.625,0.000,,0.5833333333333334
غانیزان,تکنیکال-flow_bp,16,0.562,0.000,,0.55
غانیزان,تکنیکال-boll,2,0.500,0.000,,0.5
غانیزان,تکنیکال-donch,4,0.500,0.000,,0.5
غانیزان,تکنیکال-fibo,2,0.500,0.000,,0.5
غانیزان,تکنیکال-rsi,0,,0.000,,0.5
غانیزان,تکنیکال-super,4,0.500,0.000,,0.5
غانیزان,تکنیکال-volbrk,2,0.500,0.000,,0.5
غانیزان,تکنیکال-ichi,5,0.400,0.000,,0.4444444444444444
غانیزان,تکنیکال-sma,3,0.333,0.000,,0.42857142857142855
غانیزان,تکنیکال-trendflow,17,0.412,0.000,,0.42857142857142855
غانیزان,تکنیکال-adx,6,0.333,0.000,,0.4
غانیزان,تکنیکال-macd,6,0.333,0.000,,0.4
غانیزان,تکنیکال-psar,6,0.333,0.000,,0.4
غانیزان,تکنیکال-stoch,4,0.250,0.000,,0.375
غانیزان,تکنیکال-obv,9,0.222,0.000,,0.3076923076923077
غبشهر,تکنیکال-boll,32,0.688,0.000,,0.6666666666666666
غبشهر,تکنیکال-rsi,25,0.600,0.000,,0.5862068965517241
غبشهر,تکنیکال-volbrk,44,0.591,0.000,,0.5833333333333334
غبشهر,تکنیکال-ichi,38,0.553,0.000,,0.5476190476190477
غبشهر,تکنیکال-adx,46,0.543,0.000,,0.54
غبشهر,تکنیکال-donch,35,0.543,0.000,,0.5384615384615384
غبشهر,تکنیکال-macd,62,0.532,0.000,,0.5303030303030303
غبشهر,تکنیکال-flow_bp,89,0.506,0.000,,0.5053763440860215
غبشهر,تکنیکال-flow_net,101,0.495,0.000,,0.49523809523809526
غبشهر,تکنیکال-trendflow,38,0.474,0.000,,0.47619047619047616
غبشهر,تکنیکال-stoch,68,0.471,0.000,,0.4722222222222222
غبشهر,تکنیکال-psar,81,0.457,0.000,,0.4588235294117647
غبشهر,تکنیکال-obv,61,0.426,0.000,,0.4307692307692308
غبشهر,تکنیکال-super,31,0.419,0.000,,0.42857142857142855
غبشهر,تکنیکال-sma,25,0.400,0.000,,0.41379310344827586
غبشهر,تکنیکال-fibo,11,0.273,0.000,,0.3333333333333333
غبهار,تکنیکال-fibo,6,0.833,0.000,,0.7
غبهار,تکنیکال-rsi,24,0.625,0.000,,0.6071428571428571
غبهار,تکنیکال-boll,29,0.552,0.000,,0.5454545454545454
غبهار,تکنیکال-volbrk,33,0.545,0.000,,0.5405405405405406
غبهار,تکنیکال-stoch,56,0.536,0.000,,0.5333333333333333
غبهار,تکنیکال-adx,52,0.481,0.000,,0.48214285714285715
غبهار,تکنیکال-flow_bp,75,0.467,0.000,,0.46835443037974683
غبهار,تکنیکال-donch,35,0.457,0.000,,0.46153846153846156
غبهار,تکنیکال-ichi,35,0.457,0.000,,0.46153846153846156
غبهار,تکنیکال-flow_net,40,0.425,0.000,,0.4318181818181818
غبهار,تکنیکال-super,31,0.419,0.000,,0.42857142857142855
غبهار,تکنیکال-sma,26,0.346,0.000,,0.36666666666666664
غبهار,تکنیکال-macd,70,0.357,0.000,,0.36486486486486486
غبهار,تکنیکال-psar,93,0.355,0.000,,0.36082474226804123
غبهار,تکنیکال-trendflow,63,0.333,0.000,,0.34328358208955223
غبهار,تکنیکال-obv,72,0.278,0.000,,0.2894736842105263
غبهنوش,تکنیکال-fibo,17,0.647,0.000,,0.6190476190476191
غبهنوش,تکنیکال-volbrk,35,0.629,0.000,,0.6153846153846154
غبهنوش,تکنیکال-super,26,0.615,0.000,,0.6
غبهنوش,تکنیکال-donch,28,0.571,0.000,,0.5625
غبهنوش,تکنیکال-rsi,32,0.562,0.000,,0.5555555555555556
غبهنوش,تکنیکال-obv,52,0.538,0.000,,0.5357142857142857
غبهنوش,تکنیکال-stoch,64,0.531,0.000,,0.5294117647058824
غبهنوش,تکنیکال-adx,49,0.531,0.000,,0.5283018867924528
غبهنوش,تکنیکال-macd,62,0.516,0.000,,0.5151515151515151
غبهنوش,تکنیکال-ichi,25,0.480,0.000,,0.4827586206896552
غبهنوش,تکنیکال-boll,32,0.469,0.000,,0.4722222222222222
غبهنوش,تکنیکال-psar,91,0.451,0.000,,0.45263157894736844
غبهنوش,تکنیکال-flow_net,88,0.420,0.000,,0.42391304347826086
غبهنوش,تکنیکال-flow_bp,82,0.415,0.000,,0.4186046511627907
غبهنوش,تکنیکال-trendflow,37,0.378,0.000,,0.3902439024390244
غبهنوش,تکنیکال-sma,23,0.304,0.000,,0.3333333333333333
غدام,تکنیکال-sma,15,0.733,0.000,,0.6842105263157895
غدام,تکنیکال-donch,25,0.680,0.000,,0.6551724137931034
غدام,تکنیکال-flow_net,27,0.630,0.000,,0.6129032258064516
غدام,تکنیکال-super,26,0.615,0.000,,0.6
غدام,تکنیکال-volbrk,31,0.516,0.000,,0.5142857142857142
غدام,تکنیکال-flow_bp,49,0.510,0.000,,0.5094339622641509
غدام,تکنیکال-adx,52,0.500,0.000,,0.5
غدام,تکنیکال-ichi,22,0.500,0.000,,0.5
غدام,تکنیکال-obv,2,0.500,0.000,,0.5
غدام,تکنیکال-rsi,24,0.500,0.000,,0.5
غدام,تکنیکال-stoch,59,0.492,0.000,,0.49206349206349204
غدام,تکنیکال-boll,28,0.464,0.000,,0.46875
غدام,تکنیکال-trendflow,29,0.414,0.000,,0.42424242424242425
غدام,تکنیکال-macd,70,0.371,0.000,,0.3783783783783784
غدام,تکنیکال-fibo,10,0.300,0.000,,0.35714285714285715
غدام,تکنیکال-psar,101,0.327,0.000,,0.3333333333333333
غدانه,تکنیکال-donch,11,0.727,0.000,,0.6666666666666666
غدانه,تکنیکال-rsi,8,0.625,0.000,,0.5833333333333334
غدانه,تکنیکال-boll,10,0.600,0.000,,0.5714285714285714
غدانه,تکنیکال-volbrk,15,0.533,0.000,,0.5263157894736842
غدانه,تکنیکال-stoch,19,0.526,0.000,,0.5217391304347826
غدانه,تکنیکال-flow_bp,35,0.514,0.000,,0.5128205128205128
غدانه,تکنیکال-adx,16,0.500,0.000,,0.5
غدانه,تکنیکال-fibo,2,0.500,0.000,,0.5
غدانه,تکنیکال-sma,6,0.500,0.000,,0.5
غدانه,تکنیکال-macd,23,0.478,0.000,,0.48148148148148145
غدانه,تکنیکال-ichi,7,0.429,0.000,,0.45454545454545453
غدانه,تکنیکال-trendflow,14,0.429,0.000,,0.4444444444444444
غدانه,تکنیکال-flow_net,21,0.429,0.000,,0.44
غدانه,تکنیکال-psar,29,0.414,0.000,,0.42424242424242425
غدانه,تکنیکال-super,13,0.385,0.000,,0.4117647058823529
غدانه,تکنیکال-obv,24,0.333,0.000,,0.35714285714285715
غدشت,تکنیکال-sma,17,0.588,0.000,,0.5714285714285714
غدشت,تکنیکال-ichi,24,0.542,0.000,,0.5357142857142857
غدشت,تکنیکال-flow_bp,36,0.500,0.000,,0.5
غدشت,تکنیکال-stoch,63,0.476,0.000,,0.47761194029850745
غدشت,تکنیکال-donch,24,0.458,0.000,,0.4642857142857143
غدشت,تکنیکال-volbrk,32,0.438,0.000,,0.4444444444444444
غدشت,تکنیکال-psar,85,0.435,0.000,,0.43820224719101125
غدشت,تکنیکال-trendflow,27,0.407,0.000,,0.41935483870967744
غدشت,تکنیکال-boll,38,0.395,0.000,,0.40476190476190477
غدشت,تکنیکال-macd,64,0.391,0.000,,0.39705882352941174
غدشت,تکنیکال-super,32,0.375,0.000,,0.3888888888888889
غدشت,تکنیکال-rsi,22,0.364,0.000,,0.38461538461538464
غدشت,تکنیکال-flow_net,48,0.354,0.000,,0.36538461538461536
غدشت,تکنیکال-obv,59,0.356,0.000,,0.36507936507936506
غدشت,تکنیکال-fibo,10,0.300,0.000,,0.35714285714285715
غدشت,تکنیکال-adx,50,0.340,0.000,,0.35185185185185186
غدیس,تکنیکال-sma,26,0.577,0.000,,0.5666666666666667
غدیس,تکنیکال-volbrk,39,0.513,0.000,,0.5116279069767442
غدیس,تکنیکال-boll,34,0.500,0.000,,0.5
غدیس,تکنیکال-donch,30,0.500,0.000,,0.5
غدیس,تکنیکال-adx,51,0.490,0.000,,0.4909090909090909
غدیس,تکنیکال-ichi,35,0.486,0.000,,0.48717948717948717
غدیس,تکنیکال-stoch,62,0.484,0.000,,0.48484848484848486
غدیس,تکنیکال-flow_bp,72,0.472,0.000,,0.47368421052631576
غدیس,تکنیکال-flow_net,76,0.421,0.000,,0.425
غدیس,تکنیکال-super,35,0.400,0.000,,0.41025641025641024
غدیس,تکنیکال-psar,107,0.393,0.000,,0.3963963963963964
غدیس,تکنیکال-macd,80,0.388,0.000,,0.39285714285714285
غدیس,تکنیکال-trendflow,47,0.383,0.000,,0.39215686274509803
غدیس,تکنیکال-rsi,16,0.312,0.000,,0.35
غدیس,تکنیکال-obv,66,0.333,0.000,,0.34285714285714286
غدیس,تکنیکال-fibo,6,0.167,0.000,,0.3
غزر,تکنیکال-ichi,23,0.783,0.000,,0.7407407407407407
غزر,تکنیکال-donch,28,0.643,0.000,,0.625
غزر,تکنیکال-fibo,14,0.643,0.000,,0.6111111111111112
غزر,تکنیکال-volbrk,32,0.594,0.000,,0.5833333333333334
غزر,تکنیکال-boll,31,0.581,0.000,,0.5714285714285714
غزر,تکنیکال-super,24,0.542,0.000,,0.5357142857142857
غزر,تکنیکال-trendflow,86,0.523,0.000,,0.5222222222222223
غزر,تکنیکال-sma,21,0.524,0.000,,0.52
غزر,تکنیکال-stoch,54,0.519,0.000,,0.5172413793103449
غزر,تکنیکال-flow_bp,188,0.500,0.000,,0.5
غزر,تکنیکال-rsi,24,0.500,0.000,,0.5
غزر,تکنیکال-obv,64,0.469,0.000,,0.47058823529411764
غزر,تکنیکال-psar,101,0.426,0.000,,0.42857142857142855
غزر,تکنیکال-flow_net,99,0.414,0.000,,0.4174757281553398
غزر,تکنیکال-macd,80,0.400,0.000,,0.40476190476190477
غزر,تکنیکال-adx,59,0.356,0.000,,0.36507936507936506
غسالم,تکنیکال-ichi,30,0.600,0.000,,0.5882352941176471
غسالم,تکنیکال-super,25,0.560,0.000,,0.5517241379310345
غسالم,تکنیکال-fibo,9,0.556,0.000,,0.5384615384615384
غسالم,تکنیکال-donch,36,0.500,0.000,,0.5
غسالم,تکنیکال-rsi,19,0.474,0.000,,0.4782608695652174
غسالم,تکنیکال-sma,28,0.464,0.000,,0.46875
غسالم,تکنیکال-flow_net,56,0.464,0.000,,0.4666666666666667
غسالم,تکنیکال-flow_bp,75,0.453,0.000,,0.45569620253164556
غسالم,تکنیکال-stoch,67,0.448,0.000,,0.4507042253521127
غسالم,تکنیکال-trendflow,59,0.441,0.000,,0.4444444444444444
غسالم,تکنیکال-adx,51,0.412,0.000,,0.41818181818181815
غسالم,تکنیکال-psar,102,0.412,0.000,,0.41509433962264153
غسالم,تکنیکال-macd,75,0.400,0.000,,0.4050632911392405
غسالم,تکنیکال-volbrk,44,0.386,0.000,,0.3958333333333333
غسالم,تکنیکال-boll,30,0.367,0.000,,0.38235294117647056
غسالم,تکنیکال-obv,81,0.346,0.000,,0.35294117647058826
غشاذر,تکنیکال-donch,27,0.593,0.000,,0.5806451612903226
غشاذر,تکنیکال-sma,22,0.545,0.000,,0.5384615384615384
غشاذر,تکنیکال-super,22,0.545,0.000,,0.5384615384615384
غشاذر,تکنیکال-stoch,50,0.540,0.000,,0.5370370370370371
غشاذر,تکنیکال-ichi,29,0.483,0.000,,0.48484848484848486
غشاذر,تکنیکال-flow_bp,83,0.482,0.000,,0.4827586206896552
غشاذر,تکنیکال-rsi,25,0.480,0.000,,0.4827586206896552
غشاذر,تکنیکال-volbrk,42,0.476,0.000,,0.4782608695652174
غشاذر,تکنیکال-flow_net,68,0.471,0.000,,0.4722222222222222
غشاذر,تکنیکال-macd,69,0.464,0.000,,0.4657534246575342
غشاذر,تکنیکال-boll,25,0.440,0.000,,0.4482758620689655
غشاذر,تکنیکال-adx,52,0.423,0.000,,0.42857142857142855
غشاذر,تکنیکال-psar,102,0.422,0.000,,0.42452830188679247
غشاذر,تکنیکال-trendflow,62,0.403,0.000,,0.4090909090909091
غشاذر,تکنیکال-obv,65,0.369,0.000,,0.37681159420289856
غشاذر,تکنیکال-fibo,9,0.111,0.000,,0.23076923076923078
غشان,تکنیکال-donch,26,0.654,0.000,,0.6333333333333333
غشان,تکنیکال-rsi,23,0.609,0.000,,0.5925925925925926
غشان,تکنیکال-volbrk,44,0.523,0.000,,0.5208333333333334
غشان,تکنیکال-super,21,0.524,0.000,,0.52
غشان,تکنیکال-sma,23,0.522,0.000,,0.5185185185185185
غشان,تکنیکال-fibo,8,0.500,0.000,,0.5
غشان,تکنیکال-ichi,24,0.500,0.000,,0.5
غشان,تکنیکال-obv,46,0.500,0.000,,0.5
غشان,تکنیکال-trendflow,51,0.490,0.000,,0.4909090909090909
غشان,تکنیکال-psar,100,0.480,0.000,,0.4807692307692308
غشان,تکنیکال-flow_bp,84,0.464,0.000,,0.4659090909090909
غشان,تکنیکال-boll,33,0.455,0.000,,0.4594594594594595
غشان,تکنیکال-stoch,49,0.449,0.000,,0.4528301886792453
غشان,تکنیکال-adx,62,0.435,0.000,,0.4393939393939394
غشان,تکنیکال-macd,62,0.419,0.000,,0.42424242424242425
غشان,تکنیکال-flow_net,88,0.364,0.000,,0.3695652173913043
غشصفا,تکنیکال-fibo,10,0.700,0.000,,0.6428571428571429
غشصفا,تکنیکال-rsi,24,0.625,0.000,,0.6071428571428571
غشصفا,تکنیکال-ichi,30,0.600,0.000,,0.5882352941176471
غشصفا,تکنیکال-donch,33,0.576,0.000,,0.5675675675675675
غشصفا,تکنیکال-trendflow,49,0.531,0.000,,0.5283018867924528
غشصفا,تکنیکال-flow_bp,68,0.529,0.000,,0.5277777777777778
غشصفا,تکنیکال-sma,26,0.500,0.000,,0.5
غشصفا,تکنیکال-stoch,61,0.492,0.000,,0.49230769230769234
غشصفا,تکنیکال-macd,60,0.483,0.000,,0.484375
غشصفا,تکنیکال-flow_net,88,0.477,0.000,,0.4782608695652174
غشصفا,تکنیکال-boll,37,0.459,0.000,,0.4634146341463415
غشصفا,تکنیکال-volbrk,47,0.447,0.000,,0.45098039215686275
غشصفا,تکنیکال-obv,56,0.446,0.000,,0.45
غشصفا,تکنیکال-super,35,0.429,0.000,,0.4358974358974359
غشصفا,تکنیکال-adx,46,0.413,0.000,,0.42
غشصفا,تکنیکال-psar,100,0.390,0.000,,0.3942307692307692
غشهد,تکنیکال-rsi,13,0.692,0.000,,0.6470588235294118
غشهد,تکنیکال-fibo,24,0.667,0.000,,0.6428571428571429
غشهد,تکنیکال-stoch,58,0.603,0.000,,0.5967741935483871
غشهد,تکنیکال-donch,33,0.576,0.000,,0.5675675675675675
غشهد,تکنیکال-boll,26,0.538,0.000,,0.5333333333333333
غشهد,تکنیکال-super,28,0.536,0.000,,0.53125
غشهد,تکنیکال-flow_bp,96,0.479,0.000,,0.48
غشهد,تکنیکال-flow_net,95,0.474,0.000,,0.47474747474747475
غشهد,تکنیکال-psar,98,0.469,0.000,,0.47058823529411764
غشهد,تکنیکال-trendflow,81,0.469,0.000,,0.47058823529411764
غشهد,تکنیکال-macd,69,0.464,0.000,,0.4657534246575342
غشهد,تکنیکال-sma,23,0.391,0.000,,0.4074074074074074
غشهد,تکنیکال-ichi,44,0.386,0.000,,0.3958333333333333
غشهد,تکنیکال-adx,54,0.370,0.000,,0.3793103448275862
غشهد,تکنیکال-volbrk,61,0.344,0.000,,0.35384615384615387
غشهد,تکنیکال-obv,70,0.343,0.000,,0.35135135135135137
غشهداب,تکنیکال-donch,34,0.618,0.000,,0.6052631578947368
غشهداب,تکنیکال-super,26,0.615,0.000,,0.6
غشهداب,تکنیکال-adx,48,0.542,0.000,,0.5384615384615384
غشهداب,تکنیکال-ichi,22,0.545,0.000,,0.5384615384615384
غشهداب,تکنیکال-volbrk,35,0.543,0.000,,0.5384615384615384
غشهداب,تکنیکال-stoch,73,0.521,0.000,,0.5194805194805194
غشهداب,تکنیکال-boll,43,0.512,0.000,,0.5106382978723404
غشهداب,تکنیکال-macd,66,0.485,0.000,,0.4857142857142857
غشهداب,تکنیکال-psar,97,0.464,0.000,,0.46534653465346537
غشهداب,تکنیکال-flow_bp,58,0.448,0.000,,0.45161290322580644
غشهداب,تکنیکال-sma,23,0.435,0.000,,0.4444444444444444
غشهداب,تکنیکال-rsi,26,0.423,0.000,,0.43333333333333335
غشهداب,تکنیکال-obv,61,0.410,0.000,,0.4153846153846154
غشهداب,تکنیکال-flow_net,57,0.386,0.000,,0.39344262295081966
غشهداب,تکنیکال-fibo,9,0.333,0.000,,0.38461538461538464
غشهداب,تکنیکال-trendflow,40,0.350,0.000,,0.36363636363636365
غشوکو,تکنیکال-donch,22,0.636,0.000,,0.6153846153846154
غشوکو,تکنیکال-volbrk,26,0.615,0.000,,0.6
غشوکو,تکنیکال-adx,44,0.591,0.000,,0.5833333333333334
غشوکو,تکنیکال-super,24,0.583,0.000,,0.5714285714285714
غشوکو,تکنیکال-macd,53,0.547,0.000,,0.543859649122807
غشوکو,تکنیکال-flow_net,66,0.545,0.000,,0.5428571428571428
غشوکو,تکنیکال-ichi,22,0.545,0.000,,0.5384615384615384
غشوکو,تکنیکال-fibo,13,0.538,0.000,,0.5294117647058824
غشوکو,تکنیکال-flow_bp,104,0.519,0.000,,0.5185185185185185
غشوکو,تکنیکال-psar,96,0.490,0.000,,0.49
غشوکو,تکنیکال-rsi,29,0.483,0.000,,0.48484848484848486
غشوکو,تکنیکال-boll,32,0.469,0.000,,0.4722222222222222
غشوکو,تکنیکال-trendflow,54,0.463,0.000,,0.46551724137931033
غشوکو,تکنیکال-stoch,46,0.435,0.000,,0.44
غشوکو,تکنیکال-obv,52,0.423,0.000,,0.42857142857142855
غشوکو,تکنیکال-sma,17,0.412,0.000,,0.42857142857142855
غصینو,تکنیکال-stoch,59,0.593,0.000,,0.5873015873015873
غصینو,تکنیکال-boll,39,0.564,0.000,,0.5581395348837209
غصینو,تکنیکال-adx,50,0.540,0.000,,0.5370370370370371
غصینو,تکنیکال-donch,26,0.538,0.000,,0.5333333333333333
غصینو,تکنیکال-super,31,0.452,0.000,,0.45714285714285713
غصینو,تکنیکال-trendflow,40,0.450,0.000,,0.45454545454545453
غصینو,تکنیکال-volbrk,40,0.450,0.000,,0.45454545454545453
غصینو,تکنیکال-sma,19,0.421,0.000,,0.43478260869565216
غصینو,تکنیکال-macd,73,0.425,0.000,,0.42857142857142855
غصینو,تکنیکال-flow_bp,60,0.417,0.000,,0.421875
غصینو,تکنیکال-flow_net,72,0.417,0.000,,0.42105263157894735
غصینو,تکنیکال-ichi,29,0.379,0.000,,0.3939393939393939
غصینو,تکنیکال-rsi,38,0.368,0.000,,0.38095238095238093
غصینو,تکنیکال-psar,102,0.373,0.000,,0.37735849056603776
غصینو,تکنیکال-fibo,5,0.200,0.000,,0.3333333333333333
غصینو,تکنیکال-obv,72,0.292,0.000,,0.3026315789473684
غفارس,تکنیکال-fibo,17,0.706,0.000,,0.6666666666666666
غفارس,تکنیکال-rsi,26,0.577,0.000,,0.5666666666666667
غفارس,تکنیکال-flow_net,90,0.556,0.000,,0.5531914893617021
غفارس,تکنیکال-super,32,0.500,0.000,,0.5
غفارس,تکنیکال-psar,105,0.486,0.000,,0.48623853211009177
غفارس,تکنیکال-sma,23,0.478,0.000,,0.48148148148148145
غفارس,تکنیکال-flow_bp,73,0.479,0.000,,0.4805194805194805
غفارس,تکنیکال-stoch,67,0.478,0.000,,0.4788732394366197
غفارس,تکنیکال-ichi,32,0.469,0.000,,0.4722222222222222
غفارس,تکنیکال-boll,35,0.457,0.000,,0.46153846153846156
غفارس,تکنیکال-donch,34,0.441,0.000,,0.4473684210526316
غفارس,تکنیکال-volbrk,41,0.439,0.000,,0.4444444444444444
غفارس,تکنیکال-obv,58,0.397,0.000,,0.4032258064516129
غفارس,تکنیکال-macd,66,0.364,0.000,,0.37142857142857144
غفارس,تکنیکال-adx,60,0.350,0.000,,0.359375
غفارس,تکنیکال-trendflow,60,0.317,0.000,,0.328125
غمارگ,تکنیکال-macd,43,0.581,0.000,,0.574468085106383
غمارگ,تکنیکال-sma,14,0.571,0.000,,0.5555555555555556
غمارگ,تکنیکال-stoch,54,0.556,0.000,,0.5517241379310345
غمارگ,تکنیکال-psar,59,0.542,0.000,,0.5396825396825397
غمارگ,تکنیکال-obv,35,0.543,0.000,,0.5384615384615384
غمارگ,تکنیکال-adx,42,0.500,0.000,,0.5
غمارگ,تکنیکال-fibo,8,0.500,0.000,,0.5
غمارگ,تکنیکال-flow_bp,48,0.500,0.000,,0.5
غمارگ,تکنیکال-flow_net,24,0.500,0.000,,0.5
غمارگ,تکنیکال-trendflow,27,0.481,0.000,,0.4838709677419355
غمارگ,تکنیکال-ichi,25,0.440,0.000,,0.4482758620689655
غمارگ,تکنیکال-donch,23,0.435,0.000,,0.4444444444444444
غمارگ,تکنیکال-super,23,0.435,0.000,,0.4444444444444444
غمارگ,تکنیکال-rsi,21,0.429,0.000,,0.44
غمارگ,تکنیکال-boll,23,0.391,0.000,,0.4074074074074074
غمارگ,تکنیکال-volbrk,35,0.371,0.000,,0.38461538461538464
غمایه,تکنیکال-rsi,6,0.833,0.000,,0.7
غمایه,تکنیکال-boll,9,0.667,0.000,,0.6153846153846154
غمایه,تکنیکال-flow_bp,38,0.553,0.000,,0.5476190476190477
غمایه,تکنیکال-donch,11,0.545,0.000,,0.5333333333333333
غمایه,تکنیکال-macd,32,0.469,0.000,,0.4722222222222222
غمایه,تکنیکال-stoch,13,0.462,0.000,,0.47058823529411764
غمایه,تکنیکال-volbrk,18,0.444,0.000,,0.45454545454545453
غمایه,تکنیکال-psar,44,0.432,0.000,,0.4375
غمایه,تکنیکال-flow_net,42,0.429,0.000,,0.43478260869565216
غمایه,تکنیکال-adx,29,0.414,0.000,,0.42424242424242425
غمایه,تکنیکال-super,13,0.385,0.000,,0.4117647058823529
غمایه,تکنیکال-trendflow,30,0.400,0.000,,0.4117647058823529
غمایه,تکنیکال-ichi,23,0.391,0.000,,0.4074074074074074
غمایه,تکنیکال-sma,9,0.333,0.000,,0.38461538461538464
غمایه,تکنیکال-obv,30,0.367,0.000,,0.38235294117647056
غمایه,تکنیکال-fibo,4,0.250,0.000,,0.375
غمهرا,تکنیکال-stoch,48,0.604,0.000,,0.5961538461538461
غمهرا,تکنیکال-sma,16,0.562,0.000,,0.55
غمهرا,تکنیکال-boll,28,0.536,0.000,,0.53125
غمهرا,تکنیکال-trendflow,60,0.483,0.000,,0.484375
غمهرا,تکنیکال-flow_bp,75,0.480,0.000,,0.4810126582278481
غمهرا,تکنیکال-rsi,20,0.450,0.000,,0.4583333333333333
غمهرا,تکنیکال-psar,99,0.434,0.000,,0.4368932038834951
غمهرا,تکنیکال-flow_net,106,0.434,0.000,,0.43636363636363634
غمهرا,تکنیکال-donch,31,0.419,0.000,,0.42857142857142855
غمهرا,تکنیکال-fibo,3,0.333,0.000,,0.42857142857142855
غمهرا,تکنیکال-adx,53,0.377,0.000,,0.38596491228070173
غمهرا,تکنیکال-super,22,0.364,0.000,,0.38461538461538464
غمهرا,تکنیکال-macd,77,0.377,0.000,,0.38271604938271603
غمهرا,تکنیکال-ichi,34,0.353,0.000,,0.3684210526315789
غمهرا,تکنیکال-volbrk,49,0.347,0.000,,0.3584905660377358
غمهرا,تکنیکال-obv,63,0.333,0.000,,0.34328358208955223
غمینو,تکنیکال-donch,33,0.576,0.000,,0.5675675675675675
غمینو,تکنیکال-rsi,19,0.579,0.000,,0.5652173913043478
غمینو,تکنیکال-sma,18,0.556,0.000,,0.5454545454545454
غمینو,تکنیکال-boll,33,0.545,0.000,,0.5405405405405406
غمینو,تکنیکال-stoch,51,0.529,0.000,,0.5272727272727272
غمینو,تکنیکال-super,27,0.481,0.000,,0.4838709677419355
غمینو,تکنیکال-flow_bp,70,0.471,0.000,,0.47297297297297297
غمینو,تکنیکال-volbrk,47,0.468,0.000,,0.47058823529411764
غمینو,تکنیکال-fibo,16,0.438,0.000,,0.45
غمینو,تکنیکال-flow_net,98,0.418,0.000,,0.4215686274509804
غمینو,تکنیکال-psar,105,0.410,0.000,,0.41284403669724773
غمینو,تکنیکال-macd,73,0.397,0.000,,0.4025974025974026
غمینو,تکنیکال-trendflow,54,0.370,0.000,,0.3793103448275862
غمینو,تکنیکال-ichi,36,0.361,0.000,,0.375
غمینو,تکنیکال-adx,55,0.364,0.000,,0.3728813559322034
غمینو,تکنیکال-obv,66,0.364,0.000,,0.37142857142857144
غناب,تکنیکال-rsi,19,0.579,0.000,,0.5652173913043478
غناب,تکنیکال-fibo,5,0.600,0.000,,0.5555555555555556
غناب,تکنیکال-flow_net,42,0.524,0.000,,0.5217391304347826
غناب,تکنیکال-flow_bp,46,0.522,0.000,,0.52
غناب,تکنیکال-stoch,35,0.514,0.000,,0.5128205128205128
غناب,تکنیکال-adx,29,0.483,0.000,,0.48484848484848486
غناب,تکنیکال-psar,67,0.478,0.000,,0.4788732394366197
غناب,تکنیکال-sma,13,0.462,0.000,,0.47058823529411764
غناب,تکنیکال-volbrk,28,0.464,0.000,,0.46875
غناب,تکنیکال-boll,24,0.458,0.000,,0.4642857142857143
غناب,تکنیکال-macd,48,0.417,0.000,,0.4230769230769231
غناب,تکنیکال-super,22,0.409,0.000,,0.4230769230769231
غناب,تکنیکال-trendflow,44,0.409,0.000,,0.4166666666666667
غناب,تکنیکال-donch,23,0.391,0.000,,0.4074074074074074
غناب,تکنیکال-obv,43,0.326,0.000,,0.3404255319148936
غناب,تکنیکال-ichi,28,0.250,0.000,,0.28125
غنوش,تکنیکال-trendflow,29,0.690,0.000,,0.6666666666666666
غنوش,تکنیکال-flow_bp,26,0.654,0.000,,0.6333333333333333
غنوش,تکنیکال-volbrk,32,0.562,0.000,,0.5555555555555556
غنوش,تکنیکال-fibo,15,0.533,0.000,,0.5263157894736842
غنوش,تکنیکال-flow_net,55,0.509,0.000,,0.5084745762711864
غنوش,تکنیکال-super,31,0.484,0.000,,0.4857142857142857
غنوش,تکنیکال-donch,32,0.469,0.000,,0.4722222222222222
غنوش,تکنیکال-macd,61,0.443,0.000,,0.4461538461538462
غنوش,تکنیکال-adx,50,0.440,0.000,,0.4444444444444444
غنوش,تکنیکال-ichi,32,0.438,0.000,,0.4444444444444444
غنوش,تکنیکال-psar,95,0.442,0.000,,0.4444444444444444
غنوش,تکنیکال-boll,33,0.424,0.000,,0.43243243243243246
غنوش,تکنیکال-stoch,80,0.400,0.000,,0.40476190476190477
غنوش,تکنیکال-obv,51,0.373,0.000,,0.38181818181818183
غنوش,تکنیکال-sma,25,0.320,0.000,,0.3448275862068966
غنوش,تکنیکال-rsi,34,0.294,0.000,,0.3157894736842105
غنیلی,تکنیکال-fibo,7,1.000,0.000,,0.8181818181818182
غنیلی,تکنیکال-rsi,10,0.800,0.000,,0.7142857142857143
غنیلی,تکنیکال-stoch,47,0.638,0.000,,0.6274509803921569
غنیلی,تکنیکال-flow_bp,54,0.537,0.000,,0.5344827586206896
غنیلی,تکنیکال-flow_net,48,0.500,0.000,,0.5
غنیلی,تکنیکال-psar,58,0.483,0.000,,0.4838709677419355
غنیلی,تکنیکال-trendflow,38,0.447,0.000,,0.4523809523809524
غنیلی,تکنیکال-super,25,0.440,0.000,,0.4482758620689655
غنیلی,تکنیکال-macd,54,0.426,0.000,,0.43103448275862066
غنیلی,تکنیکال-adx,43,0.372,0.000,,0.3829787234042553
غنیلی,تکنیکال-volbrk,29,0.345,0.000,,0.36363636363636365
غنیلی,تکنیکال-boll,20,0.300,0.000,,0.3333333333333333
غنیلی,تکنیکال-obv,41,0.317,0.000,,0.3333333333333333
غنیلی,تکنیکال-donch,31,0.258,0.000,,0.2857142857142857
غنیلی,تکنیکال-ichi,25,0.240,0.000,,0.27586206896551724
غنیلی,تکنیکال-sma,18,0.222,0.000,,0.2727272727272727
غویتا,تکنیکال-donch,33,0.606,0.000,,0.5945945945945946
غویتا,تکنیکال-flow_bp,40,0.600,0.000,,0.5909090909090909
غویتا,تکنیکال-ichi,27,0.556,0.000,,0.5483870967741935
غویتا,تکنیکال-volbrk,39,0.538,0.000,,0.5348837209302325
غویتا,تکنیکال-boll,32,0.531,0.000,,0.5277777777777778
غویتا,تکنیکال-sma,22,0.500,0.000,,0.5
غویتا,تکنیکال-psar,100,0.490,0.000,,0.49038461538461536
غویتا,تکنیکال-macd,69,0.478,0.000,,0.4794520547945205
غویتا,تکنیکال-flow_net,80,0.475,0.000,,0.47619047619047616
غویتا,تکنیکال-stoch,76,0.461,0.000,,0.4625
غویتا,تکنیکال-super,29,0.448,0.000,,0.45454545454545453
غویتا,تکنیکال-adx,56,0.446,0.000,,0.45
غویتا,تکنیکال-rsi,30,0.433,0.000,,0.4411764705882353
غویتا,تکنیکال-obv,67,0.418,0.000,,0.4225352112676056
غویتا,تکنیکال-fibo,21,0.381,0.000,,0.4
غویتا,تکنیکال-trendflow,27,0.370,0.000,,0.3870967741935484
غپآذر,تکنیکال-donch,32,0.594,0.000,,0.5833333333333334
غپآذر,تکنیکال-super,28,0.571,0.000,,0.5625
غپآذر,تکنیکال-flow_bp,75,0.547,0.000,,0.5443037974683544
غپآذر,تکنیکال-flow_net,71,0.521,0.000,,0.52
غپآذر,تکنیکال-sma,22,0.500,0.000,,0.5
غپآذر,تکنیکال-ichi,39,0.487,0.000,,0.4883720930232558
غپآذر,تکنیکال-psar,98,0.459,0.000,,0.46078431372549017
غپآذر,تکنیکال-obv,51,0.451,0.000,,0.45454545454545453
غپآذر,تکنیکال-adx,47,0.447,0.000,,0.45098039215686275
غپآذر,تکنیکال-trendflow,63,0.429,0.000,,0.43283582089552236
غپآذر,تکنیکال-macd,75,0.400,0.000,,0.4050632911392405
غپآذر,تکنیکال-rsi,22,0.364,0.000,,0.38461538461538464
غپآذر,تکنیکال-boll,38,0.368,0.000,,0.38095238095238093
غپآذر,تکنیکال-volbrk,50,0.360,0.000,,0.37037037037037035
غپآذر,تکنیکال-stoch,65,0.354,0.000,,0.36231884057971014
غپآذر,تکنیکال-fibo,14,0.286,0.000,,0.3333333333333333
غپاک,تکنیکال-ichi,18,0.833,0.000,,0.7727272727272727
غپاک,تکنیکال-donch,33,0.606,0.000,,0.5945945945945946
غپاک,تکنیکال-super,29,0.586,0.000,,0.5757575757575758
غپاک,تکنیکال-flow_bp,42,0.524,0.000,,0.5217391304347826
غپاک,تکنیکال-flow_net,77,0.506,0.000,,0.5061728395061729
غپاک,تکنیکال-boll,34,0.500,0.000,,0.5
غپاک,تکنیکال-adx,52,0.481,0.000,,0.48214285714285715
غپاک,تکنیکال-sma,19,0.474,0.000,,0.4782608695652174
غپاک,تکنیکال-volbrk,45,0.467,0.000,,0.46938775510204084
غپاک,تکنیکال-macd,60,0.450,0.000,,0.453125
غپاک,تکنیکال-psar,98,0.449,0.000,,0.45098039215686275
غپاک,تکنیکال-trendflow,39,0.436,0.000,,0.4418604651162791
غپاک,تکنیکال-stoch,62,0.435,0.000,,0.4393939393939394
غپاک,تکنیکال-rsi,33,0.394,0.000,,0.40540540540540543
غپاک,تکنیکال-fibo,11,0.364,0.000,,0.4
غپاک,تکنیکال-obv,58,0.362,0.000,,0.3709677419354839
غپونه,تکنیکال-volbrk,35,0.629,0.000,,0.6153846153846154
غپونه,تکنیکال-ichi,30,0.567,0.000,,0.5588235294117647
غپونه,تکنیکال-super,29,0.552,0.000,,0.5454545454545454
غپونه,تکنیکال-flow_bp,48,0.542,0.000,,0.5384615384615384
غپونه,تکنیکال-flow_net,60,0.517,0.000,,0.515625
غپونه,تکنیکال-boll,31,0.484,0.000,,0.4857142857142857
غپونه,تکنیکال-macd,64,0.484,0.000,,0.4852941176470588
غپونه,تکنیکال-donch,29,0.483,0.000,,0.48484848484848486
غپونه,تکنیکال-stoch,50,0.480,0.000,,0.48148148148148145
غپونه,تکنیکال-rsi,32,0.469,0.000,,0.4722222222222222
غپونه,تکنیکال-obv,54,0.463,0.000,,0.46551724137931033
غپونه,تکنیکال-fibo,9,0.444,0.000,,0.46153846153846156
غپونه,تکنیکال-adx,48,0.438,0.000,,0.4423076923076923
غپونه,تکنیکال-sma,21,0.429,0.000,,0.44
غپونه,تکنیکال-trendflow,35,0.429,0.000,,0.4358974358974359
غپونه,تکنیکال-psar,116,0.397,0.000,,0.4
غپینو,تکنیکال-boll,29,0.655,0.000,,0.6363636363636364
غپینو,تکنیکال-donch,30,0.533,0.000,,0.5294117647058824
غپینو,تکنیکال-super,25,0.520,0.000,,0.5172413793103449
غپینو,تکنیکال-rsi,26,0.500,0.000,,0.5
غپینو,تکنیکال-sma,18,0.500,0.000,,0.5
غپینو,تکنیکال-trendflow,56,0.464,0.000,,0.4666666666666667
غپینو,تکنیکال-macd,69,0.464,0.000,,0.4657534246575342
غپینو,تکنیکال-adx,54,0.463,0.000,,0.46551724137931033
غپینو,تکنیکال-stoch,62,0.452,0.000,,0.45454545454545453
غپینو,تکنیکال-flow_bp,87,0.448,0.000,,0.45054945054945056
غپینو,تکنیکال-volbrk,39,0.436,0.000,,0.4418604651162791
غپینو,تکنیکال-psar,91,0.429,0.000,,0.43157894736842106
غپینو,تکنیکال-ichi,31,0.419,0.000,,0.42857142857142855
غپینو,تکنیکال-fibo,20,0.400,0.000,,0.4166666666666667
غپینو,تکنیکال-obv,63,0.397,0.000,,0.40298507462686567
غپینو,تکنیکال-flow_net,83,0.349,0.000,,0.3563218390804598
غچین,تکنیکال-ichi,27,0.630,0.000,,0.6129032258064516
غچین,تکنیکال-volbrk,34,0.588,0.000,,0.5789473684210527
غچین,تکنیکال-stoch,57,0.579,0.000,,0.5737704918032787
غچین,تکنیکال-boll,37,0.541,0.000,,0.5365853658536586
غچین,تکنیکال-sma,24,0.542,0.000,,0.5357142857142857
غچین,تکنیکال-trendflow,58,0.534,0.000,,0.532258064516129
غچین,تکنیکال-flow_net,98,0.480,0.000,,0.4803921568627451
غچین,تکنیکال-donch,33,0.455,0.000,,0.4594594594594595
غچین,تکنیکال-psar,93,0.452,0.000,,0.4536082474226804
غچین,تکنیکال-rsi,25,0.440,0.000,,0.4482758620689655
غچین,تکنیکال-flow_bp,92,0.446,0.000,,0.4479166666666667
غچین,تکنیکال-super,32,0.438,0.000,,0.4444444444444444
غچین,تکنیکال-macd,75,0.440,0.000,,0.4430379746835443
غچین,تکنیکال-adx,54,0.426,0.000,,0.43103448275862066
غچین,تکنیکال-fibo,17,0.412,0.000,,0.42857142857142855
غچین,تکنیکال-obv,63,0.413,0.000,,0.417910447761194
غکورش,تکنیکال-rsi,12,0.833,0.000,,0.75
غکورش,تکنیکال-donch,17,0.706,0.000,,0.6666666666666666
غکورش,تکنیکال-boll,12,0.667,0.000,,0.625
غکورش,تکنیکال-adx,29,0.586,0.000,,0.5757575757575758
غکورش,تکنیکال-stoch,33,0.576,0.000,,0.5675675675675675
غکورش,تکنیکال-fibo,12,0.583,0.000,,0.5625
غکورش,تکنیکال-super,21,0.524,0.000,,0.52
غکورش,تکنیکال-flow_net,77,0.519,0.000,,0.5185185185185185
غکورش,تکنیکال-volbrk,35,0.514,0.000,,0.5128205128205128
غکورش,تکنیکال-flow_bp,133,0.511,0.000,,0.5109489051094891
غکورش,تکنیکال-macd,51,0.451,0.000,,0.45454545454545453
غکورش,تکنیکال-trendflow,77,0.429,0.000,,0.43209876543209874
غکورش,تکنیکال-psar,80,0.400,0.000,,0.40476190476190477
غکورش,تکنیکال-obv,43,0.395,0.000,,0.40425531914893614
غکورش,تکنیکال-sma,16,0.375,0.000,,0.4
غکورش,تکنیکال-ichi,34,0.353,0.000,,0.3684210526315789
غگرجی,تکنیکال-flow_bp,58,0.586,0.000,,0.5806451612903226
غگرجی,تکنیکال-volbrk,36,0.583,0.000,,0.575
غگرجی,تکنیکال-rsi,26,0.577,0.000,,0.5666666666666667
غگرجی,تکنیکال-adx,42,0.571,0.000,,0.5652173913043478
غگرجی,تکنیکال-boll,30,0.567,0.000,,0.5588235294117647
غگرجی,تکنیکال-sma,22,0.545,0.000,,0.5384615384615384
غگرجی,تکنیکال-flow_net,52,0.519,0.000,,0.5178571428571429
غگرجی,تکنیکال-donch,29,0.517,0.000,,0.5151515151515151
غگرجی,تکنیکال-macd,51,0.510,0.000,,0.509090909090909
غگرجی,تکنیکال-super,26,0.462,0.000,,0.4666666666666667
غگرجی,تکنیکال-psar,93,0.452,0.000,,0.4536082474226804
غگرجی,تکنیکال-obv,49,0.449,0.000,,0.4528301886792453
غگرجی,تکنیکال-stoch,60,0.433,0.000,,0.4375
غگرجی,تکنیکال-trendflow,39,0.410,0.000,,0.4186046511627907
غگرجی,تکنیکال-ichi,39,0.359,0.000,,0.37209302325581395
غگرجی,تکنیکال-fibo,2,0.000,0.000,,0.3333333333333333
غگز,تکنیکال-adx,20,0.600,0.000,,0.5833333333333334
غگز,تکنیکال-boll,22,0.545,0.000,,0.5384615384615384
غگز,تکنیکال-sma,11,0.545,0.000,,0.5333333333333333
غگز,تکنیکال-stoch,34,0.529,0.000,,0.5263157894736842
غگز,تکنیکال-super,17,0.529,0.000,,0.5238095238095238
غگز,تکنیکال-donch,19,0.474,0.000,,0.4782608695652174
غگز,تکنیکال-flow_net,32,0.469,0.000,,0.4722222222222222
غگز,تکنیکال-psar,62,0.468,0.000,,0.4696969696969697
غگز,تکنیکال-volbrk,20,0.450,0.000,,0.4583333333333333
غگز,تکنیکال-fibo,7,0.429,0.000,,0.45454545454545453
غگز,تکنیکال-flow_bp,24,0.417,0.000,,0.42857142857142855
غگز,تکنیکال-trendflow,32,0.375,0.000,,0.3888888888888889
غگز,تکنیکال-macd,41,0.366,0.000,,0.37777777777777777
غگز,تکنیکال-obv,39,0.333,0.000,,0.3488372093023256
غگز,تکنیکال-ichi,21,0.286,0.000,,0.32
غگز,تکنیکال-rsi,13,0.231,0.000,,0.29411764705882354
غگل,تکنیکال-rsi,19,0.579,0.000,,0.5652173913043478
غگل,تکنیکال-boll,34,0.529,0.000,,0.5263157894736842
غگل,تکنیکال-stoch,62,0.500,0.000,,0.5
غگل,تکنیکال-adx,57,0.474,0.000,,0.47540983606557374
غگل,تکنیکال-flow_bp,84,0.464,0.000,,0.4659090909090909
غگل,تکنیکال-donch,37,0.459,0.000,,0.4634146341463415
غگل,تکنیکال-volbrk,40,0.450,0.000,,0.45454545454545453
غگل,تکنیکال-macd,70,0.443,0.000,,0.44594594594594594
غگل,تکنیکال-flow_net,24,0.417,0.000,,0.42857142857142855
غگل,تکنیکال-psar,99,0.424,0.000,,0.42718446601941745
غگل,تکنیکال-super,25,0.400,0.000,,0.41379310344827586
غگل,تکنیکال-ichi,44,0.386,0.000,,0.3958333333333333
غگل,تکنیکال-trendflow,65,0.385,0.000,,0.391304347826087
غگل,تکنیکال-fibo,14,0.357,0.000,,0.3888888888888889
غگل,تکنیکال-obv,72,0.347,0.000,,0.35526315789473684
غگل,تکنیکال-sma,21,0.286,0.000,,0.32
غگلستا,تکنیکال-boll,31,0.581,0.000,,0.5714285714285714
غگلستا,تکنیکال-stoch,79,0.570,0.000,,0.5662650602409639
غگلستا,تکنیکال-sma,26,0.538,0.000,,0.5333333333333333
غگلستا,تکنیکال-ichi,33,0.515,0.000,,0.5135135135135135
غگلستا,تکنیکال-super,28,0.500,0.000,,0.5
غگلستا,تکنیکال-flow_net,60,0.483,0.000,,0.484375
غگلستا,تکنیکال-volbrk,50,0.480,0.000,,0.48148148148148145
غگلستا,تکنیکال-donch,34,0.471,0.000,,0.47368421052631576
غگلستا,تکنیکال-adx,49,0.449,0.000,,0.4528301886792453
غگلستا,تکنیکال-obv,65,0.431,0.000,,0.43478260869565216
غگلستا,تکنیکال-flow_bp,59,0.424,0.000,,0.42857142857142855
غگلستا,تکنیکال-macd,67,0.418,0.000,,0.4225352112676056
غگلستا,تکنیکال-rsi,25,0.400,0.000,,0.41379310344827586
غگلستا,تکنیکال-psar,100,0.410,0.000,,0.41346153846153844
غگلستا,تکنیکال-trendflow,56,0.393,0.000,,0.4
غگلستا,تکنیکال-fibo,8,0.250,0.000,,0.3333333333333333
غگلپا,تکنیکال-boll,32,0.594,0.000,,0.5833333333333334
غگلپا,تکنیکال-stoch,58,0.586,0.000,,0.5806451612903226
غگلپا,تکنیکال-volbrk,43,0.581,0.000,,0.574468085106383
غگلپا,تکنیکال-rsi,23,0.565,0.000,,0.5555555555555556
غگلپا,تکنیکال-ichi,36,0.556,0.000,,0.55
غگلپا,تکنیکال-flow_net,86,0.547,0.000,,0.5444444444444444
غگلپا,تکنیکال-sma,24,0.500,0.000,,0.5
غگلپا,تکنیکال-trendflow,48,0.500,0.000,,0.5
غگلپا,تکنیکال-macd,66,0.485,0.000,,0.4857142857142857
غگلپا,تکنیکال-flow_bp,77,0.468,0.000,,0.4691358024691358
غگلپا,تکنیکال-super,35,0.457,0.000,,0.46153846153846156
غگلپا,تکنیکال-adx,58,0.431,0.000,,0.43548387096774194
غگلپا,تکنیکال-donch,38,0.421,0.000,,0.42857142857142855
غگلپا,تکنیکال-psar,106,0.425,0.000,,0.42727272727272725
غگلپا,تکنیکال-fibo,15,0.400,0.000,,0.42105263157894735
غگلپا,تکنیکال-obv,58,0.414,0.000,,0.41935483870967744
غگیلا,تکنیکال-rsi,20,0.600,0.000,,0.5833333333333334
غگیلا,تکنیکال-boll,27,0.519,0.000,,0.5161290322580645
غگیلا,تکنیکال-macd,64,0.500,0.000,,0.5
غگیلا,تکنیکال-psar,97,0.495,0.000,,0.49504950495049505
غگیلا,تکنیکال-fibo,15,0.467,0.000,,0.47368421052631576
غگیلا,تکنیکال-stoch,70,0.471,0.000,,0.47297297297297297
غگیلا,تکنیکال-adx,49,0.469,0.000,,0.4716981132075472
غگیلا,تکنیکال-flow_net,56,0.446,0.000,,0.45
غگیلا,تکنیکال-ichi,32,0.438,0.000,,0.4444444444444444
غگیلا,تکنیکال-flow_bp,230,0.435,0.000,,0.4358974358974359
غگیلا,تکنیکال-sma,27,0.407,0.000,,0.41935483870967744
غگیلا,تکنیکال-super,27,0.407,0.000,,0.41935483870967744
غگیلا,تکنیکال-trendflow,127,0.386,0.000,,0.3893129770992366
غگیلا,تکنیکال-obv,68,0.368,0.000,,0.375
غگیلا,تکنیکال-donch,40,0.350,0.000,,0.36363636363636365
غگیلا,تکنیکال-volbrk,50,0.340,0.000,,0.35185185185185186
فاذر,تکنیکال-volbrk,37,0.595,0.000,,0.5853658536585366
فاذر,تکنیکال-donch,27,0.593,0.000,,0.5806451612903226
فاذر,تکنیکال-stoch,72,0.528,0.000,,0.5263157894736842
فاذر,تکنیکال-sma,21,0.524,0.000,,0.52
فاذر,تکنیکال-super,29,0.517,0.000,,0.5151515151515151
فاذر,تکنیکال-adx,39,0.513,0.000,,0.5116279069767442
فاذر,تکنیکال-fibo,8,0.500,0.000,,0.5
فاذر,تکنیکال-flow_bp,39,0.462,0.000,,0.46511627906976744
فاذر,تکنیکال-macd,63,0.460,0.000,,0.4626865671641791
فاذر,تکنیکال-boll,35,0.457,0.000,,0.46153846153846156
فاذر,تکنیکال-psar,82,0.451,0.000,,0.45348837209302323
فاذر,تکنیکال-flow_net,33,0.424,0.000,,0.43243243243243246
فاذر,تکنیکال-trendflow,35,0.400,0.000,,0.41025641025641024
فاذر,تکنیکال-ichi,29,0.379,0.000,,0.3939393939393939
فاذر,تکنیکال-rsi,34,0.353,0.000,,0.3684210526315789
فاذر,تکنیکال-obv,67,0.299,0.000,,0.30985915492957744
فاراک,تکنیکال-ichi,24,0.667,0.000,,0.6428571428571429
فاراک,تکنیکال-donch,40,0.575,0.000,,0.5681818181818182
فاراک,تکنیکال-volbrk,46,0.543,0.000,,0.54
فاراک,تکنیکال-flow_bp,50,0.540,0.000,,0.5370370370370371
فاراک,تکنیکال-trendflow,41,0.537,0.000,,0.5333333333333333
فاراک,تکنیکال-flow_net,78,0.526,0.000,,0.524390243902439
فاراک,تکنیکال-adx,55,0.509,0.000,,0.5084745762711864
فاراک,تکنیکال-obv,63,0.492,0.000,,0.4925373134328358
فاراک,تکنیکال-boll,38,0.474,0.000,,0.47619047619047616
فاراک,تکنیکال-rsi,39,0.462,0.000,,0.46511627906976744
فاراک,تکنیکال-fibo,16,0.438,0.000,,0.45
فاراک,تکنیکال-super,34,0.441,0.000,,0.4473684210526316
فاراک,تکنیکال-macd,79,0.443,0.000,,0.4457831325301205
فاراک,تکنیکال-psar,101,0.436,0.000,,0.4380952380952381
فاراک,تکنیکال-stoch,76,0.434,0.000,,0.4375
فاراک,تکنیکال-sma,22,0.409,0.000,,0.4230769230769231
فارس,تکنیکال-donch,27,0.630,0.000,,0.6129032258064516
فارس,تکنیکال-volbrk,27,0.593,0.000,,0.5806451612903226
فارس,تکنیکال-ichi,26,0.577,0.000,,0.5666666666666667
فارس,تکنیکال-boll,22,0.500,0.000,,0.5
فارس,تکنیکال-sma,16,0.500,0.000,,0.5
فارس,تکنیکال-stoch,36,0.500,0.000,,0.5
فارس,تکنیکال-flow_net,61,0.475,0.000,,0.47692307692307695
فارس,تکنیکال-trendflow,38,0.474,0.000,,0.47619047619047616
فارس,تکنیکال-obv,45,0.467,0.000,,0.46938775510204084
فارس,تکنیکال-macd,66,0.455,0.000,,0.45714285714285713
فارس,تکنیکال-flow_bp,56,0.446,0.000,,0.45
فارس,تکنیکال-adx,45,0.444,0.000,,0.4489795918367347
فارس,تکنیکال-super,27,0.407,0.000,,0.41935483870967744
فارس,تکنیکال-fibo,4,0.250,0.000,,0.375
فارس,تکنیکال-psar,92,0.359,0.000,,0.3645833333333333
فارس,تکنیکال-rsi,21,0.333,0.000,,0.36
فاسمین,تکنیکال-boll,34,0.559,0.000,,0.5526315789473685
فاسمین,تکنیکال-stoch,61,0.541,0.000,,0.5384615384615384
فاسمین,تکنیکال-fibo,8,0.500,0.000,,0.5
فاسمین,تکنیکال-flow_bp,0,,0.000,,0.5
فاسمین,تکنیکال-flow_net,0,,0.000,,0.5
فاسمین,تکنیکال-rsi,22,0.500,0.000,,0.5
فاسمین,تکنیکال-trendflow,0,,0.000,,0.5
فاسمین,تکنیکال-volbrk,32,0.438,0.000,,0.4444444444444444
فاسمین,تکنیکال-ichi,26,0.423,0.000,,0.43333333333333335
فاسمین,تکنیکال-sma,24,0.417,0.000,,0.42857142857142855
فاسمین,تکنیکال-macd,62,0.403,0.000,,0.4090909090909091
فاسمین,تکنیکال-super,28,0.393,0.000,,0.40625
فاسمین,تکنیکال-psar,85,0.400,0.000,,0.4044943820224719
فاسمین,تکنیکال-donch,34,0.382,0.000,,0.39473684210526316
فاسمین,تکنیکال-obv,60,0.383,0.000,,0.390625
فاسمین,تکنیکال-adx,46,0.370,0.000,,0.38
فافزا,تکنیکال-fibo,9,0.778,0.000,,0.6923076923076923
فافزا,تکنیکال-flow_bp,52,0.635,0.000,,0.625
فافزا,تکنیکال-rsi,20,0.650,0.000,,0.625
فافزا,تکنیکال-stoch,55,0.527,0.000,,0.5254237288135594
فافزا,تکنیکال-macd,63,0.524,0.000,,0.5223880597014925
فافزا,تکنیکال-flow_net,64,0.500,0.000,,0.5
فافزا,تکنیکال-obv,56,0.500,0.000,,0.5
فافزا,تکنیکال-volbrk,33,0.485,0.000,,0.4864864864864865
فافزا,تکنیکال-donch,31,0.484,0.000,,0.4857142857142857
فافزا,تکنیکال-ichi,33,0.455,0.000,,0.4594594594594595
فافزا,تکنیکال-super,29,0.448,0.000,,0.45454545454545453
فافزا,تکنیکال-trendflow,56,0.446,0.000,,0.45
فافزا,تکنیکال-sma,22,0.409,0.000,,0.4230769230769231
فافزا,تکنیکال-adx,67,0.418,0.000,,0.4225352112676056
فافزا,تکنیکال-psar,84,0.417,0.000,,0.42045454545454547
فافزا,تکنیکال-boll,25,0.400,0.000,,0.41379310344827586
فافق,تکنیکال-fibo,11,0.636,0.000,,0.6
فافق,تکنیکال-stoch,39,0.590,0.000,,0.5813953488372093
فافق,تکنیکال-sma,14,0.571,0.000,,0.5555555555555556
فافق,تکنیکال-super,26,0.538,0.000,,0.5333333333333333
فافق,تکنیکال-psar,76,0.513,0.000,,0.5125
فافق,تکنیکال-flow_bp,63,0.508,0.000,,0.5074626865671642
فافق,تکنیکال-rsi,12,0.500,0.000,,0.5
فافق,تکنیکال-donch,31,0.484,0.000,,0.4857142857142857
فافق,تکنیکال-ichi,25,0.480,0.000,,0.4827586206896552
فافق,تکنیکال-flow_net,82,0.439,0.000,,0.4418604651162791
فافق,تکنیکال-adx,44,0.432,0.000,,0.4375
فافق,تکنیکال-boll,12,0.417,0.000,,0.4375
فافق,تکنیکال-macd,58,0.431,0.000,,0.43548387096774194
فافق,تکنیکال-trendflow,66,0.409,0.000,,0.4142857142857143
فافق,تکنیکال-obv,35,0.400,0.000,,0.41025641025641024
فافق,تکنیکال-volbrk,39,0.385,0.000,,0.3953488372093023
فالوم,تکنیکال-flow_bp,29,0.621,0.000,,0.6060606060606061
فالوم,تکنیکال-flow_net,48,0.583,0.000,,0.5769230769230769
فالوم,تکنیکال-rsi,24,0.542,0.000,,0.5357142857142857
فالوم,تکنیکال-stoch,74,0.473,0.000,,0.47435897435897434
فالوم,تکنیکال-macd,56,0.464,0.000,,0.4666666666666667
فالوم,تکنیکال-volbrk,41,0.463,0.000,,0.4666666666666667
فالوم,تکنیکال-adx,46,0.457,0.000,,0.46
فالوم,تکنیکال-psar,86,0.453,0.000,,0.45555555555555555
فالوم,تکنیکال-super,32,0.438,0.000,,0.4444444444444444
فالوم,تکنیکال-donch,33,0.424,0.000,,0.43243243243243246
فالوم,تکنیکال-trendflow,24,0.417,0.000,,0.42857142857142855
فالوم,تکنیکال-sma,22,0.409,0.000,,0.4230769230769231
فالوم,تکنیکال-obv,53,0.396,0.000,,0.40350877192982454
فالوم,تکنیکال-boll,36,0.389,0.000,,0.4
فالوم,تکنیکال-fibo,18,0.333,0.000,,0.36363636363636365
فالوم,تکنیکال-ichi,36,0.306,0.000,,0.325
فاما,تکنیکال-rsi,23,0.522,0.000,,0.5185185185185185
فاما,تکنیکال-stoch,51,0.510,0.000,,0.509090909090909
فاما,تکنیکال-flow_net,78,0.500,0.000,,0.5
فاما,تکنیکال-sma,22,0.500,0.000,,0.5
فاما,تکنیکال-super,24,0.500,0.000,,0.5
فاما,تکنیکال-boll,33,0.485,0.000,,0.4864864864864865
فاما,تکنیکال-donch,29,0.483,0.000,,0.48484848484848486
فاما,تکنیکال-macd,63,0.460,0.000,,0.4626865671641791
فاما,تکنیکال-fibo,7,0.429,0.000,,0.45454545454545453
فاما,تکنیکال-volbrk,40,0.450,0.000,,0.45454545454545453
فاما,تکنیکال-flow_bp,89,0.449,0.000,,0.45161290322580644
فاما,تکنیکال-trendflow,56,0.429,0.000,,0.43333333333333335
فاما,تکنیکال-obv,62,0.419,0.000,,0.42424242424242425
فاما,تکنیکال-adx,41,0.390,0.000,,0.4
فاما,تکنیکال-psar,100,0.360,0.000,,0.36538461538461536
فاما,تکنیکال-ichi,33,0.303,0.000,,0.32432432432432434
فاهواز,تکنیکال-rsi,17,0.824,0.000,,0.7619047619047619
فاهواز,تکنیکال-donch,18,0.778,0.000,,0.7272727272727273
فاهواز,تکنیکال-stoch,30,0.700,0.000,,0.6764705882352942
فاهواز,تکنیکال-volbrk,23,0.696,0.000,,0.6666666666666666
فاهواز,تکنیکال-boll,19,0.684,0.000,,0.6521739130434783
فاهواز,تکنیکال-macd,36,0.639,0.000,,0.625
فاهواز,تکنیکال-flow_net,38,0.579,0.000,,0.5714285714285714
فاهواز,تکنیکال-psar,69,0.565,0.000,,0.5616438356164384
فاهواز,تکنیکال-obv,37,0.541,0.000,,0.5365853658536586
فاهواز,تکنیکال-ichi,17,0.529,0.000,,0.5238095238095238
فاهواز,تکنیکال-fibo,4,0.500,0.000,,0.5
فاهواز,تکنیکال-adx,43,0.488,0.000,,0.48936170212765956
فاهواز,تکنیکال-flow_bp,144,0.479,0.000,,0.4797297297297297
فاهواز,تکنیکال-super,20,0.450,0.000,,0.4583333333333333
فاهواز,تکنیکال-trendflow,54,0.426,0.000,,0.43103448275862066
فاهواز,تکنیکال-sma,19,0.368,0.000,,0.391304347826087
فایرا,تکنیکال-super,10,0.700,0.000,,0.6428571428571429
فایرا,تکنیکال-donch,15,0.667,0.000,,0.631578947368421
فایرا,تکنیکال-flow_bp,56,0.554,0.000,,0.55
فایرا,تکنیکال-stoch,20,0.550,0.000,,0.5416666666666666
فایرا,تکنیکال-rsi,11,0.545,0.000,,0.5333333333333333
فایرا,تکنیکال-adx,49,0.531,0.000,,0.5283018867924528
فایرا,تکنیکال-flow_net,78,0.513,0.000,,0.5121951219512195
فایرا,تکنیکال-sma,12,0.500,0.000,,0.5
فایرا,تکنیکال-macd,53,0.472,0.000,,0.47368421052631576
فایرا,تکنیکال-obv,43,0.465,0.000,,0.46808510638297873
فایرا,تکنیکال-boll,24,0.458,0.000,,0.4642857142857143
فایرا,تکنیکال-ichi,24,0.458,0.000,,0.4642857142857143
فایرا,تکنیکال-fibo,9,0.444,0.000,,0.46153846153846156
فایرا,تکنیکال-volbrk,41,0.439,0.000,,0.4444444444444444
فایرا,تکنیکال-psar,109,0.422,0.000,,0.4247787610619469
فایرا,تکنیکال-trendflow,50,0.340,0.000,,0.35185185185185186
فباهنر,تکنیکال-boll,31,0.548,0.000,,0.5428571428571428
فباهنر,تکنیکال-stoch,57,0.509,0.000,,0.5081967213114754
فباهنر,تکنیکال-adx,44,0.500,0.000,,0.5
فباهنر,تکنیکال-sma,22,0.500,0.000,,0.5
فباهنر,تکنیکال-ichi,39,0.487,0.000,,0.4883720930232558
فباهنر,تکنیکال-super,27,0.481,0.000,,0.4838709677419355
فباهنر,تکنیکال-donch,43,0.465,0.000,,0.46808510638297873
فباهنر,تکنیکال-macd,79,0.430,0.000,,0.43373493975903615
فباهنر,تکنیکال-volbrk,46,0.413,0.000,,0.42
فباهنر,تکنیکال-rsi,20,0.400,0.000,,0.4166666666666667
فباهنر,تکنیکال-flow_bp,24,0.375,0.000,,0.39285714285714285
فباهنر,تکنیکال-psar,106,0.387,0.000,,0.39090909090909093
فباهنر,تکنیکال-obv,68,0.382,0.000,,0.3888888888888889
فباهنر,تکنیکال-trendflow,48,0.354,0.000,,0.36538461538461536
فباهنر,تکنیکال-fibo,10,0.300,0.000,,0.35714285714285715
فباهنر,تکنیکال-flow_net,104,0.317,0.000,,0.32407407407407407
فبستم,تکنیکال-psar,54,0.704,0.000,,0.6896551724137931
فبستم,تکنیکال-stoch,31,0.677,0.000,,0.6571428571428571
فبستم,تکنیکال-trendflow,36,0.611,0.000,,0.6
فبستم,تکنیکال-obv,36,0.583,0.000,,0.575
فبستم,تکنیکال-macd,38,0.579,0.000,,0.5714285714285714
فبستم,تکنیکال-fibo,7,0.571,0.000,,0.5454545454545454
فبستم,تکنیکال-flow_bp,79,0.544,0.000,,0.5421686746987951
فبستم,تکنیکال-rsi,13,0.538,0.000,,0.5294117647058824
فبستم,تکنیکال-boll,16,0.500,0.000,,0.5
فبستم,تکنیکال-ichi,20,0.500,0.000,,0.5
فبستم,تکنیکال-sma,16,0.500,0.000,,0.5
فبستم,تکنیکال-volbrk,24,0.500,0.000,,0.5
فبستم,تکنیکال-super,19,0.474,0.000,,0.4782608695652174
فبستم,تکنیکال-adx,34,0.471,0.000,,0.47368421052631576
فبستم,تکنیکال-donch,19,0.421,0.000,,0.43478260869565216
فبستم,تکنیکال-flow_net,22,0.409,0.000,,0.4230769230769231
فبیرا,تکنیکال-fibo,16,0.688,0.000,,0.65
فبیرا,تکنیکال-stoch,54,0.574,0.000,,0.5689655172413793
فبیرا,تکنیکال-rsi,23,0.565,0.000,,0.5555555555555556
فبیرا,تکنیکال-adx,45,0.556,0.000,,0.5510204081632653
فبیرا,تکنیکال-macd,55,0.545,0.000,,0.5423728813559322
فبیرا,تکنیکال-psar,84,0.536,0.000,,0.5340909090909091
فبیرا,تکنیکال-flow_bp,110,0.527,0.000,,0.5263157894736842
فبیرا,تکنیکال-volbrk,34,0.529,0.000,,0.5263157894736842
فبیرا,تکنیکال-boll,30,0.500,0.000,,0.5
فبیرا,تکنیکال-sma,24,0.458,0.000,,0.4642857142857143
فبیرا,تکنیکال-flow_net,100,0.450,0.000,,0.4519230769230769
فبیرا,تکنیکال-obv,50,0.440,0.000,,0.4444444444444444
فبیرا,تکنیکال-trendflow,50,0.440,0.000,,0.4444444444444444
فبیرا,تکنیکال-super,35,0.400,0.000,,0.41025641025641024
فبیرا,تکنیکال-donch,28,0.393,0.000,,0.40625
فبیرا,تکنیکال-ichi,24,0.375,0.000,,0.39285714285714285
فتوسا,تکنیکال-super,20,0.600,0.000,,0.5833333333333334
فتوسا,تکنیکال-flow_net,57,0.561,0.000,,0.5573770491803278
فتوسا,تکنیکال-boll,23,0.565,0.000,,0.5555555555555556
فتوسا,تکنیکال-donch,25,0.560,0.000,,0.5517241379310345
فتوسا,تکنیکال-rsi,20,0.550,0.000,,0.5416666666666666
فتوسا,تکنیکال-stoch,47,0.532,0.000,,0.5294117647058824
فتوسا,تکنیکال-flow_bp,179,0.525,0.000,,0.5245901639344263
فتوسا,تکنیکال-sma,20,0.500,0.000,,0.5
فتوسا,تکنیکال-ichi,27,0.481,0.000,,0.4838709677419355
فتوسا,تکنیکال-volbrk,35,0.457,0.000,,0.46153846153846156
فتوسا,تکنیکال-trendflow,88,0.409,0.000,,0.41304347826086957
فتوسا,تکنیکال-fibo,6,0.333,0.000,,0.4
فتوسا,تکنیکال-psar,83,0.386,0.000,,0.39080459770114945
فتوسا,تکنیکال-macd,60,0.383,0.000,,0.390625
فتوسا,تکنیکال-adx,45,0.378,0.000,,0.3877551020408163
فتوسا,تکنیکال-obv,54,0.370,0.000,,0.3793103448275862
فجام,تکنیکال-fibo,10,0.700,0.000,,0.6428571428571429
فجام,تکنیکال-stoch,47,0.617,0.000,,0.6078431372549019
فجام,تکنیکال-flow_bp,103,0.505,0.000,,0.5046728971962616
فجام,تکنیکال-flow_net,66,0.500,0.000,,0.5
فجام,تکنیکال-trendflow,70,0.500,0.000,,0.5
فجام,تکنیکال-donch,27,0.481,0.000,,0.4838709677419355
فجام,تکنیکال-rsi,15,0.467,0.000,,0.47368421052631576
فجام,تکنیکال-super,22,0.455,0.000,,0.46153846153846156
فجام,تکنیکال-volbrk,39,0.436,0.000,,0.4418604651162791
فجام,تکنیکال-psar,92,0.435,0.000,,0.4375
فجام,تکنیکال-ichi,35,0.429,0.000,,0.4358974358974359
فجام,تکنیکال-boll,19,0.421,0.000,,0.43478260869565216
فجام,تکنیکال-sma,19,0.421,0.000,,0.43478260869565216
فجام,تکنیکال-adx,47,0.426,0.000,,0.43137254901960786
فجام,تکنیکال-macd,68,0.412,0.000,,0.4166666666666667
فجام,تکنیکال-obv,47,0.383,0.000,,0.39215686274509803
فجر,تکنیکال-adx,44,0.591,0.000,,0.5833333333333334
فجر,تکنیکال-boll,34,0.588,0.000,,0.5789473684210527
فجر,تکنیکال-super,26,0.538,0.000,,0.5333333333333333
فجر,تکنیکال-fibo,8,0.500,0.000,,0.5
فجر,تکنیکال-rsi,24,0.500,0.000,,0.5
فجر,تکنیکال-stoch,62,0.500,0.000,,0.5
فجر,تکنیکال-sma,21,0.476,0.000,,0.48
فجر,تکنیکال-donch,34,0.471,0.000,,0.47368421052631576
فجر,تکنیکال-psar,97,0.454,0.000,,0.45544554455445546
فجر,تکنیکال-flow_net,75,0.413,0.000,,0.4177215189873418
فجر,تکنیکال-obv,67,0.403,0.000,,0.4084507042253521
فجر,تکنیکال-volbrk,43,0.395,0.000,,0.40425531914893614
فجر,تکنیکال-trendflow,50,0.380,0.000,,0.3888888888888889
فجر,تکنیکال-macd,86,0.372,0.000,,0.37777777777777777
فجر,تکنیکال-flow_bp,63,0.349,0.000,,0.3582089552238806
فجر,تکنیکال-ichi,36,0.333,0.000,,0.35
فجهان,تکنیکال-ichi,18,0.611,0.000,,0.5909090909090909
فجهان,تکنیکال-fibo,10,0.600,0.000,,0.5714285714285714
فجهان,تکنیکال-stoch,19,0.579,0.000,,0.5652173913043478
فجهان,تکنیکال-volbrk,25,0.520,0.000,,0.5172413793103449
فجهان,تکنیکال-psar,78,0.513,0.000,,0.5121951219512195
فجهان,تکنیکال-boll,24,0.500,0.000,,0.5
فجهان,تکنیکال-macd,38,0.500,0.000,,0.5
فجهان,تکنیکال-super,12,0.500,0.000,,0.5
فجهان,تکنیکال-flow_bp,153,0.497,0.000,,0.4968152866242038
فجهان,تکنیکال-obv,37,0.486,0.000,,0.4878048780487805
فجهان,تکنیکال-rsi,17,0.471,0.000,,0.47619047619047616
فجهان,تکنیکال-donch,15,0.467,0.000,,0.47368421052631576
فجهان,تکنیکال-sma,15,0.467,0.000,,0.47368421052631576
فجهان,تکنیکال-flow_net,55,0.455,0.000,,0.4576271186440678
فجهان,تکنیکال-trendflow,64,0.453,0.000,,0.45588235294117646
فجهان,تکنیکال-adx,48,0.438,0.000,,0.4423076923076923
فجوش,تکنیکال-flow_net,15,0.733,0.000,,0.6842105263157895
فجوش,تکنیکال-super,8,0.750,0.000,,0.6666666666666666
فجوش,تکنیکال-psar,39,0.667,0.000,,0.6511627906976745
فجوش,تکنیکال-obv,10,0.700,0.000,,0.6428571428571429
فجوش,تکنیکال-trendflow,7,0.714,0.000,,0.6363636363636364
فجوش,تکنیکال-fibo,1,1.000,0.000,,0.6
فجوش,تکنیکال-volbrk,11,0.636,0.000,,0.6
فجوش,تکنیکال-stoch,14,0.571,0.000,,0.5555555555555556
فجوش,تکنیکال-sma,7,0.571,0.000,,0.5454545454545454
فجوش,تکنیکال-macd,32,0.531,0.000,,0.5277777777777778
فجوش,تکنیکال-flow_bp,41,0.512,0.000,,0.5111111111111111
فجوش,تکنیکال-adx,18,0.500,0.000,,0.5
فجوش,تکنیکال-donch,6,0.500,0.000,,0.5
فجوش,تکنیکال-ichi,6,0.500,0.000,,0.5
فجوش,تکنیکال-rsi,11,0.364,0.000,,0.4
فجوش,تکنیکال-boll,13,0.231,0.000,,0.29411764705882354
فخاس,تکنیکال-sma,15,0.667,0.000,,0.631578947368421
فخاس,تکنیکال-rsi,17,0.647,0.000,,0.6190476190476191
فخاس,تکنیکال-ichi,24,0.625,0.000,,0.6071428571428571
فخاس,تکنیکال-flow_net,109,0.578,0.000,,0.5752212389380531
فخاس,تکنیکال-super,17,0.588,0.000,,0.5714285714285714
فخاس,تکنیکال-volbrk,31,0.581,0.000,,0.5714285714285714
فخاس,تکنیکال-trendflow,39,0.564,0.000,,0.5581395348837209
فخاس,تکنیکال-fibo,5,0.600,0.000,,0.5555555555555556
فخاس,تکنیکال-psar,90,0.556,0.000,,0.5531914893617021
فخاس,تکنیکال-stoch,25,0.560,0.000,,0.5517241379310345
فخاس,تکنیکال-adx,58,0.552,0.000,,0.5483870967741935
فخاس,تکنیکال-flow_bp,59,0.508,0.000,,0.5079365079365079
فخاس,تکنیکال-donch,10,0.500,0.000,,0.5
فخاس,تکنیکال-macd,63,0.492,0.000,,0.4925373134328358
فخاس,تکنیکال-obv,38,0.474,0.000,,0.47619047619047616
فخاس,تکنیکال-boll,23,0.391,0.000,,0.4074074074074074
فخوز,تکنیکال-donch,20,0.700,0.000,,0.6666666666666666
فخوز,تکنیکال-super,15,0.667,0.000,,0.631578947368421
فخوز,تکنیکال-sma,16,0.625,0.000,,0.6
فخوز,تکنیکال-flow_bp,70,0.543,0.000,,0.5405405405405406
فخوز,تکنیکال-stoch,54,0.519,0.000,,0.5172413793103449
فخوز,تکنیکال-volbrk,37,0.486,0.000,,0.4878048780487805
فخوز,تکنیکال-ichi,27,0.444,0.000,,0.45161290322580644
فخوز,تکنیکال-trendflow,44,0.432,0.000,,0.4375
فخوز,تکنیکال-flow_net,90,0.433,0.000,,0.43617021276595747
فخوز,تکنیکال-adx,49,0.429,0.000,,0.4339622641509434
فخوز,تکنیکال-rsi,22,0.409,0.000,,0.4230769230769231
فخوز,تکنیکال-fibo,8,0.375,0.000,,0.4166666666666667
فخوز,تکنیکال-boll,34,0.382,0.000,,0.39473684210526316
فخوز,تکنیکال-psar,94,0.383,0.000,,0.3877551020408163
فخوز,تکنیکال-obv,65,0.354,0.000,,0.36231884057971014
فخوز,تکنیکال-macd,85,0.329,0.000,,0.33707865168539325
فرآور,تکنیکال-super,29,0.586,0.000,,0.5757575757575758
فرآور,تکنیکال-rsi,26,0.577,0.000,,0.5666666666666667
فرآور,تکنیکال-flow_bp,47,0.553,0.000,,0.5490196078431373
فرآور,تکنیکال-fibo,6,0.500,0.000,,0.5
فرآور,تکنیکال-sma,34,0.500,0.000,,0.5
فرآور,تکنیکال-adx,45,0.489,0.000,,0.4897959183673469
فرآور,تکنیکال-trendflow,36,0.472,0.000,,0.475
فرآور,تکنیکال-donch,37,0.459,0.000,,0.4634146341463415
فرآور,تکنیکال-boll,31,0.452,0.000,,0.45714285714285713
فرآور,تکنیکال-stoch,65,0.446,0.000,,0.4492753623188406
فرآور,تکنیکال-ichi,32,0.438,0.000,,0.4444444444444444
فرآور,تکنیکال-volbrk,42,0.405,0.000,,0.41304347826086957
فرآور,تکنیکال-macd,81,0.407,0.000,,0.4117647058823529
فرآور,تکنیکال-flow_net,81,0.383,0.000,,0.38823529411764707
فرآور,تکنیکال-obv,66,0.364,0.000,,0.37142857142857144
فرآور,تکنیکال-psar,102,0.353,0.000,,0.3584905660377358
فرابورس,تکنیکال-volbrk,34,0.618,0.000,,0.6052631578947368
فرابورس,تکنیکال-flow_bp,47,0.596,0.000,,0.5882352941176471
فرابورس,تکنیکال-ichi,25,0.560,0.000,,0.5517241379310345
فرابورس,تکنیکال-donch,34,0.500,0.000,,0.5
فرابورس,تکنیکال-trendflow,43,0.488,0.000,,0.48936170212765956
فرابورس,تکنیکال-super,35,0.457,0.000,,0.46153846153846156
فرابورس,تکنیکال-flow_net,71,0.451,0.000,,0.4533333333333333
فرابورس,تکنیکال-boll,51,0.431,0.000,,0.43636363636363634
فرابورس,تکنیکال-sma,26,0.423,0.000,,0.43333333333333335
فرابورس,تکنیکال-stoch,77,0.429,0.000,,0.43209876543209874
فرابورس,تکنیکال-psar,94,0.426,0.000,,0.42857142857142855
فرابورس,تکنیکال-obv,71,0.408,0.000,,0.41333333333333333
فرابورس,تکنیکال-macd,70,0.400,0.000,,0.40540540540540543
فرابورس,تکنیکال-rsi,44,0.364,0.000,,0.375
فرابورس,تکنیکال-adx,56,0.357,0.000,,0.36666666666666664
فرابورس,تکنیکال-fibo,12,0.250,0.000,,0.3125
فرود,تکنیکال-stoch,30,0.600,0.000,,0.5882352941176471
فرود,تکنیکال-boll,17,0.588,0.000,,0.5714285714285714
فرود,تکنیکال-macd,27,0.519,0.000,,0.5161290322580645
فرود,تکنیکال-ichi,15,0.467,0.000,,0.47368421052631576
فرود,تکنیکال-rsi,11,0.455,0.000,,0.4666666666666667
فرود,تکنیکال-psar,47,0.447,0.000,,0.45098039215686275
فرود,تکنیکال-donch,23,0.435,0.000,,0.4444444444444444
فرود,تکنیکال-trendflow,28,0.429,0.000,,0.4375
فرود,تکنیکال-flow_net,35,0.429,0.000,,0.4358974358974359
فرود,تکنیکال-super,19,0.421,0.000,,0.43478260869565216
فرود,تکنیکال-adx,24,0.417,0.000,,0.42857142857142855
فرود,تکنیکال-flow_bp,41,0.415,0.000,,0.4222222222222222
فرود,تکنیکال-obv,34,0.412,0.000,,0.42105263157894735
فرود,تکنیکال-fibo,7,0.286,0.000,,0.36363636363636365
فرود,تکنیکال-volbrk,21,0.333,0.000,,0.36
فرود,تکنیکال-sma,11,0.273,0.000,,0.3333333333333333
فروس,تکنیکال-boll,35,0.629,0.000,,0.6153846153846154
فروس,تکنیکال-rsi,20,0.600,0.000,,0.5833333333333334
فروس,تکنیکال-stoch,58,0.569,0.000,,0.5645161290322581
فروس,تکنیکال-sma,24,0.542,0.000,,0.5357142857142857
فروس,تکنیکال-flow_net,75,0.533,0.000,,0.5316455696202531
فروس,تکنیکال-flow_bp,83,0.530,0.000,,0.5287356321839081
فروس,تکنیکال-fibo,16,0.500,0.000,,0.5
فروس,تکنیکال-super,26,0.462,0.000,,0.4666666666666667
فروس,تکنیکال-adx,50,0.460,0.000,,0.46296296296296297
فروس,تکنیکال-trendflow,57,0.456,0.000,,0.45901639344262296
فروس,تکنیکال-ichi,35,0.429,0.000,,0.4358974358974359
فروس,تکنیکال-donch,33,0.424,0.000,,0.43243243243243246
فروس,تکنیکال-obv,77,0.403,0.000,,0.4074074074074074
فروس,تکنیکال-volbrk,51,0.353,0.000,,0.36363636363636365
فروس,تکنیکال-psar,109,0.349,0.000,,0.35398230088495575
فروس,تکنیکال-macd,78,0.333,0.000,,0.34146341463414637
فروسیل,تکنیکال-boll,22,0.636,0.000,,0.6153846153846154
فروسیل,تکنیکال-ichi,16,0.625,0.000,,0.6
فروسیل,تکنیکال-volbrk,24,0.583,0.000,,0.5714285714285714
فروسیل,تکنیکال-trendflow,26,0.577,0.000,,0.5666666666666667
فروسیل,تکنیکال-sma,14,0.571,0.000,,0.5555555555555556
فروسیل,تکنیکال-flow_bp,52,0.538,0.000,,0.5357142857142857
فروسیل,تکنیکال-donch,19,0.526,0.000,,0.5217391304347826
فروسیل,تکنیکال-stoch,39,0.513,0.000,,0.5116279069767442
فروسیل,تکنیکال-fibo,6,0.500,0.000,,0.5
فروسیل,تکنیکال-macd,42,0.500,0.000,,0.5
فروسیل,تکنیکال-obv,30,0.500,0.000,,0.5
فروسیل,تکنیکال-super,17,0.471,0.000,,0.47619047619047616
فروسیل,تکنیکال-flow_net,86,0.453,0.000,,0.45555555555555555
فروسیل,تکنیکال-adx,30,0.433,0.000,,0.4411764705882353
فروسیل,تکنیکال-psar,64,0.438,0.000,,0.4411764705882353
فروسیل,تکنیکال-rsi,20,0.400,0.000,,0.4166666666666667
فروژ,تکنیکال-rsi,13,0.692,0.000,,0.6470588235294118
فروژ,تکنیکال-obv,15,0.667,0.000,,0.631578947368421
فروژ,تکنیکال-volbrk,15,0.600,0.000,,0.5789473684210527
فروژ,تکنیکال-donch,11,0.545,0.000,,0.5333333333333333
فروژ,تکنیکال-flow_bp,41,0.537,0.000,,0.5333333333333333
فروژ,تکنیکال-stoch,30,0.533,0.000,,0.5294117647058824
فروژ,تکنیکال-flow_net,40,0.525,0.000,,0.5227272727272727
فروژ,تکنیکال-boll,18,0.500,0.000,,0.5
فروژ,تکنیکال-fibo,6,0.500,0.000,,0.5
فروژ,تکنیکال-macd,22,0.500,0.000,,0.5
فروژ,تکنیکال-adx,17,0.471,0.000,,0.47619047619047616
فروژ,تکنیکال-ichi,13,0.462,0.000,,0.47058823529411764
فروژ,تکنیکال-sma,11,0.455,0.000,,0.4666666666666667
فروژ,تکنیکال-super,11,0.455,0.000,,0.4666666666666667
فروژ,تکنیکال-psar,40,0.450,0.000,,0.45454545454545453
فروژ,تکنیکال-trendflow,25,0.400,0.000,,0.41379310344827586
فروی,تکنیکال-trendflow,52,0.596,0.000,,0.5892857142857143
فروی,تکنیکال-stoch,73,0.589,0.000,,0.5844155844155844
فروی,تکنیکال-fibo,10,0.600,0.000,,0.5714285714285714
فروی,تکنیکال-flow_bp,68,0.515,0.000,,0.5138888888888888
فروی,تکنیکال-volbrk,37,0.486,0.000,,0.4878048780487805
فروی,تکنیکال-boll,46,0.478,0.000,,0.48
فروی,تکنیکال-flow_net,65,0.477,0.000,,0.4782608695652174
فروی,تکنیکال-donch,34,0.441,0.000,,0.4473684210526316
فروی,تکنیکال-macd,71,0.437,0.000,,0.44
فروی,تکنیکال-rsi,31,0.419,0.000,,0.42857142857142855
فروی,تکنیکال-ichi,36,0.417,0.000,,0.425
فروی,تکنیکال-sma,18,0.389,0.000,,0.4090909090909091
فروی,تکنیکال-psar,108,0.389,0.000,,0.39285714285714285
فروی,تکنیکال-adx,55,0.364,0.000,,0.3728813559322034
فروی,تکنیکال-obv,72,0.361,0.000,,0.3684210526315789
فروی,تکنیکال-super,27,0.296,0.000,,0.3225806451612903
فزر,تکنیکال-sma,5,0.800,0.000,,0.6666666666666666
فزر,تکنیکال-fibo,10,0.700,0.000,,0.6428571428571429
فزر,تکنیکال-stoch,28,0.536,0.000,,0.53125
فزر,تکنیکال-boll,8,0.500,0.000,,0.5
فزر,تکنیکال-rsi,0,,0.000,,0.5
فزر,تکنیکال-donch,29,0.448,0.000,,0.45454545454545453
فزر,تکنیکال-super,14,0.429,0.000,,0.4444444444444444
فزر,تکنیکال-flow_net,69,0.406,0.000,,0.410958904109589
فزر,تکنیکال-adx,31,0.387,0.000,,0.4
فزر,تکنیکال-psar,54,0.389,0.000,,0.39655172413793105
فزر,تکنیکال-ichi,25,0.360,0.000,,0.3793103448275862
فزر,تکنیکال-macd,62,0.355,0.000,,0.36363636363636365
فزر,تکنیکال-trendflow,40,0.350,0.000,,0.36363636363636365
فزر,تکنیکال-volbrk,23,0.304,0.000,,0.3333333333333333
فزر,تکنیکال-obv,52,0.288,0.000,,0.30357142857142855
فزر,تکنیکال-flow_bp,6,0.167,0.000,,0.3
فزرین,تکنیکال-super,26,0.538,0.000,,0.5333333333333333
فزرین,تکنیکال-boll,32,0.531,0.000,,0.5277777777777778
فزرین,تکنیکال-stoch,73,0.521,0.000,,0.5194805194805194
فزرین,تکنیکال-flow_bp,52,0.481,0.000,,0.48214285714285715
فزرین,تکنیکال-donch,32,0.469,0.000,,0.4722222222222222
فزرین,تکنیکال-flow_net,74,0.459,0.000,,0.46153846153846156
فزرین,تکنیکال-volbrk,45,0.444,0.000,,0.4489795918367347
فزرین,تکنیکال-sma,25,0.440,0.000,,0.4482758620689655
فزرین,تکنیکال-trendflow,46,0.435,0.000,,0.44
فزرین,تکنیکال-adx,51,0.431,0.000,,0.43636363636363634
فزرین,تکنیکال-macd,65,0.431,0.000,,0.43478260869565216
فزرین,تکنیکال-rsi,26,0.423,0.000,,0.43333333333333335
فزرین,تکنیکال-psar,95,0.421,0.000,,0.42424242424242425
فزرین,تکنیکال-ichi,28,0.393,0.000,,0.40625
فزرین,تکنیکال-fibo,16,0.375,0.000,,0.4
فزرین,تکنیکال-obv,62,0.355,0.000,,0.36363636363636365
فسا,تکنیکال-stoch,25,0.720,0.000,,0.6896551724137931
فسا,تکنیکال-super,12,0.667,0.000,,0.625
فسا,تکنیکال-flow_net,16,0.562,0.000,,0.55
فسا,تکنیکال-volbrk,16,0.562,0.000,,0.55
فسا,تکنیکال-adx,31,0.548,0.000,,0.5428571428571428
فسا,تکنیکال-ichi,13,0.538,0.000,,0.5294117647058824
فسا,تکنیکال-rsi,15,0.533,0.000,,0.5263157894736842
فسا,تکنیکال-fibo,2,0.500,0.000,,0.5
فسا,تکنیکال-flow_bp,72,0.472,0.000,,0.47368421052631576
فسا,تکنیکال-sma,13,0.462,0.000,,0.47058823529411764
فسا,تکنیکال-macd,50,0.460,0.000,,0.46296296296296297
فسا,تکنیکال-donch,7,0.429,0.000,,0.45454545454545453
فسا,تکنیکال-psar,83,0.446,0.000,,0.4482758620689655
فسا,تکنیکال-obv,32,0.438,0.000,,0.4444444444444444
فسا,تکنیکال-boll,19,0.421,0.000,,0.43478260869565216
فسا,تکنیکال-trendflow,32,0.406,0.000,,0.4166666666666667
فسازان,تکنیکال-trendflow,43,0.535,0.000,,0.5319148936170213
فسازان,تکنیکال-stoch,68,0.515,0.000,,0.5138888888888888
فسازان,تکنیکال-adx,50,0.480,0.000,,0.48148148148148145
فسازان,تکنیکال-flow_bp,84,0.464,0.000,,0.4659090909090909
فسازان,تکنیکال-ichi,39,0.462,0.000,,0.46511627906976744
فسازان,تکنیکال-volbrk,37,0.459,0.000,,0.4634146341463415
فسازان,تکنیکال-flow_net,98,0.449,0.000,,0.45098039215686275
فسازان,تکنیکال-super,25,0.440,0.000,,0.4482758620689655
فسازان,تکنیکال-boll,40,0.425,0.000,,0.4318181818181818
فسازان,تکنیکال-macd,78,0.423,0.000,,0.4268292682926829
فسازان,تکنیکال-rsi,29,0.414,0.000,,0.42424242424242425
فسازان,تکنیکال-sma,22,0.409,0.000,,0.4230769230769231
فسازان,تکنیکال-obv,65,0.415,0.000,,0.42028985507246375
فسازان,تکنیکال-donch,39,0.410,0.000,,0.4186046511627907
فسازان,تکنیکال-fibo,11,0.364,0.000,,0.4
فسازان,تکنیکال-psar,107,0.393,0.000,,0.3963963963963964
فسبزوار,تکنیکال-stoch,36,0.583,0.000,,0.575
فسبزوار,تکنیکال-sma,12,0.583,0.000,,0.5625
فسبزوار,تکنیکال-fibo,8,0.500,0.000,,0.5
فسبزوار,تکنیکال-obv,0,,0.000,,0.5
فسبزوار,تکنیکال-boll,17,0.471,0.000,,0.47619047619047616
فسبزوار,تکنیکال-trendflow,75,0.427,0.000,,0.43037974683544306
فسبزوار,تکنیکال-super,22,0.409,0.000,,0.4230769230769231
فسبزوار,تکنیکال-flow_bp,98,0.418,0.000,,0.4215686274509804
فسبزوار,تکنیکال-rsi,8,0.375,0.000,,0.4166666666666667
فسبزوار,تکنیکال-adx,30,0.400,0.000,,0.4117647058823529
فسبزوار,تکنیکال-flow_net,84,0.405,0.000,,0.4090909090909091
فسبزوار,تکنیکال-donch,28,0.393,0.000,,0.40625
فسبزوار,تکنیکال-psar,70,0.400,0.000,,0.40540540540540543
فسبزوار,تکنیکال-volbrk,31,0.355,0.000,,0.37142857142857144
فسبزوار,تکنیکال-macd,57,0.351,0.000,,0.36065573770491804
فسبزوار,تکنیکال-ichi,27,0.333,0.000,,0.3548387096774194
فسدید,تکنیکال-donch,11,1.000,0.000,,0.8666666666666667
فسدید,تکنیکال-volbrk,11,1.000,0.000,,0.8666666666666667
فسدید,تکنیکال-adx,9,1.000,0.000,,0.8461538461538461
فسدید,تکنیکال-super,9,1.000,0.000,,0.8461538461538461
فسدید,تکنیکال-ichi,9,0.889,0.000,,0.7692307692307693
فسدید,تکنیکال-obv,13,0.846,0.000,,0.7647058823529411
فسدید,تکنیکال-rsi,14,0.714,0.000,,0.6666666666666666
فسدید,تکنیکال-psar,22,0.682,0.000,,0.6538461538461539
فسدید,تکنیکال-trendflow,16,0.688,0.000,,0.65
فسدید,تکنیکال-sma,9,0.667,0.000,,0.6153846153846154
فسدید,تکنیکال-macd,32,0.562,0.000,,0.5555555555555556
فسدید,تکنیکال-flow_bp,59,0.508,0.000,,0.5079365079365079
فسدید,تکنیکال-stoch,26,0.500,0.000,,0.5
فسدید,تکنیکال-boll,25,0.480,0.000,,0.4827586206896552
فسدید,تکنیکال-fibo,3,0.333,0.000,,0.42857142857142855
فسدید,تکنیکال-flow_net,16,0.375,0.000,,0.4
فسرب,تکنیکال-flow_bp,41,0.659,0.000,,0.6444444444444445
فسرب,تکنیکال-boll,36,0.583,0.000,,0.575
فسرب,تکنیکال-donch,31,0.581,0.000,,0.5714285714285714
فسرب,تکنیکال-rsi,30,0.533,0.000,,0.5294117647058824
فسرب,تکنیکال-macd,60,0.500,0.000,,0.5
فسرب,تکنیکال-super,30,0.500,0.000,,0.5
فسرب,تکنیکال-obv,52,0.481,0.000,,0.48214285714285715
فسرب,تکنیکال-psar,86,0.465,0.000,,0.4666666666666667
فسرب,تکنیکال-adx,54,0.463,0.000,,0.46551724137931033
فسرب,تکنیکال-trendflow,20,0.450,0.000,,0.4583333333333333
فسرب,تکنیکال-ichi,25,0.440,0.000,,0.4482758620689655
فسرب,تکنیکال-fibo,14,0.429,0.000,,0.4444444444444444
فسرب,تکنیکال-flow_net,60,0.433,0.000,,0.4375
فسرب,تکنیکال-volbrk,44,0.409,0.000,,0.4166666666666667
فسرب,تکنیکال-stoch,76,0.395,0.000,,0.4
فسرب,تکنیکال-sma,23,0.348,0.000,,0.37037037037037035
فسوژ,تکنیکال-donch,11,0.727,0.000,,0.6666666666666666
فسوژ,تکنیکال-volbrk,13,0.615,0.000,,0.5882352941176471
فسوژ,تکنیکال-sma,7,0.571,0.000,,0.5454545454545454
فسوژ,تکنیکال-stoch,20,0.550,0.000,,0.5416666666666666
فسوژ,تکنیکال-super,9,0.556,0.000,,0.5384615384615384
فسوژ,تکنیکال-macd,24,0.500,0.000,,0.5
فسوژ,تکنیکال-boll,13,0.462,0.000,,0.47058823529411764
فسوژ,تکنیکال-flow_bp,28,0.464,0.000,,0.46875
فسوژ,تکنیکال-flow_net,37,0.459,0.000,,0.4634146341463415
فسوژ,تکنیکال-trendflow,20,0.450,0.000,,0.4583333333333333
فسوژ,تکنیکال-fibo,3,0.333,0.000,,0.42857142857142855
فسوژ,تکنیکال-rsi,10,0.400,0.000,,0.42857142857142855
فسوژ,تکنیکال-adx,25,0.400,0.000,,0.41379310344827586
فسوژ,تکنیکال-obv,25,0.400,0.000,,0.41379310344827586
فسوژ,تکنیکال-ichi,17,0.353,0.000,,0.38095238095238093
فسوژ,تکنیکال-psar,45,0.356,0.000,,0.3673469387755102
فسپا,تکنیکال-super,27,0.556,0.000,,0.5483870967741935
فسپا,تکنیکال-donch,26,0.538,0.000,,0.5333333333333333
فسپا,تکنیکال-flow_bp,57,0.509,0.000,,0.5081967213114754
فسپا,تکنیکال-volbrk,36,0.500,0.000,,0.5
فسپا,تکنیکال-sma,23,0.478,0.000,,0.48148148148148145
فسپا,تکنیکال-flow_net,93,0.473,0.000,,0.4742268041237113
فسپا,تکنیکال-stoch,67,0.463,0.000,,0.4647887323943662
فسپا,تکنیکال-trendflow,42,0.429,0.000,,0.43478260869565216
فسپا,تکنیکال-rsi,24,0.417,0.000,,0.42857142857142855
فسپا,تکنیکال-adx,48,0.417,0.000,,0.4230769230769231
فسپا,تکنیکال-macd,73,0.411,0.000,,0.4155844155844156
فسپا,تکنیکال-psar,103,0.398,0.000,,0.40186915887850466
فسپا,تکنیکال-boll,43,0.372,0.000,,0.3829787234042553
فسپا,تکنیکال-fibo,12,0.333,0.000,,0.375
فسپا,تکنیکال-obv,70,0.343,0.000,,0.35135135135135137
فسپا,تکنیکال-ichi,33,0.303,0.000,,0.32432432432432434
فصبا,تکنیکال-donch,5,0.800,0.000,,0.6666666666666666
فصبا,تکنیکال-sma,5,0.800,0.000,,0.6666666666666666
فصبا,تکنیکال-super,7,0.714,0.000,,0.6363636363636364
فصبا,تکنیکال-stoch,16,0.625,0.000,,0.6
فصبا,تکنیکال-obv,11,0.545,0.000,,0.5333333333333333
فصبا,تکنیکال-adx,15,0.533,0.000,,0.5263157894736842
فصبا,تکنیکال-fibo,2,0.500,0.000,,0.5
فصبا,تکنیکال-flow_net,36,0.500,0.000,,0.5
فصبا,تکنیکال-rsi,10,0.500,0.000,,0.5
فصبا,تکنیکال-macd,21,0.476,0.000,,0.48
فصبا,تکنیکال-ichi,7,0.429,0.000,,0.45454545454545453
فصبا,تکنیکال-boll,10,0.400,0.000,,0.42857142857142855
فصبا,تکنیکال-trendflow,17,0.412,0.000,,0.42857142857142855
فصبا,تکنیکال-flow_bp,49,0.408,0.000,,0.41509433962264153
فصبا,تکنیکال-psar,30,0.400,0.000,,0.4117647058823529
فصبا,تکنیکال-volbrk,11,0.364,0.000,,0.4
فغدیر,تکنیکال-rsi,10,0.800,0.000,,0.7142857142857143
فغدیر,تکنیکال-obv,26,0.615,0.000,,0.6
فغدیر,تکنیکال-super,8,0.625,0.000,,0.5833333333333334
فغدیر,تکنیکال-macd,34,0.588,0.000,,0.5789473684210527
فغدیر,تکنیکال-stoch,22,0.591,0.000,,0.5769230769230769
فغدیر,تکنیکال-volbrk,22,0.591,0.000,,0.5769230769230769
فغدیر,تکنیکال-ichi,19,0.579,0.000,,0.5652173913043478
فغدیر,تکنیکال-flow_net,66,0.561,0.000,,0.5571428571428572
فغدیر,تکنیکال-flow_bp,60,0.550,0.000,,0.546875
فغدیر,تکنیکال-adx,26,0.538,0.000,,0.5333333333333333
فغدیر,تکنیکال-boll,15,0.533,0.000,,0.5263157894736842
فغدیر,تکنیکال-psar,49,0.510,0.000,,0.5094339622641509
فغدیر,تکنیکال-fibo,1,0.000,0.000,,0.4
فغدیر,تکنیکال-sma,16,0.375,0.000,,0.4
فغدیر,تکنیکال-trendflow,27,0.370,0.000,,0.3870967741935484
فغدیر,تکنیکال-donch,15,0.333,0.000,,0.3684210526315789
فلات,تکنیکال-fibo,9,0.778,0.000,,0.6923076923076923
فلات,تکنیکال-flow_net,45,0.667,0.000,,0.6530612244897959
فلات,تکنیکال-macd,47,0.638,0.000,,0.6274509803921569
فلات,تکنیکال-flow_bp,76,0.553,0.000,,0.55
فلات,تکنیکال-psar,71,0.535,0.000,,0.5333333333333333
فلات,تکنیکال-rsi,27,0.519,0.000,,0.5161290322580645
فلات,تکنیکال-trendflow,35,0.514,0.000,,0.5128205128205128
فلات,تکنیکال-sma,14,0.500,0.000,,0.5
فلات,تکنیکال-boll,27,0.481,0.000,,0.4838709677419355
فلات,تکنیکال-obv,36,0.472,0.000,,0.475
فلات,تکنیکال-donch,22,0.455,0.000,,0.46153846153846156
فلات,تکنیکال-stoch,54,0.444,0.000,,0.4482758620689655
فلات,تکنیکال-volbrk,28,0.429,0.000,,0.4375
فلات,تکنیکال-ichi,22,0.409,0.000,,0.4230769230769231
فلات,تکنیکال-super,22,0.409,0.000,,0.4230769230769231
فلات,تکنیکال-adx,38,0.395,0.000,,0.40476190476190477
فلامی,تکنیکال-rsi,24,0.625,0.000,,0.6071428571428571
فلامی,تکنیکال-fibo,12,0.583,0.000,,0.5625
فلامی,تکنیکال-stoch,55,0.564,0.000,,0.559322033898305
فلامی,تکنیکال-donch,22,0.545,0.000,,0.5384615384615384
فلامی,تکنیکال-ichi,24,0.542,0.000,,0.5357142857142857
فلامی,تکنیکال-flow_bp,74,0.514,0.000,,0.5128205128205128
فلامی,تکنیکال-trendflow,37,0.514,0.000,,0.5121951219512195
فلامی,تکنیکال-flow_net,86,0.488,0.000,,0.4888888888888889
فلامی,تکنیکال-psar,95,0.484,0.000,,0.48484848484848486
فلامی,تکنیکال-volbrk,46,0.478,0.000,,0.48
فلامی,تکنیکال-macd,69,0.478,0.000,,0.4794520547945205
فلامی,تکنیکال-obv,52,0.462,0.000,,0.4642857142857143
فلامی,تکنیکال-boll,32,0.438,0.000,,0.4444444444444444
فلامی,تکنیکال-adx,40,0.425,0.000,,0.4318181818181818
فلامی,تکنیکال-super,29,0.379,0.000,,0.3939393939393939
فلامی,تکنیکال-sma,26,0.346,0.000,,0.36666666666666664
فلوله,تکنیکال-ichi,30,0.600,0.000,,0.5882352941176471
فلوله,تکنیکال-super,29,0.586,0.000,,0.5757575757575758
فلوله,تکنیکال-stoch,72,0.569,0.000,,0.5657894736842105
فلوله,تکنیکال-flow_bp,42,0.571,0.000,,0.5652173913043478
فلوله,تکنیکال-fibo,16,0.562,0.000,,0.55
فلوله,تکنیکال-flow_net,48,0.542,0.000,,0.5384615384615384
فلوله,تکنیکال-trendflow,41,0.537,0.000,,0.5333333333333333
فلوله,تکنیکال-boll,34,0.500,0.000,,0.5
فلوله,تکنیکال-psar,88,0.500,0.000,,0.5
فلوله,تکنیکال-volbrk,38,0.500,0.000,,0.5
فلوله,تکنیکال-macd,56,0.464,0.000,,0.4666666666666667
فلوله,تکنیکال-sma,21,0.429,0.000,,0.44
فلوله,تکنیکال-donch,38,0.421,0.000,,0.42857142857142855
فلوله,تکنیکال-adx,65,0.415,0.000,,0.42028985507246375
فلوله,تکنیکال-rsi,18,0.389,0.000,,0.4090909090909091
فلوله,تکنیکال-obv,71,0.352,0.000,,0.36
فماک,تکنیکال-donch,19,0.684,0.000,,0.6521739130434783
فماک,تکنیکال-fibo,7,0.714,0.000,,0.6363636363636364
فماک,تکنیکال-stoch,49,0.633,0.000,,0.6226415094339622
فماک,تکنیکال-rsi,13,0.615,0.000,,0.5882352941176471
فماک,تکنیکال-super,23,0.565,0.000,,0.5555555555555556
فماک,تکنیکال-boll,15,0.467,0.000,,0.47368421052631576
فماک,تکنیکال-macd,46,0.457,0.000,,0.46
فماک,تکنیکال-adx,31,0.452,0.000,,0.45714285714285713
فماک,تکنیکال-volbrk,29,0.448,0.000,,0.45454545454545453
فماک,تکنیکال-flow_net,59,0.424,0.000,,0.42857142857142855
فماک,تکنیکال-sma,15,0.400,0.000,,0.42105263157894735
فماک,تکنیکال-flow_bp,49,0.388,0.000,,0.39622641509433965
فماک,تکنیکال-trendflow,34,0.353,0.000,,0.3684210526315789
فماک,تکنیکال-psar,66,0.333,0.000,,0.34285714285714286
فماک,تکنیکال-obv,48,0.292,0.000,,0.3076923076923077
فماک,تکنیکال-ichi,28,0.250,0.000,,0.28125
فمراد,تکنیکال-fibo,20,0.650,0.000,,0.625
فمراد,تکنیکال-flow_net,35,0.629,0.000,,0.6153846153846154
فمراد,تکنیکال-super,33,0.576,0.000,,0.5675675675675675
فمراد,تکنیکال-volbrk,30,0.567,0.000,,0.5588235294117647
فمراد,تکنیکال-flow_bp,46,0.543,0.000,,0.54
فمراد,تکنیکال-rsi,30,0.533,0.000,,0.5294117647058824
فمراد,تکنیکال-boll,31,0.516,0.000,,0.5142857142857142
فمراد,تکنیکال-donch,30,0.500,0.000,,0.5
فمراد,تکنیکال-psar,97,0.485,0.000,,0.48514851485148514
فمراد,تکنیکال-macd,60,0.483,0.000,,0.484375
فمراد,تکنیکال-trendflow,37,0.459,0.000,,0.4634146341463415
فمراد,تکنیکال-obv,76,0.447,0.000,,0.45
فمراد,تکنیکال-ichi,25,0.440,0.000,,0.4482758620689655
فمراد,تکنیکال-sma,27,0.407,0.000,,0.41935483870967744
فمراد,تکنیکال-stoch,69,0.391,0.000,,0.3972602739726027
فمراد,تکنیکال-adx,49,0.388,0.000,,0.39622641509433965
فملی,تکنیکال-boll,25,0.720,0.000,,0.6896551724137931
فملی,تکنیکال-stoch,47,0.638,0.000,,0.6274509803921569
فملی,تکنیکال-rsi,19,0.579,0.000,,0.5652173913043478
فملی,تکنیکال-fibo,0,,0.000,,0.5
فملی,تکنیکال-donch,37,0.432,0.000,,0.43902439024390244
فملی,تکنیکال-sma,22,0.409,0.000,,0.4230769230769231
فملی,تکنیکال-volbrk,35,0.400,0.000,,0.41025641025641024
فملی,تکنیکال-ichi,36,0.389,0.000,,0.4
فملی,تکنیکال-super,30,0.367,0.000,,0.38235294117647056
فملی,تکنیکال-macd,82,0.366,0.000,,0.37209302325581395
فملی,تکنیکال-flow_bp,43,0.349,0.000,,0.3617021276595745
فملی,تکنیکال-psar,94,0.351,0.000,,0.35714285714285715
فملی,تکنیکال-trendflow,47,0.340,0.000,,0.35294117647058826
فملی,تکنیکال-flow_net,66,0.333,0.000,,0.34285714285714286
فملی,تکنیکال-adx,54,0.315,0.000,,0.3275862068965517
فملی,تکنیکال-obv,65,0.292,0.000,,0.30434782608695654
فنآوا,تکنیکال-donch,16,0.688,0.000,,0.65
فنآوا,تکنیکال-obv,35,0.629,0.000,,0.6153846153846154
فنآوا,تکنیکال-volbrk,29,0.586,0.000,,0.5757575757575758
فنآوا,تکنیکال-ichi,19,0.579,0.000,,0.5652173913043478
فنآوا,تکنیکال-rsi,23,0.565,0.000,,0.5555555555555556
فنآوا,تکنیکال-psar,74,0.554,0.000,,0.5512820512820513
فنآوا,تکنیکال-macd,44,0.545,0.000,,0.5416666666666666
فنآوا,تکنیکال-fibo,9,0.556,0.000,,0.5384615384615384
فنآوا,تکنیکال-adx,50,0.540,0.000,,0.5370370370370371
فنآوا,تکنیکال-flow_bp,66,0.500,0.000,,0.5
فنآوا,تکنیکال-sma,16,0.500,0.000,,0.5
فنآوا,تکنیکال-super,20,0.500,0.000,,0.5
فنآوا,تکنیکال-trendflow,27,0.481,0.000,,0.4838709677419355
فنآوا,تکنیکال-flow_net,63,0.476,0.000,,0.47761194029850745
فنآوا,تکنیکال-stoch,32,0.469,0.000,,0.4722222222222222
فنآوا,تکنیکال-boll,24,0.458,0.000,,0.4642857142857143
فنافزار,تکنیکال-boll,19,0.579,0.000,,0.5652173913043478
فنافزار,تکنیکال-ichi,15,0.533,0.000,,0.5263157894736842
فنافزار,تکنیکال-adx,29,0.517,0.000,,0.5151515151515151
فنافزار,تکنیکال-stoch,28,0.500,0.000,,0.5
فنافزار,تکنیکال-psar,44,0.477,0.000,,0.4791666666666667
فنافزار,تکنیکال-flow_net,40,0.475,0.000,,0.4772727272727273
فنافزار,تکنیکال-trendflow,53,0.472,0.000,,0.47368421052631576
فنافزار,تکنیکال-rsi,11,0.455,0.000,,0.4666666666666667
فنافزار,تکنیکال-super,16,0.438,0.000,,0.45
فنافزار,تکنیکال-macd,32,0.438,0.000,,0.4444444444444444
فنافزار,تکنیکال-obv,23,0.435,0.000,,0.4444444444444444
فنافزار,تکنیکال-flow_bp,76,0.421,0.000,,0.425
فنافزار,تکنیکال-sma,15,0.400,0.000,,0.42105263157894735
فنافزار,تکنیکال-volbrk,18,0.389,0.000,,0.4090909090909091
فنافزار,تکنیکال-donch,20,0.350,0.000,,0.375
فنافزار,تکنیکال-fibo,10,0.300,0.000,,0.35714285714285715
فنر,تکنیکال-super,5,1.000,0.000,,0.7777777777777778
فنر,تکنیکال-sma,5,0.800,0.000,,0.6666666666666666
فنر,تکنیکال-adx,11,0.636,0.000,,0.6
فنر,تکنیکال-rsi,5,0.600,0.000,,0.5555555555555556
فنر,تکنیکال-ichi,7,0.571,0.000,,0.5454545454545454
فنر,تکنیکال-boll,9,0.556,0.000,,0.5384615384615384
فنر,تکنیکال-donch,9,0.556,0.000,,0.5384615384615384
فنر,تکنیکال-volbrk,9,0.556,0.000,,0.5384615384615384
فنر,تکنیکال-stoch,13,0.538,0.000,,0.5294117647058824
فنر,تکنیکال-trendflow,19,0.526,0.000,,0.5217391304347826
فنر,تکنیکال-macd,14,0.500,0.000,,0.5
فنر,تکنیکال-flow_bp,55,0.473,0.000,,0.4745762711864407
فنر,تکنیکال-obv,13,0.462,0.000,,0.47058823529411764
فنر,تکنیکال-psar,27,0.444,0.000,,0.45161290322580644
فنر,تکنیکال-flow_net,34,0.412,0.000,,0.42105263157894735
فنر,تکنیکال-fibo,4,0.250,0.000,,0.375
فنفت,تکنیکال-volbrk,29,0.621,0.000,,0.6060606060606061
فنفت,تکنیکال-macd,64,0.547,0.000,,0.5441176470588235
فنفت,تکنیکال-stoch,64,0.547,0.000,,0.5441176470588235
فنفت,تکنیکال-super,35,0.543,0.000,,0.5384615384615384
فنفت,تکنیکال-trendflow,24,0.542,0.000,,0.5357142857142857
فنفت,تکنیکال-flow_bp,26,0.538,0.000,,0.5333333333333333
فنفت,تکنیکال-obv,43,0.535,0.000,,0.5319148936170213
فنفت,تکنیکال-sma,21,0.524,0.000,,0.52
فنفت,تکنیکال-adx,52,0.500,0.000,,0.5
فنفت,تکنیکال-flow_net,38,0.500,0.000,,0.5
فنفت,تکنیکال-donch,35,0.486,0.000,,0.48717948717948717
فنفت,تکنیکال-psar,98,0.480,0.000,,0.4803921568627451
فنفت,تکنیکال-ichi,21,0.476,0.000,,0.48
فنفت,تکنیکال-rsi,39,0.436,0.000,,0.4418604651162791
فنفت,تکنیکال-fibo,10,0.400,0.000,,0.42857142857142855
فنفت,تکنیکال-boll,33,0.394,0.000,,0.40540540540540543
فنوال,تکنیکال-fibo,17,0.529,0.000,,0.5238095238095238
فنوال,تکنیکال-stoch,52,0.519,0.000,,0.5178571428571429
فنوال,تکنیکال-flow_net,59,0.508,0.000,,0.5079365079365079
فنوال,تکنیکال-rsi,16,0.500,0.000,,0.5
فنوال,تکنیکال-boll,29,0.483,0.000,,0.48484848484848486
فنوال,تکنیکال-flow_bp,61,0.459,0.000,,0.46153846153846156
فنوال,تکنیکال-donch,29,0.448,0.000,,0.45454545454545453
فنوال,تکنیکال-sma,25,0.440,0.000,,0.4482758620689655
فنوال,تکنیکال-adx,41,0.390,0.000,,0.4
فنوال,تکنیکال-super,25,0.360,0.000,,0.3793103448275862
فنوال,تکنیکال-psar,113,0.372,0.000,,0.37606837606837606
فنوال,تکنیکال-obv,78,0.308,0.000,,0.3170731707317073
فنوال,تکنیکال-trendflow,53,0.302,0.000,,0.3157894736842105
فنوال,تکنیکال-macd,83,0.301,0.000,,0.3103448275862069
فنوال,تکنیکال-volbrk,50,0.280,0.000,,0.2962962962962963
فنوال,تکنیکال-ichi,50,0.220,0.000,,0.24074074074074073
فنورد,تکنیکال-boll,33,0.576,0.000,,0.5675675675675675
فنورد,تکنیکال-stoch,62,0.548,0.000,,0.5454545454545454
فنورد,تکنیکال-fibo,15,0.533,0.000,,0.5263157894736842
فنورد,تکنیکال-sma,27,0.519,0.000,,0.5161290322580645
فنورد,تکنیکال-donch,34,0.500,0.000,,0.5
فنورد,تکنیکال-flow_bp,70,0.486,0.000,,0.4864864864864865
فنورد,تکنیکال-rsi,27,0.481,0.000,,0.4838709677419355
فنورد,تکنیکال-flow_net,90,0.478,0.000,,0.4787234042553192
فنورد,تکنیکال-trendflow,49,0.469,0.000,,0.4716981132075472
فنورد,تکنیکال-volbrk,46,0.435,0.000,,0.44
فنورد,تکنیکال-super,37,0.405,0.000,,0.4146341463414634
فنورد,تکنیکال-adx,51,0.392,0.000,,0.4
فنورد,تکنیکال-psar,98,0.388,0.000,,0.39215686274509803
فنورد,تکنیکال-ichi,37,0.378,0.000,,0.3902439024390244
فنورد,تکنیکال-obv,72,0.347,0.000,,0.35526315789473684
فنورد,تکنیکال-macd,81,0.309,0.000,,0.3176470588235294
فولاد,تکنیکال-rsi,25,0.600,0.000,,0.5862068965517241
فولاد,تکنیکال-stoch,54,0.593,0.000,,0.5862068965517241
فولاد,تکنیکال-boll,33,0.545,0.000,,0.5405405405405406
فولاد,تکنیکال-sma,21,0.524,0.000,,0.52
فولاد,تکنیکال-obv,64,0.484,0.000,,0.4852941176470588
فولاد,تکنیکال-super,27,0.481,0.000,,0.4838709677419355
فولاد,تکنیکال-flow_bp,57,0.474,0.000,,0.47540983606557374
فولاد,تکنیکال-macd,80,0.438,0.000,,0.44047619047619047
فولاد,تکنیکال-flow_net,76,0.434,0.000,,0.4375
فولاد,تکنیکال-volbrk,38,0.421,0.000,,0.42857142857142855
فولاد,تکنیکال-ichi,29,0.414,0.000,,0.42424242424242425
فولاد,تکنیکال-trendflow,41,0.366,0.000,,0.37777777777777777
فولاد,تکنیکال-fibo,12,0.333,0.000,,0.375
فولاد,تکنیکال-psar,93,0.355,0.000,,0.36082474226804123
فولاد,تکنیکال-donch,36,0.333,0.000,,0.35
فولاد,تکنیکال-adx,54,0.333,0.000,,0.3448275862068966
فولاژ,تکنیکال-volbrk,34,0.676,0.000,,0.6578947368421053
فولاژ,تکنیکال-ichi,22,0.682,0.000,,0.6538461538461539
فولاژ,تکنیکال-super,12,0.667,0.000,,0.625
فولاژ,تکنیکال-obv,41,0.610,0.000,,0.6
فولاژ,تکنیکال-rsi,18,0.611,0.000,,0.5909090909090909
فولاژ,تکنیکال-stoch,23,0.565,0.000,,0.5555555555555556
فولاژ,تکنیکال-adx,51,0.549,0.000,,0.5454545454545454
فولاژ,تکنیکال-psar,94,0.543,0.000,,0.5408163265306123
فولاژ,تکنیکال-macd,51,0.529,0.000,,0.5272727272727272
فولاژ,تکنیکال-trendflow,36,0.528,0.000,,0.525
فولاژ,تکنیکال-flow_net,103,0.485,0.000,,0.48598130841121495
فولاژ,تکنیکال-donch,25,0.480,0.000,,0.4827586206896552
فولاژ,تکنیکال-flow_bp,55,0.418,0.000,,0.423728813559322
فولاژ,تکنیکال-sma,22,0.364,0.000,,0.38461538461538464
فولاژ,تکنیکال-fibo,4,0.250,0.000,,0.375
فولاژ,تکنیکال-boll,24,0.333,0.000,,0.35714285714285715
فولای,تکنیکال-fibo,21,0.714,0.000,,0.68
فولای,تکنیکال-rsi,23,0.522,0.000,,0.5185185185185185
فولای,تکنیکال-flow_net,61,0.508,0.000,,0.5076923076923077
فولای,تکنیکال-donch,30,0.467,0.000,,0.47058823529411764
فولای,تکنیکال-volbrk,34,0.441,0.000,,0.4473684210526316
فولای,تکنیکال-sma,19,0.421,0.000,,0.43478260869565216
فولای,تکنیکال-ichi,33,0.424,0.000,,0.43243243243243246
فولای,تکنیکال-trendflow,43,0.419,0.000,,0.425531914893617
فولای,تکنیکال-flow_bp,79,0.418,0.000,,0.42168674698795183
فولای,تکنیکال-boll,34,0.412,0.000,,0.42105263157894735
فولای,تکنیکال-stoch,65,0.400,0.000,,0.4057971014492754
فولای,تکنیکال-psar,88,0.398,0.000,,0.40217391304347827
فولای,تکنیکال-super,29,0.379,0.000,,0.3939393939393939
فولای,تکنیکال-obv,69,0.377,0.000,,0.3835616438356164
فولای,تکنیکال-macd,70,0.357,0.000,,0.36486486486486486
فولای,تکنیکال-adx,53,0.340,0.000,,0.3508771929824561
فوکا,تکنیکال-rsi,24,0.792,0.000,,0.75
فوکا,تکنیکال-stoch,42,0.690,0.000,,0.6739130434782609
فوکا,تکنیکال-flow_net,16,0.625,0.000,,0.6
فوکا,تکنیکال-boll,27,0.593,0.000,,0.5806451612903226
فوکا,تکنیکال-adx,58,0.552,0.000,,0.5483870967741935
فوکا,تکنیکال-trendflow,7,0.571,0.000,,0.5454545454545454
فوکا,تکنیکال-flow_bp,17,0.529,0.000,,0.5238095238095238
فوکا,تکنیکال-macd,63,0.524,0.000,,0.5223880597014925
فوکا,تکنیکال-psar,89,0.483,0.000,,0.4838709677419355
فوکا,تکنیکال-ichi,26,0.462,0.000,,0.4666666666666667
فوکا,تکنیکال-volbrk,33,0.424,0.000,,0.43243243243243246
فوکا,تکنیکال-fibo,17,0.412,0.000,,0.42857142857142855
فوکا,تکنیکال-donch,32,0.375,0.000,,0.3888888888888889
فوکا,تکنیکال-sma,25,0.320,0.000,,0.3448275862068966
فوکا,تکنیکال-obv,60,0.333,0.000,,0.34375
فوکا,تکنیکال-super,31,0.290,0.000,,0.3142857142857143
فپنتا,تکنیکال-macd,55,0.582,0.000,,0.576271186440678
فپنتا,تکنیکال-psar,96,0.500,0.000,,0.5
فپنتا,تکنیکال-volbrk,39,0.487,0.000,,0.4883720930232558
فپنتا,تکنیکال-flow_net,92,0.478,0.000,,0.4791666666666667
فپنتا,تکنیکال-ichi,32,0.469,0.000,,0.4722222222222222
فپنتا,تکنیکال-stoch,64,0.469,0.000,,0.47058823529411764
فپنتا,تکنیکال-donch,31,0.452,0.000,,0.45714285714285713
فپنتا,تکنیکال-boll,34,0.441,0.000,,0.4473684210526316
فپنتا,تکنیکال-flow_bp,41,0.439,0.000,,0.4444444444444444
فپنتا,تکنیکال-sma,28,0.429,0.000,,0.4375
فپنتا,تکنیکال-rsi,24,0.417,0.000,,0.42857142857142855
فپنتا,تکنیکال-adx,50,0.400,0.000,,0.4074074074074074
فپنتا,تکنیکال-super,38,0.368,0.000,,0.38095238095238093
فپنتا,تکنیکال-obv,54,0.370,0.000,,0.3793103448275862
فپنتا,تکنیکال-fibo,10,0.300,0.000,,0.35714285714285715
فپنتا,تکنیکال-trendflow,47,0.298,0.000,,0.3137254901960784
فکمند,تکنیکال-obv,24,0.667,0.000,,0.6428571428571429
فکمند,تکنیکال-volbrk,22,0.591,0.000,,0.5769230769230769
فکمند,تکنیکال-rsi,17,0.588,0.000,,0.5714285714285714
فکمند,تکنیکال-ichi,14,0.571,0.000,,0.5555555555555556
فکمند,تکنیکال-donch,18,0.556,0.000,,0.5454545454545454
فکمند,تکنیکال-macd,33,0.545,0.000,,0.5405405405405406
فکمند,تکنیکال-adx,35,0.543,0.000,,0.5384615384615384
فکمند,تکنیکال-stoch,34,0.529,0.000,,0.5263157894736842
فکمند,تکنیکال-flow_net,50,0.520,0.000,,0.5185185185185185
فکمند,تکنیکال-flow_bp,52,0.519,0.000,,0.5178571428571429
فکمند,تکنیکال-psar,58,0.500,0.000,,0.5
فکمند,تکنیکال-super,18,0.500,0.000,,0.5
فکمند,تکنیکال-boll,23,0.435,0.000,,0.4444444444444444
فکمند,تکنیکال-trendflow,30,0.433,0.000,,0.4411764705882353
فکمند,تکنیکال-sma,16,0.375,0.000,,0.4
فکمند,تکنیکال-fibo,9,0.333,0.000,,0.38461538461538464
فگستر,تکنیکال-boll,25,0.640,0.000,,0.6206896551724138
فگستر,تکنیکال-stoch,48,0.604,0.000,,0.5961538461538461
فگستر,تکنیکال-flow_bp,175,0.503,0.000,,0.5027932960893855
فگستر,تکنیکال-donch,24,0.500,0.000,,0.5
فگستر,تکنیکال-obv,0,,0.000,,0.5
فگستر,تکنیکال-flow_net,60,0.483,0.000,,0.484375
فگستر,تکنیکال-psar,90,0.456,0.000,,0.4574468085106383
فگستر,تکنیکال-rsi,16,0.438,0.000,,0.45
فگستر,تکنیکال-ichi,32,0.438,0.000,,0.4444444444444444
فگستر,تکنیکال-macd,62,0.419,0.000,,0.42424242424242425
فگستر,تکنیکال-super,26,0.385,0.000,,0.4
فگستر,تکنیکال-volbrk,42,0.381,0.000,,0.391304347826087
فگستر,تکنیکال-trendflow,74,0.378,0.000,,0.38461538461538464
فگستر,تکنیکال-sma,17,0.353,0.000,,0.38095238095238093
فگستر,تکنیکال-adx,44,0.318,0.000,,0.3333333333333333
فگستر,تکنیکال-fibo,5,0.200,0.000,,0.3333333333333333
قاروم,تکنیکال-super,6,1.000,0.000,,0.8
قاروم,تکنیکال-donch,5,1.000,0.000,,0.7777777777777778
قاروم,تکنیکال-ichi,7,0.857,0.000,,0.7272727272727273
قاروم,تکنیکال-sma,6,0.833,0.000,,0.7
قاروم,تکنیکال-adx,26,0.692,0.000,,0.6666666666666666
قاروم,تکنیکال-volbrk,12,0.667,0.000,,0.625
قاروم,تکنیکال-psar,71,0.592,0.000,,0.5866666666666667
قاروم,تکنیکال-obv,16,0.562,0.000,,0.55
قاروم,تکنیکال-stoch,9,0.556,0.000,,0.5384615384615384
قاروم,تکنیکال-flow_bp,62,0.516,0.000,,0.5151515151515151
قاروم,تکنیکال-macd,43,0.488,0.000,,0.48936170212765956
قاروم,تکنیکال-trendflow,21,0.476,0.000,,0.48
قاروم,تکنیکال-fibo,1,0.000,0.000,,0.4
قاروم,تکنیکال-rsi,6,0.333,0.000,,0.4
قاروم,تکنیکال-flow_net,26,0.346,0.000,,0.36666666666666664
قاروم,تکنیکال-boll,9,0.222,0.000,,0.3076923076923077
قاسم,تکنیکال-donch,33,0.576,0.000,,0.5675675675675675
قاسم,تکنیکال-boll,41,0.561,0.000,,0.5555555555555556
قاسم,تکنیکال-stoch,58,0.552,0.000,,0.5483870967741935
قاسم,تکنیکال-flow_bp,100,0.500,0.000,,0.5
قاسم,تکنیکال-trendflow,52,0.462,0.000,,0.4642857142857143
قاسم,تکنیکال-macd,75,0.453,0.000,,0.45569620253164556
قاسم,تکنیکال-super,29,0.448,0.000,,0.45454545454545453
قاسم,تکنیکال-adx,45,0.444,0.000,,0.4489795918367347
قاسم,تکنیکال-flow_net,97,0.433,0.000,,0.43564356435643564
قاسم,تکنیکال-volbrk,42,0.429,0.000,,0.43478260869565216
قاسم,تکنیکال-psar,107,0.402,0.000,,0.40540540540540543
قاسم,تکنیکال-ichi,34,0.382,0.000,,0.39473684210526316
قاسم,تکنیکال-rsi,22,0.364,0.000,,0.38461538461538464
قاسم,تکنیکال-sma,20,0.350,0.000,,0.375
قاسم,تکنیکال-fibo,13,0.308,0.000,,0.35294117647058826
قاسم,تکنیکال-obv,62,0.339,0.000,,0.3484848484848485
قتربت,تکنیکال-ichi,14,0.714,0.000,,0.6666666666666666
قتربت,تکنیکال-rsi,14,0.714,0.000,,0.6666666666666666
قتربت,تکنیکال-donch,19,0.684,0.000,,0.6521739130434783
قتربت,تکنیکال-super,16,0.688,0.000,,0.65
قتربت,تکنیکال-macd,39,0.641,0.000,,0.627906976744186
قتربت,تکنیکال-obv,30,0.633,0.000,,0.6176470588235294
قتربت,تکنیکال-volbrk,24,0.625,0.000,,0.6071428571428571
قتربت,تکنیکال-sma,14,0.571,0.000,,0.5555555555555556
قتربت,تکنیکال-boll,18,0.556,0.000,,0.5454545454545454
قتربت,تکنیکال-stoch,24,0.542,0.000,,0.5357142857142857
قتربت,تکنیکال-trendflow,13,0.538,0.000,,0.5294117647058824
قتربت,تکنیکال-psar,75,0.507,0.000,,0.5063291139240507
قتربت,تکنیکال-flow_net,19,0.474,0.000,,0.4782608695652174
قتربت,تکنیکال-adx,36,0.444,0.000,,0.45
قتربت,تکنیکال-flow_bp,14,0.429,0.000,,0.4444444444444444
قتربت,تکنیکال-fibo,4,0.000,0.000,,0.25
قثابت,تکنیکال-volbrk,34,0.706,0.000,,0.6842105263157895
قثابت,تکنیکال-donch,29,0.655,0.000,,0.6363636363636364
قثابت,تکنیکال-macd,60,0.583,0.000,,0.578125
قثابت,تکنیکال-flow_bp,47,0.553,0.000,,0.5490196078431373
قثابت,تکنیکال-trendflow,40,0.525,0.000,,0.5227272727272727
قثابت,تکنیکال-ichi,22,0.500,0.000,,0.5
قثابت,تکنیکال-super,28,0.500,0.000,,0.5
قثابت,تکنیکال-stoch,75,0.480,0.000,,0.4810126582278481
قثابت,تکنیکال-flow_net,41,0.463,0.000,,0.4666666666666667
قثابت,تکنیکال-boll,35,0.457,0.000,,0.46153846153846156
قثابت,تکنیکال-fibo,14,0.429,0.000,,0.4444444444444444
قثابت,تکنیکال-obv,59,0.441,0.000,,0.4444444444444444
قثابت,تکنیکال-psar,98,0.418,0.000,,0.4215686274509804
قثابت,تکنیکال-sma,19,0.368,0.000,,0.391304347826087
قثابت,تکنیکال-adx,48,0.375,0.000,,0.38461538461538464
قثابت,تکنیکال-rsi,30,0.367,0.000,,0.38235294117647056
قجام,تکنیکال-donch,23,0.609,0.000,,0.5925925925925926
قجام,تکنیکال-stoch,37,0.568,0.000,,0.5609756097560976
قجام,تکنیکال-super,26,0.538,0.000,,0.5333333333333333
قجام,تکنیکال-boll,23,0.522,0.000,,0.5185185185185185
قجام,تکنیکال-obv,55,0.509,0.000,,0.5084745762711864
قجام,تکنیکال-volbrk,30,0.500,0.000,,0.5
قجام,تکنیکال-flow_bp,89,0.483,0.000,,0.4838709677419355
قجام,تکنیکال-sma,15,0.467,0.000,,0.47368421052631576
قجام,تکنیکال-rsi,13,0.462,0.000,,0.47058823529411764
قجام,تکنیکال-psar,85,0.435,0.000,,0.43820224719101125
قجام,تکنیکال-flow_net,51,0.431,0.000,,0.43636363636363634
قجام,تکنیکال-macd,49,0.408,0.000,,0.41509433962264153
قجام,تکنیکال-ichi,30,0.400,0.000,,0.4117647058823529
قجام,تکنیکال-adx,57,0.404,0.000,,0.4098360655737705
قجام,تکنیکال-fibo,14,0.357,0.000,,0.3888888888888889
قجام,تکنیکال-trendflow,58,0.362,0.000,,0.3709677419354839
قرن,تکنیکال-boll,25,0.720,0.000,,0.6896551724137931
قرن,تکنیکال-rsi,18,0.611,0.000,,0.5909090909090909
قرن,تکنیکال-stoch,41,0.561,0.000,,0.5555555555555556
قرن,تکنیکال-sma,22,0.500,0.000,,0.5
قرن,تکنیکال-fibo,7,0.429,0.000,,0.45454545454545453
قرن,تکنیکال-flow_bp,111,0.450,0.000,,0.45217391304347826
قرن,تکنیکال-psar,110,0.427,0.000,,0.4298245614035088
قرن,تکنیکال-donch,20,0.400,0.000,,0.4166666666666667
قرن,تکنیکال-super,22,0.364,0.000,,0.38461538461538464
قرن,تکنیکال-flow_net,80,0.375,0.000,,0.38095238095238093
قرن,تکنیکال-ichi,38,0.368,0.000,,0.38095238095238093
قرن,تکنیکال-trendflow,83,0.361,0.000,,0.367816091954023
قرن,تکنیکال-macd,82,0.341,0.000,,0.3488372093023256
قرن,تکنیکال-volbrk,39,0.333,0.000,,0.3488372093023256
قرن,تکنیکال-obv,71,0.310,0.000,,0.32
قرن,تکنیکال-adx,42,0.286,0.000,,0.30434782608695654
قزوین,تکنیکال-stoch,31,0.581,0.000,,0.5714285714285714
قزوین,تکنیکال-obv,39,0.564,0.000,,0.5581395348837209
قزوین,تکنیکال-boll,17,0.529,0.000,,0.5238095238095238
قزوین,تکنیکال-volbrk,42,0.524,0.000,,0.5217391304347826
قزوین,تکنیکال-rsi,12,0.500,0.000,,0.5
قزوین,تکنیکال-adx,43,0.465,0.000,,0.46808510638297873
قزوین,تکنیکال-flow_bp,60,0.450,0.000,,0.453125
قزوین,تکنیکال-macd,60,0.450,0.000,,0.453125
قزوین,تکنیکال-psar,89,0.449,0.000,,0.45161290322580644
قزوین,تکنیکال-trendflow,47,0.447,0.000,,0.45098039215686275
قزوین,تکنیکال-ichi,32,0.438,0.000,,0.4444444444444444
قزوین,تکنیکال-donch,30,0.433,0.000,,0.4411764705882353
قزوین,تکنیکال-super,24,0.417,0.000,,0.42857142857142855
قزوین,تکنیکال-flow_net,75,0.400,0.000,,0.4050632911392405
قزوین,تکنیکال-fibo,6,0.333,0.000,,0.4
قزوین,تکنیکال-sma,15,0.267,0.000,,0.3157894736842105
قشرین,تکنیکال-rsi,21,0.667,0.000,,0.64
قشرین,تکنیکال-boll,28,0.571,0.000,,0.5625
قشرین,تکنیکال-stoch,58,0.552,0.000,,0.5483870967741935
قشرین,تکنیکال-macd,50,0.520,0.000,,0.5185185185185185
قشرین,تکنیکال-donch,34,0.500,0.000,,0.5
قشرین,تکنیکال-sma,20,0.500,0.000,,0.5
قشرین,تکنیکال-ichi,29,0.483,0.000,,0.48484848484848486
قشرین,تکنیکال-psar,79,0.430,0.000,,0.43373493975903615
قشرین,تکنیکال-adx,46,0.413,0.000,,0.42
قشرین,تکنیکال-fibo,8,0.375,0.000,,0.4166666666666667
قشرین,تکنیکال-super,35,0.400,0.000,,0.41025641025641024
قشرین,تکنیکال-trendflow,66,0.394,0.000,,0.4
قشرین,تکنیکال-volbrk,47,0.383,0.000,,0.39215686274509803
قشرین,تکنیکال-flow_net,65,0.385,0.000,,0.391304347826087
قشرین,تکنیکال-flow_bp,86,0.372,0.000,,0.37777777777777777
قشرین,تکنیکال-obv,59,0.322,0.000,,0.3333333333333333
قشهد,تکنیکال-rsi,18,0.667,0.000,,0.6363636363636364
قشهد,تکنیکال-boll,19,0.632,0.000,,0.6086956521739131
قشهد,تکنیکال-fibo,11,0.636,0.000,,0.6
قشهد,تکنیکال-macd,56,0.554,0.000,,0.55
قشهد,تکنیکال-donch,27,0.556,0.000,,0.5483870967741935
قشهد,تکنیکال-super,27,0.556,0.000,,0.5483870967741935
قشهد,تکنیکال-stoch,42,0.548,0.000,,0.5434782608695652
قشهد,تکنیکال-flow_net,80,0.500,0.000,,0.5
قشهد,تکنیکال-obv,42,0.500,0.000,,0.5
قشهد,تکنیکال-volbrk,43,0.488,0.000,,0.48936170212765956
قشهد,تکنیکال-flow_bp,78,0.462,0.000,,0.4634146341463415
قشهد,تکنیکال-ichi,27,0.444,0.000,,0.45161290322580644
قشهد,تکنیکال-psar,94,0.436,0.000,,0.4387755102040816
قشهد,تکنیکال-trendflow,51,0.412,0.000,,0.41818181818181815
قشهد,تکنیکال-adx,52,0.404,0.000,,0.4107142857142857
قشهد,تکنیکال-sma,25,0.320,0.000,,0.3448275862068966
قشکر,تکنیکال-stoch,53,0.660,0.000,,0.6491228070175439
قشکر,تکنیکال-rsi,26,0.615,0.000,,0.6
قشکر,تکنیکال-ichi,25,0.600,0.000,,0.5862068965517241
قشکر,تکنیکال-trendflow,40,0.575,0.000,,0.5681818181818182
قشکر,تکنیکال-macd,58,0.569,0.000,,0.5645161290322581
قشکر,تکنیکال-volbrk,44,0.568,0.000,,0.5625
قشکر,تکنیکال-flow_net,56,0.554,0.000,,0.55
قشکر,تکنیکال-obv,50,0.540,0.000,,0.5370370370370371
قشکر,تکنیکال-boll,37,0.541,0.000,,0.5365853658536586
قشکر,تکنیکال-donch,30,0.533,0.000,,0.5294117647058824
قشکر,تکنیکال-flow_bp,46,0.500,0.000,,0.5
قشکر,تکنیکال-adx,42,0.476,0.000,,0.4782608695652174
قشکر,تکنیکال-super,24,0.458,0.000,,0.4642857142857143
قشکر,تکنیکال-psar,99,0.434,0.000,,0.4368932038834951
قشکر,تکنیکال-sma,20,0.400,0.000,,0.4166666666666667
قشکر,تکنیکال-fibo,11,0.364,0.000,,0.4
قشیر,تکنیکال-stoch,56,0.625,0.000,,0.6166666666666667
قشیر,تکنیکال-trendflow,43,0.535,0.000,,0.5319148936170213
قشیر,تکنیکال-flow_bp,36,0.528,0.000,,0.525
قشیر,تکنیکال-macd,52,0.519,0.000,,0.5178571428571429
قشیر,تکنیکال-boll,25,0.520,0.000,,0.5172413793103449
قشیر,تکنیکال-donch,34,0.500,0.000,,0.5
قشیر,تکنیکال-ichi,31,0.484,0.000,,0.4857142857142857
قشیر,تکنیکال-psar,83,0.482,0.000,,0.4827586206896552
قشیر,تکنیکال-obv,65,0.477,0.000,,0.4782608695652174
قشیر,تکنیکال-sma,22,0.455,0.000,,0.46153846153846156
قشیر,تکنیکال-rsi,18,0.444,0.000,,0.45454545454545453
قشیر,تکنیکال-volbrk,34,0.441,0.000,,0.4473684210526316
قشیر,تکنیکال-flow_net,52,0.423,0.000,,0.42857142857142855
قشیر,تکنیکال-super,32,0.406,0.000,,0.4166666666666667
قشیر,تکنیکال-adx,60,0.400,0.000,,0.40625
قشیر,تکنیکال-fibo,10,0.300,0.000,,0.35714285714285715
قصفها,تکنیکال-donch,35,0.600,0.000,,0.5897435897435898
قصفها,تکنیکال-volbrk,41,0.561,0.000,,0.5555555555555556
قصفها,تکنیکال-rsi,16,0.562,0.000,,0.55
قصفها,تکنیکال-stoch,58,0.534,0.000,,0.532258064516129
قصفها,تکنیکال-flow_bp,43,0.535,0.000,,0.5319148936170213
قصفها,تکنیکال-sma,22,0.500,0.000,,0.5
قصفها,تکنیکال-ichi,29,0.483,0.000,,0.48484848484848486
قصفها,تکنیکال-flow_net,67,0.463,0.000,,0.4647887323943662
قصفها,تکنیکال-boll,24,0.458,0.000,,0.4642857142857143
قصفها,تکنیکال-macd,78,0.462,0.000,,0.4634146341463415
قصفها,تکنیکال-super,35,0.457,0.000,,0.46153846153846156
قصفها,تکنیکال-obv,76,0.395,0.000,,0.4
قصفها,تکنیکال-trendflow,44,0.386,0.000,,0.3958333333333333
قصفها,تکنیکال-psar,90,0.389,0.000,,0.39361702127659576
قصفها,تکنیکال-fibo,10,0.300,0.000,,0.35714285714285715
قصفها,تکنیکال-adx,55,0.345,0.000,,0.3559322033898305
قلرست,تکنیکال-macd,58,0.569,0.000,,0.5645161290322581
قلرست,تکنیکال-donch,26,0.500,0.000,,0.5
قلرست,تکنیکال-flow_net,65,0.492,0.000,,0.4927536231884058
قلرست,تکنیکال-stoch,49,0.490,0.000,,0.49056603773584906
قلرست,تکنیکال-flow_bp,67,0.463,0.000,,0.4647887323943662
قلرست,تکنیکال-rsi,29,0.448,0.000,,0.45454545454545453
قلرست,تکنیکال-adx,42,0.429,0.000,,0.43478260869565216
قلرست,تکنیکال-psar,95,0.432,0.000,,0.43434343434343436
قلرست,تکنیکال-obv,58,0.414,0.000,,0.41935483870967744
قلرست,تکنیکال-trendflow,44,0.409,0.000,,0.4166666666666667
قلرست,تکنیکال-volbrk,45,0.400,0.000,,0.40816326530612246
قلرست,تکنیکال-sma,16,0.375,0.000,,0.4
قلرست,تکنیکال-super,24,0.375,0.000,,0.39285714285714285
قلرست,تکنیکال-ichi,38,0.342,0.000,,0.35714285714285715
قلرست,تکنیکال-boll,31,0.323,0.000,,0.34285714285714286
قلرست,تکنیکال-fibo,11,0.273,0.000,,0.3333333333333333
قمرو,تکنیکال-rsi,30,0.600,0.000,,0.5882352941176471
قمرو,تکنیکال-stoch,41,0.561,0.000,,0.5555555555555556
قمرو,تکنیکال-boll,27,0.556,0.000,,0.5483870967741935
قمرو,تکنیکال-ichi,26,0.500,0.000,,0.5
قمرو,تکنیکال-psar,106,0.500,0.000,,0.5
قمرو,تکنیکال-volbrk,34,0.500,0.000,,0.5
قمرو,تکنیکال-flow_bp,63,0.492,0.000,,0.4925373134328358
قمرو,تکنیکال-super,24,0.458,0.000,,0.4642857142857143
قمرو,تکنیکال-flow_net,91,0.462,0.000,,0.4631578947368421
قمرو,تکنیکال-macd,63,0.460,0.000,,0.4626865671641791
قمرو,تکنیکال-obv,53,0.434,0.000,,0.43859649122807015
قمرو,تکنیکال-sma,19,0.368,0.000,,0.391304347826087
قمرو,تکنیکال-trendflow,42,0.381,0.000,,0.391304347826087
قمرو,تکنیکال-adx,46,0.370,0.000,,0.38
قمرو,تکنیکال-donch,30,0.333,0.000,,0.35294117647058826
قمرو,تکنیکال-fibo,14,0.286,0.000,,0.3333333333333333
قنقش,تکنیکال-rsi,21,0.667,0.000,,0.64
قنقش,تکنیکال-ichi,17,0.647,0.000,,0.6190476190476191
قنقش,تکنیکال-boll,32,0.625,0.000,,0.6111111111111112
قنقش,تکنیکال-donch,27,0.556,0.000,,0.5483870967741935
قنقش,تکنیکال-stoch,48,0.542,0.000,,0.5384615384615384
قنقش,تکنیکال-trendflow,35,0.543,0.000,,0.5384615384615384
قنقش,تکنیکال-flow_net,66,0.530,0.000,,0.5285714285714286
قنقش,تکنیکال-flow_bp,79,0.506,0.000,,0.5060240963855421
قنقش,تکنیکال-fibo,4,0.500,0.000,,0.5
قنقش,تکنیکال-super,24,0.500,0.000,,0.5
قنقش,تکنیکال-adx,42,0.476,0.000,,0.4782608695652174
قنقش,تکنیکال-sma,20,0.450,0.000,,0.4583333333333333
قنقش,تکنیکال-psar,77,0.455,0.000,,0.4567901234567901
قنقش,تکنیکال-volbrk,29,0.448,0.000,,0.45454545454545453
قنقش,تکنیکال-obv,54,0.426,0.000,,0.43103448275862066
قنقش,تکنیکال-macd,65,0.415,0.000,,0.42028985507246375
قنیشا,تکنیکال-boll,34,0.735,0.000,,0.7105263157894737
قنیشا,تکنیکال-fibo,12,0.667,0.000,,0.625
قنیشا,تکنیکال-rsi,24,0.542,0.000,,0.5357142857142857
قنیشا,تکنیکال-flow_bp,50,0.500,0.000,,0.5
قنیشا,تکنیکال-flow_net,73,0.493,0.000,,0.4935064935064935
قنیشا,تکنیکال-macd,71,0.493,0.000,,0.49333333333333335
قنیشا,تکنیکال-stoch,62,0.484,0.000,,0.48484848484848486
قنیشا,تکنیکال-trendflow,33,0.455,0.000,,0.4594594594594595
قنیشا,تکنیکال-obv,55,0.436,0.000,,0.4406779661016949
قنیشا,تکنیکال-psar,104,0.433,0.000,,0.4351851851851852
قنیشا,تکنیکال-adx,49,0.429,0.000,,0.4339622641509434
قنیشا,تکنیکال-super,37,0.405,0.000,,0.4146341463414634
قنیشا,تکنیکال-volbrk,52,0.404,0.000,,0.4107142857142857
قنیشا,تکنیکال-ichi,39,0.385,0.000,,0.3953488372093023
قنیشا,تکنیکال-sma,33,0.333,0.000,,0.35135135135135137
قنیشا,تکنیکال-donch,43,0.326,0.000,,0.3404255319148936
قهکمت,تکنیکال-rsi,26,0.731,0.000,,0.7
قهکمت,تکنیکال-volbrk,37,0.568,0.000,,0.5609756097560976
قهکمت,تکنیکال-fibo,7,0.571,0.000,,0.5454545454545454
قهکمت,تکنیکال-boll,22,0.545,0.000,,0.5384615384615384
قهکمت,تکنیکال-flow_net,74,0.527,0.000,,0.5256410256410257
قهکمت,تکنیکال-stoch,45,0.511,0.000,,0.5102040816326531
قهکمت,تکنیکال-donch,22,0.500,0.000,,0.5
قهکمت,تکنیکال-flow_bp,79,0.494,0.000,,0.4939759036144578
قهکمت,تکنیکال-macd,61,0.459,0.000,,0.46153846153846156
قهکمت,تکنیکال-adx,55,0.436,0.000,,0.4406779661016949
قهکمت,تکنیکال-obv,55,0.436,0.000,,0.4406779661016949
قهکمت,تکنیکال-ichi,38,0.421,0.000,,0.42857142857142855
قهکمت,تکنیکال-super,25,0.400,0.000,,0.41379310344827586
قهکمت,تکنیکال-psar,102,0.392,0.000,,0.39622641509433965
قهکمت,تکنیکال-trendflow,55,0.327,0.000,,0.3389830508474576
قهکمت,تکنیکال-sma,24,0.250,0.000,,0.2857142857142857
قپیرا,تکنیکال-boll,33,0.727,0.000,,0.7027027027027027
قپیرا,تکنیکال-rsi,21,0.571,0.000,,0.56
قپیرا,تکنیکال-super,22,0.545,0.000,,0.5384615384615384
قپیرا,تکنیکال-ichi,28,0.536,0.000,,0.53125
قپیرا,تکنیکال-trendflow,52,0.519,0.000,,0.5178571428571429
قپیرا,تکنیکال-donch,25,0.520,0.000,,0.5172413793103449
قپیرا,تکنیکال-fibo,10,0.500,0.000,,0.5
قپیرا,تکنیکال-psar,108,0.491,0.000,,0.49107142857142855
قپیرا,تکنیکال-stoch,25,0.480,0.000,,0.4827586206896552
قپیرا,تکنیکال-flow_bp,73,0.466,0.000,,0.4675324675324675
قپیرا,تکنیکال-flow_net,81,0.457,0.000,,0.4588235294117647
قپیرا,تکنیکال-volbrk,44,0.455,0.000,,0.4583333333333333
قپیرا,تکنیکال-adx,46,0.413,0.000,,0.42
قپیرا,تکنیکال-macd,73,0.397,0.000,,0.4025974025974026
قپیرا,تکنیکال-obv,66,0.333,0.000,,0.34285714285714286
قپیرا,تکنیکال-sma,24,0.292,0.000,,0.32142857142857145
قچار,تکنیکال-rsi,23,0.609,0.000,,0.5925925925925926
قچار,تکنیکال-boll,40,0.575,0.000,,0.5681818181818182
قچار,تکنیکال-ichi,20,0.550,0.000,,0.5416666666666666
قچار,تکنیکال-donch,26,0.538,0.000,,0.5333333333333333
قچار,تکنیکال-super,28,0.500,0.000,,0.5
قچار,تکنیکال-volbrk,33,0.485,0.000,,0.4864864864864865
قچار,تکنیکال-flow_bp,36,0.472,0.000,,0.475
قچار,تکنیکال-fibo,11,0.455,0.000,,0.4666666666666667
قچار,تکنیکال-stoch,64,0.453,0.000,,0.45588235294117646
قچار,تکنیکال-sma,18,0.444,0.000,,0.45454545454545453
قچار,تکنیکال-trendflow,36,0.444,0.000,,0.45
قچار,تکنیکال-adx,53,0.434,0.000,,0.43859649122807015
قچار,تکنیکال-macd,75,0.427,0.000,,0.43037974683544306
قچار,تکنیکال-flow_net,44,0.409,0.000,,0.4166666666666667
قچار,تکنیکال-psar,99,0.384,0.000,,0.3883495145631068
قچار,تکنیکال-obv,65,0.338,0.000,,0.34782608695652173
قیستو,تکنیکال-stoch,58,0.603,0.000,,0.5967741935483871
قیستو,تکنیکال-rsi,21,0.571,0.000,,0.56
قیستو,تکنیکال-flow_net,123,0.561,0.000,,0.5590551181102362
قیستو,تکنیکال-flow_bp,120,0.550,0.000,,0.5483870967741935
قیستو,تکنیکال-sma,18,0.556,0.000,,0.5454545454545454
قیستو,تکنیکال-boll,27,0.519,0.000,,0.5161290322580645
قیستو,تکنیکال-volbrk,40,0.500,0.000,,0.5
قیستو,تکنیکال-psar,87,0.494,0.000,,0.4945054945054945
قیستو,تکنیکال-donch,37,0.459,0.000,,0.4634146341463415
قیستو,تکنیکال-fibo,7,0.429,0.000,,0.45454545454545453
قیستو,تکنیکال-trendflow,71,0.451,0.000,,0.4533333333333333
قیستو,تکنیکال-adx,47,0.447,0.000,,0.45098039215686275
قیستو,تکنیکال-obv,49,0.408,0.000,,0.41509433962264153
قیستو,تکنیکال-ichi,36,0.389,0.000,,0.4
قیستو,تکنیکال-super,29,0.379,0.000,,0.3939393939393939
قیستو,تکنیکال-macd,58,0.362,0.000,,0.3709677419354839
لابسا,تکنیکال-fibo,19,0.579,0.000,,0.5652173913043478
لابسا,تکنیکال-sma,22,0.545,0.000,,0.5384615384615384
لابسا,تکنیکال-stoch,54,0.537,0.000,,0.5344827586206896
لابسا,تکنیکال-boll,32,0.531,0.000,,0.5277777777777778
لابسا,تکنیکال-super,32,0.531,0.000,,0.5277777777777778
لابسا,تکنیکال-flow_net,52,0.519,0.000,,0.5178571428571429
لابسا,تکنیکال-rsi,20,0.500,0.000,,0.5
لابسا,تکنیکال-donch,34,0.471,0.000,,0.47368421052631576
لابسا,تکنیکال-volbrk,43,0.465,0.000,,0.46808510638297873
لابسا,تکنیکال-flow_bp,41,0.463,0.000,,0.4666666666666667
لابسا,تکنیکال-macd,80,0.438,0.000,,0.44047619047619047
لابسا,تکنیکال-psar,99,0.404,0.000,,0.4077669902912621
لابسا,تکنیکال-adx,54,0.389,0.000,,0.39655172413793105
لابسا,تکنیکال-ichi,38,0.368,0.000,,0.38095238095238093
لابسا,تکنیکال-obv,90,0.356,0.000,,0.3617021276595745
لابسا,تکنیکال-trendflow,49,0.347,0.000,,0.3584905660377358
لازما,تکنیکال-rsi,17,0.647,0.000,,0.6190476190476191
لازما,تکنیکال-boll,27,0.593,0.000,,0.5806451612903226
لازما,تکنیکال-stoch,40,0.550,0.000,,0.5454545454545454
لازما,تکنیکال-macd,50,0.540,0.000,,0.5370370370370371
لازما,تکنیکال-volbrk,25,0.520,0.000,,0.5172413793103449
لازما,تکنیکال-psar,70,0.514,0.000,,0.5135135135135135
لازما,تکنیکال-flow_bp,80,0.487,0.000,,0.4880952380952381
لازما,تکنیکال-flow_net,33,0.485,0.000,,0.4864864864864865
لازما,تکنیکال-trendflow,40,0.475,0.000,,0.4772727272727273
لازما,تکنیکال-sma,13,0.462,0.000,,0.47058823529411764
لازما,تکنیکال-donch,27,0.444,0.000,,0.45161290322580644
لازما,تکنیکال-adx,50,0.440,0.000,,0.4444444444444444
لازما,تکنیکال-obv,42,0.429,0.000,,0.43478260869565216
لازما,تکنیکال-super,27,0.407,0.000,,0.41935483870967744
لازما,تکنیکال-fibo,13,0.385,0.000,,0.4117647058823529
لازما,تکنیکال-ichi,26,0.385,0.000,,0.4
لبوتان,تکنیکال-stoch,57,0.614,0.000,,0.6065573770491803
لبوتان,تکنیکال-boll,24,0.583,0.000,,0.5714285714285714
لبوتان,تکنیکال-sma,25,0.480,0.000,,0.4827586206896552
لبوتان,تکنیکال-macd,61,0.459,0.000,,0.46153846153846156
لبوتان,تکنیکال-super,23,0.435,0.000,,0.4444444444444444
لبوتان,تکنیکال-flow_bp,69,0.435,0.000,,0.4383561643835616
لبوتان,تکنیکال-psar,99,0.434,0.000,,0.4368932038834951
لبوتان,تکنیکال-adx,58,0.431,0.000,,0.43548387096774194
لبوتان,تکنیکال-donch,29,0.414,0.000,,0.42424242424242425
لبوتان,تکنیکال-rsi,22,0.409,0.000,,0.4230769230769231
لبوتان,تکنیکال-ichi,27,0.407,0.000,,0.41935483870967744
لبوتان,تکنیکال-flow_net,89,0.404,0.000,,0.40860215053763443
لبوتان,تکنیکال-obv,66,0.394,0.000,,0.4
لبوتان,تکنیکال-volbrk,51,0.353,0.000,,0.36363636363636365
لبوتان,تکنیکال-fibo,10,0.300,0.000,,0.35714285714285715
لبوتان,تکنیکال-trendflow,44,0.318,0.000,,0.3333333333333333
لخانه,تکنیکال-fibo,6,0.667,0.000,,0.6
لخانه,تکنیکال-donch,17,0.529,0.000,,0.5238095238095238
لخانه,تکنیکال-macd,48,0.521,0.000,,0.5192307692307693
لخانه,تکنیکال-flow_bp,94,0.511,0.000,,0.5102040816326531
لخانه,تکنیکال-boll,26,0.500,0.000,,0.5
لخانه,تکنیکال-ichi,16,0.500,0.000,,0.5
لخانه,تکنیکال-super,20,0.500,0.000,,0.5
لخانه,تکنیکال-volbrk,26,0.500,0.000,,0.5
لخانه,تکنیکال-adx,40,0.475,0.000,,0.4772727272727273
لخانه,تکنیکال-trendflow,36,0.472,0.000,,0.475
لخانه,تکنیکال-sma,13,0.462,0.000,,0.47058823529411764
لخانه,تکنیکال-stoch,39,0.462,0.000,,0.46511627906976744
لخانه,تکنیکال-psar,79,0.443,0.000,,0.4457831325301205
لخانه,تکنیکال-rsi,23,0.435,0.000,,0.4444444444444444
لخانه,تکنیکال-flow_net,64,0.438,0.000,,0.4411764705882353
لخانه,تکنیکال-obv,31,0.419,0.000,,0.42857142857142855
لخزر,تکنیکال-super,18,0.667,0.000,,0.6363636363636364
لخزر,تکنیکال-boll,31,0.516,0.000,,0.5142857142857142
لخزر,تکنیکال-donch,30,0.500,0.000,,0.5
لخزر,تکنیکال-stoch,49,0.490,0.000,,0.49056603773584906
لخزر,تکنیکال-sma,19,0.474,0.000,,0.4782608695652174
لخزر,تکنیکال-flow_net,80,0.463,0.000,,0.4642857142857143
لخزر,تکنیکال-flow_bp,72,0.458,0.000,,0.4605263157894737
لخزر,تکنیکال-macd,73,0.452,0.000,,0.45454545454545453
لخزر,تکنیکال-rsi,16,0.438,0.000,,0.45
لخزر,تکنیکال-psar,91,0.440,0.000,,0.4421052631578947
لخزر,تکنیکال-adx,50,0.420,0.000,,0.42592592592592593
لخزر,تکنیکال-fibo,8,0.375,0.000,,0.4166666666666667
لخزر,تکنیکال-ichi,45,0.400,0.000,,0.40816326530612246
لخزر,تکنیکال-volbrk,47,0.383,0.000,,0.39215686274509803
لخزر,تکنیکال-obv,70,0.357,0.000,,0.36486486486486486
لخزر,تکنیکال-trendflow,56,0.286,0.000,,0.3
لسرما,تکنیکال-stoch,54,0.630,0.000,,0.6206896551724138
لسرما,تکنیکال-ichi,37,0.514,0.000,,0.5121951219512195
لسرما,تکنیکال-boll,22,0.500,0.000,,0.5
لسرما,تکنیکال-fibo,10,0.500,0.000,,0.5
لسرما,تکنیکال-rsi,21,0.476,0.000,,0.48
لسرما,تکنیکال-trendflow,40,0.475,0.000,,0.4772727272727273
لسرما,تکنیکال-flow_net,48,0.458,0.000,,0.46153846153846156
لسرما,تکنیکال-flow_bp,53,0.453,0.000,,0.45614035087719296
لسرما,تکنیکال-macd,70,0.414,0.000,,0.4189189189189189
لسرما,تکنیکال-adx,53,0.396,0.000,,0.40350877192982454
لسرما,تکنیکال-super,25,0.360,0.000,,0.3793103448275862
لسرما,تکنیکال-psar,111,0.369,0.000,,0.3739130434782609
لسرما,تکنیکال-donch,37,0.351,0.000,,0.36585365853658536
لسرما,تکنیکال-volbrk,46,0.348,0.000,,0.36
لسرما,تکنیکال-obv,59,0.339,0.000,,0.3492063492063492
لسرما,تکنیکال-sma,25,0.320,0.000,,0.3448275862068966
لطیف,تکنیکال-rsi,12,0.583,0.000,,0.5625
لطیف,تکنیکال-boll,25,0.560,0.000,,0.5517241379310345
لطیف,تکنیکال-stoch,30,0.533,0.000,,0.5294117647058824
لطیف,تکنیکال-obv,46,0.522,0.000,,0.52
لطیف,تکنیکال-flow_net,79,0.494,0.000,,0.4939759036144578
لطیف,تکنیکال-flow_bp,190,0.463,0.000,,0.4639175257731959
لطیف,تکنیکال-volbrk,36,0.444,0.000,,0.45
لطیف,تکنیکال-macd,65,0.446,0.000,,0.4492753623188406
لطیف,تکنیکال-fibo,10,0.400,0.000,,0.42857142857142855
لطیف,تکنیکال-super,20,0.400,0.000,,0.4166666666666667
لطیف,تکنیکال-trendflow,111,0.405,0.000,,0.40869565217391307
لطیف,تکنیکال-sma,24,0.375,0.000,,0.39285714285714285
لطیف,تکنیکال-psar,84,0.381,0.000,,0.38636363636363635
لطیف,تکنیکال-adx,54,0.352,0.000,,0.3620689655172414
لطیف,تکنیکال-donch,24,0.292,0.000,,0.32142857142857145
لطیف,تکنیکال-ichi,38,0.211,0.000,,0.23809523809523808
لوتوس,تکنیکال-super,9,0.778,0.000,,0.6923076923076923
لوتوس,تکنیکال-donch,15,0.667,0.000,,0.631578947368421
لوتوس,تکنیکال-volbrk,43,0.605,0.000,,0.5957446808510638
لوتوس,تکنیکال-macd,52,0.577,0.000,,0.5714285714285714
لوتوس,تکنیکال-sma,21,0.571,0.000,,0.56
لوتوس,تکنیکال-psar,102,0.520,0.000,,0.5188679245283019
لوتوس,تکنیکال-adx,60,0.517,0.000,,0.515625
لوتوس,تکنیکال-flow_net,89,0.506,0.000,,0.5053763440860215
لوتوس,تکنیکال-fibo,4,0.500,0.000,,0.5
لوتوس,تکنیکال-obv,49,0.490,0.000,,0.49056603773584906
لوتوس,تکنیکال-ichi,34,0.471,0.000,,0.47368421052631576
لوتوس,تکنیکال-trendflow,51,0.451,0.000,,0.45454545454545453
لوتوس,تکنیکال-boll,23,0.435,0.000,,0.4444444444444444
لوتوس,تکنیکال-rsi,14,0.429,0.000,,0.4444444444444444
لوتوس,تکنیکال-stoch,20,0.400,0.000,,0.4166666666666667
لوتوس,تکنیکال-flow_bp,61,0.393,0.000,,0.4
لپارس,تکنیکال-ichi,20,0.650,0.000,,0.625
لپارس,تکنیکال-volbrk,37,0.568,0.000,,0.5609756097560976
لپارس,تکنیکال-donch,32,0.562,0.000,,0.5555555555555556
لپارس,تکنیکال-obv,54,0.556,0.000,,0.5517241379310345
لپارس,تکنیکال-trendflow,37,0.541,0.000,,0.5365853658536586
لپارس,تکنیکال-fibo,19,0.526,0.000,,0.5217391304347826
لپارس,تکنیکال-boll,44,0.523,0.000,,0.5208333333333334
لپارس,تکنیکال-super,31,0.516,0.000,,0.5142857142857142
لپارس,تکنیکال-flow_bp,42,0.500,0.000,,0.5
لپارس,تکنیکال-macd,65,0.477,0.000,,0.4782608695652174
لپارس,تکنیکال-stoch,76,0.474,0.000,,0.475
لپارس,تکنیکال-rsi,27,0.444,0.000,,0.45161290322580644
لپارس,تکنیکال-psar,105,0.448,0.000,,0.44954128440366975
لپارس,تکنیکال-sma,24,0.417,0.000,,0.42857142857142855
لپارس,تکنیکال-flow_net,33,0.394,0.000,,0.40540540540540543
لپارس,تکنیکال-adx,60,0.383,0.000,,0.390625
لپیام,تکنیکال-fibo,8,0.625,0.000,,0.5833333333333334
لپیام,تکنیکال-trendflow,38,0.579,0.000,,0.5714285714285714
لپیام,تکنیکال-sma,12,0.583,0.000,,0.5625
لپیام,تکنیکال-donch,22,0.545,0.000,,0.5384615384615384
لپیام,تکنیکال-boll,39,0.513,0.000,,0.5116279069767442
لپیام,تکنیکال-flow_bp,66,0.500,0.000,,0.5
لپیام,تکنیکال-adx,41,0.488,0.000,,0.4888888888888889
لپیام,تکنیکال-stoch,60,0.467,0.000,,0.46875
لپیام,تکنیکال-super,23,0.435,0.000,,0.4444444444444444
لپیام,تکنیکال-volbrk,28,0.429,0.000,,0.4375
لپیام,تکنیکال-psar,81,0.432,0.000,,0.43529411764705883
لپیام,تکنیکال-ichi,21,0.381,0.000,,0.4
لپیام,تکنیکال-flow_net,34,0.382,0.000,,0.39473684210526316
لپیام,تکنیکال-macd,63,0.365,0.000,,0.373134328358209
لپیام,تکنیکال-rsi,29,0.345,0.000,,0.36363636363636365
لپیام,تکنیکال-obv,49,0.347,0.000,,0.3584905660377358
لکما,تکنیکال-volbrk,24,0.750,0.000,,0.7142857142857143
لکما,تکنیکال-fibo,8,0.750,0.000,,0.6666666666666666
لکما,تکنیکال-ichi,20,0.700,0.000,,0.6666666666666666
لکما,تکنیکال-donch,25,0.640,0.000,,0.6206896551724138
لکما,تکنیکال-super,25,0.640,0.000,,0.6206896551724138
لکما,تکنیکال-trendflow,36,0.611,0.000,,0.6
لکما,تکنیکال-stoch,56,0.571,0.000,,0.5666666666666667
لکما,تکنیکال-macd,51,0.549,0.000,,0.5454545454545454
لکما,تکنیکال-obv,40,0.525,0.000,,0.5227272727272727
لکما,تکنیکال-boll,35,0.514,0.000,,0.5128205128205128
لکما,تکنیکال-flow_bp,103,0.505,0.000,,0.5046728971962616
لکما,تکنیکال-psar,82,0.500,0.000,,0.5
لکما,تکنیکال-flow_net,36,0.444,0.000,,0.45
لکما,تکنیکال-adx,43,0.442,0.000,,0.44680851063829785
لکما,تکنیکال-sma,21,0.429,0.000,,0.44
لکما,تکنیکال-rsi,33,0.364,0.000,,0.3783783783783784
ما,تکنیکال-super,20,0.650,0.000,,0.625
ما,تکنیکال-boll,29,0.621,0.000,,0.6060606060606061
ما,تکنیکال-flow_bp,68,0.603,0.000,,0.5972222222222222
ما,تکنیکال-ichi,30,0.533,0.000,,0.5294117647058824
ما,تکنیکال-rsi,21,0.524,0.000,,0.52
ما,تکنیکال-trendflow,59,0.492,0.000,,0.49206349206349204
ما,تکنیکال-stoch,47,0.489,0.000,,0.49019607843137253
ما,تکنیکال-donch,23,0.478,0.000,,0.48148148148148145
ما,تکنیکال-flow_net,100,0.480,0.000,,0.4807692307692308
ما,تکنیکال-adx,58,0.466,0.000,,0.46774193548387094
ما,تکنیکال-sma,22,0.455,0.000,,0.46153846153846156
ما,تکنیکال-volbrk,45,0.444,0.000,,0.4489795918367347
ما,تکنیکال-psar,101,0.446,0.000,,0.44761904761904764
ما,تکنیکال-obv,61,0.410,0.000,,0.4153846153846154
ما,تکنیکال-fibo,9,0.333,0.000,,0.38461538461538464
ما,تکنیکال-macd,74,0.378,0.000,,0.38461538461538464
مادیرا,تکنیکال-super,29,0.552,0.000,,0.5454545454545454
مادیرا,تکنیکال-trendflow,51,0.549,0.000,,0.5454545454545454
مادیرا,تکنیکال-donch,35,0.543,0.000,,0.5384615384615384
مادیرا,تکنیکال-fibo,13,0.538,0.000,,0.5294117647058824
مادیرا,تکنیکال-obv,55,0.527,0.000,,0.5254237288135594
مادیرا,تکنیکال-sma,25,0.520,0.000,,0.5172413793103449
مادیرا,تکنیکال-stoch,83,0.518,0.000,,0.5172413793103449
مادیرا,تکنیکال-volbrk,37,0.514,0.000,,0.5121951219512195
مادیرا,تکنیکال-ichi,26,0.500,0.000,,0.5
مادیرا,تکنیکال-boll,43,0.488,0.000,,0.48936170212765956
مادیرا,تکنیکال-flow_net,86,0.488,0.000,,0.4888888888888889
مادیرا,تکنیکال-macd,67,0.478,0.000,,0.4788732394366197
مادیرا,تکنیکال-rsi,37,0.459,0.000,,0.4634146341463415
مادیرا,تکنیکال-flow_bp,80,0.450,0.000,,0.4523809523809524
مادیرا,تکنیکال-adx,55,0.418,0.000,,0.423728813559322
مادیرا,تکنیکال-psar,107,0.402,0.000,,0.40540540540540543
مارون,تکنیکال-super,10,0.800,0.000,,0.7142857142857143
مارون,تکنیکال-fibo,2,1.000,0.000,,0.6666666666666666
مارون,تکنیکال-stoch,16,0.625,0.000,,0.6
مارون,تکنیکال-boll,26,0.577,0.000,,0.5666666666666667
مارون,تکنیکال-adx,54,0.556,0.000,,0.5517241379310345
مارون,تکنیکال-rsi,16,0.562,0.000,,0.55
مارون,تکنیکال-psar,91,0.549,0.000,,0.5473684210526316
مارون,تکنیکال-donch,15,0.533,0.000,,0.5263157894736842
مارون,تکنیکال-sma,25,0.520,0.000,,0.5172413793103449
مارون,تکنیکال-flow_bp,59,0.475,0.000,,0.47619047619047616
مارون,تکنیکال-macd,60,0.467,0.000,,0.46875
مارون,تکنیکال-ichi,22,0.455,0.000,,0.46153846153846156
مارون,تکنیکال-volbrk,32,0.438,0.000,,0.4444444444444444
مارون,تکنیکال-flow_net,93,0.419,0.000,,0.422680412371134
مارون,تکنیکال-obv,51,0.412,0.000,,0.41818181818181815
مارون,تکنیکال-trendflow,42,0.381,0.000,,0.391304347826087
مبین,تکنیکال-donch,16,0.750,0.000,,0.7
مبین,تکنیکال-rsi,15,0.667,0.000,,0.631578947368421
مبین,تکنیکال-flow_bp,69,0.638,0.000,,0.6301369863013698
مبین,تکنیکال-volbrk,30,0.633,0.000,,0.6176470588235294
مبین,تکنیکال-flow_net,90,0.611,0.000,,0.6063829787234043
مبین,تکنیکال-stoch,30,0.567,0.000,,0.5588235294117647
مبین,تکنیکال-psar,82,0.537,0.000,,0.5348837209302325
مبین,تکنیکال-super,15,0.533,0.000,,0.5263157894736842
مبین,تکنیکال-macd,46,0.522,0.000,,0.52
مبین,تکنیکال-boll,22,0.500,0.000,,0.5
مبین,تکنیکال-sma,14,0.500,0.000,,0.5
مبین,تکنیکال-trendflow,44,0.500,0.000,,0.5
مبین,تکنیکال-adx,38,0.474,0.000,,0.47619047619047616
مبین,تکنیکال-fibo,7,0.429,0.000,,0.45454545454545453
مبین,تکنیکال-obv,34,0.441,0.000,,0.4473684210526316
مبین,تکنیکال-ichi,23,0.391,0.000,,0.4074074074074074
محتشم,تکنیکال-ichi,1,1.000,0.000,,0.6
محتشم,تکنیکال-macd,5,0.600,0.000,,0.5555555555555556
محتشم,تکنیکال-psar,5,0.600,0.000,,0.5555555555555556
محتشم,تکنیکال-flow_bp,15,0.533,0.000,,0.5263157894736842
محتشم,تکنیکال-fibo,0,,0.000,,0.5
محتشم,تکنیکال-rsi,0,,0.000,,0.5
محتشم,تکنیکال-trendflow,9,0.444,0.000,,0.46153846153846156
محتشم,تکنیکال-flow_net,7,0.429,0.000,,0.45454545454545453
محتشم,تکنیکال-donch,3,0.333,0.000,,0.42857142857142855
محتشم,تکنیکال-obv,3,0.333,0.000,,0.42857142857142855
محتشم,تکنیکال-sma,3,0.333,0.000,,0.42857142857142855
محتشم,تکنیکال-super,3,0.333,0.000,,0.42857142857142855
محتشم,تکنیکال-volbrk,3,0.333,0.000,,0.42857142857142855
محتشم,تکنیکال-stoch,4,0.250,0.000,,0.375
محتشم,تکنیکال-adx,5,0.200,0.000,,0.3333333333333333
محتشم,تکنیکال-boll,2,0.000,0.000,,0.3333333333333333
مداران,تکنیکال-stoch,53,0.642,0.000,,0.631578947368421
مداران,تکنیکال-flow_bp,80,0.637,0.000,,0.6309523809523809
مداران,تکنیکال-boll,23,0.652,0.000,,0.6296296296296297
مداران,تکنیکال-flow_net,92,0.630,0.000,,0.625
مداران,تکنیکال-volbrk,35,0.629,0.000,,0.6153846153846154
مداران,تکنیکال-rsi,23,0.609,0.000,,0.5925925925925926
مداران,تکنیکال-donch,26,0.577,0.000,,0.5666666666666667
مداران,تکنیکال-trendflow,61,0.541,0.000,,0.5384615384615384
مداران,تکنیکال-sma,21,0.524,0.000,,0.52
مداران,تکنیکال-adx,48,0.500,0.000,,0.5
مداران,تکنیکال-super,26,0.462,0.000,,0.4666666666666667
مداران,تکنیکال-macd,67,0.448,0.000,,0.4507042253521127
مداران,تکنیکال-psar,102,0.441,0.000,,0.44339622641509435
مداران,تکنیکال-fibo,8,0.375,0.000,,0.4166666666666667
مداران,تکنیکال-ichi,32,0.406,0.000,,0.4166666666666667
مداران,تکنیکال-obv,63,0.381,0.000,,0.3880597014925373
مدیریت,تکنیکال-boll,23,0.652,0.000,,0.6296296296296297
مدیریت,تکنیکال-volbrk,28,0.607,0.000,,0.59375
مدیریت,تکنیکال-donch,26,0.577,0.000,,0.5666666666666667
مدیریت,تکنیکال-ichi,21,0.571,0.000,,0.56
مدیریت,تکنیکال-macd,52,0.538,0.000,,0.5357142857142857
مدیریت,تکنیکال-adx,47,0.511,0.000,,0.5098039215686274
مدیریت,تکنیکال-trendflow,102,0.510,0.000,,0.5094339622641509
مدیریت,تکنیکال-obv,53,0.509,0.000,,0.5087719298245614
مدیریت,تکنیکال-flow_net,59,0.508,0.000,,0.5079365079365079
مدیریت,تکنیکال-fibo,8,0.500,0.000,,0.5
مدیریت,تکنیکال-rsi,12,0.500,0.000,,0.5
مدیریت,تکنیکال-flow_bp,184,0.484,0.000,,0.48404255319148937
مدیریت,تکنیکال-super,27,0.481,0.000,,0.4838709677419355
مدیریت,تکنیکال-sma,20,0.450,0.000,,0.4583333333333333
مدیریت,تکنیکال-stoch,42,0.452,0.000,,0.45652173913043476
مدیریت,تکنیکال-psar,81,0.444,0.000,,0.4470588235294118
مرقام,تکنیکال-volbrk,29,0.552,0.000,,0.5454545454545454
مرقام,تکنیکال-psar,73,0.521,0.000,,0.5194805194805194
مرقام,تکنیکال-flow_bp,55,0.509,0.000,,0.5084745762711864
مرقام,تکنیکال-donch,16,0.500,0.000,,0.5
مرقام,تکنیکال-fibo,6,0.500,0.000,,0.5
مرقام,تکنیکال-super,18,0.500,0.000,,0.5
مرقام,تکنیکال-flow_net,21,0.476,0.000,,0.48
مرقام,تکنیکال-trendflow,22,0.455,0.000,,0.46153846153846156
مرقام,تکنیکال-adx,42,0.452,0.000,,0.45652173913043476
مرقام,تکنیکال-ichi,18,0.444,0.000,,0.45454545454545453
مرقام,تکنیکال-macd,47,0.447,0.000,,0.45098039215686275
مرقام,تکنیکال-obv,40,0.425,0.000,,0.4318181818181818
مرقام,تکنیکال-stoch,47,0.426,0.000,,0.43137254901960786
مرقام,تکنیکال-sma,18,0.389,0.000,,0.4090909090909091
مرقام,تکنیکال-rsi,35,0.286,0.000,,0.3076923076923077
مرقام,تکنیکال-boll,37,0.243,0.000,,0.2682926829268293
معیار,تکنیکال-sma,11,0.727,0.000,,0.6666666666666666
معیار,تکنیکال-super,19,0.684,0.000,,0.6521739130434783
معیار,تکنیکال-donch,24,0.667,0.000,,0.6428571428571429
معیار,تکنیکال-volbrk,24,0.667,0.000,,0.6428571428571429
معیار,تکنیکال-stoch,54,0.648,0.000,,0.6379310344827587
معیار,تکنیکال-obv,38,0.605,0.000,,0.5952380952380952
معیار,تکنیکال-flow_net,75,0.600,0.000,,0.5949367088607594
معیار,تکنیکال-adx,40,0.600,0.000,,0.5909090909090909
معیار,تکنیکال-ichi,19,0.579,0.000,,0.5652173913043478
معیار,تکنیکال-rsi,28,0.571,0.000,,0.5625
معیار,تکنیکال-flow_bp,69,0.565,0.000,,0.5616438356164384
معیار,تکنیکال-psar,79,0.544,0.000,,0.5421686746987951
معیار,تکنیکال-macd,52,0.481,0.000,,0.48214285714285715
معیار,تکنیکال-trendflow,49,0.469,0.000,,0.4716981132075472
معیار,تکنیکال-boll,25,0.440,0.000,,0.4482758620689655
معیار,تکنیکال-fibo,9,0.222,0.000,,0.3076923076923077
معین,تکنیکال-rsi,4,1.000,0.000,,0.75
معین,تکنیکال-boll,7,0.857,0.000,,0.7272727272727273
معین,تکنیکال-stoch,10,0.700,0.000,,0.6428571428571429
معین,تکنیکال-super,7,0.714,0.000,,0.6363636363636364
معین,تکنیکال-macd,20,0.650,0.000,,0.625
معین,تکنیکال-obv,14,0.643,0.000,,0.6111111111111112
معین,تکنیکال-flow_net,32,0.594,0.000,,0.5833333333333334
معین,تکنیکال-psar,22,0.591,0.000,,0.5769230769230769
معین,تکنیکال-flow_bp,49,0.510,0.000,,0.5094339622641509
معین,تکنیکال-volbrk,13,0.462,0.000,,0.47058823529411764
معین,تکنیکال-ichi,11,0.455,0.000,,0.4666666666666667
معین,تکنیکال-donch,9,0.444,0.000,,0.46153846153846156
معین,تکنیکال-adx,13,0.385,0.000,,0.4117647058823529
معین,تکنیکال-trendflow,21,0.381,0.000,,0.4
معین,تکنیکال-fibo,4,0.250,0.000,,0.375
معین,تکنیکال-sma,7,0.143,0.000,,0.2727272727272727
مفاخر,تکنیکال-fibo,15,0.667,0.000,,0.631578947368421
مفاخر,تکنیکال-rsi,20,0.650,0.000,,0.625
مفاخر,تکنیکال-stoch,67,0.537,0.000,,0.5352112676056338
مفاخر,تکنیکال-flow_bp,80,0.500,0.000,,0.5
مفاخر,تکنیکال-macd,71,0.493,0.000,,0.49333333333333335
مفاخر,تکنیکال-flow_net,66,0.485,0.000,,0.4857142857142857
مفاخر,تکنیکال-sma,21,0.476,0.000,,0.48
مفاخر,تکنیکال-adx,53,0.472,0.000,,0.47368421052631576
مفاخر,تکنیکال-donch,31,0.419,0.000,,0.42857142857142855
مفاخر,تکنیکال-volbrk,43,0.419,0.000,,0.425531914893617
مفاخر,تکنیکال-super,36,0.417,0.000,,0.425
مفاخر,تکنیکال-psar,106,0.415,0.000,,0.41818181818181815
مفاخر,تکنیکال-boll,34,0.382,0.000,,0.39473684210526316
مفاخر,تکنیکال-trendflow,52,0.385,0.000,,0.39285714285714285
مفاخر,تکنیکال-ichi,36,0.333,0.000,,0.35
مفاخر,تکنیکال-obv,75,0.307,0.000,,0.31645569620253167
ملت,تکنیکال-rsi,16,0.750,0.000,,0.7
ملت,تکنیکال-stoch,56,0.661,0.000,,0.65
ملت,تکنیکال-boll,24,0.625,0.000,,0.6071428571428571
ملت,تکنیکال-flow_bp,73,0.493,0.000,,0.4935064935064935
ملت,تکنیکال-fibo,11,0.455,0.000,,0.4666666666666667
ملت,تکنیکال-flow_net,53,0.453,0.000,,0.45614035087719296
ملت,تکنیکال-psar,87,0.425,0.000,,0.42857142857142855
ملت,تکنیکال-macd,64,0.422,0.000,,0.4264705882352941
ملت,تکنیکال-trendflow,36,0.417,0.000,,0.425
ملت,تکنیکال-adx,40,0.350,0.000,,0.36363636363636365
ملت,تکنیکال-volbrk,43,0.349,0.000,,0.3617021276595745
ملت,تکنیکال-donch,27,0.333,0.000,,0.3548387096774194
ملت,تکنیکال-obv,58,0.328,0.000,,0.3387096774193548
ملت,تکنیکال-sma,24,0.292,0.000,,0.32142857142857145
ملت,تکنیکال-super,24,0.292,0.000,,0.32142857142857145
ملت,تکنیکال-ichi,40,0.300,0.000,,0.3181818181818182
ممسنی,تکنیکال-psar,37,0.649,0.000,,0.6341463414634146
ممسنی,تکنیکال-macd,23,0.652,0.000,,0.6296296296296297
ممسنی,تکنیکال-fibo,4,0.750,0.000,,0.625
ممسنی,تکنیکال-super,12,0.667,0.000,,0.625
ممسنی,تکنیکال-volbrk,17,0.647,0.000,,0.6190476190476191
ممسنی,تکنیکال-obv,19,0.632,0.000,,0.6086956521739131
ممسنی,تکنیکال-donch,13,0.615,0.000,,0.5882352941176471
ممسنی,تکنیکال-rsi,15,0.600,0.000,,0.5789473684210527
ممسنی,تکنیکال-adx,21,0.571,0.000,,0.56
ممسنی,تکنیکال-flow_bp,83,0.542,0.000,,0.5402298850574713
ممسنی,تکنیکال-ichi,11,0.545,0.000,,0.5333333333333333
ممسنی,تکنیکال-trendflow,29,0.517,0.000,,0.5151515151515151
ممسنی,تکنیکال-boll,14,0.500,0.000,,0.5
ممسنی,تکنیکال-stoch,30,0.500,0.000,,0.5
ممسنی,تکنیکال-flow_net,52,0.481,0.000,,0.48214285714285715
ممسنی,تکنیکال-sma,8,0.375,0.000,,0.4166666666666667
مهر,تکنیکال-sma,1,1.000,0.000,,0.6
مهر,تکنیکال-volbrk,1,1.000,0.000,,0.6
مهر,تکنیکال-donch,3,0.667,0.000,,0.5714285714285714
مهر,تکنیکال-psar,5,0.600,0.000,,0.5555555555555556
مهر,تکنیکال-flow_bp,19,0.526,0.000,,0.5217391304347826
مهر,تکنیکال-flow_net,8,0.500,0.000,,0.5
مهر,تکنیکال-rsi,2,0.500,0.000,,0.5
مهر,تکنیکال-stoch,4,0.500,0.000,,0.5
مهر,تکنیکال-macd,7,0.429,0.000,,0.45454545454545453
مهر,تکنیکال-obv,5,0.400,0.000,,0.4444444444444444
مهر,تکنیکال-trendflow,5,0.400,0.000,,0.4444444444444444
مهر,تکنیکال-adx,3,0.333,0.000,,0.42857142857142855
مهر,تکنیکال-ichi,3,0.333,0.000,,0.42857142857142855
مهر,تکنیکال-super,3,0.333,0.000,,0.42857142857142855
مهر,تکنیکال-boll,2,0.000,0.000,,0.3333333333333333
مهر,تکنیکال-fibo,2,0.000,0.000,,0.3333333333333333
مهرمام,تکنیکال-super,1,1.000,0.000,,0.6
مهرمام,تکنیکال-trendflow,9,0.556,0.000,,0.5384615384615384
مهرمام,تکنیکال-boll,2,0.500,0.000,,0.5
مهرمام,تکنیکال-fibo,2,0.500,0.000,,0.5
مهرمام,تکنیکال-ichi,4,0.500,0.000,,0.5
مهرمام,تکنیکال-psar,8,0.500,0.000,,0.5
مهرمام,تکنیکال-rsi,0,,0.000,,0.5
مهرمام,تکنیکال-sma,0,,0.000,,0.5
مهرمام,تکنیکال-stoch,4,0.500,0.000,,0.5
مهرمام,تکنیکال-flow_bp,21,0.476,0.000,,0.48
مهرمام,تکنیکال-adx,5,0.400,0.000,,0.4444444444444444
مهرمام,تکنیکال-macd,5,0.400,0.000,,0.4444444444444444
مهرمام,تکنیکال-obv,5,0.400,0.000,,0.4444444444444444
مهرمام,تکنیکال-donch,5,0.200,0.000,,0.3333333333333333
مهرمام,تکنیکال-flow_net,11,0.273,0.000,,0.3333333333333333
مهرمام,تکنیکال-volbrk,5,0.200,0.000,,0.3333333333333333
موج,تکنیکال-super,11,0.818,0.000,,0.7333333333333333
موج,تکنیکال-donch,9,0.778,0.000,,0.6923076923076923
موج,تکنیکال-ichi,9,0.778,0.000,,0.6923076923076923
موج,تکنیکال-obv,11,0.727,0.000,,0.6666666666666666
موج,تکنیکال-sma,5,0.800,0.000,,0.6666666666666666
موج,تکنیکال-trendflow,15,0.667,0.000,,0.631578947368421
موج,تکنیکال-volbrk,11,0.636,0.000,,0.6
موج,تکنیکال-macd,20,0.550,0.000,,0.5416666666666666
موج,تکنیکال-adx,23,0.522,0.000,,0.5185185185185185
موج,تکنیکال-psar,24,0.500,0.000,,0.5
موج,تکنیکال-rsi,11,0.455,0.000,,0.4666666666666667
موج,تکنیکال-fibo,5,0.400,0.000,,0.4444444444444444
موج,تکنیکال-stoch,21,0.429,0.000,,0.44
موج,تکنیکال-flow_net,4,0.250,0.000,,0.375
موج,تکنیکال-boll,8,0.250,0.000,,0.3333333333333333
موج,تکنیکال-flow_bp,2,0.000,0.000,,0.3333333333333333
میدکو,تکنیکال-adx,38,0.632,0.000,,0.6190476190476191
میدکو,تکنیکال-flow_bp,38,0.632,0.000,,0.6190476190476191
میدکو,تکنیکال-donch,20,0.600,0.000,,0.5833333333333334
میدکو,تکنیکال-trendflow,20,0.600,0.000,,0.5833333333333334
میدکو,تکنیکال-flow_net,59,0.576,0.000,,0.5714285714285714
میدکو,تکنیکال-ichi,26,0.577,0.000,,0.5666666666666667
میدکو,تکنیکال-volbrk,28,0.571,0.000,,0.5625
میدکو,تکنیکال-stoch,25,0.560,0.000,,0.5517241379310345
میدکو,تکنیکال-super,18,0.556,0.000,,0.5454545454545454
میدکو,تکنیکال-fibo,6,0.500,0.000,,0.5
میدکو,تکنیکال-rsi,18,0.500,0.000,,0.5
میدکو,تکنیکال-sma,21,0.476,0.000,,0.48
میدکو,تکنیکال-psar,95,0.463,0.000,,0.46464646464646464
میدکو,تکنیکال-obv,38,0.447,0.000,,0.4523809523809524
میدکو,تکنیکال-macd,59,0.424,0.000,,0.42857142857142855
میدکو,تکنیکال-boll,23,0.391,0.000,,0.4074074074074074
میهن,تکنیکال-stoch,69,0.565,0.000,,0.5616438356164384
میهن,تکنیکال-ichi,26,0.538,0.000,,0.5333333333333333
میهن,تکنیکال-macd,61,0.525,0.000,,0.5230769230769231
میهن,تکنیکال-donch,29,0.517,0.000,,0.5151515151515151
میهن,تکنیکال-flow_bp,64,0.516,0.000,,0.5147058823529411
میهن,تکنیکال-super,30,0.500,0.000,,0.5
میهن,تکنیکال-rsi,23,0.478,0.000,,0.48148148148148145
میهن,تکنیکال-psar,97,0.464,0.000,,0.46534653465346537
میهن,تکنیکال-boll,29,0.448,0.000,,0.45454545454545453
میهن,تکنیکال-flow_net,74,0.432,0.000,,0.4358974358974359
میهن,تکنیکال-volbrk,38,0.421,0.000,,0.42857142857142855
میهن,تکنیکال-trendflow,43,0.419,0.000,,0.425531914893617
میهن,تکنیکال-sma,27,0.407,0.000,,0.41935483870967744
میهن,تکنیکال-adx,64,0.391,0.000,,0.39705882352941174
میهن,تکنیکال-fibo,15,0.333,0.000,,0.3684210526315789
میهن,تکنیکال-obv,57,0.351,0.000,,0.36065573770491804
نارنجاهرم,تکنیکال-sma,5,0.800,0.000,,0.6666666666666666
نارنجاهرم,تکنیکال-ichi,10,0.700,0.000,,0.6428571428571429
نارنجاهرم,تکنیکال-donch,11,0.636,0.000,,0.6
نارنجاهرم,تکنیکال-obv,11,0.636,0.000,,0.6
نارنجاهرم,تکنیکال-trendflow,13,0.615,0.000,,0.5882352941176471
نارنجاهرم,تکنیکال-volbrk,12,0.583,0.000,,0.5625
نارنجاهرم,تکنیکال-psar,25,0.560,0.000,,0.5517241379310345
نارنجاهرم,تکنیکال-super,13,0.538,0.000,,0.5294117647058824
نارنجاهرم,تکنیکال-adx,17,0.529,0.000,,0.5238095238095238
نارنجاهرم,تکنیکال-flow_bp,2,0.500,0.000,,0.5
نارنجاهرم,تکنیکال-flow_net,22,0.500,0.000,,0.5
نارنجاهرم,تکنیکال-macd,20,0.450,0.000,,0.4583333333333333
نارنجاهرم,تکنیکال-stoch,21,0.429,0.000,,0.44
نارنجاهرم,تکنیکال-fibo,3,0.333,0.000,,0.42857142857142855
نارنجاهرم,تکنیکال-rsi,6,0.333,0.000,,0.4
نارنجاهرم,تکنیکال-boll,5,0.200,0.000,,0.3333333333333333
ناما,تکنیکال-sma,9,0.667,0.000,,0.6153846153846154
ناما,تکنیکال-donch,14,0.643,0.000,,0.6111111111111112
ناما,تکنیکال-flow_bp,32,0.594,0.000,,0.5833333333333334
ناما,تکنیکال-fibo,10,0.600,0.000,,0.5714285714285714
ناما,تکنیکال-stoch,28,0.571,0.000,,0.5625
ناما,تکنیکال-obv,23,0.565,0.000,,0.5555555555555556
ناما,تکنیکال-boll,11,0.545,0.000,,0.5333333333333333
ناما,تکنیکال-super,15,0.533,0.000,,0.5263157894736842
ناما,تکنیکال-volbrk,22,0.500,0.000,,0.5
ناما,تکنیکال-psar,49,0.449,0.000,,0.4528301886792453
ناما,تکنیکال-flow_net,38,0.421,0.000,,0.42857142857142855
ناما,تکنیکال-macd,29,0.414,0.000,,0.42424242424242425
ناما,تکنیکال-trendflow,22,0.409,0.000,,0.4230769230769231
ناما,تکنیکال-rsi,6,0.333,0.000,,0.4
ناما,تکنیکال-adx,32,0.344,0.000,,0.3611111111111111
ناما,تکنیکال-ichi,16,0.312,0.000,,0.35
نان,تکنیکال-flow_net,15,0.667,0.000,,0.631578947368421
نان,تکنیکال-ichi,4,0.750,0.000,,0.625
نان,تکنیکال-volbrk,4,0.750,0.000,,0.625
نان,تکنیکال-flow_bp,16,0.625,0.000,,0.6
نان,تکنیکال-sma,1,1.000,0.000,,0.6
نان,تکنیکال-adx,8,0.625,0.000,,0.5833333333333334
نان,تکنیکال-trendflow,11,0.545,0.000,,0.5333333333333333
نان,تکنیکال-boll,0,,0.000,,0.5
نان,تکنیکال-donch,4,0.500,0.000,,0.5
نان,تکنیکال-macd,4,0.500,0.000,,0.5
نان,تکنیکال-obv,4,0.500,0.000,,0.5
نان,تکنیکال-psar,8,0.500,0.000,,0.5
نان,تکنیکال-rsi,0,,0.000,,0.5
نان,تکنیکال-super,4,0.500,0.000,,0.5
نان,تکنیکال-stoch,3,0.333,0.000,,0.42857142857142855
نان,تکنیکال-fibo,1,0.000,0.000,,0.4
نبابک,تکنیکال-sma,1,1.000,0.000,,0.6
نبابک,تکنیکال-boll,3,0.667,0.000,,0.5714285714285714
نبابک,تکنیکال-flow_bp,17,0.588,0.000,,0.5714285714285714
نبابک,تکنیکال-flow_net,10,0.600,0.000,,0.5714285714285714
نبابک,تکنیکال-super,3,0.667,0.000,,0.5714285714285714
نبابک,تکنیکال-trendflow,5,0.600,0.000,,0.5555555555555556
نبابک,تکنیکال-donch,2,0.500,0.000,,0.5
نبابک,تکنیکال-ichi,2,0.500,0.000,,0.5
نبابک,تکنیکال-rsi,4,0.500,0.000,,0.5
نبابک,تکنیکال-volbrk,2,0.500,0.000,,0.5
نبابک,تکنیکال-adx,5,0.400,0.000,,0.4444444444444444
نبابک,تکنیکال-stoch,5,0.400,0.000,,0.4444444444444444
نبابک,تکنیکال-obv,4,0.250,0.000,,0.375
نبابک,تکنیکال-fibo,2,0.000,0.000,,0.3333333333333333
نبابک,تکنیکال-macd,8,0.250,0.000,,0.3333333333333333
نبابک,تکنیکال-psar,10,0.100,0.000,,0.21428571428571427
نبروج,تکنیکال-donch,2,1.000,0.000,,0.6666666666666666
نبروج,تکنیکال-macd,2,1.000,0.000,,0.6666666666666666
نبروج,تکنیکال-obv,2,1.000,0.000,,0.6666666666666666
نبروج,تکنیکال-stoch,4,0.750,0.000,,0.625
نبروج,تکنیکال-trendflow,4,0.750,0.000,,0.625
نبروج,تکنیکال-volbrk,4,0.750,0.000,,0.625
نبروج,تکنیکال-adx,1,1.000,0.000,,0.6
نبروج,تکنیکال-sma,1,1.000,0.000,,0.6
نبروج,تکنیکال-super,1,1.000,0.000,,0.6
نبروج,تکنیکال-psar,3,0.667,0.000,,0.5714285714285714
نبروج,تکنیکال-flow_bp,27,0.519,0.000,,0.5161290322580645
نبروج,تکنیکال-boll,0,,0.000,,0.5
نبروج,تکنیکال-fibo,0,,0.000,,0.5
نبروج,تکنیکال-rsi,2,0.500,0.000,,0.5
نبروج,تکنیکال-flow_net,1,0.000,0.000,,0.4
نبروج,تکنیکال-ichi,4,0.000,0.000,,0.25
نتوس,تکنیکال-super,12,0.833,0.000,,0.75
نتوس,تکنیکال-volbrk,23,0.739,0.000,,0.7037037037037037
نتوس,تکنیکال-donch,17,0.706,0.000,,0.6666666666666666
نتوس,تکنیکال-sma,16,0.688,0.000,,0.65
نتوس,تکنیکال-macd,45,0.644,0.000,,0.6326530612244898
نتوس,تکنیکال-ichi,17,0.647,0.000,,0.6190476190476191
نتوس,تکنیکال-flow_bp,62,0.613,0.000,,0.6060606060606061
نتوس,تکنیکال-obv,33,0.606,0.000,,0.5945945945945946
نتوس,تکنیکال-rsi,20,0.600,0.000,,0.5833333333333334
نتوس,تکنیکال-adx,39,0.590,0.000,,0.5813953488372093
نتوس,تکنیکال-trendflow,45,0.556,0.000,,0.5510204081632653
نتوس,تکنیکال-flow_net,18,0.500,0.000,,0.5
نتوس,تکنیکال-psar,76,0.474,0.000,,0.475
نتوس,تکنیکال-stoch,41,0.439,0.000,,0.4444444444444444
نتوس,تکنیکال-boll,30,0.400,0.000,,0.4117647058823529
نتوس,تکنیکال-fibo,7,0.286,0.000,,0.36363636363636365
نخریس,تکنیکال-donch,7,0.857,0.000,,0.7272727272727273
نخریس,تکنیکال-volbrk,9,0.778,0.000,,0.6923076923076923
نخریس,تکنیکال-rsi,5,0.800,0.000,,0.6666666666666666
نخریس,تکنیکال-super,7,0.714,0.000,,0.6363636363636364
نخریس,تکنیکال-macd,12,0.667,0.000,,0.625
نخریس,تکنیکال-ichi,11,0.636,0.000,,0.6
نخریس,تکنیکال-flow_net,30,0.600,0.000,,0.5882352941176471
نخریس,تکنیکال-flow_bp,44,0.568,0.000,,0.5625
نخریس,تکنیکال-boll,5,0.600,0.000,,0.5555555555555556
نخریس,تکنیکال-trendflow,41,0.488,0.000,,0.4888888888888889
نخریس,تکنیکال-obv,13,0.462,0.000,,0.47058823529411764
نخریس,تکنیکال-adx,11,0.455,0.000,,0.4666666666666667
نخریس,تکنیکال-psar,29,0.448,0.000,,0.45454545454545453
نخریس,تکنیکال-fibo,6,0.333,0.000,,0.4
نخریس,تکنیکال-sma,7,0.286,0.000,,0.36363636363636365
نخریس,تکنیکال-stoch,8,0.250,0.000,,0.3333333333333333
نطرین,تکنیکال-super,27,0.704,0.000,,0.6774193548387096
نطرین,تکنیکال-rsi,24,0.667,0.000,,0.6428571428571429
نطرین,تکنیکال-fibo,12,0.500,0.000,,0.5
نطرین,تکنیکال-stoch,68,0.500,0.000,,0.5
نطرین,تکنیکال-psar,101,0.495,0.000,,0.49523809523809526
نطرین,تکنیکال-macd,65,0.492,0.000,,0.4927536231884058
نطرین,تکنیکال-boll,43,0.488,0.000,,0.48936170212765956
نطرین,تکنیکال-donch,35,0.486,0.000,,0.48717948717948717
نطرین,تکنیکال-flow_net,63,0.460,0.000,,0.4626865671641791
نطرین,تکنیکال-volbrk,44,0.455,0.000,,0.4583333333333333
نطرین,تکنیکال-flow_bp,73,0.425,0.000,,0.42857142857142855
نطرین,تکنیکال-sma,31,0.419,0.000,,0.42857142857142855
نطرین,تکنیکال-obv,62,0.419,0.000,,0.42424242424242425
نطرین,تکنیکال-trendflow,47,0.404,0.000,,0.4117647058823529
نطرین,تکنیکال-ichi,42,0.381,0.000,,0.391304347826087
نطرین,تکنیکال-adx,58,0.328,0.000,,0.3387096774193548
نمرینو,تکنیکال-donch,25,0.760,0.000,,0.7241379310344828
نمرینو,تکنیکال-rsi,34,0.618,0.000,,0.6052631578947368
نمرینو,تکنیکال-volbrk,37,0.595,0.000,,0.5853658536585366
نمرینو,تکنیکال-boll,31,0.548,0.000,,0.5428571428571428
نمرینو,تکنیکال-adx,54,0.537,0.000,,0.5344827586206896
نمرینو,تکنیکال-macd,56,0.536,0.000,,0.5333333333333333
نمرینو,تکنیکال-stoch,60,0.533,0.000,,0.53125
نمرینو,تکنیکال-flow_net,61,0.525,0.000,,0.5230769230769231
نمرینو,تکنیکال-obv,49,0.510,0.000,,0.5094339622641509
نمرینو,تکنیکال-psar,94,0.479,0.000,,0.47959183673469385
نمرینو,تکنیکال-flow_bp,63,0.460,0.000,,0.4626865671641791
نمرینو,تکنیکال-super,26,0.423,0.000,,0.43333333333333335
نمرینو,تکنیکال-sma,20,0.400,0.000,,0.4166666666666667
نمرینو,تکنیکال-trendflow,37,0.405,0.000,,0.4146341463414634
نمرینو,تکنیکال-fibo,15,0.333,0.000,,0.3684210526315789
نمرینو,تکنیکال-ichi,29,0.345,0.000,,0.36363636363636365
نوری,تکنیکال-boll,32,0.625,0.000,,0.6111111111111112
نوری,تکنیکال-stoch,53,0.547,0.000,,0.543859649122807
نوری,تکنیکال-flow_bp,38,0.474,0.000,,0.47619047619047616
نوری,تکنیکال-macd,68,0.471,0.000,,0.4722222222222222
نوری,تکنیکال-fibo,20,0.450,0.000,,0.4583333333333333
نوری,تکنیکال-super,29,0.448,0.000,,0.45454545454545453
نوری,تکنیکال-rsi,14,0.429,0.000,,0.4444444444444444
نوری,تکنیکال-sma,26,0.423,0.000,,0.43333333333333335
نوری,تکنیکال-volbrk,40,0.425,0.000,,0.4318181818181818
نوری,تکنیکال-ichi,39,0.410,0.000,,0.4186046511627907
نوری,تکنیکال-donch,38,0.395,0.000,,0.40476190476190477
نوری,تکنیکال-obv,70,0.386,0.000,,0.3918918918918919
نوری,تکنیکال-psar,95,0.368,0.000,,0.37373737373737376
نوری,تکنیکال-flow_net,101,0.356,0.000,,0.3619047619047619
نوری,تکنیکال-trendflow,41,0.317,0.000,,0.3333333333333333
نوری,تکنیکال-adx,62,0.290,0.000,,0.30303030303030304
نوین,تکنیکال-stoch,63,0.603,0.000,,0.5970149253731343
نوین,تکنیکال-trendflow,44,0.545,0.000,,0.5416666666666666
نوین,تکنیکال-flow_bp,67,0.537,0.000,,0.5352112676056338
نوین,تکنیکال-macd,69,0.536,0.000,,0.5342465753424658
نوین,تکنیکال-flow_net,83,0.518,0.000,,0.5172413793103449
نوین,تکنیکال-volbrk,39,0.513,0.000,,0.5116279069767442
نوین,تکنیکال-fibo,12,0.500,0.000,,0.5
نوین,تکنیکال-rsi,32,0.500,0.000,,0.5
نوین,تکنیکال-donch,31,0.484,0.000,,0.4857142857142857
نوین,تکنیکال-ichi,33,0.455,0.000,,0.4594594594594595
نوین,تکنیکال-psar,100,0.440,0.000,,0.4423076923076923
نوین,تکنیکال-obv,56,0.429,0.000,,0.43333333333333335
نوین,تکنیکال-adx,51,0.412,0.000,,0.41818181818181815
نوین,تکنیکال-boll,47,0.404,0.000,,0.4117647058823529
نوین,تکنیکال-super,29,0.379,0.000,,0.3939393939393939
نوین,تکنیکال-sma,20,0.350,0.000,,0.375
نیان,تکنیکال-fibo,14,0.714,0.000,,0.6666666666666666
نیان,تکنیکال-boll,9,0.667,0.000,,0.6153846153846154
نیان,تکنیکال-stoch,36,0.611,0.000,,0.6
نیان,تکنیکال-rsi,9,0.556,0.000,,0.5384615384615384
نیان,تکنیکال-sma,9,0.556,0.000,,0.5384615384615384
نیان,تکنیکال-adx,31,0.419,0.000,,0.42857142857142855
نیان,تکنیکال-trendflow,51,0.412,0.000,,0.41818181818181815
نیان,تکنیکال-flow_bp,85,0.412,0.000,,0.4157303370786517
نیان,تکنیکال-super,18,0.389,0.000,,0.4090909090909091
نیان,تکنیکال-obv,33,0.394,0.000,,0.40540540540540543
نیان,تکنیکال-psar,49,0.388,0.000,,0.39622641509433965
نیان,تکنیکال-flow_net,50,0.380,0.000,,0.3888888888888889
نیان,تکنیکال-volbrk,20,0.350,0.000,,0.375
نیان,تکنیکال-macd,33,0.333,0.000,,0.35135135135135137
نیان,تکنیکال-ichi,16,0.312,0.000,,0.35
نیان,تکنیکال-donch,26,0.231,0.000,,0.26666666666666666
نیرو,تکنیکال-boll,36,0.722,0.000,,0.7
نیرو,تکنیکال-stoch,53,0.604,0.000,,0.5964912280701754
نیرو,تکنیکال-sma,14,0.571,0.000,,0.5555555555555556
نیرو,تکنیکال-ichi,20,0.550,0.000,,0.5416666666666666
نیرو,تکنیکال-flow_bp,50,0.520,0.000,,0.5185185185185185
نیرو,تکنیکال-fibo,4,0.500,0.000,,0.5
نیرو,تکنیکال-flow_net,68,0.500,0.000,,0.5
نیرو,تکنیکال-rsi,32,0.469,0.000,,0.4722222222222222
نیرو,تکنیکال-super,22,0.455,0.000,,0.46153846153846156
نیرو,تکنیکال-psar,89,0.449,0.000,,0.45161290322580644
نیرو,تکنیکال-macd,66,0.439,0.000,,0.44285714285714284
نیرو,تکنیکال-volbrk,30,0.433,0.000,,0.4411764705882353
نیرو,تکنیکال-donch,31,0.419,0.000,,0.42857142857142855
نیرو,تکنیکال-adx,57,0.421,0.000,,0.4262295081967213
نیرو,تکنیکال-obv,43,0.419,0.000,,0.425531914893617
نیرو,تکنیکال-trendflow,32,0.312,0.000,,0.3333333333333333
نیشکر,تکنیکال-flow_net,14,0.786,0.000,,0.7222222222222222
نیشکر,تکنیکال-stoch,5,0.800,0.000,,0.6666666666666666
نیشکر,تکنیکال-fibo,1,1.000,0.000,,0.6
نیشکر,تکنیکال-flow_bp,19,0.579,0.000,,0.5652173913043478
نیشکر,تکنیکال-trendflow,5,0.600,0.000,,0.5555555555555556
نیشکر,تکنیکال-boll,2,0.500,0.000,,0.5
نیشکر,تکنیکال-rsi,2,0.500,0.000,,0.5
نیشکر,تکنیکال-obv,3,0.333,0.000,,0.42857142857142855
نیشکر,تکنیکال-sma,3,0.333,0.000,,0.42857142857142855
نیشکر,تکنیکال-macd,6,0.333,0.000,,0.4
نیشکر,تکنیکال-donch,4,0.250,0.000,,0.375
نیشکر,تکنیکال-ichi,4,0.250,0.000,,0.375
نیشکر,تکنیکال-super,4,0.250,0.000,,0.375
نیشکر,تکنیکال-psar,8,0.250,0.000,,0.3333333333333333
نیشکر,تکنیکال-adx,6,0.167,0.000,,0.3
نیشکر,تکنیکال-volbrk,6,0.167,0.000,,0.3
هایوب,تکنیکال-flow_bp,15,0.733,0.000,,0.6842105263157895
هایوب,تکنیکال-flow_net,71,0.577,0.000,,0.5733333333333334
هایوب,تکنیکال-macd,55,0.564,0.000,,0.559322033898305
هایوب,تکنیکال-volbrk,36,0.556,0.000,,0.55
هایوب,تکنیکال-donch,28,0.536,0.000,,0.53125
هایوب,تکنیکال-super,28,0.536,0.000,,0.53125
هایوب,تکنیکال-trendflow,16,0.500,0.000,,0.5
هایوب,تکنیکال-boll,44,0.477,0.000,,0.4791666666666667
هایوب,تکنیکال-stoch,61,0.475,0.000,,0.47692307692307695
هایوب,تکنیکال-rsi,24,0.458,0.000,,0.4642857142857143
هایوب,تکنیکال-adx,52,0.442,0.000,,0.44642857142857145
هایوب,تکنیکال-obv,52,0.442,0.000,,0.44642857142857145
هایوب,تکنیکال-fibo,14,0.429,0.000,,0.4444444444444444
هایوب,تکنیکال-ichi,30,0.400,0.000,,0.4117647058823529
هایوب,تکنیکال-psar,93,0.387,0.000,,0.3917525773195876
هایوب,تکنیکال-sma,27,0.296,0.000,,0.3225806451612903
هجرت,تکنیکال-donch,25,0.640,0.000,,0.6206896551724138
هجرت,تکنیکال-rsi,22,0.591,0.000,,0.5769230769230769
هجرت,تکنیکال-super,22,0.545,0.000,,0.5384615384615384
هجرت,تکنیکال-fibo,8,0.500,0.000,,0.5
هجرت,تکنیکال-stoch,43,0.488,0.000,,0.48936170212765956
هجرت,تکنیکال-flow_net,135,0.489,0.000,,0.4892086330935252
هجرت,تکنیکال-volbrk,44,0.477,0.000,,0.4791666666666667
هجرت,تکنیکال-sma,22,0.455,0.000,,0.46153846153846156
هجرت,تکنیکال-trendflow,62,0.452,0.000,,0.45454545454545453
هجرت,تکنیکال-adx,46,0.435,0.000,,0.44
هجرت,تکنیکال-flow_bp,125,0.432,0.000,,0.43410852713178294
هجرت,تکنیکال-boll,33,0.424,0.000,,0.43243243243243246
هجرت,تکنیکال-ichi,32,0.406,0.000,,0.4166666666666667
هجرت,تکنیکال-macd,66,0.409,0.000,,0.4142857142857143
هجرت,تکنیکال-obv,50,0.380,0.000,,0.3888888888888889
هجرت,تکنیکال-psar,107,0.374,0.000,,0.3783783783783784
هرمز,تکنیکال-sma,19,0.632,0.000,,0.6086956521739131
هرمز,تکنیکال-stoch,50,0.520,0.000,,0.5185185185185185
هرمز,تکنیکال-flow_net,107,0.514,0.000,,0.5135135135135135
هرمز,تکنیکال-trendflow,33,0.485,0.000,,0.4864864864864865
هرمز,تکنیکال-psar,102,0.461,0.000,,0.46226415094339623
هرمز,تکنیکال-macd,71,0.451,0.000,,0.4533333333333333
هرمز,تکنیکال-volbrk,37,0.432,0.000,,0.43902439024390244
هرمز,تکنیکال-flow_bp,76,0.421,0.000,,0.425
هرمز,تکنیکال-adx,55,0.418,0.000,,0.423728813559322
هرمز,تکنیکال-obv,60,0.417,0.000,,0.421875
هرمز,تکنیکال-donch,28,0.393,0.000,,0.40625
هرمز,تکنیکال-ichi,34,0.382,0.000,,0.39473684210526316
هرمز,تکنیکال-boll,27,0.370,0.000,,0.3870967741935484
هرمز,تکنیکال-rsi,27,0.370,0.000,,0.3870967741935484
هرمز,تکنیکال-fibo,9,0.333,0.000,,0.38461538461538464
هرمز,تکنیکال-super,25,0.360,0.000,,0.3793103448275862
همراه,تکنیکال-donch,18,0.778,0.000,,0.7272727272727273
همراه,تکنیکال-super,24,0.750,0.000,,0.7142857142857143
همراه,تکنیکال-ichi,28,0.714,0.000,,0.6875
همراه,تکنیکال-trendflow,38,0.605,0.000,,0.5952380952380952
همراه,تکنیکال-boll,23,0.609,0.000,,0.5925925925925926
همراه,تکنیکال-volbrk,35,0.600,0.000,,0.5897435897435898
همراه,تکنیکال-sma,27,0.593,0.000,,0.5806451612903226
همراه,تکنیکال-adx,54,0.556,0.000,,0.5517241379310345
همراه,تکنیکال-obv,42,0.524,0.000,,0.5217391304347826
همراه,تکنیکال-macd,52,0.519,0.000,,0.5178571428571429
همراه,تکنیکال-flow_net,102,0.500,0.000,,0.5
همراه,تکنیکال-rsi,24,0.458,0.000,,0.4642857142857143
همراه,تکنیکال-flow_bp,93,0.452,0.000,,0.4536082474226804
همراه,تکنیکال-psar,109,0.440,0.000,,0.4424778761061947
همراه,تکنیکال-stoch,26,0.346,0.000,,0.36666666666666664
همراه,تکنیکال-fibo,5,0.200,0.000,,0.3333333333333333
وآتوس,تکنیکال-donch,14,0.643,0.000,,0.6111111111111112
وآتوس,تکنیکال-boll,31,0.581,0.000,,0.5714285714285714
وآتوس,تکنیکال-flow_net,53,0.547,0.000,,0.543859649122807
وآتوس,تکنیکال-stoch,49,0.531,0.000,,0.5283018867924528
وآتوس,تکنیکال-ichi,14,0.500,0.000,,0.5
وآتوس,تکنیکال-sma,14,0.500,0.000,,0.5
وآتوس,تکنیکال-psar,57,0.491,0.000,,0.4918032786885246
وآتوس,تکنیکال-flow_bp,56,0.482,0.000,,0.48333333333333334
وآتوس,تکنیکال-macd,42,0.476,0.000,,0.4782608695652174
وآتوس,تکنیکال-adx,28,0.464,0.000,,0.46875
وآتوس,تکنیکال-trendflow,26,0.462,0.000,,0.4666666666666667
وآتوس,تکنیکال-rsi,16,0.438,0.000,,0.45
وآتوس,تکنیکال-super,16,0.438,0.000,,0.45
وآتوس,تکنیکال-volbrk,21,0.381,0.000,,0.4
وآتوس,تکنیکال-obv,30,0.333,0.000,,0.35294117647058826
وآتوس,تکنیکال-fibo,8,0.250,0.000,,0.3333333333333333
وآذر,تکنیکال-fibo,10,0.700,0.000,,0.6428571428571429
وآذر,تکنیکال-donch,31,0.581,0.000,,0.5714285714285714
وآذر,تکنیکال-super,35,0.571,0.000,,0.5641025641025641
وآذر,تکنیکال-flow_net,85,0.518,0.000,,0.5168539325842697
وآذر,تکنیکال-flow_bp,42,0.500,0.000,,0.5
وآذر,تکنیکال-ichi,29,0.483,0.000,,0.48484848484848486
وآذر,تکنیکال-macd,69,0.478,0.000,,0.4794520547945205
وآذر,تکنیکال-obv,65,0.477,0.000,,0.4782608695652174
وآذر,تکنیکال-stoch,76,0.474,0.000,,0.475
وآذر,تکنیکال-volbrk,32,0.469,0.000,,0.4722222222222222
وآذر,تکنیکال-boll,49,0.449,0.000,,0.4528301886792453
وآذر,تکنیکال-sma,23,0.435,0.000,,0.4444444444444444
وآذر,تکنیکال-psar,94,0.436,0.000,,0.4387755102040816
وآذر,تکنیکال-rsi,31,0.419,0.000,,0.42857142857142855
وآذر,تکنیکال-adx,55,0.418,0.000,,0.423728813559322
وآذر,تکنیکال-trendflow,34,0.382,0.000,,0.39473684210526316
وآرین,تکنیکال-boll,29,0.586,0.000,,0.5757575757575758
وآرین,تکنیکال-fibo,17,0.588,0.000,,0.5714285714285714
وآرین,تکنیکال-sma,16,0.562,0.000,,0.55
وآرین,تکنیکال-stoch,70,0.543,0.000,,0.5405405405405406
وآرین,تکنیکال-rsi,17,0.529,0.000,,0.5238095238095238
وآرین,تکنیکال-macd,62,0.500,0.000,,0.5
وآرین,تکنیکال-flow_bp,85,0.482,0.000,,0.48314606741573035
وآرین,تکنیکال-donch,33,0.455,0.000,,0.4594594594594595
وآرین,تکنیکال-flow_net,60,0.450,0.000,,0.453125
وآرین,تکنیکال-trendflow,61,0.443,0.000,,0.4461538461538462
وآرین,تکنیکال-ichi,37,0.432,0.000,,0.43902439024390244
وآرین,تکنیکال-super,29,0.414,0.000,,0.42424242424242425
وآرین,تکنیکال-psar,95,0.411,0.000,,0.41414141414141414
وآرین,تکنیکال-volbrk,37,0.378,0.000,,0.3902439024390244
وآرین,تکنیکال-adx,56,0.357,0.000,,0.36666666666666664
وآرین,تکنیکال-obv,12,0.167,0.000,,0.25
وآفر,تکنیکال-boll,15,0.667,0.000,,0.631578947368421
وآفر,تکنیکال-ichi,9,0.667,0.000,,0.6153846153846154
وآفر,تکنیکال-sma,11,0.636,0.000,,0.6
وآفر,تکنیکال-rsi,12,0.583,0.000,,0.5625
وآفر,تکنیکال-super,18,0.556,0.000,,0.5454545454545454
وآفر,تکنیکال-volbrk,18,0.556,0.000,,0.5454545454545454
وآفر,تکنیکال-trendflow,22,0.545,0.000,,0.5384615384615384
وآفر,تکنیکال-donch,19,0.526,0.000,,0.5217391304347826
وآفر,تکنیکال-stoch,39,0.513,0.000,,0.5116279069767442
وآفر,تکنیکال-flow_bp,51,0.490,0.000,,0.4909090909090909
وآفر,تکنیکال-flow_net,56,0.446,0.000,,0.45
وآفر,تکنیکال-macd,38,0.421,0.000,,0.42857142857142855
وآفر,تکنیکال-adx,27,0.407,0.000,,0.41935483870967744
وآفر,تکنیکال-obv,29,0.379,0.000,,0.3939393939393939
وآفر,تکنیکال-psar,52,0.365,0.000,,0.375
وآفر,تکنیکال-fibo,5,0.200,0.000,,0.3333333333333333
وآفری,تکنیکال-ichi,18,0.722,0.000,,0.6818181818181818
وآفری,تکنیکال-donch,14,0.714,0.000,,0.6666666666666666
وآفری,تکنیکال-rsi,11,0.636,0.000,,0.6
وآفری,تکنیکال-sma,17,0.588,0.000,,0.5714285714285714
وآفری,تکنیکال-obv,34,0.559,0.000,,0.5526315789473685
وآفری,تکنیکال-fibo,7,0.571,0.000,,0.5454545454545454
وآفری,تکنیکال-macd,62,0.548,0.000,,0.5454545454545454
وآفری,تکنیکال-stoch,20,0.550,0.000,,0.5416666666666666
وآفری,تکنیکال-volbrk,29,0.517,0.000,,0.5151515151515151
وآفری,تکنیکال-flow_bp,62,0.500,0.000,,0.5
وآفری,تکنیکال-super,16,0.500,0.000,,0.5
وآفری,تکنیکال-flow_net,58,0.448,0.000,,0.45161290322580644
وآفری,تکنیکال-adx,36,0.444,0.000,,0.45
وآفری,تکنیکال-psar,105,0.438,0.000,,0.44036697247706424
وآفری,تکنیکال-trendflow,34,0.412,0.000,,0.42105263157894735
وآفری,تکنیکال-boll,13,0.308,0.000,,0.35294117647058826
وآوا,تکنیکال-flow_bp,85,0.541,0.000,,0.5393258426966292
وآوا,تکنیکال-stoch,73,0.479,0.000,,0.4805194805194805
وآوا,تکنیکال-boll,46,0.478,0.000,,0.48
وآوا,تکنیکال-obv,56,0.464,0.000,,0.4666666666666667
وآوا,تکنیکال-sma,22,0.455,0.000,,0.46153846153846156
وآوا,تکنیکال-flow_net,59,0.458,0.000,,0.4603174603174603
وآوا,تکنیکال-psar,96,0.458,0.000,,0.46
وآوا,تکنیکال-fibo,14,0.429,0.000,,0.4444444444444444
وآوا,تکنیکال-macd,66,0.439,0.000,,0.44285714285714284
وآوا,تکنیکال-super,24,0.417,0.000,,0.42857142857142855
وآوا,تکنیکال-volbrk,38,0.421,0.000,,0.42857142857142855
وآوا,تکنیکال-donch,29,0.414,0.000,,0.42424242424242425
وآوا,تکنیکال-adx,50,0.400,0.000,,0.4074074074074074
وآوا,تکنیکال-rsi,31,0.387,0.000,,0.4
وآوا,تکنیکال-ichi,25,0.360,0.000,,0.3793103448275862
وآوا,تکنیکال-trendflow,55,0.291,0.000,,0.3050847457627119
وآیند,تکنیکال-fibo,6,0.833,0.000,,0.7
وآیند,تکنیکال-trendflow,15,0.667,0.000,,0.631578947368421
وآیند,تکنیکال-psar,28,0.643,0.000,,0.625
وآیند,تکنیکال-adx,14,0.643,0.000,,0.6111111111111112
وآیند,تکنیکال-donch,10,0.600,0.000,,0.5714285714285714
وآیند,تکنیکال-obv,16,0.562,0.000,,0.55
وآیند,تکنیکال-stoch,36,0.556,0.000,,0.55
وآیند,تکنیکال-macd,26,0.538,0.000,,0.5333333333333333
وآیند,تکنیکال-rsi,16,0.500,0.000,,0.5
وآیند,تکنیکال-super,20,0.500,0.000,,0.5
وآیند,تکنیکال-volbrk,10,0.500,0.000,,0.5
وآیند,تکنیکال-flow_bp,37,0.486,0.000,,0.4878048780487805
وآیند,تکنیکال-boll,23,0.478,0.000,,0.48148148148148145
وآیند,تکنیکال-ichi,13,0.462,0.000,,0.47058823529411764
وآیند,تکنیکال-flow_net,24,0.417,0.000,,0.42857142857142855
وآیند,تکنیکال-sma,8,0.375,0.000,,0.4166666666666667
واتی,تکنیکال-volbrk,39,0.667,0.000,,0.6511627906976745
واتی,تکنیکال-donch,37,0.649,0.000,,0.6341463414634146
واتی,تکنیکال-adx,44,0.636,0.000,,0.625
واتی,تکنیکال-ichi,26,0.615,0.000,,0.6
واتی,تکنیکال-macd,66,0.500,0.000,,0.5
واتی,تکنیکال-super,30,0.500,0.000,,0.5
واتی,تکنیکال-trendflow,40,0.500,0.000,,0.5
واتی,تکنیکال-obv,51,0.490,0.000,,0.4909090909090909
واتی,تکنیکال-flow_net,102,0.490,0.000,,0.49056603773584906
واتی,تکنیکال-flow_bp,80,0.475,0.000,,0.47619047619047616
واتی,تکنیکال-psar,100,0.430,0.000,,0.4326923076923077
واتی,تکنیکال-boll,41,0.415,0.000,,0.4222222222222222
واتی,تکنیکال-stoch,58,0.414,0.000,,0.41935483870967744
واتی,تکنیکال-rsi,26,0.385,0.000,,0.4
واتی,تکنیکال-sma,22,0.364,0.000,,0.38461538461538464
واتی,تکنیکال-fibo,7,0.286,0.000,,0.36363636363636365
واحصا,تکنیکال-flow_net,27,0.667,0.000,,0.6451612903225806
واحصا,تکنیکال-volbrk,22,0.636,0.000,,0.6153846153846154
واحصا,تکنیکال-stoch,48,0.604,0.000,,0.5961538461538461
واحصا,تکنیکال-rsi,15,0.600,0.000,,0.5789473684210527
واحصا,تکنیکال-psar,68,0.544,0.000,,0.5416666666666666
واحصا,تکنیکال-adx,37,0.541,0.000,,0.5365853658536586
واحصا,تکنیکال-flow_bp,72,0.500,0.000,,0.5
واحصا,تکنیکال-macd,48,0.500,0.000,,0.5
واحصا,تکنیکال-trendflow,36,0.500,0.000,,0.5
واحصا,تکنیکال-boll,32,0.438,0.000,,0.4444444444444444
واحصا,تکنیکال-donch,23,0.435,0.000,,0.4444444444444444
واحصا,تکنیکال-super,21,0.429,0.000,,0.44
واحصا,تکنیکال-sma,12,0.417,0.000,,0.4375
واحصا,تکنیکال-fibo,10,0.400,0.000,,0.42857142857142855
واحصا,تکنیکال-obv,38,0.421,0.000,,0.42857142857142855
واحصا,تکنیکال-ichi,19,0.368,0.000,,0.391304347826087
واحیا,تکنیکال-stoch,53,0.623,0.000,,0.6140350877192983
واحیا,تکنیکال-super,31,0.581,0.000,,0.5714285714285714
واحیا,تکنیکال-fibo,12,0.500,0.000,,0.5
واحیا,تکنیکال-rsi,26,0.500,0.000,,0.5
واحیا,تکنیکال-ichi,25,0.480,0.000,,0.4827586206896552
واحیا,تکنیکال-flow_bp,108,0.481,0.000,,0.48214285714285715
واحیا,تکنیکال-sma,21,0.476,0.000,,0.48
واحیا,تکنیکال-boll,30,0.467,0.000,,0.47058823529411764
واحیا,تکنیکال-volbrk,41,0.463,0.000,,0.4666666666666667
واحیا,تکنیکال-adx,39,0.462,0.000,,0.46511627906976744
واحیا,تکنیکال-donch,35,0.457,0.000,,0.46153846153846156
واحیا,تکنیکال-flow_net,100,0.460,0.000,,0.46153846153846156
واحیا,تکنیکال-trendflow,74,0.432,0.000,,0.4358974358974359
واحیا,تکنیکال-obv,47,0.426,0.000,,0.43137254901960786
واحیا,تکنیکال-psar,80,0.412,0.000,,0.4166666666666667
واحیا,تکنیکال-macd,62,0.403,0.000,,0.4090909090909091
وارس,تکنیکال-donch,37,0.676,0.000,,0.6585365853658537
وارس,تکنیکال-volbrk,39,0.615,0.000,,0.6046511627906976
وارس,تکنیکال-trendflow,53,0.566,0.000,,0.5614035087719298
وارس,تکنیکال-rsi,21,0.571,0.000,,0.56
وارس,تکنیکال-ichi,27,0.556,0.000,,0.5483870967741935
وارس,تکنیکال-macd,62,0.548,0.000,,0.5454545454545454
وارس,تکنیکال-boll,26,0.538,0.000,,0.5333333333333333
وارس,تکنیکال-psar,92,0.522,0.000,,0.5208333333333334
وارس,تکنیکال-flow_bp,86,0.500,0.000,,0.5
وارس,تکنیکال-flow_net,114,0.500,0.000,,0.5
وارس,تکنیکال-super,32,0.500,0.000,,0.5
وارس,تکنیکال-stoch,57,0.491,0.000,,0.4918032786885246
وارس,تکنیکال-adx,48,0.458,0.000,,0.46153846153846156
وارس,تکنیکال-obv,56,0.446,0.000,,0.45
وارس,تکنیکال-fibo,12,0.417,0.000,,0.4375
وارس,تکنیکال-sma,18,0.389,0.000,,0.4090909090909091
واعتبار,تکنیکال-rsi,24,0.625,0.000,,0.6071428571428571
واعتبار,تکنیکال-stoch,62,0.613,0.000,,0.6060606060606061
واعتبار,تکنیکال-flow_bp,88,0.568,0.000,,0.5652173913043478
واعتبار,تکنیکال-volbrk,47,0.511,0.000,,0.5098039215686274
واعتبار,تکنیکال-ichi,34,0.500,0.000,,0.5
واعتبار,تکنیکال-sma,24,0.500,0.000,,0.5
واعتبار,تکنیکال-super,32,0.500,0.000,,0.5
واعتبار,تکنیکال-psar,93,0.495,0.000,,0.4948453608247423
واعتبار,تکنیکال-flow_net,72,0.458,0.000,,0.4605263157894737
واعتبار,تکنیکال-fibo,7,0.429,0.000,,0.45454545454545453
واعتبار,تکنیکال-trendflow,51,0.451,0.000,,0.45454545454545453
واعتبار,تکنیکال-adx,66,0.439,0.000,,0.44285714285714284
واعتبار,تکنیکال-macd,69,0.420,0.000,,0.4246575342465753
واعتبار,تکنیکال-obv,70,0.357,0.000,,0.36486486486486486
واعتبار,تکنیکال-donch,30,0.333,0.000,,0.35294117647058826
واعتبار,تکنیکال-boll,27,0.296,0.000,,0.3225806451612903
والبر,تکنیکال-super,25,0.560,0.000,,0.5517241379310345
والبر,تکنیکال-fibo,7,0.571,0.000,,0.5454545454545454
والبر,تکنیکال-macd,63,0.524,0.000,,0.5223880597014925
والبر,تکنیکال-psar,91,0.516,0.000,,0.5157894736842106
والبر,تکنیکال-stoch,59,0.508,0.000,,0.5079365079365079
والبر,تکنیکال-adx,64,0.500,0.000,,0.5
والبر,تکنیکال-boll,36,0.472,0.000,,0.475
والبر,تکنیکال-trendflow,52,0.462,0.000,,0.4642857142857143
والبر,تکنیکال-volbrk,44,0.455,0.000,,0.4583333333333333
والبر,تکنیکال-donch,29,0.448,0.000,,0.45454545454545453
والبر,تکنیکال-obv,58,0.448,0.000,,0.45161290322580644
والبر,تکنیکال-ichi,31,0.419,0.000,,0.42857142857142855
والبر,تکنیکال-rsi,24,0.417,0.000,,0.42857142857142855
والبر,تکنیکال-flow_bp,87,0.402,0.000,,0.4065934065934066
والبر,تکنیکال-flow_net,105,0.390,0.000,,0.3944954128440367
والبر,تکنیکال-sma,22,0.364,0.000,,0.38461538461538464
والماس,تکنیکال-stoch,25,0.680,0.000,,0.6551724137931034
والماس,تکنیکال-fibo,6,0.667,0.000,,0.6
والماس,تکنیکال-flow_bp,41,0.610,0.000,,0.6
والماس,تکنیکال-rsi,6,0.667,0.000,,0.6
والماس,تکنیکال-sma,10,0.600,0.000,,0.5714285714285714
والماس,تکنیکال-super,16,0.562,0.000,,0.55
والماس,تکنیکال-ichi,15,0.533,0.000,,0.5263157894736842
والماس,تکنیکال-adx,22,0.500,0.000,,0.5
والماس,تکنیکال-flow_net,34,0.500,0.000,,0.5
والماس,تکنیکال-donch,19,0.474,0.000,,0.4782608695652174
والماس,تکنیکال-volbrk,17,0.471,0.000,,0.47619047619047616
والماس,تکنیکال-psar,48,0.438,0.000,,0.4423076923076923
والماس,تکنیکال-obv,30,0.433,0.000,,0.4411764705882353
والماس,تکنیکال-macd,34,0.412,0.000,,0.42105263157894735
والماس,تکنیکال-boll,11,0.364,0.000,,0.4
والماس,تکنیکال-trendflow,31,0.355,0.000,,0.37142857142857144
وامید,تکنیکال-fibo,4,1.000,0.000,,0.75
وامید,تکنیکال-donch,15,0.800,0.000,,0.7368421052631579
وامید,تکنیکال-flow_net,73,0.575,0.000,,0.5714285714285714
وامید,تکنیکال-volbrk,40,0.575,0.000,,0.5681818181818182
وامید,تکنیکال-ichi,32,0.562,0.000,,0.5555555555555556
وامید,تکنیکال-super,16,0.562,0.000,,0.55
وامید,تکنیکال-adx,49,0.551,0.000,,0.5471698113207547
وامید,تکنیکال-rsi,18,0.556,0.000,,0.5454545454545454
وامید,تکنیکال-psar,101,0.495,0.000,,0.49523809523809526
وامید,تکنیکال-sma,21,0.476,0.000,,0.48
وامید,تکنیکال-stoch,32,0.469,0.000,,0.4722222222222222
وامید,تکنیکال-obv,49,0.449,0.000,,0.4528301886792453
وامید,تکنیکال-macd,66,0.439,0.000,,0.44285714285714284
وامید,تکنیکال-flow_bp,75,0.427,0.000,,0.43037974683544306
وامید,تکنیکال-trendflow,55,0.418,0.000,,0.423728813559322
وامید,تکنیکال-boll,23,0.391,0.000,,0.4074074074074074
وامیر,تکنیکال-donch,17,0.706,0.000,,0.6666666666666666
وامیر,تکنیکال-ichi,17,0.647,0.000,,0.6190476190476191
وامیر,تکنیکال-boll,14,0.643,0.000,,0.6111111111111112
وامیر,تکنیکال-flow_bp,50,0.600,0.000,,0.5925925925925926
وامیر,تکنیکال-flow_net,55,0.582,0.000,,0.576271186440678
وامیر,تکنیکال-super,17,0.588,0.000,,0.5714285714285714
وامیر,تکنیکال-adx,28,0.571,0.000,,0.5625
وامیر,تکنیکال-trendflow,25,0.560,0.000,,0.5517241379310345
وامیر,تکنیکال-sma,15,0.533,0.000,,0.5263157894736842
وامیر,تکنیکال-volbrk,23,0.522,0.000,,0.5185185185185185
وامیر,تکنیکال-stoch,39,0.462,0.000,,0.46511627906976744
وامیر,تکنیکال-macd,34,0.441,0.000,,0.4473684210526316
وامیر,تکنیکال-psar,52,0.442,0.000,,0.44642857142857145
وامیر,تکنیکال-obv,35,0.429,0.000,,0.4358974358974359
وامیر,تکنیکال-rsi,20,0.400,0.000,,0.4166666666666667
وامیر,تکنیکال-fibo,7,0.143,0.000,,0.2727272727272727
وامین,تکنیکال-donch,5,0.800,0.000,,0.6666666666666666
وامین,تکنیکال-stoch,14,0.714,0.000,,0.6666666666666666
وامین,تکنیکال-super,9,0.667,0.000,,0.6153846153846154
وامین,تکنیکال-boll,14,0.643,0.000,,0.6111111111111112
وامین,تکنیکال-macd,27,0.593,0.000,,0.5806451612903226
وامین,تکنیکال-trendflow,22,0.545,0.000,,0.5384615384615384
وامین,تکنیکال-sma,11,0.545,0.000,,0.5333333333333333
وامین,تکنیکال-rsi,13,0.538,0.000,,0.5294117647058824
وامین,تکنیکال-volbrk,21,0.524,0.000,,0.52
وامین,تکنیکال-adx,38,0.500,0.000,,0.5
وامین,تکنیکال-fibo,0,,0.000,,0.5
وامین,تکنیکال-flow_bp,43,0.488,0.000,,0.48936170212765956
وامین,تکنیکال-flow_net,35,0.486,0.000,,0.48717948717948717
وامین,تکنیکال-obv,25,0.480,0.000,,0.4827586206896552
وامین,تکنیکال-ichi,20,0.400,0.000,,0.4166666666666667
وامین,تکنیکال-psar,74,0.365,0.000,,0.3717948717948718
وایرا,تکنیکال-volbrk,26,0.731,0.000,,0.7
وایرا,تکنیکال-sma,22,0.591,0.000,,0.5769230769230769
وایرا,تکنیکال-rsi,26,0.577,0.000,,0.5666666666666667
وایرا,تکنیکال-flow_net,88,0.545,0.000,,0.5434782608695652
وایرا,تکنیکال-stoch,58,0.534,0.000,,0.532258064516129
وایرا,تکنیکال-flow_bp,77,0.532,0.000,,0.5308641975308642
وایرا,تکنیکال-macd,48,0.521,0.000,,0.5192307692307693
وایرا,تکنیکال-donch,29,0.517,0.000,,0.5151515151515151
وایرا,تکنیکال-psar,92,0.478,0.000,,0.4791666666666667
وایرا,تکنیکال-obv,41,0.463,0.000,,0.4666666666666667
وایرا,تکنیکال-adx,44,0.455,0.000,,0.4583333333333333
وایرا,تکنیکال-fibo,7,0.429,0.000,,0.45454545454545453
وایرا,تکنیکال-trendflow,36,0.444,0.000,,0.45
وایرا,تکنیکال-super,25,0.400,0.000,,0.41379310344827586
وایرا,تکنیکال-boll,23,0.391,0.000,,0.4074074074074074
وایرا,تکنیکال-ichi,23,0.391,0.000,,0.4074074074074074
وایران,تکنیکال-boll,35,0.600,0.000,,0.5897435897435898
وایران,تکنیکال-super,32,0.531,0.000,,0.5277777777777778
وایران,تکنیکال-macd,61,0.525,0.000,,0.5230769230769231
وایران,تکنیکال-stoch,65,0.523,0.000,,0.5217391304347826
وایران,تکنیکال-fibo,8,0.500,0.000,,0.5
وایران,تکنیکال-psar,90,0.500,0.000,,0.5
وایران,تکنیکال-obv,61,0.492,0.000,,0.49230769230769234
وایران,تکنیکال-volbrk,43,0.488,0.000,,0.48936170212765956
وایران,تکنیکال-rsi,23,0.478,0.000,,0.48148148148148145
وایران,تکنیکال-trendflow,60,0.450,0.000,,0.453125
وایران,تکنیکال-flow_bp,70,0.443,0.000,,0.44594594594594594
وایران,تکنیکال-adx,53,0.434,0.000,,0.43859649122807015
وایران,تکنیکال-donch,37,0.378,0.000,,0.3902439024390244
وایران,تکنیکال-ichi,33,0.364,0.000,,0.3783783783783784
وایران,تکنیکال-sma,27,0.333,0.000,,0.3548387096774194
وایران,تکنیکال-flow_net,36,0.333,0.000,,0.35
وبانک,تکنیکال-volbrk,34,0.647,0.000,,0.631578947368421
وبانک,تکنیکال-donch,23,0.652,0.000,,0.6296296296296297
وبانک,تکنیکال-stoch,51,0.627,0.000,,0.6181818181818182
وبانک,تکنیکال-fibo,9,0.667,0.000,,0.6153846153846154
وبانک,تکنیکال-boll,22,0.545,0.000,,0.5384615384615384
وبانک,تکنیکال-flow_bp,83,0.518,0.000,,0.5172413793103449
وبانک,تکنیکال-sma,29,0.517,0.000,,0.5151515151515151
وبانک,تکنیکال-psar,87,0.494,0.000,,0.4945054945054945
وبانک,تکنیکال-flow_net,98,0.480,0.000,,0.4803921568627451
وبانک,تکنیکال-macd,57,0.474,0.000,,0.47540983606557374
وبانک,تکنیکال-rsi,15,0.467,0.000,,0.47368421052631576
وبانک,تکنیکال-super,31,0.452,0.000,,0.45714285714285713
وبانک,تکنیکال-ichi,30,0.433,0.000,,0.4411764705882353
وبانک,تکنیکال-obv,65,0.415,0.000,,0.42028985507246375
وبانک,تکنیکال-trendflow,72,0.389,0.000,,0.39473684210526316
وبانک,تکنیکال-adx,61,0.311,0.000,,0.3230769230769231
وبرق,تکنیکال-flow_bp,36,0.694,0.000,,0.675
وبرق,تکنیکال-stoch,59,0.610,0.000,,0.6031746031746031
وبرق,تکنیکال-sma,18,0.611,0.000,,0.5909090909090909
وبرق,تکنیکال-rsi,25,0.560,0.000,,0.5517241379310345
وبرق,تکنیکال-volbrk,24,0.542,0.000,,0.5357142857142857
وبرق,تکنیکال-boll,26,0.538,0.000,,0.5333333333333333
وبرق,تکنیکال-flow_net,38,0.500,0.000,,0.5
وبرق,تکنیکال-super,30,0.467,0.000,,0.47058823529411764
وبرق,تکنیکال-adx,43,0.465,0.000,,0.46808510638297873
وبرق,تکنیکال-trendflow,26,0.462,0.000,,0.4666666666666667
وبرق,تکنیکال-donch,24,0.458,0.000,,0.4642857142857143
وبرق,تکنیکال-macd,48,0.438,0.000,,0.4423076923076923
وبرق,تکنیکال-fibo,17,0.412,0.000,,0.42857142857142855
وبرق,تکنیکال-obv,45,0.422,0.000,,0.42857142857142855
وبرق,تکنیکال-ichi,22,0.409,0.000,,0.4230769230769231
وبرق,تکنیکال-psar,67,0.418,0.000,,0.4225352112676056
وبشهر,تکنیکال-ichi,25,0.800,0.000,,0.7586206896551724
وبشهر,تکنیکال-donch,18,0.778,0.000,,0.7272727272727273
وبشهر,تکنیکال-super,23,0.739,0.000,,0.7037037037037037
وبشهر,تکنیکال-trendflow,51,0.627,0.000,,0.6181818181818182
وبشهر,تکنیکال-volbrk,34,0.618,0.000,,0.6052631578947368
وبشهر,تکنیکال-sma,23,0.565,0.000,,0.5555555555555556
وبشهر,تکنیکال-macd,54,0.537,0.000,,0.5344827586206896
وبشهر,تکنیکال-boll,26,0.538,0.000,,0.5333333333333333
وبشهر,تکنیکال-flow_bp,102,0.520,0.000,,0.5188679245283019
وبشهر,تکنیکال-stoch,40,0.500,0.000,,0.5
وبشهر,تکنیکال-flow_net,111,0.486,0.000,,0.48695652173913045
وبشهر,تکنیکال-fibo,9,0.444,0.000,,0.46153846153846156
وبشهر,تکنیکال-adx,52,0.442,0.000,,0.44642857142857145
وبشهر,تکنیکال-psar,101,0.436,0.000,,0.4380952380952381
وبشهر,تکنیکال-obv,49,0.429,0.000,,0.4339622641509434
وبشهر,تکنیکال-rsi,26,0.385,0.000,,0.4
وبصادر,تکنیکال-macd,60,0.600,0.000,,0.59375
وبصادر,تکنیکال-volbrk,44,0.568,0.000,,0.5625
وبصادر,تکنیکال-rsi,30,0.567,0.000,,0.5588235294117647
وبصادر,تکنیکال-stoch,72,0.556,0.000,,0.5526315789473685
وبصادر,تکنیکال-boll,40,0.550,0.000,,0.5454545454545454
وبصادر,تکنیکال-adx,49,0.531,0.000,,0.5283018867924528
وبصادر,تکنیکال-super,32,0.500,0.000,,0.5
وبصادر,تکنیکال-donch,39,0.487,0.000,,0.4883720930232558
وبصادر,تکنیکال-psar,100,0.480,0.000,,0.4807692307692308
وبصادر,تکنیکال-fibo,17,0.471,0.000,,0.47619047619047616
وبصادر,تکنیکال-sma,20,0.450,0.000,,0.4583333333333333
وبصادر,تکنیکال-flow_bp,90,0.456,0.000,,0.4574468085106383
وبصادر,تکنیکال-flow_net,93,0.441,0.000,,0.44329896907216493
وبصادر,تکنیکال-obv,60,0.417,0.000,,0.421875
وبصادر,تکنیکال-trendflow,63,0.413,0.000,,0.417910447761194
وبصادر,تکنیکال-ichi,31,0.387,0.000,,0.4
وبملت,تکنیکال-rsi,19,0.737,0.000,,0.6956521739130435
وبملت,تکنیکال-fibo,9,0.778,0.000,,0.6923076923076923
وبملت,تکنیکال-boll,32,0.656,0.000,,0.6388888888888888
وبملت,تکنیکال-stoch,57,0.579,0.000,,0.5737704918032787
وبملت,تکنیکال-macd,59,0.542,0.000,,0.5396825396825397
وبملت,تکنیکال-super,35,0.514,0.000,,0.5128205128205128
وبملت,تکنیکال-flow_bp,40,0.500,0.000,,0.5
وبملت,تکنیکال-obv,62,0.452,0.000,,0.45454545454545453
وبملت,تکنیکال-psar,93,0.452,0.000,,0.4536082474226804
وبملت,تکنیکال-flow_net,86,0.395,0.000,,0.4
وبملت,تکنیکال-volbrk,46,0.391,0.000,,0.4
وبملت,تکنیکال-donch,45,0.356,0.000,,0.3673469387755102
وبملت,تکنیکال-trendflow,37,0.351,0.000,,0.36585365853658536
وبملت,تکنیکال-adx,62,0.323,0.000,,0.3333333333333333
وبملت,تکنیکال-sma,34,0.294,0.000,,0.3157894736842105
وبملت,تکنیکال-ichi,47,0.277,0.000,,0.29411764705882354
وبهمن,تکنیکال-boll,35,0.686,0.000,,0.6666666666666666
وبهمن,تکنیکال-rsi,27,0.593,0.000,,0.5806451612903226
وبهمن,تکنیکال-flow_bp,60,0.583,0.000,,0.578125
وبهمن,تکنیکال-flow_net,92,0.576,0.000,,0.5729166666666666
وبهمن,تکنیکال-stoch,52,0.577,0.000,,0.5714285714285714
وبهمن,تکنیکال-macd,63,0.556,0.000,,0.5522388059701493
وبهمن,تکنیکال-volbrk,41,0.537,0.000,,0.5333333333333333
وبهمن,تکنیکال-ichi,29,0.483,0.000,,0.48484848484848486
وبهمن,تکنیکال-trendflow,42,0.429,0.000,,0.43478260869565216
وبهمن,تکنیکال-fibo,13,0.385,0.000,,0.4117647058823529
وبهمن,تکنیکال-donch,33,0.394,0.000,,0.40540540540540543
وبهمن,تکنیکال-psar,95,0.389,0.000,,0.3939393939393939
وبهمن,تکنیکال-adx,62,0.371,0.000,,0.3787878787878788
وبهمن,تکنیکال-super,33,0.364,0.000,,0.3783783783783784
وبهمن,تکنیکال-obv,59,0.356,0.000,,0.36507936507936506
وبهمن,تکنیکال-sma,29,0.310,0.000,,0.3333333333333333
وبوعلی,تکنیکال-donch,23,0.609,0.000,,0.5925925925925926
وبوعلی,تکنیکال-stoch,35,0.571,0.000,,0.5641025641025641
وبوعلی,تکنیکال-rsi,24,0.542,0.000,,0.5357142857142857
وبوعلی,تکنیکال-boll,30,0.533,0.000,,0.5294117647058824
وبوعلی,تکنیکال-fibo,6,0.500,0.000,,0.5
وبوعلی,تکنیکال-super,16,0.500,0.000,,0.5
وبوعلی,تکنیکال-flow_bp,72,0.458,0.000,,0.4605263157894737
وبوعلی,تکنیکال-flow_net,82,0.451,0.000,,0.45348837209302323
وبوعلی,تکنیکال-trendflow,49,0.449,0.000,,0.4528301886792453
وبوعلی,تکنیکال-volbrk,42,0.429,0.000,,0.43478260869565216
وبوعلی,تکنیکال-adx,42,0.405,0.000,,0.41304347826086957
وبوعلی,تکنیکال-sma,23,0.391,0.000,,0.4074074074074074
وبوعلی,تکنیکال-psar,105,0.371,0.000,,0.3761467889908257
وبوعلی,تکنیکال-ichi,41,0.341,0.000,,0.35555555555555557
وبوعلی,تکنیکال-macd,72,0.333,0.000,,0.34210526315789475
وبوعلی,تکنیکال-obv,60,0.317,0.000,,0.328125
وبیمه,تکنیکال-trendflow,50,0.540,0.000,,0.5370370370370371
وبیمه,تکنیکال-volbrk,36,0.528,0.000,,0.525
وبیمه,تکنیکال-obv,59,0.525,0.000,,0.5238095238095238
وبیمه,تکنیکال-fibo,10,0.500,0.000,,0.5
وبیمه,تکنیکال-flow_bp,78,0.500,0.000,,0.5
وبیمه,تکنیکال-rsi,28,0.500,0.000,,0.5
وبیمه,تکنیکال-boll,33,0.485,0.000,,0.4864864864864865
وبیمه,تکنیکال-macd,68,0.471,0.000,,0.4722222222222222
وبیمه,تکنیکال-adx,52,0.442,0.000,,0.44642857142857145
وبیمه,تکنیکال-psar,97,0.443,0.000,,0.44554455445544555
وبیمه,تکنیکال-sma,21,0.429,0.000,,0.44
وبیمه,تکنیکال-flow_net,57,0.421,0.000,,0.4262295081967213
وبیمه,تکنیکال-ichi,27,0.407,0.000,,0.41935483870967744
وبیمه,تکنیکال-super,25,0.400,0.000,,0.41379310344827586
وبیمه,تکنیکال-donch,31,0.387,0.000,,0.4
وبیمه,تکنیکال-stoch,42,0.381,0.000,,0.391304347826087
وتجارت,تکنیکال-rsi,34,0.559,0.000,,0.5526315789473685
وتجارت,تکنیکال-stoch,77,0.545,0.000,,0.5432098765432098
وتجارت,تکنیکال-boll,43,0.535,0.000,,0.5319148936170213
وتجارت,تکنیکال-macd,62,0.532,0.000,,0.5303030303030303
وتجارت,تکنیکال-flow_net,72,0.528,0.000,,0.5263157894736842
وتجارت,تکنیکال-flow_bp,81,0.494,0.000,,0.49411764705882355
وتجارت,تکنیکال-super,37,0.486,0.000,,0.4878048780487805
وتجارت,تکنیکال-volbrk,46,0.478,0.000,,0.48
وتجارت,تکنیکال-ichi,35,0.457,0.000,,0.46153846153846156
وتجارت,تکنیکال-psar,93,0.452,0.000,,0.4536082474226804
وتجارت,تکنیکال-donch,46,0.435,0.000,,0.44
وتجارت,تکنیکال-trendflow,49,0.429,0.000,,0.4339622641509434
وتجارت,تکنیکال-fibo,15,0.400,0.000,,0.42105263157894735
وتجارت,تکنیکال-adx,69,0.406,0.000,,0.410958904109589
وتجارت,تکنیکال-obv,54,0.389,0.000,,0.39655172413793105
وتجارت,تکنیکال-sma,27,0.296,0.000,,0.3225806451612903
وتعاون,تکنیکال-stoch,47,0.638,0.000,,0.6274509803921569
وتعاون,تکنیکال-boll,30,0.600,0.000,,0.5882352941176471
وتعاون,تکنیکال-psar,91,0.495,0.000,,0.49473684210526314
وتعاون,تکنیکال-rsi,21,0.476,0.000,,0.48
وتعاون,تکنیکال-fibo,18,0.444,0.000,,0.45454545454545453
وتعاون,تکنیکال-flow_bp,75,0.427,0.000,,0.43037974683544306
وتعاون,تکنیکال-volbrk,45,0.400,0.000,,0.40816326530612246
وتعاون,تکنیکال-obv,65,0.400,0.000,,0.4057971014492754
وتعاون,تکنیکال-super,33,0.394,0.000,,0.40540540540540543
وتعاون,تکنیکال-macd,66,0.394,0.000,,0.4
وتعاون,تکنیکال-flow_net,65,0.385,0.000,,0.391304347826087
وتعاون,تکنیکال-donch,38,0.368,0.000,,0.38095238095238093
وتعاون,تکنیکال-ichi,33,0.364,0.000,,0.3783783783783784
وتعاون,تکنیکال-trendflow,63,0.365,0.000,,0.373134328358209
وتعاون,تکنیکال-adx,51,0.333,0.000,,0.34545454545454546
وتعاون,تکنیکال-sma,29,0.310,0.000,,0.3333333333333333
وتوس,تکنیکال-rsi,25,0.600,0.000,,0.5862068965517241
وتوس,تکنیکال-donch,30,0.567,0.000,,0.5588235294117647
وتوس,تکنیکال-flow_net,70,0.543,0.000,,0.5405405405405406
وتوس,تکنیکال-stoch,70,0.543,0.000,,0.5405405405405406
وتوس,تکنیکال-super,24,0.542,0.000,,0.5357142857142857
وتوس,تکنیکال-flow_bp,68,0.515,0.000,,0.5138888888888888
وتوس,تکنیکال-boll,34,0.471,0.000,,0.47368421052631576
وتوس,تکنیکال-fibo,24,0.458,0.000,,0.4642857142857143
وتوس,تکنیکال-sma,22,0.455,0.000,,0.46153846153846156
وتوس,تکنیکال-psar,104,0.452,0.000,,0.4537037037037037
وتوس,تکنیکال-volbrk,49,0.449,0.000,,0.4528301886792453
وتوس,تکنیکال-obv,57,0.421,0.000,,0.4262295081967213
وتوس,تکنیکال-macd,67,0.403,0.000,,0.4084507042253521
وتوس,تکنیکال-adx,59,0.390,0.000,,0.3968253968253968
وتوس,تکنیکال-trendflow,49,0.367,0.000,,0.37735849056603776
وتوس,تکنیکال-ichi,31,0.355,0.000,,0.37142857142857144
وتوسم,تکنیکال-stoch,41,0.610,0.000,,0.6
وتوسم,تکنیکال-rsi,21,0.571,0.000,,0.56
وتوسم,تکنیکال-fibo,9,0.556,0.000,,0.5384615384615384
وتوسم,تکنیکال-flow_bp,55,0.527,0.000,,0.5254237288135594
وتوسم,تکنیکال-boll,22,0.500,0.000,,0.5
وتوسم,تکنیکال-trendflow,55,0.491,0.000,,0.4915254237288136
وتوسم,تکنیکال-volbrk,43,0.488,0.000,,0.48936170212765956
وتوسم,تکنیکال-flow_net,93,0.473,0.000,,0.4742268041237113
وتوسم,تکنیکال-donch,34,0.471,0.000,,0.47368421052631576
وتوسم,تکنیکال-psar,93,0.430,0.000,,0.4329896907216495
وتوسم,تکنیکال-adx,63,0.413,0.000,,0.417910447761194
وتوسم,تکنیکال-macd,66,0.409,0.000,,0.4142857142857143
وتوسم,تکنیکال-obv,11,0.364,0.000,,0.4
وتوسم,تکنیکال-ichi,45,0.378,0.000,,0.3877551020408163
وتوسم,تکنیکال-super,28,0.357,0.000,,0.375
وتوسم,تکنیکال-sma,22,0.273,0.000,,0.3076923076923077
وتوسکا,تکنیکال-rsi,6,1.000,0.000,,0.8
وتوسکا,تکنیکال-adx,15,0.667,0.000,,0.631578947368421
وتوسکا,تکنیکال-stoch,17,0.647,0.000,,0.6190476190476191
وتوسکا,تکنیکال-boll,9,0.667,0.000,,0.6153846153846154
وتوسکا,تکنیکال-flow_net,24,0.583,0.000,,0.5714285714285714
وتوسکا,تکنیکال-flow_bp,42,0.500,0.000,,0.5
وتوسکا,تکنیکال-macd,23,0.435,0.000,,0.4444444444444444
وتوسکا,تکنیکال-sma,8,0.375,0.000,,0.4166666666666667
وتوسکا,تکنیکال-trendflow,21,0.381,0.000,,0.4
وتوسکا,تکنیکال-obv,22,0.364,0.000,,0.38461538461538464
وتوسکا,تکنیکال-psar,37,0.351,0.000,,0.36585365853658536
وتوسکا,تکنیکال-fibo,7,0.286,0.000,,0.36363636363636365
وتوسکا,تکنیکال-super,11,0.273,0.000,,0.3333333333333333
وتوسکا,تکنیکال-volbrk,16,0.250,0.000,,0.3
وتوسکا,تکنیکال-ichi,14,0.214,0.000,,0.2777777777777778
وتوسکا,تکنیکال-donch,12,0.167,0.000,,0.25
وتوشه,تکنیکال-boll,31,0.645,0.000,,0.6285714285714286
وتوشه,تکنیکال-super,29,0.621,0.000,,0.6060606060606061
وتوشه,تکنیکال-rsi,26,0.577,0.000,,0.5666666666666667
وتوشه,تکنیکال-ichi,29,0.552,0.000,,0.5454545454545454
وتوشه,تکنیکال-stoch,52,0.538,0.000,,0.5357142857142857
وتوشه,تکنیکال-sma,20,0.500,0.000,,0.5
وتوشه,تکنیکال-flow_bp,95,0.495,0.000,,0.494949494949495
وتوشه,تکنیکال-volbrk,44,0.477,0.000,,0.4791666666666667
وتوشه,تکنیکال-flow_net,95,0.474,0.000,,0.47474747474747475
وتوشه,تکنیکال-donch,28,0.464,0.000,,0.46875
وتوشه,تکنیکال-macd,66,0.455,0.000,,0.45714285714285713
وتوشه,تکنیکال-fibo,14,0.429,0.000,,0.4444444444444444
وتوشه,تکنیکال-psar,91,0.440,0.000,,0.4421052631578947
وتوشه,تکنیکال-trendflow,56,0.429,0.000,,0.43333333333333335
وتوشه,تکنیکال-adx,55,0.418,0.000,,0.423728813559322
وتوشه,تکنیکال-obv,67,0.313,0.000,,0.323943661971831
وتوصا,تکنیکال-boll,33,0.727,0.000,,0.7027027027027027
وتوصا,تکنیکال-stoch,55,0.564,0.000,,0.559322033898305
وتوصا,تکنیکال-flow_bp,70,0.557,0.000,,0.5540540540540541
وتوصا,تکنیکال-rsi,16,0.500,0.000,,0.5
وتوصا,تکنیکال-macd,67,0.478,0.000,,0.4788732394366197
وتوصا,تکنیکال-fibo,20,0.450,0.000,,0.4583333333333333
وتوصا,تکنیکال-flow_net,68,0.456,0.000,,0.4583333333333333
وتوصا,تکنیکال-psar,99,0.434,0.000,,0.4368932038834951
وتوصا,تکنیکال-adx,60,0.400,0.000,,0.40625
وتوصا,تکنیکال-sma,27,0.370,0.000,,0.3870967741935484
وتوصا,تکنیکال-volbrk,43,0.372,0.000,,0.3829787234042553
وتوصا,تکنیکال-obv,60,0.367,0.000,,0.375
وتوصا,تکنیکال-trendflow,53,0.340,0.000,,0.3508771929824561
وتوصا,تکنیکال-donch,48,0.312,0.000,,0.3269230769230769
وتوصا,تکنیکال-ichi,36,0.306,0.000,,0.325
وتوصا,تکنیکال-super,31,0.290,0.000,,0.3142857142857143
وتوکا,تکنیکال-boll,42,0.548,0.000,,0.5434782608695652
وتوکا,تکنیکال-trendflow,60,0.533,0.000,,0.53125
وتوکا,تکنیکال-macd,68,0.529,0.000,,0.5277777777777778
وتوکا,تکنیکال-flow_bp,101,0.525,0.000,,0.5238095238095238
وتوکا,تکنیکال-rsi,32,0.500,0.000,,0.5
وتوکا,تکنیکال-volbrk,32,0.500,0.000,,0.5
وتوکا,تکنیکال-sma,27,0.481,0.000,,0.4838709677419355
وتوکا,تکنیکال-flow_net,101,0.475,0.000,,0.47619047619047616
وتوکا,تکنیکال-obv,55,0.473,0.000,,0.4745762711864407
وتوکا,تکنیکال-stoch,70,0.471,0.000,,0.47297297297297297
وتوکا,تکنیکال-adx,64,0.438,0.000,,0.4411764705882353
وتوکا,تکنیکال-super,28,0.393,0.000,,0.40625
وتوکا,تکنیکال-fibo,16,0.375,0.000,,0.4
وتوکا,تکنیکال-psar,107,0.374,0.000,,0.3783783783783784
وتوکا,تکنیکال-ichi,35,0.343,0.000,,0.358974358974359
وتوکا,تکنیکال-donch,38,0.342,0.000,,0.35714285714285715
وثخوز,تکنیکال-volbrk,22,0.727,0.000,,0.6923076923076923
وثخوز,تکنیکال-macd,43,0.628,0.000,,0.6170212765957447
وثخوز,تکنیکال-stoch,34,0.618,0.000,,0.6052631578947368
وثخوز,تکنیکال-donch,17,0.588,0.000,,0.5714285714285714
وثخوز,تکنیکال-trendflow,35,0.571,0.000,,0.5641025641025641
وثخوز,تکنیکال-ichi,14,0.571,0.000,,0.5555555555555556
وثخوز,تکنیکال-rsi,20,0.550,0.000,,0.5416666666666666
وثخوز,تکنیکال-adx,24,0.542,0.000,,0.5357142857142857
وثخوز,تکنیکال-flow_bp,95,0.526,0.000,,0.5252525252525253
وثخوز,تکنیکال-fibo,6,0.500,0.000,,0.5
وثخوز,تکنیکال-flow_net,78,0.500,0.000,,0.5
وثخوز,تکنیکال-psar,71,0.493,0.000,,0.49333333333333335
وثخوز,تکنیکال-boll,26,0.462,0.000,,0.4666666666666667
وثخوز,تکنیکال-sma,11,0.455,0.000,,0.4666666666666667
وثخوز,تکنیکال-obv,31,0.419,0.000,,0.42857142857142855
وثخوز,تکنیکال-super,9,0.222,0.000,,0.3076923076923077
وثنو,تکنیکال-stoch,66,0.591,0.000,,0.5857142857142857
وثنو,تکنیکال-trendflow,5,0.600,0.000,,0.5555555555555556
وثنو,تکنیکال-flow_bp,18,0.556,0.000,,0.5454545454545454
وثنو,تکنیکال-sma,20,0.550,0.000,,0.5416666666666666
وثنو,تکنیکال-boll,35,0.543,0.000,,0.5384615384615384
وثنو,تکنیکال-rsi,30,0.533,0.000,,0.5294117647058824
وثنو,تکنیکال-psar,97,0.485,0.000,,0.48514851485148514
وثنو,تکنیکال-ichi,27,0.481,0.000,,0.4838709677419355
وثنو,تکنیکال-flow_net,17,0.471,0.000,,0.47619047619047616
وثنو,تکنیکال-macd,62,0.468,0.000,,0.4696969696969697
وثنو,تکنیکال-adx,45,0.444,0.000,,0.4489795918367347
وثنو,تکنیکال-fibo,12,0.417,0.000,,0.4375
وثنو,تکنیکال-super,33,0.424,0.000,,0.43243243243243246
وثنو,تکنیکال-donch,31,0.419,0.000,,0.42857142857142855
وثنو,تکنیکال-volbrk,41,0.415,0.000,,0.4222222222222222
وثنو,تکنیکال-obv,62,0.403,0.000,,0.4090909090909091
وثوق,تکنیکال-macd,55,0.545,0.000,,0.5423728813559322
وثوق,تکنیکال-ichi,20,0.550,0.000,,0.5416666666666666
وثوق,تکنیکال-sma,13,0.538,0.000,,0.5294117647058824
وثوق,تکنیکال-donch,19,0.526,0.000,,0.5217391304347826
وثوق,تکنیکال-flow_bp,60,0.500,0.000,,0.5
وثوق,تکنیکال-volbrk,34,0.500,0.000,,0.5
وثوق,تکنیکال-boll,27,0.481,0.000,,0.4838709677419355
وثوق,تکنیکال-rsi,32,0.469,0.000,,0.4722222222222222
وثوق,تکنیکال-trendflow,43,0.465,0.000,,0.46808510638297873
وثوق,تکنیکال-psar,78,0.462,0.000,,0.4634146341463415
وثوق,تکنیکال-super,25,0.440,0.000,,0.4482758620689655
وثوق,تکنیکال-stoch,56,0.429,0.000,,0.43333333333333335
وثوق,تکنیکال-flow_net,49,0.388,0.000,,0.39622641509433965
وثوق,تکنیکال-adx,39,0.385,0.000,,0.3953488372093023
وثوق,تکنیکال-obv,45,0.356,0.000,,0.3673469387755102
وثوق,تکنیکال-fibo,6,0.167,0.000,,0.3
وجامی,تکنیکال-super,21,0.667,0.000,,0.64
وجامی,تکنیکال-ichi,22,0.591,0.000,,0.5769230769230769
وجامی,تکنیکال-flow_bp,64,0.562,0.000,,0.5588235294117647
وجامی,تکنیکال-stoch,67,0.522,0.000,,0.5211267605633803
وجامی,تکنیکال-flow_net,52,0.519,0.000,,0.5178571428571429
وجامی,تکنیکال-donch,25,0.520,0.000,,0.5172413793103449
وجامی,تکنیکال-volbrk,27,0.519,0.000,,0.5161290322580645
وجامی,تکنیکال-boll,35,0.514,0.000,,0.5128205128205128
وجامی,تکنیکال-trendflow,49,0.490,0.000,,0.49056603773584906
وجامی,تکنیکال-adx,38,0.474,0.000,,0.47619047619047616
وجامی,تکنیکال-sma,17,0.471,0.000,,0.47619047619047616
وجامی,تکنیکال-macd,62,0.452,0.000,,0.45454545454545453
وجامی,تکنیکال-fibo,14,0.429,0.000,,0.4444444444444444
وجامی,تکنیکال-psar,90,0.422,0.000,,0.425531914893617
وجامی,تکنیکال-rsi,22,0.364,0.000,,0.38461538461538464
وجامی,تکنیکال-obv,69,0.275,0.000,,0.2876712328767123
وحافظ,تکنیکال-super,17,0.706,0.000,,0.6666666666666666
وحافظ,تکنیکال-flow_net,69,0.623,0.000,,0.6164383561643836
وحافظ,تکنیکال-boll,32,0.594,0.000,,0.5833333333333334
وحافظ,تکنیکال-sma,15,0.600,0.000,,0.5789473684210527
وحافظ,تکنیکال-donch,21,0.571,0.000,,0.56
وحافظ,تکنیکال-flow_bp,75,0.560,0.000,,0.5569620253164557
وحافظ,تکنیکال-stoch,52,0.558,0.000,,0.5535714285714286
وحافظ,تکنیکال-rsi,18,0.500,0.000,,0.5
وحافظ,تکنیکال-volbrk,28,0.464,0.000,,0.46875
وحافظ,تکنیکال-psar,67,0.448,0.000,,0.4507042253521127
وحافظ,تکنیکال-macd,65,0.431,0.000,,0.43478260869565216
وحافظ,تکنیکال-adx,38,0.421,0.000,,0.42857142857142855
وحافظ,تکنیکال-trendflow,30,0.400,0.000,,0.4117647058823529
وحافظ,تکنیکال-obv,48,0.375,0.000,,0.38461538461538464
وحافظ,تکنیکال-ichi,20,0.350,0.000,,0.375
وحافظ,تکنیکال-fibo,8,0.250,0.000,,0.3333333333333333
وحکمت,تکنیکال-stoch,58,0.603,0.000,,0.5967741935483871
وحکمت,تکنیکال-flow_bp,92,0.565,0.000,,0.5625
وحکمت,تکنیکال-flow_net,89,0.506,0.000,,0.5053763440860215
وحکمت,تکنیکال-boll,30,0.500,0.000,,0.5
وحکمت,تکنیکال-rsi,20,0.500,0.000,,0.5
وحکمت,تکنیکال-adx,46,0.478,0.000,,0.48
وحکمت,تکنیکال-donch,34,0.471,0.000,,0.47368421052631576
وحکمت,تکنیکال-macd,66,0.470,0.000,,0.4714285714285714
وحکمت,تکنیکال-fibo,20,0.450,0.000,,0.4583333333333333
وحکمت,تکنیکال-volbrk,31,0.452,0.000,,0.45714285714285713
وحکمت,تکنیکال-psar,103,0.417,0.000,,0.4205607476635514
وحکمت,تکنیکال-super,32,0.406,0.000,,0.4166666666666667
وحکمت,تکنیکال-trendflow,61,0.410,0.000,,0.4153846153846154
وحکمت,تکنیکال-ichi,25,0.400,0.000,,0.41379310344827586
وحکمت,تکنیکال-sma,18,0.389,0.000,,0.4090909090909091
وحکمت,تکنیکال-obv,12,0.250,0.000,,0.3125
وخارزم,تکنیکال-donch,32,0.656,0.000,,0.6388888888888888
وخارزم,تکنیکال-super,23,0.609,0.000,,0.5925925925925926
وخارزم,تکنیکال-volbrk,42,0.595,0.000,,0.5869565217391305
وخارزم,تکنیکال-ichi,26,0.577,0.000,,0.5666666666666667
وخارزم,تکنیکال-sma,21,0.571,0.000,,0.56
وخارزم,تکنیکال-fibo,9,0.556,0.000,,0.5384615384615384
وخارزم,تکنیکال-flow_bp,53,0.528,0.000,,0.5263157894736842
وخارزم,تکنیکال-rsi,16,0.500,0.000,,0.5
وخارزم,تکنیکال-adx,45,0.489,0.000,,0.4897959183673469
وخارزم,تکنیکال-boll,33,0.485,0.000,,0.4864864864864865
وخارزم,تکنیکال-stoch,62,0.435,0.000,,0.4393939393939394
وخارزم,تکنیکال-macd,77,0.416,0.000,,0.41975308641975306
وخارزم,تکنیکال-flow_net,71,0.408,0.000,,0.41333333333333333
وخارزم,تکنیکال-trendflow,44,0.386,0.000,,0.3958333333333333
وخارزم,تکنیکال-psar,91,0.385,0.000,,0.3894736842105263
وخارزم,تکنیکال-obv,69,0.377,0.000,,0.3835616438356164
وخاور,تکنیکال-ichi,30,0.667,0.000,,0.6470588235294118
وخاور,تکنیکال-super,18,0.667,0.000,,0.6363636363636364
وخاور,تکنیکال-stoch,25,0.640,0.000,,0.6206896551724138
وخاور,تکنیکال-sma,17,0.647,0.000,,0.6190476190476191
وخاور,تکنیکال-fibo,6,0.667,0.000,,0.6
وخاور,تکنیکال-flow_net,98,0.561,0.000,,0.5588235294117647
وخاور,تکنیکال-flow_bp,88,0.534,0.000,,0.532608695652174
وخاور,تکنیکال-trendflow,57,0.526,0.000,,0.5245901639344263
وخاور,تکنیکال-donch,22,0.500,0.000,,0.5
وخاور,تکنیکال-boll,25,0.480,0.000,,0.4827586206896552
وخاور,تکنیکال-volbrk,40,0.475,0.000,,0.4772727272727273
وخاور,تکنیکال-rsi,24,0.458,0.000,,0.4642857142857143
وخاور,تکنیکال-macd,66,0.455,0.000,,0.45714285714285713
وخاور,تکنیکال-obv,57,0.421,0.000,,0.4262295081967213
وخاور,تکنیکال-psar,110,0.382,0.000,,0.38596491228070173
وخاور,تکنیکال-adx,51,0.373,0.000,,0.38181818181818183
ودانا,تکنیکال-donch,7,0.714,0.000,,0.6363636363636364
ودانا,تکنیکال-fibo,4,0.750,0.000,,0.625
ودانا,تکنیکال-stoch,26,0.577,0.000,,0.5666666666666667
ودانا,تکنیکال-flow_net,18,0.556,0.000,,0.5454545454545454
ودانا,تکنیکال-sma,7,0.571,0.000,,0.5454545454545454
ودانا,تکنیکال-ichi,9,0.556,0.000,,0.5384615384615384
ودانا,تکنیکال-volbrk,9,0.556,0.000,,0.5384615384615384
ودانا,تکنیکال-trendflow,11,0.545,0.000,,0.5333333333333333
ودانا,تکنیکال-boll,13,0.538,0.000,,0.5294117647058824
ودانا,تکنیکال-rsi,14,0.429,0.000,,0.4444444444444444
ودانا,تکنیکال-macd,26,0.423,0.000,,0.43333333333333335
ودانا,تکنیکال-adx,17,0.412,0.000,,0.42857142857142855
ودانا,تکنیکال-flow_bp,29,0.414,0.000,,0.42424242424242425
ودانا,تکنیکال-obv,15,0.400,0.000,,0.42105263157894735
ودانا,تکنیکال-psar,30,0.400,0.000,,0.4117647058823529
ودانا,تکنیکال-super,11,0.364,0.000,,0.4
ودی,تکنیکال-rsi,24,0.583,0.000,,0.5714285714285714
ودی,تکنیکال-trendflow,53,0.566,0.000,,0.5614035087719298
ودی,تکنیکال-flow_net,90,0.556,0.000,,0.5531914893617021
ودی,تکنیکال-volbrk,37,0.486,0.000,,0.4878048780487805
ودی,تکنیکال-stoch,58,0.466,0.000,,0.46774193548387094
ودی,تکنیکال-ichi,37,0.459,0.000,,0.4634146341463415
ودی,تکنیکال-flow_bp,63,0.460,0.000,,0.4626865671641791
ودی,تکنیکال-boll,38,0.447,0.000,,0.4523809523809524
ودی,تکنیکال-donch,34,0.441,0.000,,0.4473684210526316
ودی,تکنیکال-macd,70,0.414,0.000,,0.4189189189189189
ودی,تکنیکال-sma,25,0.400,0.000,,0.41379310344827586
ودی,تکنیکال-adx,64,0.391,0.000,,0.39705882352941174
ودی,تکنیکال-super,33,0.364,0.000,,0.3783783783783784
ودی,تکنیکال-obv,55,0.364,0.000,,0.3728813559322034
ودی,تکنیکال-psar,106,0.349,0.000,,0.35454545454545455
ودی,تکنیکال-fibo,11,0.273,0.000,,0.3333333333333333
ورازی,تکنیکال-volbrk,28,0.643,0.000,,0.625
ورازی,تکنیکال-donch,33,0.576,0.000,,0.5675675675675675
ورازی,تکنیکال-boll,37,0.568,0.000,,0.5609756097560976
ورازی,تکنیکال-stoch,62,0.565,0.000,,0.5606060606060606
ورازی,تکنیکال-trendflow,35,0.543,0.000,,0.5384615384615384
ورازی,تکنیکال-fibo,8,0.500,0.000,,0.5
ورازی,تکنیکال-flow_bp,42,0.476,0.000,,0.4782608695652174
ورازی,تکنیکال-psar,95,0.463,0.000,,0.46464646464646464
ورازی,تکنیکال-flow_net,68,0.456,0.000,,0.4583333333333333
ورازی,تکنیکال-macd,58,0.448,0.000,,0.45161290322580644
ورازی,تکنیکال-super,36,0.444,0.000,,0.45
ورازی,تکنیکال-adx,51,0.431,0.000,,0.43636363636363634
ورازی,تکنیکال-sma,24,0.417,0.000,,0.42857142857142855
ورازی,تکنیکال-rsi,29,0.379,0.000,,0.3939393939393939
ورازی,تکنیکال-obv,68,0.368,0.000,,0.375
ورازی,تکنیکال-ichi,25,0.320,0.000,,0.3448275862068966
ورنا,تکنیکال-flow_bp,66,0.621,0.000,,0.6142857142857143
ورنا,تکنیکال-macd,63,0.556,0.000,,0.5522388059701493
ورنا,تکنیکال-stoch,84,0.536,0.000,,0.5340909090909091
ورنا,تکنیکال-rsi,26,0.538,0.000,,0.5333333333333333
ورنا,تکنیکال-boll,40,0.500,0.000,,0.5
ورنا,تکنیکال-volbrk,48,0.500,0.000,,0.5
ورنا,تکنیکال-flow_net,74,0.486,0.000,,0.48717948717948717
ورنا,تکنیکال-donch,39,0.462,0.000,,0.46511627906976744
ورنا,تکنیکال-trendflow,41,0.439,0.000,,0.4444444444444444
ورنا,تکنیکال-psar,106,0.434,0.000,,0.43636363636363634
ورنا,تکنیکال-super,40,0.425,0.000,,0.4318181818181818
ورنا,تکنیکال-fibo,23,0.391,0.000,,0.4074074074074074
ورنا,تکنیکال-adx,65,0.369,0.000,,0.37681159420289856
ورنا,تکنیکال-ichi,36,0.361,0.000,,0.375
ورنا,تکنیکال-obv,66,0.364,0.000,,0.37142857142857144
ورنا,تکنیکال-sma,29,0.276,0.000,,0.30303030303030304
وساخت,تکنیکال-fibo,10,0.700,0.000,,0.6428571428571429
وساخت,تکنیکال-flow_bp,56,0.607,0.000,,0.6
وساخت,تکنیکال-donch,30,0.600,0.000,,0.5882352941176471
وساخت,تکنیکال-super,37,0.514,0.000,,0.5121951219512195
وساخت,تکنیکال-ichi,28,0.500,0.000,,0.5
وساخت,تکنیکال-flow_net,66,0.485,0.000,,0.4857142857142857
وساخت,تکنیکال-boll,44,0.477,0.000,,0.4791666666666667
وساخت,تکنیکال-volbrk,42,0.476,0.000,,0.4782608695652174
وساخت,تکنیکال-rsi,36,0.472,0.000,,0.475
وساخت,تکنیکال-stoch,78,0.449,0.000,,0.45121951219512196
وساخت,تکنیکال-adx,58,0.431,0.000,,0.43548387096774194
وساخت,تکنیکال-macd,71,0.423,0.000,,0.4266666666666667
وساخت,تکنیکال-trendflow,39,0.410,0.000,,0.4186046511627907
وساخت,تکنیکال-psar,108,0.352,0.000,,0.35714285714285715
وساخت,تکنیکال-sma,24,0.333,0.000,,0.35714285714285715
وساخت,تکنیکال-obv,17,0.294,0.000,,0.3333333333333333
وسالت,تکنیکال-donch,21,0.667,0.000,,0.64
وسالت,تکنیکال-trendflow,12,0.667,0.000,,0.625
وسالت,تکنیکال-volbrk,23,0.609,0.000,,0.5925925925925926
وسالت,تکنیکال-flow_net,34,0.588,0.000,,0.5789473684210527
وسالت,تکنیکال-psar,55,0.564,0.000,,0.559322033898305
وسالت,تکنیکال-macd,41,0.561,0.000,,0.5555555555555556
وسالت,تکنیکال-boll,21,0.524,0.000,,0.52
وسالت,تکنیکال-rsi,27,0.519,0.000,,0.5161290322580645
وسالت,تکنیکال-fibo,14,0.500,0.000,,0.5
وسالت,تکنیکال-super,22,0.500,0.000,,0.5
وسالت,تکنیکال-adx,44,0.477,0.000,,0.4791666666666667
وسالت,تکنیکال-ichi,15,0.467,0.000,,0.47368421052631576
وسالت,تکنیکال-flow_bp,71,0.451,0.000,,0.4533333333333333
وسالت,تکنیکال-stoch,40,0.425,0.000,,0.4318181818181818
وسالت,تکنیکال-obv,41,0.390,0.000,,0.4
وسالت,تکنیکال-sma,19,0.316,0.000,,0.34782608695652173
وساپا,تکنیکال-boll,48,0.562,0.000,,0.5576923076923077
وساپا,تکنیکال-stoch,77,0.558,0.000,,0.5555555555555556
وساپا,تکنیکال-rsi,32,0.531,0.000,,0.5277777777777778
وساپا,تکنیکال-macd,69,0.507,0.000,,0.5068493150684932
وساپا,تکنیکال-flow_net,75,0.480,0.000,,0.4810126582278481
وساپا,تکنیکال-trendflow,48,0.479,0.000,,0.4807692307692308
وساپا,تکنیکال-volbrk,40,0.475,0.000,,0.4772727272727273
وساپا,تکنیکال-psar,104,0.462,0.000,,0.46296296296296297
وساپا,تکنیکال-flow_bp,76,0.461,0.000,,0.4625
وساپا,تکنیکال-ichi,35,0.457,0.000,,0.46153846153846156
وساپا,تکنیکال-donch,38,0.447,0.000,,0.4523809523809524
وساپا,تکنیکال-adx,59,0.441,0.000,,0.4444444444444444
وساپا,تکنیکال-fibo,24,0.375,0.000,,0.39285714285714285
وساپا,تکنیکال-super,34,0.353,0.000,,0.3684210526315789
وساپا,تکنیکال-sma,29,0.310,0.000,,0.3333333333333333
وساپا,تکنیکال-obv,65,0.292,0.000,,0.30434782608695654
وسبحان,تکنیکال-stoch,55,0.655,0.000,,0.6440677966101694
وسبحان,تکنیکال-boll,27,0.556,0.000,,0.5483870967741935
وسبحان,تکنیکال-rsi,20,0.550,0.000,,0.5416666666666666
وسبحان,تکنیکال-flow_bp,94,0.543,0.000,,0.5408163265306123
وسبحان,تکنیکال-super,24,0.542,0.000,,0.5357142857142857
وسبحان,تکنیکال-fibo,12,0.500,0.000,,0.5
وسبحان,تکنیکال-flow_net,96,0.500,0.000,,0.5
وسبحان,تکنیکال-sma,22,0.455,0.000,,0.46153846153846156
وسبحان,تکنیکال-donch,34,0.441,0.000,,0.4473684210526316
وسبحان,تکنیکال-adx,60,0.433,0.000,,0.4375
وسبحان,تکنیکال-obv,54,0.426,0.000,,0.43103448275862066
وسبحان,تکنیکال-volbrk,43,0.419,0.000,,0.425531914893617
وسبحان,تکنیکال-macd,78,0.410,0.000,,0.4146341463414634
وسبحان,تکنیکال-psar,99,0.374,0.000,,0.3786407766990291
وسبحان,تکنیکال-ichi,33,0.364,0.000,,0.3783783783783784
وسبحان,تکنیکال-trendflow,57,0.351,0.000,,0.36065573770491804
وسدید,تکنیکال-boll,24,0.667,0.000,,0.6428571428571429
وسدید,تکنیکال-fibo,12,0.667,0.000,,0.625
وسدید,تکنیکال-donch,26,0.577,0.000,,0.5666666666666667
وسدید,تکنیکال-flow_bp,28,0.571,0.000,,0.5625
وسدید,تکنیکال-macd,41,0.561,0.000,,0.5555555555555556
وسدید,تکنیکال-trendflow,26,0.538,0.000,,0.5333333333333333
وسدید,تکنیکال-stoch,58,0.534,0.000,,0.532258064516129
وسدید,تکنیکال-super,32,0.531,0.000,,0.5277777777777778
وسدید,تکنیکال-obv,38,0.526,0.000,,0.5238095238095238
وسدید,تکنیکال-psar,60,0.500,0.000,,0.5
وسدید,تکنیکال-volbrk,26,0.500,0.000,,0.5
وسدید,تکنیکال-rsi,22,0.455,0.000,,0.46153846153846156
وسدید,تکنیکال-flow_net,51,0.451,0.000,,0.45454545454545453
وسدید,تکنیکال-ichi,24,0.417,0.000,,0.42857142857142855
وسدید,تکنیکال-sma,22,0.364,0.000,,0.38461538461538464
وسدید,تکنیکال-adx,37,0.324,0.000,,0.34146341463414637
وسرمد,تکنیکال-stoch,37,0.703,0.000,,0.6829268292682927
وسرمد,تکنیکال-boll,26,0.615,0.000,,0.6
وسرمد,تکنیکال-ichi,22,0.591,0.000,,0.5769230769230769
وسرمد,تکنیکال-super,21,0.571,0.000,,0.56
وسرمد,تکنیکال-trendflow,47,0.532,0.000,,0.5294117647058824
وسرمد,تکنیکال-donch,23,0.522,0.000,,0.5185185185185185
وسرمد,تکنیکال-fibo,6,0.500,0.000,,0.5
وسرمد,تکنیکال-flow_bp,96,0.500,0.000,,0.5
وسرمد,تکنیکال-flow_net,94,0.500,0.000,,0.5
وسرمد,تکنیکال-macd,53,0.491,0.000,,0.49122807017543857
وسرمد,تکنیکال-volbrk,25,0.480,0.000,,0.4827586206896552
وسرمد,تکنیکال-sma,19,0.474,0.000,,0.4782608695652174
وسرمد,تکنیکال-adx,45,0.467,0.000,,0.46938775510204084
وسرمد,تکنیکال-obv,43,0.442,0.000,,0.44680851063829785
وسرمد,تکنیکال-psar,86,0.442,0.000,,0.4444444444444444
وسرمد,تکنیکال-rsi,27,0.407,0.000,,0.41935483870967744
وسنا,تکنیکال-sma,15,0.667,0.000,,0.631578947368421
وسنا,تکنیکال-trendflow,44,0.591,0.000,,0.5833333333333334
وسنا,تکنیکال-stoch,53,0.566,0.000,,0.5614035087719298
وسنا,تکنیکال-adx,34,0.559,0.000,,0.5526315789473685
وسنا,تکنیکال-boll,26,0.538,0.000,,0.5333333333333333
وسنا,تکنیکال-flow_bp,99,0.505,0.000,,0.5048543689320388
وسنا,تکنیکال-donch,32,0.500,0.000,,0.5
وسنا,تکنیکال-rsi,24,0.500,0.000,,0.5
وسنا,تکنیکال-super,34,0.500,0.000,,0.5
وسنا,تکنیکال-obv,35,0.486,0.000,,0.48717948717948717
وسنا,تکنیکال-volbrk,32,0.469,0.000,,0.4722222222222222
وسنا,تکنیکال-flow_net,97,0.464,0.000,,0.46534653465346537
وسنا,تکنیکال-ichi,24,0.458,0.000,,0.4642857142857143
وسنا,تکنیکال-psar,65,0.462,0.000,,0.463768115942029
وسنا,تکنیکال-macd,50,0.460,0.000,,0.46296296296296297
وسنا,تکنیکال-fibo,20,0.450,0.000,,0.4583333333333333
وسپه,تکنیکال-rsi,23,0.609,0.000,,0.5925925925925926
وسپه,تکنیکال-super,21,0.571,0.000,,0.56
وسپه,تکنیکال-boll,32,0.562,0.000,,0.5555555555555556
وسپه,تکنیکال-sma,22,0.545,0.000,,0.5384615384615384
وسپه,تکنیکال-trendflow,37,0.541,0.000,,0.5365853658536586
وسپه,تکنیکال-stoch,41,0.537,0.000,,0.5333333333333333
وسپه,تکنیکال-flow_net,121,0.521,0.000,,0.52
وسپه,تکنیکال-ichi,29,0.483,0.000,,0.48484848484848486
وسپه,تکنیکال-psar,95,0.484,0.000,,0.48484848484848486
وسپه,تکنیکال-flow_bp,69,0.478,0.000,,0.4794520547945205
وسپه,تکنیکال-donch,30,0.467,0.000,,0.47058823529411764
وسپه,تکنیکال-macd,75,0.440,0.000,,0.4430379746835443
وسپه,تکنیکال-adx,44,0.432,0.000,,0.4375
وسپه,تکنیکال-volbrk,41,0.415,0.000,,0.4222222222222222
وسپه,تکنیکال-fibo,7,0.286,0.000,,0.36363636363636365
وسپه,تکنیکال-obv,10,0.200,0.000,,0.2857142857142857
وسپهر,تکنیکال-fibo,9,0.667,0.000,,0.6153846153846154
وسپهر,تکنیکال-donch,22,0.591,0.000,,0.5769230769230769
وسپهر,تکنیکال-macd,42,0.571,0.000,,0.5652173913043478
وسپهر,تکنیکال-super,22,0.545,0.000,,0.5384615384615384
وسپهر,تکنیکال-adx,26,0.538,0.000,,0.5333333333333333
وسپهر,تکنیکال-rsi,17,0.529,0.000,,0.5238095238095238
وسپهر,تکنیکال-obv,42,0.524,0.000,,0.5217391304347826
وسپهر,تکنیکال-trendflow,76,0.513,0.000,,0.5125
وسپهر,تکنیکال-boll,22,0.500,0.000,,0.5
وسپهر,تکنیکال-volbrk,33,0.485,0.000,,0.4864864864864865
وسپهر,تکنیکال-psar,79,0.468,0.000,,0.46987951807228917
وسپهر,تکنیکال-flow_bp,165,0.436,0.000,,0.4378698224852071
وسپهر,تکنیکال-ichi,27,0.407,0.000,,0.41935483870967744
وسپهر,تکنیکال-stoch,44,0.409,0.000,,0.4166666666666667
وسپهر,تکنیکال-sma,24,0.375,0.000,,0.39285714285714285
وسپهر,تکنیکال-flow_net,83,0.349,0.000,,0.3563218390804598
وسکاب,تکنیکال-boll,24,0.625,0.000,,0.6071428571428571
وسکاب,تکنیکال-ichi,28,0.571,0.000,,0.5625
وسکاب,تکنیکال-super,21,0.571,0.000,,0.56
وسکاب,تکنیکال-rsi,17,0.529,0.000,,0.5238095238095238
وسکاب,تکنیکال-volbrk,37,0.514,0.000,,0.5121951219512195
وسکاب,تکنیکال-donch,29,0.483,0.000,,0.48484848484848486
وسکاب,تکنیکال-flow_bp,95,0.453,0.000,,0.45454545454545453
وسکاب,تکنیکال-macd,71,0.451,0.000,,0.4533333333333333
وسکاب,تکنیکال-trendflow,80,0.450,0.000,,0.4523809523809524
وسکاب,تکنیکال-sma,23,0.435,0.000,,0.4444444444444444
وسکاب,تکنیکال-stoch,37,0.405,0.000,,0.4146341463414634
وسکاب,تکنیکال-psar,101,0.406,0.000,,0.4095238095238095
وسکاب,تکنیکال-adx,62,0.403,0.000,,0.4090909090909091
وسکاب,تکنیکال-flow_net,90,0.400,0.000,,0.40425531914893614
وسکاب,تکنیکال-fibo,7,0.286,0.000,,0.36363636363636365
وسکاب,تکنیکال-obv,15,0.133,0.000,,0.21052631578947367
وسین,تکنیکال-flow_net,63,0.698,0.000,,0.6865671641791045
وسین,تکنیکال-boll,33,0.667,0.000,,0.6486486486486487
وسین,تکنیکال-stoch,55,0.636,0.000,,0.6271186440677966
وسین,تکنیکال-flow_bp,57,0.614,0.000,,0.6065573770491803
وسین,تکنیکال-volbrk,29,0.586,0.000,,0.5757575757575758
وسین,تکنیکال-ichi,19,0.579,0.000,,0.5652173913043478
وسین,تکنیکال-obv,43,0.558,0.000,,0.5531914893617021
وسین,تکنیکال-sma,22,0.545,0.000,,0.5384615384615384
وسین,تکنیکال-adx,46,0.522,0.000,,0.52
وسین,تکنیکال-macd,56,0.518,0.000,,0.5166666666666667
وسین,تکنیکال-donch,31,0.516,0.000,,0.5142857142857142
وسین,تکنیکال-rsi,30,0.500,0.000,,0.5
وسین,تکنیکال-psar,77,0.494,0.000,,0.49382716049382713
وسین,تکنیکال-super,33,0.485,0.000,,0.4864864864864865
وسین,تکنیکال-trendflow,40,0.425,0.000,,0.4318181818181818
وسین,تکنیکال-fibo,6,0.167,0.000,,0.3
وسینا,تکنیکال-macd,56,0.607,0.000,,0.6
وسینا,تکنیکال-stoch,56,0.607,0.000,,0.6
وسینا,تکنیکال-flow_bp,93,0.570,0.000,,0.5670103092783505
وسینا,تکنیکال-sma,21,0.524,0.000,,0.52
وسینا,تکنیکال-rsi,23,0.522,0.000,,0.5185185185185185
وسینا,تکنیکال-adx,60,0.517,0.000,,0.515625
وسینا,تکنیکال-boll,31,0.516,0.000,,0.5142857142857142
وسینا,تکنیکال-fibo,14,0.500,0.000,,0.5
وسینا,تکنیکال-ichi,26,0.500,0.000,,0.5
وسینا,تکنیکال-super,32,0.500,0.000,,0.5
وسینا,تکنیکال-donch,39,0.487,0.000,,0.4883720930232558
وسینا,تکنیکال-flow_net,105,0.476,0.000,,0.47706422018348627
وسینا,تکنیکال-trendflow,59,0.475,0.000,,0.47619047619047616
وسینا,تکنیکال-psar,94,0.457,0.000,,0.45918367346938777
وسینا,تکنیکال-volbrk,41,0.415,0.000,,0.4222222222222222
وسینا,تکنیکال-obv,56,0.357,0.000,,0.36666666666666664
وشمال,تکنیکال-macd,41,0.683,0.000,,0.6666666666666666
وشمال,تکنیکال-super,13,0.692,0.000,,0.6470588235294118
وشمال,تکنیکال-ichi,10,0.700,0.000,,0.6428571428571429
وشمال,تکنیکال-volbrk,18,0.667,0.000,,0.6363636363636364
وشمال,تکنیکال-donch,17,0.647,0.000,,0.6190476190476191
وشمال,تکنیکال-trendflow,17,0.647,0.000,,0.6190476190476191
وشمال,تکنیکال-obv,24,0.583,0.000,,0.5714285714285714
وشمال,تکنیکال-sma,12,0.583,0.000,,0.5625
وشمال,تکنیکال-flow_net,30,0.567,0.000,,0.5588235294117647
وشمال,تکنیکال-flow_bp,68,0.559,0.000,,0.5555555555555556
وشمال,تکنیکال-psar,57,0.509,0.000,,0.5081967213114754
وشمال,تکنیکال-boll,24,0.500,0.000,,0.5
وشمال,تکنیکال-rsi,26,0.500,0.000,,0.5
وشمال,تکنیکال-stoch,46,0.478,0.000,,0.48
وشمال,تکنیکال-adx,19,0.474,0.000,,0.4782608695652174
وشمال,تکنیکال-fibo,3,0.333,0.000,,0.42857142857142855
وشهر,تکنیکال-rsi,13,0.692,0.000,,0.6470588235294118
وشهر,تکنیکال-boll,14,0.643,0.000,,0.6111111111111112
وشهر,تکنیکال-adx,35,0.543,0.000,,0.5384615384615384
وشهر,تکنیکال-stoch,38,0.526,0.000,,0.5238095238095238
وشهر,تکنیکال-super,25,0.480,0.000,,0.4827586206896552
وشهر,تکنیکال-flow_bp,76,0.447,0.000,,0.45
وشهر,تکنیکال-sma,19,0.421,0.000,,0.43478260869565216
وشهر,تکنیکال-donch,33,0.424,0.000,,0.43243243243243246
وشهر,تکنیکال-volbrk,33,0.424,0.000,,0.43243243243243246
وشهر,تکنیکال-psar,76,0.408,0.000,,0.4125
وشهر,تکنیکال-trendflow,65,0.400,0.000,,0.4057971014492754
وشهر,تکنیکال-flow_net,75,0.387,0.000,,0.3924050632911392
وشهر,تکنیکال-ichi,28,0.357,0.000,,0.375
وشهر,تکنیکال-macd,63,0.365,0.000,,0.373134328358209
وشهر,تکنیکال-obv,47,0.340,0.000,,0.35294117647058826
وشهر,تکنیکال-fibo,8,0.250,0.000,,0.3333333333333333
وصنا,تکنیکال-rsi,20,0.650,0.000,,0.625
وصنا,تکنیکال-boll,32,0.594,0.000,,0.5833333333333334
وصنا,تکنیکال-psar,92,0.533,0.000,,0.53125
وصنا,تکنیکال-stoch,54,0.500,0.000,,0.5
وصنا,تکنیکال-flow_bp,82,0.488,0.000,,0.4883720930232558
وصنا,تکنیکال-volbrk,33,0.485,0.000,,0.4864864864864865
وصنا,تکنیکال-obv,56,0.464,0.000,,0.4666666666666667
وصنا,تکنیکال-macd,64,0.453,0.000,,0.45588235294117646
وصنا,تکنیکال-fibo,7,0.429,0.000,,0.45454545454545453
وصنا,تکنیکال-ichi,32,0.438,0.000,,0.4444444444444444
وصنا,تکنیکال-donch,33,0.424,0.000,,0.43243243243243246
وصنا,تکنیکال-flow_net,73,0.425,0.000,,0.42857142857142855
وصنا,تکنیکال-adx,46,0.413,0.000,,0.42
وصنا,تکنیکال-super,31,0.387,0.000,,0.4
وصنا,تکنیکال-sma,24,0.375,0.000,,0.39285714285714285
وصنا,تکنیکال-trendflow,36,0.361,0.000,,0.375
وصندوق,تکنیکال-volbrk,33,0.727,0.000,,0.7027027027027027
وصندوق,تکنیکال-fibo,10,0.600,0.000,,0.5714285714285714
وصندوق,تکنیکال-rsi,19,0.579,0.000,,0.5652173913043478
وصندوق,تکنیکال-sma,22,0.545,0.000,,0.5384615384615384
وصندوق,تکنیکال-adx,49,0.531,0.000,,0.5283018867924528
وصندوق,تکنیکال-macd,59,0.525,0.000,,0.5238095238095238
وصندوق,تکنیکال-super,19,0.526,0.000,,0.5217391304347826
وصندوق,تکنیکال-donch,27,0.519,0.000,,0.5161290322580645
وصندوق,تکنیکال-flow_bp,122,0.508,0.000,,0.5079365079365079
وصندوق,تکنیکال-obv,47,0.489,0.000,,0.49019607843137253
وصندوق,تکنیکال-stoch,40,0.475,0.000,,0.4772727272727273
وصندوق,تکنیکال-ichi,28,0.464,0.000,,0.46875
وصندوق,تکنیکال-flow_net,121,0.455,0.000,,0.456
وصندوق,تکنیکال-boll,25,0.440,0.000,,0.4482758620689655
وصندوق,تکنیکال-trendflow,70,0.443,0.000,,0.44594594594594594
وصندوق,تکنیکال-psar,107,0.439,0.000,,0.44144144144144143
وصنعت,تکنیکال-flow_net,46,0.587,0.000,,0.58
وصنعت,تکنیکال-donch,26,0.577,0.000,,0.5666666666666667
وصنعت,تکنیکال-ichi,27,0.556,0.000,,0.5483870967741935
وصنعت,تکنیکال-boll,33,0.545,0.000,,0.5405405405405406
وصنعت,تکنیکال-volbrk,41,0.512,0.000,,0.5111111111111111
وصنعت,تکنیکال-stoch,47,0.489,0.000,,0.49019607843137253
وصنعت,تکنیکال-adx,43,0.488,0.000,,0.48936170212765956
وصنعت,تکنیکال-super,25,0.440,0.000,,0.4482758620689655
وصنعت,تکنیکال-obv,55,0.436,0.000,,0.4406779661016949
وصنعت,تکنیکال-rsi,21,0.429,0.000,,0.44
وصنعت,تکنیکال-macd,67,0.418,0.000,,0.4225352112676056
وصنعت,تکنیکال-sma,27,0.407,0.000,,0.41935483870967744
وصنعت,تکنیکال-trendflow,71,0.408,0.000,,0.41333333333333333
وصنعت,تکنیکال-flow_bp,88,0.386,0.000,,0.391304347826087
وصنعت,تکنیکال-psar,91,0.385,0.000,,0.3894736842105263
وصنعت,تکنیکال-fibo,11,0.182,0.000,,0.26666666666666666
وطوبی,تکنیکال-boll,12,0.667,0.000,,0.625
وطوبی,تکنیکال-fibo,6,0.667,0.000,,0.6
وطوبی,تکنیکال-rsi,7,0.571,0.000,,0.5454545454545454
وطوبی,تکنیکال-adx,20,0.500,0.000,,0.5
وطوبی,تکنیکال-donch,18,0.500,0.000,,0.5
وطوبی,تکنیکال-flow_net,20,0.500,0.000,,0.5
وطوبی,تکنیکال-super,10,0.500,0.000,,0.5
وطوبی,تکنیکال-psar,41,0.488,0.000,,0.4888888888888889
وطوبی,تکنیکال-flow_bp,31,0.484,0.000,,0.4857142857142857
وطوبی,تکنیکال-ichi,20,0.450,0.000,,0.4583333333333333
وطوبی,تکنیکال-macd,29,0.448,0.000,,0.45454545454545453
وطوبی,تکنیکال-stoch,21,0.429,0.000,,0.44
وطوبی,تکنیکال-obv,26,0.423,0.000,,0.43333333333333335
وطوبی,تکنیکال-volbrk,17,0.412,0.000,,0.42857142857142855
وطوبی,تکنیکال-trendflow,22,0.364,0.000,,0.38461538461538464
وطوبی,تکنیکال-sma,9,0.222,0.000,,0.3076923076923077
وغدیر,تکنیکال-boll,31,0.548,0.000,,0.5428571428571428
وغدیر,تکنیکال-flow_bp,82,0.524,0.000,,0.5232558139534884
وغدیر,تکنیکال-rsi,18,0.500,0.000,,0.5
وغدیر,تکنیکال-flow_net,73,0.493,0.000,,0.4935064935064935
وغدیر,تکنیکال-stoch,50,0.420,0.000,,0.42592592592592593
وغدیر,تکنیکال-volbrk,41,0.415,0.000,,0.4222222222222222
وغدیر,تکنیکال-super,32,0.375,0.000,,0.3888888888888889
وغدیر,تکنیکال-macd,77,0.377,0.000,,0.38271604938271603
وغدیر,تکنیکال-obv,78,0.372,0.000,,0.3780487804878049
وغدیر,تکنیکال-fibo,12,0.333,0.000,,0.375
وغدیر,تکنیکال-trendflow,59,0.356,0.000,,0.36507936507936506
وغدیر,تکنیکال-donch,40,0.350,0.000,,0.36363636363636365
وغدیر,تکنیکال-sma,29,0.345,0.000,,0.36363636363636365
وغدیر,تکنیکال-ichi,45,0.333,0.000,,0.3469387755102041
وغدیر,تکنیکال-psar,105,0.333,0.000,,0.3394495412844037
وغدیر,تکنیکال-adx,58,0.310,0.000,,0.3225806451612903
وفتخار,تکنیکال-flow_net,29,0.655,0.000,,0.6363636363636364
وفتخار,تکنیکال-trendflow,30,0.600,0.000,,0.5882352941176471
وفتخار,تکنیکال-stoch,33,0.545,0.000,,0.5405405405405406
وفتخار,تکنیکال-macd,34,0.529,0.000,,0.5263157894736842
وفتخار,تکنیکال-donch,17,0.529,0.000,,0.5238095238095238
وفتخار,تکنیکال-psar,56,0.518,0.000,,0.5166666666666667
وفتخار,تکنیکال-adx,29,0.517,0.000,,0.5151515151515151
وفتخار,تکنیکال-fibo,6,0.500,0.000,,0.5
وفتخار,تکنیکال-obv,0,,0.000,,0.5
وفتخار,تکنیکال-sma,10,0.500,0.000,,0.5
وفتخار,تکنیکال-volbrk,20,0.500,0.000,,0.5
وفتخار,تکنیکال-flow_bp,49,0.490,0.000,,0.49056603773584906
وفتخار,تکنیکال-super,17,0.471,0.000,,0.47619047619047616
وفتخار,تکنیکال-boll,11,0.455,0.000,,0.4666666666666667
وفتخار,تکنیکال-rsi,22,0.409,0.000,,0.4230769230769231
وفتخار,تکنیکال-ichi,15,0.333,0.000,,0.3684210526315789
وفردا,تکنیکال-fibo,1,1.000,0.000,,0.6
وفردا,تکنیکال-macd,1,1.000,0.000,,0.6
وفردا,تکنیکال-sma,1,1.000,0.000,,0.6
وفردا,تکنیکال-super,1,1.000,0.000,,0.6
وفردا,تکنیکال-donch,3,0.667,0.000,,0.5714285714285714
وفردا,تکنیکال-flow_bp,3,0.667,0.000,,0.5714285714285714
وفردا,تکنیکال-volbrk,3,0.667,0.000,,0.5714285714285714
وفردا,تکنیکال-psar,5,0.600,0.000,,0.5555555555555556
وفردا,تکنیکال-boll,0,,0.000,,0.5
وفردا,تکنیکال-flow_net,4,0.500,0.000,,0.5
وفردا,تکنیکال-obv,0,,0.000,,0.5
وفردا,تکنیکال-rsi,2,0.500,0.000,,0.5
وفردا,تکنیکال-trendflow,0,,0.000,,0.5
وفردا,تکنیکال-adx,3,0.333,0.000,,0.42857142857142855
وفردا,تکنیکال-ichi,3,0.333,0.000,,0.42857142857142855
وفردا,تکنیکال-stoch,4,0.250,0.000,,0.375
ولانا,تکنیکال-flow_net,50,0.640,0.000,,0.6296296296296297
ولانا,تکنیکال-rsi,28,0.607,0.000,,0.59375
ولانا,تکنیکال-boll,35,0.600,0.000,,0.5897435897435898
ولانا,تکنیکال-trendflow,31,0.581,0.000,,0.5714285714285714
ولانا,تکنیکال-stoch,61,0.574,0.000,,0.5692307692307692
ولانا,تکنیکال-macd,51,0.569,0.000,,0.5636363636363636
ولانا,تکنیکال-fibo,11,0.545,0.000,,0.5333333333333333
ولانا,تکنیکال-ichi,26,0.538,0.000,,0.5333333333333333
ولانا,تکنیکال-volbrk,32,0.531,0.000,,0.5277777777777778
ولانا,تکنیکال-flow_bp,73,0.521,0.000,,0.5194805194805194
ولانا,تکنیکال-donch,29,0.517,0.000,,0.5151515151515151
ولانا,تکنیکال-psar,88,0.511,0.000,,0.5108695652173914
ولانا,تکنیکال-adx,50,0.480,0.000,,0.48148148148148145
ولانا,تکنیکال-obv,40,0.450,0.000,,0.45454545454545453
ولانا,تکنیکال-super,25,0.400,0.000,,0.41379310344827586
ولانا,تکنیکال-sma,21,0.238,0.000,,0.28
ولبهمن,تکنیکال-fibo,14,0.714,0.000,,0.6666666666666666
ولبهمن,تکنیکال-obv,7,0.714,0.000,,0.6363636363636364
ولبهمن,تکنیکال-ichi,27,0.630,0.000,,0.6129032258064516
ولبهمن,تکنیکال-donch,29,0.621,0.000,,0.6060606060606061
ولبهمن,تکنیکال-volbrk,35,0.600,0.000,,0.5897435897435898
ولبهمن,تکنیکال-stoch,56,0.589,0.000,,0.5833333333333334
ولبهمن,تکنیکال-sma,21,0.571,0.000,,0.56
ولبهمن,تکنیکال-super,24,0.542,0.000,,0.5357142857142857
ولبهمن,تکنیکال-flow_bp,79,0.519,0.000,,0.5180722891566265
ولبهمن,تکنیکال-rsi,25,0.520,0.000,,0.5172413793103449
ولبهمن,تکنیکال-boll,36,0.472,0.000,,0.475
ولبهمن,تکنیکال-macd,76,0.474,0.000,,0.475
ولبهمن,تکنیکال-flow_net,85,0.447,0.000,,0.449438202247191
ولبهمن,تکنیکال-adx,66,0.424,0.000,,0.42857142857142855
ولبهمن,تکنیکال-psar,106,0.406,0.000,,0.4090909090909091
ولبهمن,تکنیکال-trendflow,53,0.396,0.000,,0.40350877192982454
ولتجار,تکنیکال-flow_bp,47,0.723,0.000,,0.7058823529411765
ولتجار,تکنیکال-super,20,0.600,0.000,,0.5833333333333334
ولتجار,تکنیکال-volbrk,34,0.588,0.000,,0.5789473684210527
ولتجار,تکنیکال-stoch,52,0.519,0.000,,0.5178571428571429
ولتجار,تکنیکال-trendflow,35,0.486,0.000,,0.48717948717948717
ولتجار,تکنیکال-donch,33,0.485,0.000,,0.4864864864864865
ولتجار,تکنیکال-flow_net,33,0.485,0.000,,0.4864864864864865
ولتجار,تکنیکال-boll,27,0.481,0.000,,0.4838709677419355
ولتجار,تکنیکال-ichi,32,0.469,0.000,,0.4722222222222222
ولتجار,تکنیکال-psar,101,0.465,0.000,,0.4666666666666667
ولتجار,تکنیکال-rsi,24,0.458,0.000,,0.4642857142857143
ولتجار,تکنیکال-sma,24,0.458,0.000,,0.4642857142857143
ولتجار,تکنیکال-adx,50,0.440,0.000,,0.4444444444444444
ولتجار,تکنیکال-macd,67,0.418,0.000,,0.4225352112676056
ولتجار,تکنیکال-obv,54,0.389,0.000,,0.39655172413793105
ولتجار,تکنیکال-fibo,12,0.333,0.000,,0.375
ولراز,تکنیکال-flow_bp,50,0.560,0.000,,0.5555555555555556
ولراز,تکنیکال-volbrk,23,0.565,0.000,,0.5555555555555556
ولراز,تکنیکال-donch,25,0.560,0.000,,0.5517241379310345
ولراز,تکنیکال-super,18,0.556,0.000,,0.5454545454545454
ولراز,تکنیکال-psar,57,0.526,0.000,,0.5245901639344263
ولراز,تکنیکال-adx,30,0.500,0.000,,0.5
ولراز,تکنیکال-fibo,8,0.500,0.000,,0.5
ولراز,تکنیکال-obv,38,0.500,0.000,,0.5
ولراز,تکنیکال-stoch,49,0.490,0.000,,0.49056603773584906
ولراز,تکنیکال-flow_net,38,0.474,0.000,,0.47619047619047616
ولراز,تکنیکال-ichi,15,0.467,0.000,,0.47368421052631576
ولراز,تکنیکال-sma,13,0.462,0.000,,0.47058823529411764
ولراز,تکنیکال-rsi,25,0.440,0.000,,0.4482758620689655
ولراز,تکنیکال-boll,17,0.412,0.000,,0.42857142857142855
ولراز,تکنیکال-trendflow,33,0.394,0.000,,0.40540540540540543
ولراز,تکنیکال-macd,39,0.385,0.000,,0.3953488372093023
ولساپا,تکنیکال-super,29,0.586,0.000,,0.5757575757575758
ولساپا,تکنیکال-donch,33,0.576,0.000,,0.5675675675675675
ولساپا,تکنیکال-flow_net,54,0.537,0.000,,0.5344827586206896
ولساپا,تکنیکال-rsi,28,0.536,0.000,,0.53125
ولساپا,تکنیکال-boll,38,0.526,0.000,,0.5238095238095238
ولساپا,تکنیکال-volbrk,41,0.512,0.000,,0.5111111111111111
ولساپا,تکنیکال-sma,26,0.500,0.000,,0.5
ولساپا,تکنیکال-adx,51,0.490,0.000,,0.4909090909090909
ولساپا,تکنیکال-flow_bp,64,0.469,0.000,,0.47058823529411764
ولساپا,تکنیکال-stoch,71,0.465,0.000,,0.4666666666666667
ولساپا,تکنیکال-psar,99,0.434,0.000,,0.4368932038834951
ولساپا,تکنیکال-obv,67,0.433,0.000,,0.43661971830985913
ولساپا,تکنیکال-macd,71,0.423,0.000,,0.4266666666666667
ولساپا,تکنیکال-trendflow,37,0.405,0.000,,0.4146341463414634
ولساپا,تکنیکال-ichi,29,0.379,0.000,,0.3939393939393939
ولساپا,تکنیکال-fibo,15,0.333,0.000,,0.3684210526315789
ولشرق,تکنیکال-fibo,13,0.692,0.000,,0.6470588235294118
ولشرق,تکنیکال-stoch,64,0.562,0.000,,0.5588235294117647
ولشرق,تکنیکال-flow_bp,63,0.556,0.000,,0.5522388059701493
ولشرق,تکنیکال-donch,33,0.515,0.000,,0.5135135135135135
ولشرق,تکنیکال-super,35,0.514,0.000,,0.5128205128205128
ولشرق,تکنیکال-flow_net,78,0.487,0.000,,0.4878048780487805
ولشرق,تکنیکال-rsi,33,0.485,0.000,,0.4864864864864865
ولشرق,تکنیکال-boll,36,0.472,0.000,,0.475
ولشرق,تکنیکال-psar,96,0.469,0.000,,0.47
ولشرق,تکنیکال-ichi,35,0.457,0.000,,0.46153846153846156
ولشرق,تکنیکال-volbrk,42,0.452,0.000,,0.45652173913043476
ولشرق,تکنیکال-adx,55,0.418,0.000,,0.423728813559322
ولشرق,تکنیکال-sma,27,0.407,0.000,,0.41935483870967744
ولشرق,تکنیکال-macd,54,0.407,0.000,,0.41379310344827586
ولشرق,تکنیکال-trendflow,35,0.400,0.000,,0.41025641025641024
ولشرق,تکنیکال-obv,74,0.311,0.000,,0.32051282051282054
ولصنم,تکنیکال-super,24,0.625,0.000,,0.6071428571428571
ولصنم,تکنیکال-obv,5,0.600,0.000,,0.5555555555555556
ولصنم,تکنیکال-rsi,28,0.536,0.000,,0.53125
ولصنم,تکنیکال-stoch,64,0.516,0.000,,0.5147058823529411
ولصنم,تکنیکال-flow_net,80,0.512,0.000,,0.5119047619047619
ولصنم,تکنیکال-ichi,39,0.487,0.000,,0.4883720930232558
ولصنم,تکنیکال-macd,70,0.471,0.000,,0.47297297297297297
ولصنم,تکنیکال-adx,43,0.465,0.000,,0.46808510638297873
ولصنم,تکنیکال-psar,103,0.447,0.000,,0.4485981308411215
ولصنم,تکنیکال-boll,34,0.441,0.000,,0.4473684210526316
ولصنم,تکنیکال-flow_bp,70,0.443,0.000,,0.44594594594594594
ولصنم,تکنیکال-trendflow,44,0.432,0.000,,0.4375
ولصنم,تکنیکال-sma,22,0.409,0.000,,0.4230769230769231
ولصنم,تکنیکال-volbrk,48,0.417,0.000,,0.4230769230769231
ولصنم,تکنیکال-fibo,8,0.375,0.000,,0.4166666666666667
ولصنم,تکنیکال-donch,35,0.371,0.000,,0.38461538461538464
ولغدر,تکنیکال-flow_bp,69,0.594,0.000,,0.589041095890411
ولغدر,تکنیکال-fibo,8,0.625,0.000,,0.5833333333333334
ولغدر,تکنیکال-adx,51,0.549,0.000,,0.5454545454545454
ولغدر,تکنیکال-flow_net,29,0.552,0.000,,0.5454545454545454
ولغدر,تکنیکال-rsi,33,0.545,0.000,,0.5405405405405406
ولغدر,تکنیکال-volbrk,37,0.541,0.000,,0.5365853658536586
ولغدر,تکنیکال-stoch,71,0.521,0.000,,0.52
ولغدر,تکنیکال-ichi,25,0.520,0.000,,0.5172413793103449
ولغدر,تکنیکال-obv,59,0.492,0.000,,0.49206349206349204
ولغدر,تکنیکال-trendflow,30,0.467,0.000,,0.47058823529411764
ولغدر,تکنیکال-macd,65,0.446,0.000,,0.4492753623188406
ولغدر,تکنیکال-boll,45,0.444,0.000,,0.4489795918367347
ولغدر,تکنیکال-super,27,0.407,0.000,,0.41935483870967744
ولغدر,تکنیکال-psar,106,0.415,0.000,,0.41818181818181815
ولغدر,تکنیکال-donch,32,0.406,0.000,,0.4166666666666667
ولغدر,تکنیکال-sma,26,0.385,0.000,,0.4
ولقمان,تکنیکال-rsi,7,0.714,0.000,,0.6363636363636364
ولقمان,تکنیکال-volbrk,18,0.611,0.000,,0.5909090909090909
ولقمان,تکنیکال-fibo,3,0.667,0.000,,0.5714285714285714
ولقمان,تکنیکال-donch,12,0.583,0.000,,0.5625
ولقمان,تکنیکال-flow_net,36,0.556,0.000,,0.55
ولقمان,تکنیکال-super,7,0.571,0.000,,0.5454545454545454
ولقمان,تکنیکال-trendflow,34,0.529,0.000,,0.5263157894736842
ولقمان,تکنیکال-psar,45,0.511,0.000,,0.5102040816326531
ولقمان,تکنیکال-boll,12,0.500,0.000,,0.5
ولقمان,تکنیکال-ichi,16,0.500,0.000,,0.5
ولقمان,تکنیکال-obv,0,,0.000,,0.5
ولقمان,تکنیکال-sma,10,0.500,0.000,,0.5
ولقمان,تکنیکال-stoch,12,0.500,0.000,,0.5
ولقمان,تکنیکال-adx,29,0.483,0.000,,0.48484848484848486
ولقمان,تکنیکال-flow_bp,72,0.472,0.000,,0.47368421052631576
ولقمان,تکنیکال-macd,35,0.457,0.000,,0.46153846153846156
ولملت,تکنیکال-fibo,10,0.900,0.000,,0.7857142857142857
ولملت,تکنیکال-stoch,58,0.603,0.000,,0.5967741935483871
ولملت,تکنیکال-boll,30,0.533,0.000,,0.5294117647058824
ولملت,تکنیکال-rsi,27,0.519,0.000,,0.5161290322580645
ولملت,تکنیکال-super,29,0.483,0.000,,0.48484848484848486
ولملت,تکنیکال-sma,21,0.476,0.000,,0.48
ولملت,تکنیکال-flow_bp,81,0.469,0.000,,0.47058823529411764
ولملت,تکنیکال-flow_net,78,0.462,0.000,,0.4634146341463415
ولملت,تکنیکال-macd,57,0.456,0.000,,0.45901639344262296
ولملت,تکنیکال-donch,31,0.452,0.000,,0.45714285714285713
ولملت,تکنیکال-psar,98,0.449,0.000,,0.45098039215686275
ولملت,تکنیکال-ichi,35,0.429,0.000,,0.4358974358974359
ولملت,تکنیکال-volbrk,48,0.417,0.000,,0.4230769230769231
ولملت,تکنیکال-trendflow,58,0.414,0.000,,0.41935483870967744
ولملت,تکنیکال-obv,49,0.388,0.000,,0.39622641509433965
ولملت,تکنیکال-adx,61,0.344,0.000,,0.35384615384615387
ولنوین,تکنیکال-flow_net,8,0.750,0.000,,0.6666666666666666
ولنوین,تکنیکال-stoch,5,0.800,0.000,,0.6666666666666666
ولنوین,تکنیکال-boll,0,,0.000,,0.5
ولنوین,تکنیکال-fibo,0,,0.000,,0.5
ولنوین,تکنیکال-rsi,0,,0.000,,0.5
ولنوین,تکنیکال-volbrk,2,0.500,0.000,,0.5
ولنوین,تکنیکال-adx,3,0.333,0.000,,0.42857142857142855
ولنوین,تکنیکال-donch,3,0.333,0.000,,0.42857142857142855
ولنوین,تکنیکال-sma,3,0.333,0.000,,0.42857142857142855
ولنوین,تکنیکال-flow_bp,16,0.375,0.000,,0.4
ولنوین,تکنیکال-macd,6,0.333,0.000,,0.4
ولنوین,تکنیکال-trendflow,9,0.333,0.000,,0.38461538461538464
ولنوین,تکنیکال-ichi,4,0.250,0.000,,0.375
ولنوین,تکنیکال-psar,8,0.250,0.000,,0.3333333333333333
ولنوین,تکنیکال-super,5,0.200,0.000,,0.3333333333333333
ولنوین,تکنیکال-obv,6,0.167,0.000,,0.3
ولپارس,تکنیکال-rsi,22,0.727,0.000,,0.6923076923076923
ولپارس,تکنیکال-boll,32,0.531,0.000,,0.5277777777777778
ولپارس,تکنیکال-obv,52,0.519,0.000,,0.5178571428571429
ولپارس,تکنیکال-flow_bp,242,0.517,0.000,,0.516260162601626
ولپارس,تکنیکال-volbrk,41,0.512,0.000,,0.5111111111111111
ولپارس,تکنیکال-stoch,45,0.511,0.000,,0.5102040816326531
ولپارس,تکنیکال-macd,61,0.508,0.000,,0.5076923076923077
ولپارس,تکنیکال-psar,111,0.459,0.000,,0.4608695652173913
ولپارس,تکنیکال-adx,69,0.449,0.000,,0.4520547945205479
ولپارس,تکنیکال-trendflow,125,0.432,0.000,,0.43410852713178294
ولپارس,تکنیکال-donch,29,0.414,0.000,,0.42424242424242425
ولپارس,تکنیکال-ichi,34,0.412,0.000,,0.42105263157894735
ولپارس,تکنیکال-super,25,0.400,0.000,,0.41379310344827586
ولپارس,تکنیکال-sma,30,0.400,0.000,,0.4117647058823529
ولپارس,تکنیکال-flow_net,66,0.394,0.000,,0.4
ولپارس,تکنیکال-fibo,9,0.333,0.000,,0.38461538461538464
ولکار,تکنیکال-boll,27,0.778,0.000,,0.7419354838709677
ولکار,تکنیکال-donch,18,0.722,0.000,,0.6818181818181818
ولکار,تکنیکال-rsi,23,0.609,0.000,,0.5925925925925926
ولکار,تکنیکال-ichi,24,0.583,0.000,,0.5714285714285714
ولکار,تکنیکال-super,14,0.571,0.000,,0.5555555555555556
ولکار,تکنیکال-volbrk,38,0.553,0.000,,0.5476190476190477
ولکار,تکنیکال-fibo,2,0.500,0.000,,0.5
ولکار,تکنیکال-flow_bp,189,0.492,0.000,,0.49222797927461137
ولکار,تکنیکال-flow_net,83,0.482,0.000,,0.4827586206896552
ولکار,تکنیکال-sma,17,0.471,0.000,,0.47619047619047616
ولکار,تکنیکال-macd,53,0.472,0.000,,0.47368421052631576
ولکار,تکنیکال-adx,47,0.447,0.000,,0.45098039215686275
ولکار,تکنیکال-stoch,41,0.439,0.000,,0.4444444444444444
ولکار,تکنیکال-obv,42,0.429,0.000,,0.43478260869565216
ولکار,تکنیکال-trendflow,100,0.420,0.000,,0.4230769230769231
ولکار,تکنیکال-psar,91,0.374,0.000,,0.37894736842105264
ولیز,تکنیکال-sma,19,0.632,0.000,,0.6086956521739131
ولیز,تکنیکال-super,20,0.600,0.000,,0.5833333333333334
ولیز,تکنیکال-ichi,23,0.565,0.000,,0.5555555555555556
ولیز,تکنیکال-macd,48,0.542,0.000,,0.5384615384615384
ولیز,تکنیکال-flow_net,50,0.540,0.000,,0.5370370370370371
ولیز,تکنیکال-obv,39,0.538,0.000,,0.5348837209302325
ولیز,تکنیکال-flow_bp,97,0.526,0.000,,0.5247524752475248
ولیز,تکنیکال-boll,27,0.519,0.000,,0.5161290322580645
ولیز,تکنیکال-adx,40,0.500,0.000,,0.5
ولیز,تکنیکال-donch,22,0.500,0.000,,0.5
ولیز,تکنیکال-fibo,12,0.500,0.000,,0.5
ولیز,تکنیکال-volbrk,30,0.467,0.000,,0.47058823529411764
ولیز,تکنیکال-stoch,45,0.444,0.000,,0.4489795918367347
ولیز,تکنیکال-psar,81,0.432,0.000,,0.43529411764705883
ولیز,تکنیکال-trendflow,43,0.419,0.000,,0.425531914893617
ولیز,تکنیکال-rsi,23,0.348,0.000,,0.37037037037037035
ومدیر,تکنیکال-donch,21,0.714,0.000,,0.68
ومدیر,تکنیکال-volbrk,24,0.583,0.000,,0.5714285714285714
ومدیر,تکنیکال-flow_bp,175,0.560,0.000,,0.5586592178770949
ومدیر,تکنیکال-stoch,22,0.545,0.000,,0.5384615384615384
ومدیر,تکنیکال-flow_net,81,0.519,0.000,,0.5176470588235295
ومدیر,تکنیکال-obv,0,,0.000,,0.5
ومدیر,تکنیکال-super,16,0.500,0.000,,0.5
ومدیر,تکنیکال-adx,42,0.476,0.000,,0.4782608695652174
ومدیر,تکنیکال-ichi,19,0.474,0.000,,0.4782608695652174
ومدیر,تکنیکال-trendflow,80,0.475,0.000,,0.47619047619047616
ومدیر,تکنیکال-macd,47,0.468,0.000,,0.47058823529411764
ومدیر,تکنیکال-rsi,13,0.462,0.000,,0.47058823529411764
ومدیر,تکنیکال-sma,13,0.462,0.000,,0.47058823529411764
ومدیر,تکنیکال-boll,16,0.438,0.000,,0.45
ومدیر,تکنیکال-fibo,8,0.375,0.000,,0.4166666666666667
ومدیر,تکنیکال-psar,70,0.400,0.000,,0.40540540540540543
ومشان,تکنیکال-stoch,51,0.608,0.000,,0.6
ومشان,تکنیکال-fibo,12,0.583,0.000,,0.5625
ومشان,تکنیکال-flow_net,54,0.537,0.000,,0.5344827586206896
ومشان,تکنیکال-flow_bp,86,0.500,0.000,,0.5
ومشان,تکنیکال-sma,16,0.500,0.000,,0.5
ومشان,تکنیکال-psar,88,0.477,0.000,,0.4782608695652174
ومشان,تکنیکال-trendflow,65,0.462,0.000,,0.463768115942029
ومشان,تکنیکال-donch,33,0.424,0.000,,0.43243243243243246
ومشان,تکنیکال-volbrk,40,0.425,0.000,,0.4318181818181818
ومشان,تکنیکال-boll,22,0.409,0.000,,0.4230769230769231
ومشان,تکنیکال-rsi,18,0.389,0.000,,0.4090909090909091
ومشان,تکنیکال-super,28,0.393,0.000,,0.40625
ومشان,تکنیکال-macd,56,0.393,0.000,,0.4
ومشان,تکنیکال-adx,43,0.372,0.000,,0.3829787234042553
ومشان,تکنیکال-obv,63,0.317,0.000,,0.3283582089552239
ومشان,تکنیکال-ichi,36,0.306,0.000,,0.325
ومعادن,تکنیکال-rsi,35,0.543,0.000,,0.5384615384615384
ومعادن,تکنیکال-flow_net,98,0.531,0.000,,0.5294117647058824
ومعادن,تکنیکال-stoch,51,0.490,0.000,,0.4909090909090909
ومعادن,تکنیکال-psar,96,0.490,0.000,,0.49
ومعادن,تکنیکال-flow_bp,79,0.468,0.000,,0.46987951807228917
ومعادن,تکنیکال-fibo,11,0.455,0.000,,0.4666666666666667
ومعادن,تکنیکال-obv,54,0.463,0.000,,0.46551724137931033
ومعادن,تکنیکال-trendflow,35,0.457,0.000,,0.46153846153846156
ومعادن,تکنیکال-macd,72,0.458,0.000,,0.4605263157894737
ومعادن,تکنیکال-ichi,31,0.452,0.000,,0.45714285714285713
ومعادن,تکنیکال-super,29,0.448,0.000,,0.45454545454545453
ومعادن,تکنیکال-sma,25,0.440,0.000,,0.4482758620689655
ومعادن,تکنیکال-adx,62,0.435,0.000,,0.4393939393939394
ومعادن,تکنیکال-boll,37,0.432,0.000,,0.43902439024390244
ومعادن,تکنیکال-volbrk,40,0.425,0.000,,0.4318181818181818
ومعادن,تکنیکال-donch,35,0.371,0.000,,0.38461538461538464
ومعلم,تکنیکال-stoch,62,0.516,0.000,,0.5151515151515151
ومعلم,تکنیکال-flow_bp,78,0.513,0.000,,0.5121951219512195
ومعلم,تکنیکال-fibo,6,0.500,0.000,,0.5
ومعلم,تکنیکال-rsi,30,0.500,0.000,,0.5
ومعلم,تکنیکال-boll,46,0.478,0.000,,0.48
ومعلم,تکنیکال-macd,61,0.475,0.000,,0.47692307692307695
ومعلم,تکنیکال-sma,26,0.462,0.000,,0.4666666666666667
ومعلم,تکنیکال-flow_net,93,0.462,0.000,,0.4639175257731959
ومعلم,تکنیکال-volbrk,37,0.432,0.000,,0.43902439024390244
ومعلم,تکنیکال-obv,49,0.429,0.000,,0.4339622641509434
ومعلم,تکنیکال-trendflow,50,0.420,0.000,,0.42592592592592593
ومعلم,تکنیکال-adx,53,0.415,0.000,,0.42105263157894735
ومعلم,تکنیکال-donch,27,0.407,0.000,,0.41935483870967744
ومعلم,تکنیکال-psar,107,0.411,0.000,,0.4144144144144144
ومعلم,تکنیکال-ichi,31,0.355,0.000,,0.37142857142857144
ومعلم,تکنیکال-super,33,0.273,0.000,,0.2972972972972973
وملت,تکنیکال-obv,30,0.667,0.000,,0.6470588235294118
وملت,تکنیکال-stoch,36,0.639,0.000,,0.625
وملت,تکنیکال-donch,20,0.600,0.000,,0.5833333333333334
وملت,تکنیکال-flow_net,74,0.581,0.000,,0.5769230769230769
وملت,تکنیکال-macd,50,0.580,0.000,,0.5740740740740741
وملت,تکنیکال-boll,24,0.583,0.000,,0.5714285714285714
وملت,تکنیکال-volbrk,26,0.577,0.000,,0.5666666666666667
وملت,تکنیکال-rsi,21,0.571,0.000,,0.56
وملت,تکنیکال-ichi,14,0.571,0.000,,0.5555555555555556
وملت,تکنیکال-adx,36,0.556,0.000,,0.55
وملت,تکنیکال-super,20,0.550,0.000,,0.5416666666666666
وملت,تکنیکال-psar,62,0.532,0.000,,0.5303030303030303
وملت,تکنیکال-flow_bp,149,0.523,0.000,,0.5228758169934641
وملت,تکنیکال-trendflow,46,0.457,0.000,,0.46
وملت,تکنیکال-sma,19,0.421,0.000,,0.43478260869565216
وملت,تکنیکال-fibo,4,0.250,0.000,,0.375
وملل,تکنیکال-flow_bp,37,0.568,0.000,,0.5609756097560976
وملل,تکنیکال-rsi,27,0.556,0.000,,0.5483870967741935
وملل,تکنیکال-flow_net,37,0.541,0.000,,0.5365853658536586
وملل,تکنیکال-boll,24,0.542,0.000,,0.5357142857142857
وملل,تکنیکال-sma,13,0.538,0.000,,0.5294117647058824
وملل,تکنیکال-stoch,55,0.491,0.000,,0.4915254237288136
وملل,تکنیکال-macd,39,0.487,0.000,,0.4883720930232558
وملل,تکنیکال-donch,21,0.476,0.000,,0.48
وملل,تکنیکال-adx,38,0.447,0.000,,0.4523809523809524
وملل,تکنیکال-volbrk,25,0.440,0.000,,0.4482758620689655
وملل,تکنیکال-fibo,8,0.375,0.000,,0.4166666666666667
وملل,تکنیکال-trendflow,25,0.400,0.000,,0.41379310344827586
وملل,تکنیکال-super,21,0.381,0.000,,0.4
وملل,تکنیکال-psar,67,0.388,0.000,,0.39436619718309857
وملل,تکنیکال-ichi,19,0.368,0.000,,0.391304347826087
وملل,تکنیکال-obv,40,0.350,0.000,,0.36363636363636365
وملی,تکنیکال-super,35,0.600,0.000,,0.5897435897435898
وملی,تکنیکال-flow_net,42,0.595,0.000,,0.5869565217391305
وملی,تکنیکال-sma,20,0.600,0.000,,0.5833333333333334
وملی,تکنیکال-ichi,24,0.583,0.000,,0.5714285714285714
وملی,تکنیکال-volbrk,40,0.575,0.000,,0.5681818181818182
وملی,تکنیکال-donch,33,0.515,0.000,,0.5135135135135135
وملی,تکنیکال-fibo,14,0.500,0.000,,0.5
وملی,تکنیکال-flow_bp,52,0.500,0.000,,0.5
وملی,تکنیکال-obv,64,0.484,0.000,,0.4852941176470588
وملی,تکنیکال-adx,44,0.477,0.000,,0.4791666666666667
وملی,تکنیکال-macd,67,0.448,0.000,,0.4507042253521127
وملی,تکنیکال-trendflow,48,0.438,0.000,,0.4423076923076923
وملی,تکنیکال-rsi,29,0.414,0.000,,0.42424242424242425
وملی,تکنیکال-stoch,66,0.409,0.000,,0.4142857142857143
وملی,تکنیکال-psar,100,0.410,0.000,,0.41346153846153844
وملی,تکنیکال-boll,33,0.364,0.000,,0.3783783783783784
ومهان,تکنیکال-super,15,0.733,0.000,,0.6842105263157895
ومهان,تکنیکال-stoch,31,0.613,0.000,,0.6
ومهان,تکنیکال-boll,27,0.593,0.000,,0.5806451612903226
ومهان,تکنیکال-macd,65,0.508,0.000,,0.5072463768115942
ومهان,تکنیکال-ichi,33,0.485,0.000,,0.4864864864864865
ومهان,تکنیکال-donch,23,0.478,0.000,,0.48148148148148145
ومهان,تکنیکال-rsi,21,0.476,0.000,,0.48
ومهان,تکنیکال-volbrk,47,0.468,0.000,,0.47058823529411764
ومهان,تکنیکال-adx,54,0.463,0.000,,0.46551724137931033
ومهان,تکنیکال-flow_net,57,0.456,0.000,,0.45901639344262296
ومهان,تکنیکال-obv,53,0.453,0.000,,0.45614035087719296
ومهان,تکنیکال-sma,23,0.435,0.000,,0.4444444444444444
ومهان,تکنیکال-psar,103,0.437,0.000,,0.4392523364485981
ومهان,تکنیکال-flow_bp,58,0.431,0.000,,0.43548387096774194
ومهان,تکنیکال-trendflow,47,0.404,0.000,,0.4117647058823529
ومهان,تکنیکال-fibo,2,0.000,0.000,,0.3333333333333333
ومپنا,تکنیکال-flow_bp,16,0.625,0.000,,0.6
ومپنا,تکنیکال-sma,1,1.000,0.000,,0.6
ومپنا,تکنیکال-adx,3,0.667,0.000,,0.5714285714285714
ومپنا,تکنیکال-donch,3,0.667,0.000,,0.5714285714285714
ومپنا,تکنیکال-ichi,3,0.667,0.000,,0.5714285714285714
ومپنا,تکنیکال-boll,0,,0.000,,0.5
ومپنا,تکنیکال-fibo,0,,0.000,,0.5
ومپنا,تکنیکال-flow_net,6,0.500,0.000,,0.5
ومپنا,تکنیکال-macd,4,0.500,0.000,,0.5
ومپنا,تکنیکال-obv,2,0.500,0.000,,0.5
ومپنا,تکنیکال-rsi,0,,0.000,,0.5
ومپنا,تکنیکال-stoch,4,0.500,0.000,,0.5
ومپنا,تکنیکال-super,4,0.500,0.000,,0.5
ومپنا,تکنیکال-volbrk,4,0.500,0.000,,0.5
ومپنا,تکنیکال-trendflow,11,0.364,0.000,,0.4
ومپنا,تکنیکال-psar,8,0.250,0.000,,0.3333333333333333
ونفت,تکنیکال-volbrk,28,0.714,0.000,,0.6875
ونفت,تکنیکال-ichi,19,0.632,0.000,,0.6086956521739131
ونفت,تکنیکال-donch,26,0.538,0.000,,0.5333333333333333
ونفت,تکنیکال-super,26,0.538,0.000,,0.5333333333333333
ونفت,تکنیکال-adx,51,0.529,0.000,,0.5272727272727272
ونفت,تکنیکال-macd,51,0.529,0.000,,0.5272727272727272
ونفت,تکنیکال-trendflow,52,0.500,0.000,,0.5
ونفت,تکنیکال-sma,23,0.478,0.000,,0.48148148148148145
ونفت,تکنیکال-obv,55,0.455,0.000,,0.4576271186440678
ونفت,تکنیکال-flow_net,92,0.446,0.000,,0.4479166666666667
ونفت,تکنیکال-psar,92,0.446,0.000,,0.4479166666666667
ونفت,تکنیکال-rsi,31,0.419,0.000,,0.42857142857142855
ونفت,تکنیکال-flow_bp,90,0.400,0.000,,0.40425531914893614
ونفت,تکنیکال-stoch,48,0.396,0.000,,0.40384615384615385
ونفت,تکنیکال-fibo,4,0.250,0.000,,0.375
ونفت,تکنیکال-boll,35,0.343,0.000,,0.358974358974359
ونوین,تکنیکال-fibo,13,0.769,0.000,,0.7058823529411765
ونوین,تکنیکال-ichi,37,0.514,0.000,,0.5121951219512195
ونوین,تکنیکال-flow_bp,77,0.506,0.000,,0.5061728395061729
ونوین,تکنیکال-boll,34,0.500,0.000,,0.5
ونوین,تکنیکال-donch,39,0.487,0.000,,0.4883720930232558
ونوین,تکنیکال-super,39,0.462,0.000,,0.46511627906976744
ونوین,تکنیکال-stoch,55,0.455,0.000,,0.4576271186440678
ونوین,تکنیکال-flow_net,106,0.443,0.000,,0.44545454545454544
ونوین,تکنیکال-rsi,14,0.429,0.000,,0.4444444444444444
ونوین,تکنیکال-trendflow,68,0.426,0.000,,0.4305555555555556
ونوین,تکنیکال-psar,100,0.420,0.000,,0.4230769230769231
ونوین,تکنیکال-volbrk,51,0.412,0.000,,0.41818181818181815
ونوین,تکنیکال-macd,86,0.360,0.000,,0.36666666666666664
ونوین,تکنیکال-obv,72,0.347,0.000,,0.35526315789473684
ونوین,تکنیکال-adx,57,0.333,0.000,,0.3442622950819672
ونوین,تکنیکال-sma,26,0.308,0.000,,0.3333333333333333
ونیرو,تکنیکال-rsi,22,0.591,0.000,,0.5769230769230769
ونیرو,تکنیکال-volbrk,36,0.556,0.000,,0.55
ونیرو,تکنیکال-macd,62,0.532,0.000,,0.5303030303030303
ونیرو,تکنیکال-ichi,34,0.529,0.000,,0.5263157894736842
ونیرو,تکنیکال-super,38,0.526,0.000,,0.5238095238095238
ونیرو,تکنیکال-flow_bp,61,0.525,0.000,,0.5230769230769231
ونیرو,تکنیکال-obv,51,0.510,0.000,,0.509090909090909
ونیرو,تکنیکال-psar,92,0.489,0.000,,0.4895833333333333
ونیرو,تکنیکال-stoch,78,0.487,0.000,,0.4878048780487805
ونیرو,تکنیکال-trendflow,46,0.478,0.000,,0.48
ونیرو,تکنیکال-flow_net,74,0.459,0.000,,0.46153846153846156
ونیرو,تکنیکال-donch,40,0.450,0.000,,0.45454545454545453
ونیرو,تکنیکال-boll,38,0.447,0.000,,0.4523809523809524
ونیرو,تکنیکال-adx,56,0.429,0.000,,0.43333333333333335
ونیرو,تکنیکال-fibo,15,0.400,0.000,,0.42105263157894735
ونیرو,تکنیکال-sma,32,0.344,0.000,,0.3611111111111111
ونیکی,تکنیکال-super,17,0.882,0.000,,0.8095238095238095
ونیکی,تکنیکال-ichi,25,0.640,0.000,,0.6206896551724138
ونیکی,تکنیکال-donch,20,0.600,0.000,,0.5833333333333334
ونیکی,تکنیکال-volbrk,37,0.568,0.000,,0.5609756097560976
ونیکی,تکنیکال-macd,54,0.556,0.000,,0.5517241379310345
ونیکی,تکنیکال-flow_bp,90,0.533,0.000,,0.5319148936170213
ونیکی,تکنیکال-flow_net,98,0.510,0.000,,0.5098039215686274
ونیکی,تکنیکال-trendflow,51,0.510,0.000,,0.509090909090909
ونیکی,تکنیکال-obv,48,0.479,0.000,,0.4807692307692308
ونیکی,تکنیکال-rsi,21,0.476,0.000,,0.48
ونیکی,تکنیکال-sma,21,0.476,0.000,,0.48
ونیکی,تکنیکال-psar,108,0.444,0.000,,0.44642857142857145
ونیکی,تکنیکال-adx,59,0.424,0.000,,0.42857142857142855
ونیکی,تکنیکال-boll,24,0.375,0.000,,0.39285714285714285
ونیکی,تکنیکال-fibo,10,0.300,0.000,,0.35714285714285715
ونیکی,تکنیکال-stoch,28,0.286,0.000,,0.3125
وهامون,تکنیکال-super,20,0.600,0.000,,0.5833333333333334
وهامون,تکنیکال-ichi,22,0.545,0.000,,0.5384615384615384
وهامون,تکنیکال-donch,28,0.536,0.000,,0.53125
وهامون,تکنیکال-flow_net,64,0.531,0.000,,0.5294117647058824
وهامون,تکنیکال-adx,51,0.490,0.000,,0.4909090909090909
وهامون,تکنیکال-volbrk,33,0.485,0.000,,0.4864864864864865
وهامون,تکنیکال-flow_bp,163,0.466,0.000,,0.46706586826347307
وهامون,تکنیکال-trendflow,95,0.453,0.000,,0.45454545454545453
وهامون,تکنیکال-stoch,36,0.444,0.000,,0.45
وهامون,تکنیکال-macd,60,0.417,0.000,,0.421875
وهامون,تکنیکال-boll,20,0.400,0.000,,0.4166666666666667
وهامون,تکنیکال-obv,55,0.382,0.000,,0.3898305084745763
وهامون,تکنیکال-psar,77,0.377,0.000,,0.38271604938271603
وهامون,تکنیکال-sma,19,0.316,0.000,,0.34782608695652173
وهامون,تکنیکال-rsi,15,0.267,0.000,,0.3157894736842105
وهامون,تکنیکال-fibo,10,0.200,0.000,,0.2857142857142857
وهنر,تکنیکال-stoch,59,0.593,0.000,,0.5873015873015873
وهنر,تکنیکال-flow_net,59,0.559,0.000,,0.5555555555555556
وهنر,تکنیکال-donch,35,0.514,0.000,,0.5128205128205128
وهنر,تکنیکال-sma,16,0.500,0.000,,0.5
وهنر,تکنیکال-super,25,0.480,0.000,,0.4827586206896552
وهنر,تکنیکال-fibo,17,0.471,0.000,,0.47619047619047616
وهنر,تکنیکال-volbrk,34,0.471,0.000,,0.47368421052631576
وهنر,تکنیکال-rsi,25,0.440,0.000,,0.4482758620689655
وهنر,تکنیکال-trendflow,72,0.431,0.000,,0.4342105263157895
وهنر,تکنیکال-macd,50,0.420,0.000,,0.42592592592592593
وهنر,تکنیکال-obv,41,0.415,0.000,,0.4222222222222222
وهنر,تکنیکال-flow_bp,89,0.404,0.000,,0.40860215053763443
وهنر,تکنیکال-psar,87,0.402,0.000,,0.4065934065934066
وهنر,تکنیکال-ichi,34,0.382,0.000,,0.39473684210526316
وهنر,تکنیکال-adx,45,0.378,0.000,,0.3877551020408163
وهنر,تکنیکال-boll,25,0.360,0.000,,0.3793103448275862
وهور,تکنیکال-stoch,42,0.619,0.000,,0.6086956521739131
وهور,تکنیکال-boll,29,0.586,0.000,,0.5757575757575758
وهور,تکنیکال-sma,21,0.571,0.000,,0.56
وهور,تکنیکال-fibo,8,0.500,0.000,,0.5
وهور,تکنیکال-rsi,22,0.500,0.000,,0.5
وهور,تکنیکال-super,27,0.481,0.000,,0.4838709677419355
وهور,تکنیکال-donch,30,0.433,0.000,,0.4411764705882353
وهور,تکنیکال-flow_net,96,0.406,0.000,,0.41
وهور,تکنیکال-flow_bp,94,0.404,0.000,,0.40816326530612246
وهور,تکنیکال-trendflow,68,0.397,0.000,,0.4027777777777778
وهور,تکنیکال-volbrk,41,0.390,0.000,,0.4
وهور,تکنیکال-psar,104,0.385,0.000,,0.3888888888888889
وهور,تکنیکال-obv,61,0.377,0.000,,0.38461538461538464
وهور,تکنیکال-ichi,38,0.342,0.000,,0.35714285714285715
وهور,تکنیکال-adx,52,0.327,0.000,,0.3392857142857143
وهور,تکنیکال-macd,66,0.318,0.000,,0.32857142857142857
وپارس,تکنیکال-volbrk,35,0.686,0.000,,0.6666666666666666
وپارس,تکنیکال-macd,73,0.534,0.000,,0.5324675324675324
وپارس,تکنیکال-stoch,69,0.522,0.000,,0.5205479452054794
وپارس,تکنیکال-flow_net,99,0.515,0.000,,0.5145631067961165
وپارس,تکنیکال-super,30,0.500,0.000,,0.5
وپارس,تکنیکال-flow_bp,108,0.491,0.000,,0.49107142857142855
وپارس,تکنیکال-donch,35,0.486,0.000,,0.48717948717948717
وپارس,تکنیکال-psar,99,0.485,0.000,,0.4854368932038835
وپارس,تکنیکال-boll,29,0.483,0.000,,0.48484848484848486
وپارس,تکنیکال-sma,21,0.476,0.000,,0.48
وپارس,تکنیکال-trendflow,55,0.473,0.000,,0.4745762711864407
وپارس,تکنیکال-obv,51,0.471,0.000,,0.4727272727272727
وپارس,تکنیکال-ichi,35,0.457,0.000,,0.46153846153846156
وپارس,تکنیکال-rsi,36,0.444,0.000,,0.45
وپارس,تکنیکال-fibo,12,0.417,0.000,,0.4375
وپارس,تکنیکال-adx,61,0.393,0.000,,0.4
وپاسار,تکنیکال-fibo,5,1.000,0.000,,0.7777777777777778
وپاسار,تکنیکال-ichi,23,0.609,0.000,,0.5925925925925926
وپاسار,تکنیکال-super,18,0.611,0.000,,0.5909090909090909
وپاسار,تکنیکال-boll,30,0.567,0.000,,0.5588235294117647
وپاسار,تکنیکال-volbrk,30,0.567,0.000,,0.5588235294117647
وپاسار,تکنیکال-trendflow,39,0.538,0.000,,0.5348837209302325
وپاسار,تکنیکال-macd,60,0.533,0.000,,0.53125
وپاسار,تکنیکال-stoch,32,0.531,0.000,,0.5277777777777778
وپاسار,تکنیکال-psar,84,0.524,0.000,,0.5227272727272727
وپاسار,تکنیکال-adx,53,0.509,0.000,,0.5087719298245614
وپاسار,تکنیکال-flow_net,55,0.509,0.000,,0.5084745762711864
وپاسار,تکنیکال-obv,38,0.500,0.000,,0.5
وپاسار,تکنیکال-donch,26,0.462,0.000,,0.4666666666666667
وپاسار,تکنیکال-flow_bp,32,0.438,0.000,,0.4444444444444444
وپاسار,تکنیکال-rsi,21,0.429,0.000,,0.44
وپاسار,تکنیکال-sma,16,0.375,0.000,,0.4
وپایا,تکنیکال-sma,1,1.000,0.000,,0.6
وپایا,تکنیکال-flow_bp,23,0.609,0.000,,0.5925925925925926
وپایا,تکنیکال-ichi,3,0.667,0.000,,0.5714285714285714
وپایا,تکنیکال-boll,2,0.500,0.000,,0.5
وپایا,تکنیکال-fibo,2,0.500,0.000,,0.5
وپایا,تکنیکال-macd,4,0.500,0.000,,0.5
وپایا,تکنیکال-rsi,0,,0.000,,0.5
وپایا,تکنیکال-stoch,2,0.500,0.000,,0.5
وپایا,تکنیکال-volbrk,4,0.500,0.000,,0.5
وپایا,تکنیکال-flow_net,9,0.444,0.000,,0.46153846153846156
وپایا,تکنیکال-obv,7,0.429,0.000,,0.45454545454545453
وپایا,تکنیکال-psar,7,0.429,0.000,,0.45454545454545453
وپایا,تکنیکال-adx,3,0.333,0.000,,0.42857142857142855
وپایا,تکنیکال-super,3,0.333,0.000,,0.42857142857142855
وپایا,تکنیکال-trendflow,11,0.364,0.000,,0.4
وپایا,تکنیکال-donch,5,0.200,0.000,,0.3333333333333333
وپترو,تکنیکال-fibo,9,0.667,0.000,,0.6153846153846154
وپترو,تکنیکال-boll,31,0.581,0.000,,0.5714285714285714
وپترو,تکنیکال-stoch,65,0.523,0.000,,0.5217391304347826
وپترو,تکنیکال-rsi,21,0.524,0.000,,0.52
وپترو,تکنیکال-flow_bp,93,0.505,0.000,,0.5051546391752577
وپترو,تکنیکال-volbrk,43,0.465,0.000,,0.46808510638297873
وپترو,تکنیکال-sma,25,0.440,0.000,,0.4482758620689655
وپترو,تکنیکال-flow_net,137,0.438,0.000,,0.4397163120567376
وپترو,تکنیکال-adx,62,0.419,0.000,,0.42424242424242425
وپترو,تکنیکال-macd,72,0.389,0.000,,0.39473684210526316
وپترو,تکنیکال-obv,91,0.374,0.000,,0.37894736842105264
وپترو,تکنیکال-donch,39,0.359,0.000,,0.37209302325581395
وپترو,تکنیکال-psar,111,0.360,0.000,,0.3652173913043478
وپترو,تکنیکال-trendflow,60,0.333,0.000,,0.34375
وپترو,تکنیکال-ichi,38,0.316,0.000,,0.3333333333333333
وپترو,تکنیکال-super,35,0.314,0.000,,0.3333333333333333
وپخش,تکنیکال-ichi,25,0.720,0.000,,0.6896551724137931
وپخش,تکنیکال-rsi,18,0.722,0.000,,0.6818181818181818
وپخش,تکنیکال-donch,18,0.611,0.000,,0.5909090909090909
وپخش,تکنیکال-macd,51,0.588,0.000,,0.5818181818181818
وپخش,تکنیکال-volbrk,35,0.571,0.000,,0.5641025641025641
وپخش,تکنیکال-stoch,27,0.556,0.000,,0.5483870967741935
وپخش,تکنیکال-sma,18,0.556,0.000,,0.5454545454545454
وپخش,تکنیکال-super,20,0.500,0.000,,0.5
وپخش,تکنیکال-trendflow,59,0.492,0.000,,0.49206349206349204
وپخش,تکنیکال-adx,46,0.478,0.000,,0.48
وپخش,تکنیکال-psar,118,0.475,0.000,,0.47540983606557374
وپخش,تکنیکال-obv,36,0.472,0.000,,0.475
وپخش,تکنیکال-flow_bp,98,0.449,0.000,,0.45098039215686275
وپخش,تکنیکال-flow_net,116,0.448,0.000,,0.45
وپخش,تکنیکال-fibo,5,0.400,0.000,,0.4444444444444444
وپخش,تکنیکال-boll,24,0.375,0.000,,0.39285714285714285
وپسا,تکنیکال-flow_bp,70,0.629,0.000,,0.6216216216216216
وپسا,تکنیکال-macd,57,0.596,0.000,,0.5901639344262295
وپسا,تکنیکال-ichi,25,0.600,0.000,,0.5862068965517241
وپسا,تکنیکال-flow_net,74,0.568,0.000,,0.5641025641025641
وپسا,تکنیکال-super,28,0.571,0.000,,0.5625
وپسا,تکنیکال-psar,88,0.557,0.000,,0.5543478260869565
وپسا,تکنیکال-volbrk,31,0.548,0.000,,0.5428571428571428
وپسا,تکنیکال-stoch,57,0.526,0.000,,0.5245901639344263
وپسا,تکنیکال-adx,53,0.509,0.000,,0.5087719298245614
وپسا,تکنیکال-rsi,34,0.471,0.000,,0.47368421052631576
وپسا,تکنیکال-sma,24,0.458,0.000,,0.4642857142857143
وپسا,تکنیکال-donch,31,0.452,0.000,,0.45714285714285713
وپسا,تکنیکال-obv,56,0.429,0.000,,0.43333333333333335
وپسا,تکنیکال-boll,31,0.419,0.000,,0.42857142857142855
وپسا,تکنیکال-trendflow,55,0.400,0.000,,0.4067796610169492
وپسا,تکنیکال-fibo,9,0.333,0.000,,0.38461538461538464
وپست,تکنیکال-rsi,10,0.600,0.000,,0.5714285714285714
وپست,تکنیکال-fibo,11,0.545,0.000,,0.5333333333333333
وپست,تکنیکال-stoch,54,0.519,0.000,,0.5172413793103449
وپست,تکنیکال-boll,28,0.500,0.000,,0.5
وپست,تکنیکال-sma,19,0.474,0.000,,0.4782608695652174
وپست,تکنیکال-donch,33,0.455,0.000,,0.4594594594594595
وپست,تکنیکال-super,21,0.429,0.000,,0.44
وپست,تکنیکال-trendflow,52,0.423,0.000,,0.42857142857142855
وپست,تکنیکال-volbrk,43,0.395,0.000,,0.40425531914893614
وپست,تکنیکال-flow_net,88,0.398,0.000,,0.40217391304347827
وپست,تکنیکال-adx,57,0.386,0.000,,0.39344262295081966
وپست,تکنیکال-ichi,43,0.372,0.000,,0.3829787234042553
وپست,تکنیکال-flow_bp,54,0.352,0.000,,0.3620689655172414
وپست,تکنیکال-psar,110,0.336,0.000,,0.34210526315789475
وپست,تکنیکال-obv,66,0.318,0.000,,0.32857142857142857
وپست,تکنیکال-macd,87,0.310,0.000,,0.31868131868131866
وپویا,تکنیکال-super,23,0.696,0.000,,0.6666666666666666
وپویا,تکنیکال-fibo,12,0.583,0.000,,0.5625
وپویا,تکنیکال-donch,32,0.562,0.000,,0.5555555555555556
وپویا,تکنیکال-stoch,49,0.531,0.000,,0.5283018867924528
وپویا,تکنیکال-rsi,19,0.526,0.000,,0.5217391304347826
وپویا,تکنیکال-sma,19,0.526,0.000,,0.5217391304347826
وپویا,تکنیکال-volbrk,44,0.500,0.000,,0.5
وپویا,تکنیکال-boll,37,0.486,0.000,,0.4878048780487805
وپویا,تکنیکال-macd,65,0.477,0.000,,0.4782608695652174
وپویا,تکنیکال-flow_bp,244,0.467,0.000,,0.46774193548387094
وپویا,تکنیکال-psar,97,0.464,0.000,,0.46534653465346537
وپویا,تکنیکال-ichi,36,0.444,0.000,,0.45
وپویا,تکنیکال-adx,55,0.436,0.000,,0.4406779661016949
وپویا,تکنیکال-trendflow,119,0.429,0.000,,0.43089430894308944
وپویا,تکنیکال-flow_net,53,0.377,0.000,,0.38596491228070173
وپویا,تکنیکال-obv,14,0.286,0.000,,0.3333333333333333
وکادو,تکنیکال-donch,25,0.760,0.000,,0.7241379310344828
وکادو,تکنیکال-super,25,0.680,0.000,,0.6551724137931034
وکادو,تکنیکال-ichi,21,0.619,0.000,,0.6
وکادو,تکنیکال-sma,15,0.600,0.000,,0.5789473684210527
وکادو,تکنیکال-volbrk,35,0.543,0.000,,0.5384615384615384
وکادو,تکنیکال-fibo,11,0.545,0.000,,0.5333333333333333
وکادو,تکنیکال-flow_bp,110,0.518,0.000,,0.5175438596491229
وکادو,تکنیکال-rsi,25,0.520,0.000,,0.5172413793103449
وکادو,تکنیکال-boll,27,0.519,0.000,,0.5161290322580645
وکادو,تکنیکال-macd,58,0.483,0.000,,0.4838709677419355
وکادو,تکنیکال-stoch,62,0.468,0.000,,0.4696969696969697
وکادو,تکنیکال-obv,54,0.463,0.000,,0.46551724137931033
وکادو,تکنیکال-adx,48,0.458,0.000,,0.46153846153846156
وکادو,تکنیکال-flow_net,95,0.453,0.000,,0.45454545454545453
وکادو,تکنیکال-trendflow,61,0.426,0.000,,0.4307692307692308
وکادو,تکنیکال-psar,90,0.422,0.000,,0.425531914893617
وکار,تکنیکال-super,17,0.765,0.000,,0.7142857142857143
وکار,تکنیکال-fibo,5,0.800,0.000,,0.6666666666666666
وکار,تکنیکال-volbrk,33,0.667,0.000,,0.6486486486486487
وکار,تکنیکال-psar,83,0.614,0.000,,0.6091954022988506
وکار,تکنیکال-ichi,24,0.583,0.000,,0.5714285714285714
وکار,تکنیکال-macd,46,0.565,0.000,,0.56
وکار,تکنیکال-flow_bp,77,0.532,0.000,,0.5308641975308642
وکار,تکنیکال-sma,15,0.533,0.000,,0.5263157894736842
وکار,تکنیکال-donch,17,0.529,0.000,,0.5238095238095238
وکار,تکنیکال-flow_net,68,0.515,0.000,,0.5138888888888888
وکار,تکنیکال-adx,48,0.500,0.000,,0.5
وکار,تکنیکال-trendflow,59,0.492,0.000,,0.49206349206349204
وکار,تکنیکال-obv,41,0.488,0.000,,0.4888888888888889
وکار,تکنیکال-stoch,29,0.483,0.000,,0.48484848484848486
وکار,تکنیکال-boll,20,0.450,0.000,,0.4583333333333333
وکار,تکنیکال-rsi,15,0.400,0.000,,0.42105263157894735
وکبهمن,تکنیکال-ichi,22,0.591,0.000,,0.5769230769230769
وکبهمن,تکنیکال-volbrk,38,0.553,0.000,,0.5476190476190477
وکبهمن,تکنیکال-super,18,0.556,0.000,,0.5454545454545454
وکبهمن,تکنیکال-macd,44,0.545,0.000,,0.5416666666666666
وکبهمن,تکنیکال-donch,26,0.538,0.000,,0.5333333333333333
وکبهمن,تکنیکال-fibo,6,0.500,0.000,,0.5
وکبهمن,تکنیکال-flow_bp,200,0.490,0.000,,0.49019607843137253
وکبهمن,تکنیکال-stoch,39,0.487,0.000,,0.4883720930232558
وکبهمن,تکنیکال-boll,22,0.455,0.000,,0.46153846153846156
وکبهمن,تکنیکال-sma,18,0.444,0.000,,0.45454545454545453
وکبهمن,تکنیکال-flow_net,67,0.448,0.000,,0.4507042253521127
وکبهمن,تکنیکال-adx,41,0.439,0.000,,0.4444444444444444
وکبهمن,تکنیکال-obv,41,0.439,0.000,,0.4444444444444444
وکبهمن,تکنیکال-trendflow,97,0.433,0.000,,0.43564356435643564
وکبهمن,تکنیکال-rsi,19,0.421,0.000,,0.43478260869565216
وکبهمن,تکنیکال-psar,81,0.420,0.000,,0.4235294117647059
وکغدیر,تکنیکال-macd,20,0.750,0.000,,0.7083333333333334
وکغدیر,تکنیکال-rsi,14,0.714,0.000,,0.6666666666666666
وکغدیر,تکنیکال-volbrk,15,0.667,0.000,,0.631578947368421
وکغدیر,تکنیکال-adx,19,0.632,0.000,,0.6086956521739131
وکغدیر,تکنیکال-fibo,6,0.667,0.000,,0.6
وکغدیر,تکنیکال-super,13,0.615,0.000,,0.5882352941176471
وکغدیر,تکنیکال-psar,44,0.568,0.000,,0.5625
وکغدیر,تکنیکال-obv,21,0.571,0.000,,0.56
وکغدیر,تکنیکال-donch,13,0.538,0.000,,0.5294117647058824
وکغدیر,تکنیکال-stoch,19,0.526,0.000,,0.5217391304347826
وکغدیر,تکنیکال-boll,12,0.500,0.000,,0.5
وکغدیر,تکنیکال-flow_net,42,0.476,0.000,,0.4782608695652174
وکغدیر,تکنیکال-ichi,19,0.474,0.000,,0.4782608695652174
وکغدیر,تکنیکال-trendflow,41,0.415,0.000,,0.4222222222222222
وکغدیر,تکنیکال-sma,13,0.385,0.000,,0.4117647058823529
وکغدیر,تکنیکال-flow_bp,86,0.407,0.000,,0.4111111111111111
وگردش,تکنیکال-ichi,17,0.588,0.000,,0.5714285714285714
وگردش,تکنیکال-sma,14,0.571,0.000,,0.5555555555555556
وگردش,تکنیکال-boll,27,0.556,0.000,,0.5483870967741935
وگردش,تکنیکال-fibo,7,0.571,0.000,,0.5454545454545454
وگردش,تکنیکال-flow_net,39,0.538,0.000,,0.5348837209302325
وگردش,تکنیکال-trendflow,17,0.529,0.000,,0.5238095238095238
وگردش,تکنیکال-psar,69,0.522,0.000,,0.5205479452054794
وگردش,تکنیکال-volbrk,27,0.519,0.000,,0.5161290322580645
وگردش,تکنیکال-macd,47,0.511,0.000,,0.5098039215686274
وگردش,تکنیکال-donch,26,0.500,0.000,,0.5
وگردش,تکنیکال-flow_bp,26,0.500,0.000,,0.5
وگردش,تکنیکال-rsi,27,0.481,0.000,,0.4838709677419355
وگردش,تکنیکال-super,20,0.450,0.000,,0.4583333333333333
وگردش,تکنیکال-stoch,49,0.449,0.000,,0.4528301886792453
وگردش,تکنیکال-obv,46,0.413,0.000,,0.42
وگردش,تکنیکال-adx,45,0.356,0.000,,0.3673469387755102
وگستر,تکنیکال-sma,19,0.684,0.000,,0.6521739130434783
وگستر,تکنیکال-ichi,17,0.647,0.000,,0.6190476190476191
وگستر,تکنیکال-donch,26,0.577,0.000,,0.5666666666666667
وگستر,تکنیکال-super,26,0.577,0.000,,0.5666666666666667
وگستر,تکنیکال-adx,42,0.571,0.000,,0.5652173913043478
وگستر,تکنیکال-obv,47,0.553,0.000,,0.5490196078431373
وگستر,تکنیکال-fibo,11,0.545,0.000,,0.5333333333333333
وگستر,تکنیکال-stoch,81,0.519,0.000,,0.5176470588235295
وگستر,تکنیکال-boll,38,0.474,0.000,,0.47619047619047616
وگستر,تکنیکال-psar,88,0.466,0.000,,0.4673913043478261
وگستر,تکنیکال-volbrk,37,0.432,0.000,,0.43902439024390244
وگستر,تکنیکال-flow_bp,65,0.431,0.000,,0.43478260869565216
وگستر,تکنیکال-macd,65,0.431,0.000,,0.43478260869565216
وگستر,تکنیکال-flow_net,86,0.430,0.000,,0.43333333333333335
وگستر,تکنیکال-trendflow,29,0.414,0.000,,0.42424242424242425
وگستر,تکنیکال-rsi,35,0.371,0.000,,0.38461538461538464
ویسا,تکنیکال-rsi,17,0.647,0.000,,0.6190476190476191
ویسا,تکنیکال-boll,26,0.615,0.000,,0.6
ویسا,تکنیکال-trendflow,24,0.583,0.000,,0.5714285714285714
ویسا,تکنیکال-stoch,42,0.571,0.000,,0.5652173913043478
ویسا,تکنیکال-flow_bp,77,0.519,0.000,,0.5185185185185185
ویسا,تکنیکال-fibo,6,0.500,0.000,,0.5
ویسا,تکنیکال-donch,24,0.417,0.000,,0.42857142857142855
ویسا,تکنیکال-flow_net,52,0.423,0.000,,0.42857142857142855
ویسا,تکنیکال-sma,18,0.389,0.000,,0.4090909090909091
ویسا,تکنیکال-adx,33,0.394,0.000,,0.40540540540540543
ویسا,تکنیکال-macd,64,0.391,0.000,,0.39705882352941174
ویسا,تکنیکال-ichi,18,0.333,0.000,,0.36363636363636365
ویسا,تکنیکال-volbrk,37,0.324,0.000,,0.34146341463414637
ویسا,تکنیکال-psar,85,0.329,0.000,,0.33707865168539325
ویسا,تکنیکال-super,23,0.304,0.000,,0.3333333333333333
ویسا,تکنیکال-obv,62,0.306,0.000,,0.3181818181818182
پارتا,تکنیکال-rsi,22,0.591,0.000,,0.5769230769230769
پارتا,تکنیکال-fibo,10,0.600,0.000,,0.5714285714285714
پارتا,تکنیکال-stoch,47,0.574,0.000,,0.5686274509803921
پارتا,تکنیکال-volbrk,32,0.562,0.000,,0.5555555555555556
پارتا,تکنیکال-ichi,25,0.560,0.000,,0.5517241379310345
پارتا,تکنیکال-donch,26,0.538,0.000,,0.5333333333333333
پارتا,تکنیکال-flow_bp,53,0.528,0.000,,0.5263157894736842
پارتا,تکنیکال-macd,49,0.510,0.000,,0.5094339622641509
پارتا,تکنیکال-sma,23,0.478,0.000,,0.48148148148148145
پارتا,تکنیکال-obv,42,0.476,0.000,,0.4782608695652174
پارتا,تکنیکال-super,19,0.474,0.000,,0.4782608695652174
پارتا,تکنیکال-adx,51,0.471,0.000,,0.4727272727272727
پارتا,تکنیکال-boll,32,0.469,0.000,,0.4722222222222222
پارتا,تکنیکال-trendflow,41,0.463,0.000,,0.4666666666666667
پارتا,تکنیکال-flow_net,43,0.419,0.000,,0.425531914893617
پارتا,تکنیکال-psar,91,0.418,0.000,,0.42105263157894735
پارس,تکنیکال-rsi,20,0.750,0.000,,0.7083333333333334
پارس,تکنیکال-ichi,23,0.652,0.000,,0.6296296296296297
پارس,تکنیکال-flow_bp,49,0.571,0.000,,0.5660377358490566
پارس,تکنیکال-donch,24,0.542,0.000,,0.5357142857142857
پارس,تکنیکال-psar,83,0.530,0.000,,0.5287356321839081
پارس,تکنیکال-volbrk,34,0.529,0.000,,0.5263157894736842
پارس,تکنیکال-boll,25,0.520,0.000,,0.5172413793103449
پارس,تکنیکال-obv,45,0.511,0.000,,0.5102040816326531
پارس,تکنیکال-trendflow,27,0.481,0.000,,0.4838709677419355
پارس,تکنیکال-adx,54,0.481,0.000,,0.4827586206896552
پارس,تکنیکال-flow_net,81,0.481,0.000,,0.4823529411764706
پارس,تکنیکال-macd,62,0.452,0.000,,0.45454545454545453
پارس,تکنیکال-super,23,0.435,0.000,,0.4444444444444444
پارس,تکنیکال-stoch,30,0.400,0.000,,0.4117647058823529
پارس,تکنیکال-fibo,11,0.364,0.000,,0.4
پارس,تکنیکال-sma,20,0.350,0.000,,0.375
پارسان,تکنیکال-rsi,17,0.588,0.000,,0.5714285714285714
پارسان,تکنیکال-stoch,55,0.527,0.000,,0.5254237288135594
پارسان,تکنیکال-flow_bp,77,0.506,0.000,,0.5061728395061729
پارسان,تکنیکال-psar,87,0.506,0.000,,0.5054945054945055
پارسان,تکنیکال-donch,35,0.486,0.000,,0.48717948717948717
پارسان,تکنیکال-adx,49,0.469,0.000,,0.4716981132075472
پارسان,تکنیکال-flow_net,113,0.442,0.000,,0.4444444444444444
پارسان,تکنیکال-volbrk,46,0.435,0.000,,0.44
پارسان,تکنیکال-macd,79,0.418,0.000,,0.42168674698795183
پارسان,تکنیکال-super,32,0.406,0.000,,0.4166666666666667
پارسان,تکنیکال-boll,30,0.400,0.000,,0.4117647058823529
پارسان,تکنیکال-fibo,13,0.385,0.000,,0.4117647058823529
پارسان,تکنیکال-sma,23,0.391,0.000,,0.4074074074074074
پارسان,تکنیکال-ichi,38,0.368,0.000,,0.38095238095238093
پارسان,تکنیکال-obv,58,0.362,0.000,,0.3709677419354839
پارسان,تکنیکال-trendflow,58,0.362,0.000,,0.3709677419354839
پارسیان,تکنیکال-donch,26,0.577,0.000,,0.5666666666666667
پارسیان,تکنیکال-sma,20,0.550,0.000,,0.5416666666666666
پارسیان,تکنیکال-super,22,0.545,0.000,,0.5384615384615384
پارسیان,تکنیکال-volbrk,40,0.475,0.000,,0.4772727272727273
پارسیان,تکنیکال-ichi,32,0.469,0.000,,0.4722222222222222
پارسیان,تکنیکال-stoch,52,0.462,0.000,,0.4642857142857143
پارسیان,تکنیکال-trendflow,44,0.455,0.000,,0.4583333333333333
پارسیان,تکنیکال-flow_bp,80,0.438,0.000,,0.44047619047619047
پارسیان,تکنیکال-rsi,19,0.421,0.000,,0.43478260869565216
پارسیان,تکنیکال-macd,64,0.422,0.000,,0.4264705882352941
پارسیان,تکنیکال-psar,95,0.421,0.000,,0.42424242424242425
پارسیان,تکنیکال-obv,8,0.375,0.000,,0.4166666666666667
پارسیان,تکنیکال-flow_net,90,0.389,0.000,,0.39361702127659576
پارسیان,تکنیکال-boll,24,0.375,0.000,,0.39285714285714285
پارسیان,تکنیکال-adx,56,0.375,0.000,,0.38333333333333336
پارسیان,تکنیکال-fibo,7,0.286,0.000,,0.36363636363636365
پاسا,تکنیکال-fibo,8,0.750,0.000,,0.6666666666666666
پاسا,تکنیکال-super,24,0.583,0.000,,0.5714285714285714
پاسا,تکنیکال-donch,30,0.500,0.000,,0.5
پاسا,تکنیکال-volbrk,39,0.487,0.000,,0.4883720930232558
پاسا,تکنیکال-ichi,38,0.474,0.000,,0.47619047619047616
پاسا,تکنیکال-stoch,51,0.471,0.000,,0.4727272727272727
پاسا,تکنیکال-macd,64,0.469,0.000,,0.47058823529411764
پاسا,تکنیکال-psar,91,0.462,0.000,,0.4631578947368421
پاسا,تکنیکال-sma,22,0.455,0.000,,0.46153846153846156
پاسا,تکنیکال-flow_bp,95,0.442,0.000,,0.4444444444444444
پاسا,تکنیکال-flow_net,114,0.439,0.000,,0.4406779661016949
پاسا,تکنیکال-adx,51,0.431,0.000,,0.43636363636363634
پاسا,تکنیکال-obv,52,0.385,0.000,,0.39285714285714285
پاسا,تکنیکال-trendflow,65,0.385,0.000,,0.391304347826087
پاسا,تکنیکال-rsi,25,0.360,0.000,,0.3793103448275862
پاسا,تکنیکال-boll,30,0.333,0.000,,0.35294117647058826
پاکشو,تکنیکال-rsi,19,0.737,0.000,,0.6956521739130435
پاکشو,تکنیکال-adx,50,0.580,0.000,,0.5740740740740741
پاکشو,تکنیکال-ichi,28,0.571,0.000,,0.5625
پاکشو,تکنیکال-boll,18,0.556,0.000,,0.5454545454545454
پاکشو,تکنیکال-flow_bp,63,0.540,0.000,,0.5373134328358209
پاکشو,تکنیکال-trendflow,43,0.512,0.000,,0.5106382978723404
پاکشو,تکنیکال-flow_net,86,0.477,0.000,,0.4777777777777778
پاکشو,تکنیکال-stoch,15,0.467,0.000,,0.47368421052631576
پاکشو,تکنیکال-volbrk,41,0.439,0.000,,0.4444444444444444
پاکشو,تکنیکال-sma,20,0.400,0.000,,0.4166666666666667
پاکشو,تکنیکال-donch,13,0.385,0.000,,0.4117647058823529
پاکشو,تکنیکال-psar,108,0.407,0.000,,0.4107142857142857
پاکشو,تکنیکال-obv,42,0.381,0.000,,0.391304347826087
پاکشو,تکنیکال-super,22,0.364,0.000,,0.38461538461538464
پاکشو,تکنیکال-macd,63,0.317,0.000,,0.3283582089552239
پاکشو,تکنیکال-fibo,4,0.000,0.000,,0.25
پتایر,تکنیکال-boll,38,0.684,0.000,,0.6666666666666666
پتایر,تکنیکال-stoch,66,0.576,0.000,,0.5714285714285714
پتایر,تکنیکال-trendflow,36,0.500,0.000,,0.5
پتایر,تکنیکال-flow_net,57,0.491,0.000,,0.4918032786885246
پتایر,تکنیکال-rsi,23,0.478,0.000,,0.48148148148148145
پتایر,تکنیکال-volbrk,40,0.475,0.000,,0.4772727272727273
پتایر,تکنیکال-fibo,21,0.429,0.000,,0.44
پتایر,تکنیکال-flow_bp,62,0.435,0.000,,0.4393939393939394
پتایر,تکنیکال-obv,67,0.433,0.000,,0.43661971830985913
پتایر,تکنیکال-ichi,33,0.424,0.000,,0.43243243243243246
پتایر,تکنیکال-psar,100,0.410,0.000,,0.41346153846153844
پتایر,تکنیکال-adx,60,0.400,0.000,,0.40625
پتایر,تکنیکال-donch,38,0.395,0.000,,0.40476190476190477
پتایر,تکنیکال-macd,78,0.397,0.000,,0.4024390243902439
پتایر,تکنیکال-sma,27,0.333,0.000,,0.3548387096774194
پتایر,تکنیکال-super,33,0.242,0.000,,0.2702702702702703
پترول,تکنیکال-flow_net,66,0.576,0.000,,0.5714285714285714
پترول,تکنیکال-super,24,0.583,0.000,,0.5714285714285714
پترول,تکنیکال-donch,40,0.575,0.000,,0.5681818181818182
پترول,تکنیکال-boll,40,0.525,0.000,,0.5227272727272727
پترول,تکنیکال-volbrk,40,0.525,0.000,,0.5227272727272727
پترول,تکنیکال-ichi,29,0.483,0.000,,0.48484848484848486
پترول,تکنیکال-adx,51,0.471,0.000,,0.4727272727272727
پترول,تکنیکال-obv,62,0.468,0.000,,0.4696969696969697
پترول,تکنیکال-rsi,43,0.465,0.000,,0.46808510638297873
پترول,تکنیکال-flow_bp,59,0.458,0.000,,0.4603174603174603
پترول,تکنیکال-psar,108,0.426,0.000,,0.42857142857142855
پترول,تکنیکال-trendflow,38,0.421,0.000,,0.42857142857142855
پترول,تکنیکال-macd,64,0.406,0.000,,0.4117647058823529
پترول,تکنیکال-sma,26,0.385,0.000,,0.4
پترول,تکنیکال-stoch,71,0.380,0.000,,0.38666666666666666
پترول,تکنیکال-fibo,8,0.250,0.000,,0.3333333333333333
پخش,تکنیکال-fibo,19,0.632,0.000,,0.6086956521739131
پخش,تکنیکال-flow_bp,80,0.588,0.000,,0.5833333333333334
پخش,تکنیکال-donch,30,0.567,0.000,,0.5588235294117647
پخش,تکنیکال-super,28,0.536,0.000,,0.53125
پخش,تکنیکال-sma,21,0.524,0.000,,0.52
پخش,تکنیکال-macd,74,0.500,0.000,,0.5
پخش,تکنیکال-stoch,64,0.500,0.000,,0.5
پخش,تکنیکال-rsi,21,0.476,0.000,,0.48
پخش,تکنیکال-trendflow,53,0.472,0.000,,0.47368421052631576
پخش,تکنیکال-flow_net,94,0.447,0.000,,0.4489795918367347
پخش,تکنیکال-adx,62,0.435,0.000,,0.4393939393939394
پخش,تکنیکال-ichi,39,0.410,0.000,,0.4186046511627907
پخش,تکنیکال-volbrk,40,0.400,0.000,,0.4090909090909091
پخش,تکنیکال-obv,57,0.386,0.000,,0.39344262295081966
پخش,تکنیکال-boll,33,0.364,0.000,,0.3783783783783784
پخش,تکنیکال-psar,105,0.371,0.000,,0.3761467889908257
پدرخش,تکنیکال-super,23,0.652,0.000,,0.6296296296296297
پدرخش,تکنیکال-boll,28,0.607,0.000,,0.59375
پدرخش,تکنیکال-trendflow,35,0.600,0.000,,0.5897435897435898
پدرخش,تکنیکال-fibo,16,0.562,0.000,,0.55
پدرخش,تکنیکال-stoch,68,0.544,0.000,,0.5416666666666666
پدرخش,تکنیکال-donch,30,0.533,0.000,,0.5294117647058824
پدرخش,تکنیکال-adx,57,0.526,0.000,,0.5245901639344263
پدرخش,تکنیکال-flow_bp,52,0.519,0.000,,0.5178571428571429
پدرخش,تکنیکال-macd,65,0.492,0.000,,0.4927536231884058
پدرخش,تکنیکال-obv,61,0.492,0.000,,0.49230769230769234
پدرخش,تکنیکال-rsi,30,0.467,0.000,,0.47058823529411764
پدرخش,تکنیکال-ichi,33,0.455,0.000,,0.4594594594594595
پدرخش,تکنیکال-psar,90,0.456,0.000,,0.4574468085106383
پدرخش,تکنیکال-flow_net,43,0.419,0.000,,0.425531914893617
پدرخش,تکنیکال-volbrk,43,0.419,0.000,,0.425531914893617
پدرخش,تکنیکال-sma,24,0.375,0.000,,0.39285714285714285
پرداخت,تکنیکال-donch,17,0.647,0.000,,0.6190476190476191
پرداخت,تکنیکال-stoch,49,0.551,0.000,,0.5471698113207547
پرداخت,تکنیکال-flow_bp,79,0.544,0.000,,0.5421686746987951
پرداخت,تکنیکال-trendflow,45,0.533,0.000,,0.5306122448979592
پرداخت,تکنیکال-fibo,13,0.538,0.000,,0.5294117647058824
پرداخت,تکنیکال-psar,102,0.529,0.000,,0.5283018867924528
پرداخت,تکنیکال-boll,39,0.513,0.000,,0.5116279069767442
پرداخت,تکنیکال-macd,61,0.475,0.000,,0.47692307692307695
پرداخت,تکنیکال-flow_net,101,0.475,0.000,,0.47619047619047616
پرداخت,تکنیکال-adx,49,0.449,0.000,,0.4528301886792453
پرداخت,تکنیکال-super,21,0.429,0.000,,0.44
پرداخت,تکنیکال-volbrk,37,0.432,0.000,,0.43902439024390244
پرداخت,تکنیکال-ichi,28,0.393,0.000,,0.40625
پرداخت,تکنیکال-obv,46,0.391,0.000,,0.4
پرداخت,تکنیکال-sma,21,0.381,0.000,,0.4
پرداخت,تکنیکال-rsi,30,0.333,0.000,,0.35294117647058826
پردیس,تکنیکال-boll,32,0.625,0.000,,0.6111111111111112
پردیس,تکنیکال-trendflow,39,0.564,0.000,,0.5581395348837209
پردیس,تکنیکال-stoch,54,0.556,0.000,,0.5517241379310345
پردیس,تکنیکال-fibo,4,0.500,0.000,,0.5
پردیس,تکنیکال-rsi,16,0.500,0.000,,0.5
پردیس,تکنیکال-macd,70,0.486,0.000,,0.4864864864864865
پردیس,تکنیکال-psar,95,0.474,0.000,,0.47474747474747475
پردیس,تکنیکال-flow_net,53,0.472,0.000,,0.47368421052631576
پردیس,تکنیکال-obv,65,0.431,0.000,,0.43478260869565216
پردیس,تکنیکال-super,31,0.419,0.000,,0.42857142857142855
پردیس,تکنیکال-volbrk,36,0.417,0.000,,0.425
پردیس,تکنیکال-sma,25,0.400,0.000,,0.41379310344827586
پردیس,تکنیکال-adx,40,0.400,0.000,,0.4090909090909091
پردیس,تکنیکال-donch,36,0.389,0.000,,0.4
پردیس,تکنیکال-ichi,42,0.381,0.000,,0.391304347826087
پردیس,تکنیکال-flow_bp,51,0.294,0.000,,0.3090909090909091
پرسپولیس,تکنیکال-donch,4,1.000,0.000,,0.75
پرسپولیس,تکنیکال-volbrk,10,0.800,0.000,,0.7142857142857143
پرسپولیس,تکنیکال-super,6,0.833,0.000,,0.7
پرسپولیس,تکنیکال-rsi,11,0.727,0.000,,0.6666666666666666
پرسپولیس,تکنیکال-obv,16,0.688,0.000,,0.65
پرسپولیس,تکنیکال-psar,35,0.629,0.000,,0.6153846153846154
پرسپولیس,تکنیکال-macd,19,0.632,0.000,,0.6086956521739131
پرسپولیس,تکنیکال-adx,28,0.607,0.000,,0.59375
پرسپولیس,تکنیکال-ichi,8,0.625,0.000,,0.5833333333333334
پرسپولیس,تکنیکال-trendflow,14,0.571,0.000,,0.5555555555555556
پرسپولیس,تکنیکال-stoch,13,0.538,0.000,,0.5294117647058824
پرسپولیس,تکنیکال-fibo,0,,0.000,,0.5
پرسپولیس,تکنیکال-sma,10,0.500,0.000,,0.5
پرسپولیس,تکنیکال-flow_net,30,0.467,0.000,,0.47058823529411764
پرسپولیس,تکنیکال-flow_bp,110,0.436,0.000,,0.43859649122807015
پرسپولیس,تکنیکال-boll,14,0.357,0.000,,0.3888888888888889
پسهند,تکنیکال-stoch,61,0.639,0.000,,0.6307692307692307
پسهند,تکنیکال-flow_net,128,0.531,0.000,,0.5303030303030303
پسهند,تکنیکال-rsi,23,0.522,0.000,,0.5185185185185185
پسهند,تکنیکال-ichi,39,0.513,0.000,,0.5116279069767442
پسهند,تکنیکال-boll,34,0.500,0.000,,0.5
پسهند,تکنیکال-fibo,10,0.500,0.000,,0.5
پسهند,تکنیکال-donch,31,0.484,0.000,,0.4857142857142857
پسهند,تکنیکال-psar,103,0.476,0.000,,0.4766355140186916
پسهند,تکنیکال-macd,67,0.463,0.000,,0.4647887323943662
پسهند,تکنیکال-obv,60,0.450,0.000,,0.453125
پسهند,تکنیکال-flow_bp,100,0.450,0.000,,0.4519230769230769
پسهند,تکنیکال-volbrk,48,0.438,0.000,,0.4423076923076923
پسهند,تکنیکال-super,27,0.370,0.000,,0.3870967741935484
پسهند,تکنیکال-trendflow,71,0.380,0.000,,0.38666666666666666
پسهند,تکنیکال-sma,27,0.333,0.000,,0.3548387096774194
پسهند,تکنیکال-adx,51,0.294,0.000,,0.3090909090909091
پشاهن,تکنیکال-donch,12,0.750,0.000,,0.6875
پشاهن,تکنیکال-volbrk,14,0.643,0.000,,0.6111111111111112
پشاهن,تکنیکال-obv,15,0.600,0.000,,0.5789473684210527
پشاهن,تکنیکال-macd,29,0.586,0.000,,0.5757575757575758
پشاهن,تکنیکال-trendflow,34,0.559,0.000,,0.5526315789473685
پشاهن,تکنیکال-psar,36,0.556,0.000,,0.55
پشاهن,تکنیکال-flow_bp,90,0.544,0.000,,0.5425531914893617
پشاهن,تکنیکال-rsi,9,0.556,0.000,,0.5384615384615384
پشاهن,تکنیکال-stoch,22,0.545,0.000,,0.5384615384615384
پشاهن,تکنیکال-super,9,0.556,0.000,,0.5384615384615384
پشاهن,تکنیکال-ichi,13,0.538,0.000,,0.5294117647058824
پشاهن,تکنیکال-flow_net,18,0.500,0.000,,0.5
پشاهن,تکنیکال-sma,6,0.500,0.000,,0.5
پشاهن,تکنیکال-boll,13,0.462,0.000,,0.47058823529411764
پشاهن,تکنیکال-adx,20,0.450,0.000,,0.4583333333333333
پشاهن,تکنیکال-fibo,5,0.200,0.000,,0.3333333333333333
پلاست,تکنیکال-trendflow,7,0.714,0.000,,0.6363636363636364
پلاست,تکنیکال-super,22,0.636,0.000,,0.6153846153846154
پلاست,تکنیکال-donch,24,0.625,0.000,,0.6071428571428571
پلاست,تکنیکال-flow_net,13,0.615,0.000,,0.5882352941176471
پلاست,تکنیکال-flow_bp,12,0.583,0.000,,0.5625
پلاست,تکنیکال-stoch,52,0.558,0.000,,0.5535714285714286
پلاست,تکنیکال-volbrk,30,0.533,0.000,,0.5294117647058824
پلاست,تکنیکال-sma,17,0.529,0.000,,0.5238095238095238
پلاست,تکنیکال-macd,40,0.475,0.000,,0.4772727272727273
پلاست,تکنیکال-adx,45,0.467,0.000,,0.46938775510204084
پلاست,تکنیکال-psar,63,0.460,0.000,,0.4626865671641791
پلاست,تکنیکال-ichi,20,0.450,0.000,,0.4583333333333333
پلاست,تکنیکال-obv,41,0.415,0.000,,0.4222222222222222
پلاست,تکنیکال-boll,28,0.393,0.000,,0.40625
پلاست,تکنیکال-rsi,21,0.381,0.000,,0.4
پلاست,تکنیکال-fibo,19,0.263,0.000,,0.30434782608695654
پلاسک,تکنیکال-boll,39,0.590,0.000,,0.5813953488372093
پلاسک,تکنیکال-flow_bp,66,0.561,0.000,,0.5571428571428572
پلاسک,تکنیکال-super,32,0.531,0.000,,0.5277777777777778
پلاسک,تکنیکال-donch,36,0.500,0.000,,0.5
پلاسک,تکنیکال-rsi,35,0.486,0.000,,0.48717948717948717
پلاسک,تکنیکال-macd,76,0.474,0.000,,0.475
پلاسک,تکنیکال-stoch,71,0.451,0.000,,0.4533333333333333
پلاسک,تکنیکال-psar,101,0.446,0.000,,0.44761904761904764
پلاسک,تکنیکال-sma,23,0.435,0.000,,0.4444444444444444
پلاسک,تکنیکال-adx,51,0.431,0.000,,0.43636363636363634
پلاسک,تکنیکال-volbrk,44,0.409,0.000,,0.4166666666666667
پلاسک,تکنیکال-flow_net,57,0.386,0.000,,0.39344262295081966
پلاسک,تکنیکال-trendflow,50,0.360,0.000,,0.37037037037037035
پلاسک,تکنیکال-ichi,40,0.350,0.000,,0.36363636363636365
پلاسک,تکنیکال-fibo,13,0.308,0.000,,0.35294117647058826
پلاسک,تکنیکال-obv,8,0.250,0.000,,0.3333333333333333
پلوله,تکنیکال-fibo,10,0.900,0.000,,0.7857142857142857
پلوله,تکنیکال-trendflow,42,0.643,0.000,,0.6304347826086957
پلوله,تکنیکال-stoch,52,0.596,0.000,,0.5892857142857143
پلوله,تکنیکال-boll,24,0.583,0.000,,0.5714285714285714
پلوله,تکنیکال-super,23,0.565,0.000,,0.5555555555555556
پلوله,تکنیکال-flow_bp,62,0.548,0.000,,0.5454545454545454
پلوله,تکنیکال-volbrk,35,0.543,0.000,,0.5384615384615384
پلوله,تکنیکال-adx,43,0.535,0.000,,0.5319148936170213
پلوله,تکنیکال-psar,89,0.528,0.000,,0.5268817204301075
پلوله,تکنیکال-flow_net,67,0.522,0.000,,0.5211267605633803
پلوله,تکنیکال-sma,20,0.500,0.000,,0.5
پلوله,تکنیکال-macd,59,0.492,0.000,,0.49206349206349204
پلوله,تکنیکال-donch,27,0.481,0.000,,0.4838709677419355
پلوله,تکنیکال-ichi,31,0.452,0.000,,0.45714285714285713
پلوله,تکنیکال-rsi,26,0.423,0.000,,0.43333333333333335
پلوله,تکنیکال-obv,51,0.333,0.000,,0.34545454545454546
پکرمان,تکنیکال-stoch,62,0.613,0.000,,0.6060606060606061
پکرمان,تکنیکال-rsi,24,0.583,0.000,,0.5714285714285714
پکرمان,تکنیکال-boll,34,0.559,0.000,,0.5526315789473685
پکرمان,تکنیکال-flow_bp,76,0.513,0.000,,0.5125
پکرمان,تکنیکال-macd,69,0.478,0.000,,0.4794520547945205
پکرمان,تکنیکال-donch,31,0.452,0.000,,0.45714285714285713
پکرمان,تکنیکال-flow_net,121,0.446,0.000,,0.448
پکرمان,تکنیکال-super,34,0.441,0.000,,0.4473684210526316
پکرمان,تکنیکال-adx,59,0.441,0.000,,0.4444444444444444
پکرمان,تکنیکال-sma,23,0.435,0.000,,0.4444444444444444
پکرمان,تکنیکال-obv,62,0.419,0.000,,0.42424242424242425
پکرمان,تکنیکال-psar,109,0.394,0.000,,0.39823008849557523
پکرمان,تکنیکال-volbrk,49,0.367,0.000,,0.37735849056603776
پکرمان,تکنیکال-ichi,39,0.359,0.000,,0.37209302325581395
پکرمان,تکنیکال-fibo,10,0.300,0.000,,0.35714285714285715
پکرمان,تکنیکال-trendflow,58,0.328,0.000,,0.3387096774193548
پکویر,تکنیکال-stoch,56,0.536,0.000,,0.5333333333333333
پکویر,تکنیکال-boll,37,0.514,0.000,,0.5121951219512195
پکویر,تکنیکال-ichi,37,0.459,0.000,,0.4634146341463415
پکویر,تکنیکال-super,33,0.455,0.000,,0.4594594594594595
پکویر,تکنیکال-psar,97,0.443,0.000,,0.44554455445544555
پکویر,تکنیکال-trendflow,60,0.433,0.000,,0.4375
پکویر,تکنیکال-volbrk,45,0.422,0.000,,0.42857142857142855
پکویر,تکنیکال-obv,63,0.413,0.000,,0.417910447761194
پکویر,تکنیکال-flow_net,105,0.410,0.000,,0.41284403669724773
پکویر,تکنیکال-rsi,23,0.391,0.000,,0.4074074074074074
پکویر,تکنیکال-macd,75,0.400,0.000,,0.4050632911392405
پکویر,تکنیکال-donch,35,0.371,0.000,,0.38461538461538464
پکویر,تکنیکال-fibo,12,0.333,0.000,,0.375
پکویر,تکنیکال-sma,24,0.333,0.000,,0.35714285714285715
پکویر,تکنیکال-flow_bp,62,0.339,0.000,,0.3484848484848485
پکویر,تکنیکال-adx,69,0.290,0.000,,0.3013698630136986
پیزد,تکنیکال-donch,27,0.630,0.000,,0.6129032258064516
پیزد,تکنیکال-fibo,17,0.588,0.000,,0.5714285714285714
پیزد,تکنیکال-rsi,21,0.571,0.000,,0.56
پیزد,تکنیکال-stoch,57,0.526,0.000,,0.5245901639344263
پیزد,تکنیکال-boll,28,0.500,0.000,,0.5
پیزد,تکنیکال-ichi,29,0.483,0.000,,0.48484848484848486
پیزد,تکنیکال-flow_net,89,0.483,0.000,,0.4838709677419355
پیزد,تکنیکال-volbrk,49,0.469,0.000,,0.4716981132075472
پیزد,تکنیکال-obv,56,0.464,0.000,,0.4666666666666667
پیزد,تکنیکال-super,29,0.448,0.000,,0.45454545454545453
پیزد,تکنیکال-macd,72,0.444,0.000,,0.4473684210526316
پیزد,تکنیکال-psar,102,0.441,0.000,,0.44339622641509435
پیزد,تکنیکال-trendflow,130,0.438,0.000,,0.44029850746268656
پیزد,تکنیکال-flow_bp,236,0.428,0.000,,0.42916666666666664
پیزد,تکنیکال-adx,63,0.381,0.000,,0.3880597014925373
پیزد,تکنیکال-sma,26,0.308,0.000,,0.3333333333333333
پیپاد,تکنیکال-boll,19,0.632,0.000,,0.6086956521739131
پیپاد,تکنیکال-flow_net,42,0.619,0.000,,0.6086956521739131
پیپاد,تکنیکال-macd,29,0.621,0.000,,0.6060606060606061
پیپاد,تکنیکال-rsi,16,0.625,0.000,,0.6
پیپاد,تکنیکال-obv,22,0.591,0.000,,0.5769230769230769
پیپاد,تکنیکال-fibo,10,0.600,0.000,,0.5714285714285714
پیپاد,تکنیکال-donch,20,0.550,0.000,,0.5416666666666666
پیپاد,تکنیکال-ichi,15,0.533,0.000,,0.5263157894736842
پیپاد,تکنیکال-psar,39,0.513,0.000,,0.5116279069767442
پیپاد,تکنیکال-stoch,30,0.500,0.000,,0.5
پیپاد,تکنیکال-super,18,0.500,0.000,,0.5
پیپاد,تکنیکال-trendflow,32,0.500,0.000,,0.5
پیپاد,تکنیکال-flow_bp,93,0.484,0.000,,0.4845360824742268
پیپاد,تکنیکال-sma,11,0.455,0.000,,0.4666666666666667
پیپاد,تکنیکال-volbrk,18,0.444,0.000,,0.45454545454545453
پیپاد,تکنیکال-adx,25,0.440,0.000,,0.4482758620689655
چافست,تکنیکال-stoch,59,0.576,0.000,,0.5714285714285714
چافست,تکنیکال-donch,33,0.576,0.000,,0.5675675675675675
چافست,تکنیکال-super,28,0.536,0.000,,0.53125
چافست,تکنیکال-trendflow,76,0.526,0.000,,0.525
چافست,تکنیکال-flow_net,85,0.518,0.000,,0.5168539325842697
چافست,تکنیکال-macd,74,0.486,0.000,,0.48717948717948717
چافست,تکنیکال-flow_bp,83,0.458,0.000,,0.45977011494252873
چافست,تکنیکال-ichi,33,0.455,0.000,,0.4594594594594595
چافست,تکنیکال-psar,104,0.442,0.000,,0.4444444444444444
چافست,تکنیکال-sma,23,0.435,0.000,,0.4444444444444444
چافست,تکنیکال-boll,42,0.429,0.000,,0.43478260869565216
چافست,تکنیکال-volbrk,45,0.422,0.000,,0.42857142857142855
چافست,تکنیکال-obv,64,0.422,0.000,,0.4264705882352941
چافست,تکنیکال-adx,51,0.412,0.000,,0.41818181818181815
چافست,تکنیکال-fibo,16,0.375,0.000,,0.4
چافست,تکنیکال-rsi,22,0.318,0.000,,0.34615384615384615
چخزر,تکنیکال-boll,27,0.556,0.000,,0.5483870967741935
چخزر,تکنیکال-flow_net,48,0.500,0.000,,0.5
چخزر,تکنیکال-ichi,28,0.500,0.000,,0.5
چخزر,تکنیکال-rsi,13,0.462,0.000,,0.47058823529411764
چخزر,تکنیکال-flow_bp,208,0.466,0.000,,0.4669811320754717
چخزر,تکنیکال-fibo,11,0.455,0.000,,0.4666666666666667
چخزر,تکنیکال-macd,57,0.456,0.000,,0.45901639344262296
چخزر,تکنیکال-stoch,36,0.444,0.000,,0.45
چخزر,تکنیکال-trendflow,96,0.448,0.000,,0.45
چخزر,تکنیکال-donch,25,0.440,0.000,,0.4482758620689655
چخزر,تکنیکال-volbrk,32,0.438,0.000,,0.4444444444444444
چخزر,تکنیکال-sma,19,0.421,0.000,,0.43478260869565216
چخزر,تکنیکال-psar,83,0.398,0.000,,0.40229885057471265
چخزر,تکنیکال-obv,56,0.393,0.000,,0.4
چخزر,تکنیکال-super,26,0.385,0.000,,0.4
چخزر,تکنیکال-adx,39,0.385,0.000,,0.3953488372093023
چدن,تکنیکال-sma,18,0.611,0.000,,0.5909090909090909
چدن,تکنیکال-trendflow,53,0.547,0.000,,0.543859649122807
چدن,تکنیکال-donch,31,0.548,0.000,,0.5428571428571428
چدن,تکنیکال-adx,52,0.538,0.000,,0.5357142857142857
چدن,تکنیکال-volbrk,38,0.526,0.000,,0.5238095238095238
چدن,تکنیکال-stoch,60,0.517,0.000,,0.515625
چدن,تکنیکال-super,26,0.500,0.000,,0.5
چدن,تکنیکال-ichi,27,0.481,0.000,,0.4838709677419355
چدن,تکنیکال-macd,67,0.478,0.000,,0.4788732394366197
چدن,تکنیکال-boll,38,0.447,0.000,,0.4523809523809524
چدن,تکنیکال-flow_bp,63,0.444,0.000,,0.44776119402985076
چدن,تکنیکال-obv,64,0.438,0.000,,0.4411764705882353
چدن,تکنیکال-flow_net,67,0.403,0.000,,0.4084507042253521
چدن,تکنیکال-psar,103,0.388,0.000,,0.3925233644859813
چدن,تکنیکال-fibo,12,0.333,0.000,,0.375
چدن,تکنیکال-rsi,28,0.357,0.000,,0.375
چفیبر,تکنیکال-super,24,0.625,0.000,,0.6071428571428571
چفیبر,تکنیکال-fibo,18,0.611,0.000,,0.5909090909090909
چفیبر,تکنیکال-flow_net,52,0.577,0.000,,0.5714285714285714
چفیبر,تکنیکال-boll,42,0.571,0.000,,0.5652173913043478
چفیبر,تکنیکال-flow_bp,41,0.561,0.000,,0.5555555555555556
چفیبر,تکنیکال-ichi,27,0.519,0.000,,0.5161290322580645
چفیبر,تکنیکال-donch,31,0.516,0.000,,0.5142857142857142
چفیبر,تکنیکال-trendflow,31,0.516,0.000,,0.5142857142857142
چفیبر,تکنیکال-adx,49,0.510,0.000,,0.5094339622641509
چفیبر,تکنیکال-rsi,24,0.500,0.000,,0.5
چفیبر,تکنیکال-volbrk,36,0.500,0.000,,0.5
چفیبر,تکنیکال-macd,62,0.484,0.000,,0.48484848484848486
چفیبر,تکنیکال-stoch,71,0.479,0.000,,0.48
چفیبر,تکنیکال-psar,93,0.441,0.000,,0.44329896907216493
چفیبر,تکنیکال-obv,66,0.379,0.000,,0.38571428571428573
چفیبر,تکنیکال-sma,28,0.286,0.000,,0.3125
چنوپا,تکنیکال-flow_net,9,0.778,0.000,,0.6923076923076923
چنوپا,تکنیکال-flow_bp,36,0.611,0.000,,0.6
چنوپا,تکنیکال-donch,18,0.611,0.000,,0.5909090909090909
چنوپا,تکنیکال-rsi,10,0.600,0.000,,0.5714285714285714
چنوپا,تکنیکال-volbrk,23,0.565,0.000,,0.5555555555555556
چنوپا,تکنیکال-fibo,9,0.556,0.000,,0.5384615384615384
چنوپا,تکنیکال-stoch,37,0.541,0.000,,0.5365853658536586
چنوپا,تکنیکال-super,11,0.545,0.000,,0.5333333333333333
چنوپا,تکنیکال-boll,20,0.500,0.000,,0.5
چنوپا,تکنیکال-psar,46,0.500,0.000,,0.5
چنوپا,تکنیکال-sma,8,0.375,0.000,,0.4166666666666667
چنوپا,تکنیکال-macd,30,0.400,0.000,,0.4117647058823529
چنوپا,تکنیکال-ichi,15,0.333,0.000,,0.3684210526315789
چنوپا,تکنیکال-obv,37,0.324,0.000,,0.34146341463414637
چنوپا,تکنیکال-trendflow,35,0.314,0.000,,0.3333333333333333
چنوپا,تکنیکال-adx,33,0.303,0.000,,0.32432432432432434
چکارن,تکنیکال-rsi,12,0.750,0.000,,0.6875
چکارن,تکنیکال-stoch,71,0.592,0.000,,0.5866666666666667
چکارن,تکنیکال-boll,34,0.559,0.000,,0.5526315789473685
چکارن,تکنیکال-fibo,16,0.562,0.000,,0.55
چکارن,تکنیکال-ichi,29,0.517,0.000,,0.5151515151515151
چکارن,تکنیکال-sma,24,0.500,0.000,,0.5
چکارن,تکنیکال-flow_net,43,0.465,0.000,,0.46808510638297873
چکارن,تکنیکال-super,22,0.455,0.000,,0.46153846153846156
چکارن,تکنیکال-psar,99,0.455,0.000,,0.4563106796116505
چکارن,تکنیکال-trendflow,71,0.451,0.000,,0.4533333333333333
چکارن,تکنیکال-flow_bp,122,0.443,0.000,,0.4444444444444444
چکارن,تکنیکال-adx,58,0.431,0.000,,0.43548387096774194
چکارن,تکنیکال-donch,38,0.395,0.000,,0.40476190476190477
چکارن,تکنیکال-volbrk,38,0.395,0.000,,0.40476190476190477
چکارن,تکنیکال-macd,80,0.375,0.000,,0.38095238095238093
چکارن,تکنیکال-obv,68,0.338,0.000,,0.3472222222222222
چکاوه,تکنیکال-super,21,0.619,0.000,,0.6
چکاوه,تکنیکال-flow_bp,37,0.595,0.000,,0.5853658536585366
چکاوه,تکنیکال-flow_net,46,0.565,0.000,,0.56
چکاوه,تکنیکال-donch,30,0.567,0.000,,0.5588235294117647
چکاوه,تکنیکال-sma,18,0.556,0.000,,0.5454545454545454
چکاوه,تکنیکال-boll,43,0.535,0.000,,0.5319148936170213
چکاوه,تکنیکال-adx,56,0.500,0.000,,0.5
چکاوه,تکنیکال-macd,66,0.500,0.000,,0.5
چکاوه,تکنیکال-trendflow,32,0.500,0.000,,0.5
چکاوه,تکنیکال-rsi,29,0.483,0.000,,0.48484848484848486
چکاوه,تکنیکال-stoch,70,0.471,0.000,,0.47297297297297297
چکاوه,تکنیکال-psar,91,0.440,0.000,,0.4421052631578947
چکاوه,تکنیکال-volbrk,37,0.432,0.000,,0.43902439024390244
چکاوه,تکنیکال-fibo,8,0.375,0.000,,0.4166666666666667
چکاوه,تکنیکال-obv,66,0.379,0.000,,0.38571428571428573
چکاوه,تکنیکال-ichi,34,0.353,0.000,,0.3684210526315789
چکاپا,تکنیکال-volbrk,43,0.558,0.000,,0.5531914893617021
چکاپا,تکنیکال-donch,31,0.548,0.000,,0.5428571428571428
چکاپا,تکنیکال-trendflow,24,0.542,0.000,,0.5357142857142857
چکاپا,تکنیکال-psar,94,0.521,0.000,,0.5204081632653061
چکاپا,تکنیکال-ichi,23,0.522,0.000,,0.5185185185185185
چکاپا,تکنیکال-sma,22,0.500,0.000,,0.5
چکاپا,تکنیکال-super,29,0.483,0.000,,0.48484848484848486
چکاپا,تکنیکال-adx,50,0.480,0.000,,0.48148148148148145
چکاپا,تکنیکال-macd,70,0.471,0.000,,0.47297297297297297
چکاپا,تکنیکال-flow_bp,49,0.469,0.000,,0.4716981132075472
چکاپا,تکنیکال-flow_net,82,0.463,0.000,,0.46511627906976744
چکاپا,تکنیکال-obv,61,0.443,0.000,,0.4461538461538462
چکاپا,تکنیکال-stoch,70,0.429,0.000,,0.43243243243243246
چکاپا,تکنیکال-fibo,10,0.400,0.000,,0.42857142857142855
چکاپا,تکنیکال-boll,36,0.361,0.000,,0.375
چکاپا,تکنیکال-rsi,38,0.316,0.000,,0.3333333333333333
کابگن,تکنیکال-sma,2,1.000,0.000,,0.6666666666666666
کابگن,تکنیکال-psar,25,0.680,0.000,,0.6551724137931034
کابگن,تکنیکال-donch,10,0.700,0.000,,0.6428571428571429
کابگن,تکنیکال-macd,29,0.621,0.000,,0.6060606060606061
کابگن,تکنیکال-ichi,6,0.667,0.000,,0.6
کابگن,تکنیکال-super,6,0.667,0.000,,0.6
کابگن,تکنیکال-flow_bp,70,0.600,0.000,,0.5945945945945946
کابگن,تکنیکال-flow_net,8,0.625,0.000,,0.5833333333333334
کابگن,تکنیکال-fibo,3,0.667,0.000,,0.5714285714285714
کابگن,تکنیکال-volbrk,12,0.583,0.000,,0.5625
کابگن,تکنیکال-trendflow,24,0.542,0.000,,0.5357142857142857
کابگن,تکنیکال-obv,13,0.538,0.000,,0.5294117647058824
کابگن,تکنیکال-adx,10,0.500,0.000,,0.5
کابگن,تکنیکال-stoch,15,0.467,0.000,,0.47368421052631576
کابگن,تکنیکال-rsi,5,0.400,0.000,,0.4444444444444444
کابگن,تکنیکال-boll,11,0.364,0.000,,0.4
کاذر,تکنیکال-super,22,0.591,0.000,,0.5769230769230769
کاذر,تکنیکال-donch,32,0.562,0.000,,0.5555555555555556
کاذر,تکنیکال-ichi,36,0.556,0.000,,0.55
کاذر,تکنیکال-flow_bp,57,0.544,0.000,,0.5409836065573771
کاذر,تکنیکال-boll,24,0.542,0.000,,0.5357142857142857
کاذر,تکنیکال-volbrk,38,0.526,0.000,,0.5238095238095238
کاذر,تکنیکال-flow_net,79,0.481,0.000,,0.4819277108433735
کاذر,تکنیکال-adx,42,0.476,0.000,,0.4782608695652174
کاذر,تکنیکال-trendflow,40,0.475,0.000,,0.4772727272727273
کاذر,تکنیکال-macd,55,0.473,0.000,,0.4745762711864407
کاذر,تکنیکال-rsi,20,0.450,0.000,,0.4583333333333333
کاذر,تکنیکال-obv,58,0.448,0.000,,0.45161290322580644
کاذر,تکنیکال-stoch,56,0.446,0.000,,0.45
کاذر,تکنیکال-psar,91,0.429,0.000,,0.43157894736842106
کاذر,تکنیکال-sma,21,0.381,0.000,,0.4
کاذر,تکنیکال-fibo,11,0.273,0.000,,0.3333333333333333
کارام,تکنیکال-rsi,8,0.875,0.000,,0.75
کارام,تکنیکال-stoch,22,0.636,0.000,,0.6153846153846154
کارام,تکنیکال-fibo,5,0.600,0.000,,0.5555555555555556
کارام,تکنیکال-macd,20,0.550,0.000,,0.5416666666666666
کارام,تکنیکال-flow_net,17,0.529,0.000,,0.5238095238095238
کارام,تکنیکال-adx,14,0.500,0.000,,0.5
کارام,تکنیکال-sma,8,0.500,0.000,,0.5
کارام,تکنیکال-psar,26,0.462,0.000,,0.4666666666666667
کارام,تکنیکال-boll,12,0.417,0.000,,0.4375
کارام,تکنیکال-flow_bp,26,0.423,0.000,,0.43333333333333335
کارام,تکنیکال-donch,10,0.400,0.000,,0.42857142857142855
کارام,تکنیکال-super,10,0.400,0.000,,0.42857142857142855
کارام,تکنیکال-volbrk,10,0.400,0.000,,0.42857142857142855
کارام,تکنیکال-obv,14,0.357,0.000,,0.3888888888888889
کارام,تکنیکال-ichi,12,0.333,0.000,,0.375
کارام,تکنیکال-trendflow,20,0.350,0.000,,0.375
کاریز,تکنیکال-volbrk,12,0.750,0.000,,0.6875
کاریز,تکنیکال-rsi,4,0.750,0.000,,0.625
کاریز,تکنیکال-stoch,13,0.615,0.000,,0.5882352941176471
کاریز,تکنیکال-donch,10,0.600,0.000,,0.5714285714285714
کاریز,تکنیکال-obv,10,0.600,0.000,,0.5714285714285714
کاریز,تکنیکال-ichi,14,0.571,0.000,,0.5555555555555556
کاریز,تکنیکال-adx,18,0.556,0.000,,0.5454545454545454
کاریز,تکنیکال-super,7,0.571,0.000,,0.5454545454545454
کاریز,تکنیکال-fibo,2,0.500,0.000,,0.5
کاریز,تکنیکال-sma,4,0.500,0.000,,0.5
کاریز,تکنیکال-flow_bp,33,0.485,0.000,,0.4864864864864865
کاریز,تکنیکال-psar,28,0.464,0.000,,0.46875
کاریز,تکنیکال-trendflow,34,0.441,0.000,,0.4473684210526316
کاریز,تکنیکال-macd,17,0.412,0.000,,0.42857142857142855
کاریز,تکنیکال-boll,5,0.200,0.000,,0.3333333333333333
کاریز,تکنیکال-flow_net,35,0.286,0.000,,0.3076923076923077
کازرو,تکنیکال-ichi,11,0.727,0.000,,0.6666666666666666
کازرو,تکنیکال-volbrk,17,0.647,0.000,,0.6190476190476191
کازرو,تکنیکال-flow_bp,62,0.597,0.000,,0.5909090909090909
کازرو,تکنیکال-stoch,32,0.594,0.000,,0.5833333333333334
کازرو,تکنیکال-trendflow,27,0.593,0.000,,0.5806451612903226
کازرو,تکنیکال-donch,12,0.583,0.000,,0.5625
کازرو,تکنیکال-boll,20,0.550,0.000,,0.5416666666666666
کازرو,تکنیکال-flow_net,63,0.524,0.000,,0.5223880597014925
کازرو,تکنیکال-macd,27,0.519,0.000,,0.5161290322580645
کازرو,تکنیکال-fibo,2,0.500,0.000,,0.5
کازرو,تکنیکال-sma,8,0.500,0.000,,0.5
کازرو,تکنیکال-psar,44,0.477,0.000,,0.4791666666666667
کازرو,تکنیکال-rsi,13,0.462,0.000,,0.47058823529411764
کازرو,تکنیکال-adx,23,0.435,0.000,,0.4444444444444444
کازرو,تکنیکال-super,14,0.357,0.000,,0.3888888888888889
کازرو,تکنیکال-obv,24,0.250,0.000,,0.2857142857142857
کاسپین,تکنیکال-fibo,12,0.750,0.000,,0.6875
کاسپین,تکنیکال-super,28,0.571,0.000,,0.5625
کاسپین,تکنیکال-stoch,42,0.548,0.000,,0.5434782608695652
کاسپین,تکنیکال-volbrk,34,0.529,0.000,,0.5263157894736842
کاسپین,تکنیکال-rsi,14,0.500,0.000,,0.5
کاسپین,تکنیکال-adx,46,0.478,0.000,,0.48
کاسپین,تکنیکال-boll,24,0.458,0.000,,0.4642857142857143
کاسپین,تکنیکال-donch,37,0.459,0.000,,0.4634146341463415
کاسپین,تکنیکال-flow_bp,87,0.425,0.000,,0.42857142857142855
کاسپین,تکنیکال-macd,66,0.394,0.000,,0.4
کاسپین,تکنیکال-obv,56,0.393,0.000,,0.4
کاسپین,تکنیکال-sma,26,0.385,0.000,,0.4
کاسپین,تکنیکال-flow_net,127,0.394,0.000,,0.3969465648854962
کاسپین,تکنیکال-ichi,32,0.375,0.000,,0.3888888888888889
کاسپین,تکنیکال-trendflow,74,0.365,0.000,,0.3717948717948718
کاسپین,تکنیکال-psar,97,0.351,0.000,,0.3564356435643564
کالا,تکنیکال-donch,32,0.656,0.000,,0.6388888888888888
کالا,تکنیکال-ichi,26,0.577,0.000,,0.5666666666666667
کالا,تکنیکال-trendflow,31,0.548,0.000,,0.5428571428571428
کالا,تکنیکال-flow_bp,49,0.531,0.000,,0.5283018867924528
کالا,تکنیکال-volbrk,44,0.523,0.000,,0.5208333333333334
کالا,تکنیکال-flow_net,54,0.519,0.000,,0.5172413793103449
کالا,تکنیکال-super,35,0.514,0.000,,0.5128205128205128
کالا,تکنیکال-macd,67,0.478,0.000,,0.4788732394366197
کالا,تکنیکال-adx,57,0.456,0.000,,0.45901639344262296
کالا,تکنیکال-psar,95,0.432,0.000,,0.43434343434343436
کالا,تکنیکال-obv,73,0.397,0.000,,0.4025974025974026
کالا,تکنیکال-fibo,11,0.364,0.000,,0.4
کالا,تکنیکال-rsi,24,0.375,0.000,,0.39285714285714285
کالا,تکنیکال-stoch,77,0.377,0.000,,0.38271604938271603
کالا,تکنیکال-sma,23,0.348,0.000,,0.37037037037037035
کالا,تکنیکال-boll,30,0.300,0.000,,0.3235294117647059
کاما,تکنیکال-flow_net,52,0.519,0.000,,0.5178571428571429
کاما,تکنیکال-adx,57,0.509,0.000,,0.5081967213114754
کاما,تکنیکال-flow_bp,46,0.500,0.000,,0.5
کاما,تکنیکال-macd,67,0.493,0.000,,0.49295774647887325
کاما,تکنیکال-boll,50,0.480,0.000,,0.48148148148148145
کاما,تکنیکال-fibo,23,0.478,0.000,,0.48148148148148145
کاما,تکنیکال-trendflow,40,0.475,0.000,,0.4772727272727273
کاما,تکنیکال-rsi,28,0.464,0.000,,0.46875
کاما,تکنیکال-donch,40,0.450,0.000,,0.45454545454545453
کاما,تکنیکال-volbrk,50,0.440,0.000,,0.4444444444444444
کاما,تکنیکال-obv,57,0.439,0.000,,0.4426229508196721
کاما,تکنیکال-psar,98,0.439,0.000,,0.4411764705882353
کاما,تکنیکال-stoch,87,0.437,0.000,,0.43956043956043955
کاما,تکنیکال-super,33,0.424,0.000,,0.43243243243243246
کاما,تکنیکال-ichi,31,0.419,0.000,,0.42857142857142855
کاما,تکنیکال-sma,21,0.381,0.000,,0.4
کانسار,تکنیکال-rsi,2,1.000,0.000,,0.6666666666666666
کانسار,تکنیکال-sma,1,1.000,0.000,,0.6
کانسار,تکنیکال-donch,3,0.667,0.000,,0.5714285714285714
کانسار,تکنیکال-flow_net,10,0.600,0.000,,0.5714285714285714
کانسار,تکنیکال-flow_bp,14,0.571,0.000,,0.5555555555555556
کانسار,تکنیکال-fibo,0,,0.000,,0.5
کانسار,تکنیکال-macd,4,0.500,0.000,,0.5
کانسار,تکنیکال-super,4,0.500,0.000,,0.5
کانسار,تکنیکال-obv,5,0.400,0.000,,0.4444444444444444
کانسار,تکنیکال-psar,8,0.375,0.000,,0.4166666666666667
کانسار,تکنیکال-ichi,4,0.250,0.000,,0.375
کانسار,تکنیکال-stoch,4,0.250,0.000,,0.375
کانسار,تکنیکال-boll,2,0.000,0.000,,0.3333333333333333
کانسار,تکنیکال-trendflow,5,0.200,0.000,,0.3333333333333333
کانسار,تکنیکال-adx,3,0.000,0.000,,0.2857142857142857
کانسار,تکنیکال-volbrk,4,0.000,0.000,,0.25
کاوه,تکنیکال-super,21,0.667,0.000,,0.64
کاوه,تکنیکال-fibo,5,0.600,0.000,,0.5555555555555556
کاوه,تکنیکال-trendflow,38,0.553,0.000,,0.5476190476190477
کاوه,تکنیکال-donch,24,0.542,0.000,,0.5357142857142857
کاوه,تکنیکال-ichi,26,0.462,0.000,,0.4666666666666667
کاوه,تکنیکال-volbrk,39,0.462,0.000,,0.46511627906976744
کاوه,تکنیکال-sma,24,0.458,0.000,,0.4642857142857143
کاوه,تکنیکال-stoch,46,0.457,0.000,,0.46
کاوه,تکنیکال-flow_bp,94,0.457,0.000,,0.45918367346938777
کاوه,تکنیکال-psar,97,0.454,0.000,,0.45544554455445546
کاوه,تکنیکال-rsi,32,0.438,0.000,,0.4444444444444444
کاوه,تکنیکال-flow_net,121,0.438,0.000,,0.44
کاوه,تکنیکال-obv,59,0.424,0.000,,0.42857142857142855
کاوه,تکنیکال-adx,55,0.418,0.000,,0.423728813559322
کاوه,تکنیکال-boll,33,0.394,0.000,,0.40540540540540543
کاوه,تکنیکال-macd,75,0.400,0.000,,0.4050632911392405
کایتا,تکنیکال-volbrk,21,0.714,0.000,,0.68
کایتا,تکنیکال-ichi,15,0.667,0.000,,0.631578947368421
کایتا,تکنیکال-super,15,0.667,0.000,,0.631578947368421
کایتا,تکنیکال-fibo,9,0.667,0.000,,0.6153846153846154
کایتا,تکنیکال-obv,24,0.625,0.000,,0.6071428571428571
کایتا,تکنیکال-flow_net,35,0.543,0.000,,0.5384615384615384
کایتا,تکنیکال-trendflow,30,0.533,0.000,,0.5294117647058824
کایتا,تکنیکال-macd,34,0.529,0.000,,0.5263157894736842
کایتا,تکنیکال-adx,29,0.517,0.000,,0.5151515151515151
کایتا,تکنیکال-flow_bp,58,0.483,0.000,,0.4838709677419355
کایتا,تکنیکال-rsi,15,0.467,0.000,,0.47368421052631576
کایتا,تکنیکال-sma,13,0.462,0.000,,0.47058823529411764
کایتا,تکنیکال-stoch,28,0.464,0.000,,0.46875
کایتا,تکنیکال-psar,58,0.466,0.000,,0.46774193548387094
کایتا,تکنیکال-boll,20,0.450,0.000,,0.4583333333333333
کایتا,تکنیکال-donch,16,0.438,0.000,,0.45
کایزد,تکنیکال-ichi,13,0.692,0.000,,0.6470588235294118
کایزد,تکنیکال-trendflow,21,0.619,0.000,,0.6
کایزد,تکنیکال-obv,27,0.593,0.000,,0.5806451612903226
کایزد,تکنیکال-flow_bp,35,0.571,0.000,,0.5641025641025641
کایزد,تکنیکال-sma,12,0.583,0.000,,0.5625
کایزد,تکنیکال-adx,28,0.536,0.000,,0.53125
کایزد,تکنیکال-donch,17,0.529,0.000,,0.5238095238095238
کایزد,تکنیکال-flow_net,54,0.519,0.000,,0.5172413793103449
کایزد,تکنیکال-boll,20,0.500,0.000,,0.5
کایزد,تکنیکال-fibo,12,0.500,0.000,,0.5
کایزد,تکنیکال-stoch,39,0.487,0.000,,0.4883720930232558
کایزد,تکنیکال-volbrk,23,0.478,0.000,,0.48148148148148145
کایزد,تکنیکال-macd,44,0.477,0.000,,0.4791666666666667
کایزد,تکنیکال-super,19,0.474,0.000,,0.4782608695652174
کایزد,تکنیکال-psar,63,0.460,0.000,,0.4626865671641791
کایزد,تکنیکال-rsi,20,0.450,0.000,,0.4583333333333333
کباده,تکنیکال-sma,13,0.692,0.000,,0.6470588235294118
کباده,تکنیکال-flow_bp,59,0.593,0.000,,0.5873015873015873
کباده,تکنیکال-donch,25,0.600,0.000,,0.5862068965517241
کباده,تکنیکال-super,21,0.571,0.000,,0.56
کباده,تکنیکال-volbrk,27,0.556,0.000,,0.5483870967741935
کباده,تکنیکال-ichi,28,0.536,0.000,,0.53125
کباده,تکنیکال-flow_net,33,0.515,0.000,,0.5135135135135135
کباده,تکنیکال-stoch,42,0.476,0.000,,0.4782608695652174
کباده,تکنیکال-adx,38,0.474,0.000,,0.47619047619047616
کباده,تکنیکال-psar,70,0.471,0.000,,0.47297297297297297
کباده,تکنیکال-obv,39,0.462,0.000,,0.46511627906976744
کباده,تکنیکال-trendflow,48,0.458,0.000,,0.46153846153846156
کباده,تکنیکال-macd,44,0.455,0.000,,0.4583333333333333
کباده,تکنیکال-rsi,19,0.421,0.000,,0.43478260869565216
کباده,تکنیکال-fibo,10,0.400,0.000,,0.42857142857142855
کباده,تکنیکال-boll,19,0.368,0.000,,0.391304347826087
کبافق,تکنیکال-stoch,79,0.570,0.000,,0.5662650602409639
کبافق,تکنیکال-fibo,19,0.526,0.000,,0.5217391304347826
کبافق,تکنیکال-super,31,0.516,0.000,,0.5142857142857142
کبافق,تکنیکال-donch,38,0.500,0.000,,0.5
کبافق,تکنیکال-obv,62,0.500,0.000,,0.5
کبافق,تکنیکال-boll,39,0.462,0.000,,0.46511627906976744
کبافق,تکنیکال-volbrk,48,0.458,0.000,,0.46153846153846156
کبافق,تکنیکال-macd,68,0.456,0.000,,0.4583333333333333
کبافق,تکنیکال-rsi,31,0.452,0.000,,0.45714285714285713
کبافق,تکنیکال-flow_net,51,0.451,0.000,,0.45454545454545453
کبافق,تکنیکال-flow_bp,53,0.434,0.000,,0.43859649122807015
کبافق,تکنیکال-trendflow,45,0.422,0.000,,0.42857142857142855
کبافق,تکنیکال-adx,57,0.386,0.000,,0.39344262295081966
کبافق,تکنیکال-psar,109,0.385,0.000,,0.3893805309734513
کبافق,تکنیکال-sma,27,0.370,0.000,,0.3870967741935484
کبافق,تکنیکال-ichi,28,0.321,0.000,,0.34375
کترام,تکنیکال-macd,56,0.643,0.000,,0.6333333333333333
کترام,تکنیکال-stoch,69,0.609,0.000,,0.6027397260273972
کترام,تکنیکال-fibo,10,0.600,0.000,,0.5714285714285714
کترام,تکنیکال-rsi,30,0.567,0.000,,0.5588235294117647
کترام,تکنیکال-flow_bp,59,0.559,0.000,,0.5555555555555556
کترام,تکنیکال-flow_net,68,0.559,0.000,,0.5555555555555556
کترام,تکنیکال-psar,93,0.548,0.000,,0.5463917525773195
کترام,تکنیکال-volbrk,43,0.512,0.000,,0.5106382978723404
کترام,تکنیکال-boll,43,0.488,0.000,,0.48936170212765956
کترام,تکنیکال-obv,39,0.487,0.000,,0.4883720930232558
کترام,تکنیکال-trendflow,37,0.486,0.000,,0.4878048780487805
کترام,تکنیکال-donch,34,0.471,0.000,,0.47368421052631576
کترام,تکنیکال-ichi,30,0.467,0.000,,0.47058823529411764
کترام,تکنیکال-super,32,0.438,0.000,,0.4444444444444444
کترام,تکنیکال-adx,54,0.426,0.000,,0.43103448275862066
کترام,تکنیکال-sma,21,0.381,0.000,,0.4
کتوسعه,تکنیکال-fibo,7,0.714,0.000,,0.6363636363636364
کتوسعه,تکنیکال-sma,13,0.615,0.000,,0.5882352941176471
کتوسعه,تکنیکال-boll,12,0.583,0.000,,0.5625
کتوسعه,تکنیکال-stoch,25,0.560,0.000,,0.5517241379310345
کتوسعه,تکنیکال-macd,22,0.545,0.000,,0.5384615384615384
کتوسعه,تکنیکال-adx,25,0.520,0.000,,0.5172413793103449
کتوسعه,تکنیکال-donch,16,0.500,0.000,,0.5
کتوسعه,تکنیکال-flow_net,36,0.500,0.000,,0.5
کتوسعه,تکنیکال-ichi,18,0.500,0.000,,0.5
کتوسعه,تکنیکال-super,16,0.500,0.000,,0.5
کتوسعه,تکنیکال-volbrk,16,0.500,0.000,,0.5
کتوسعه,تکنیکال-flow_bp,107,0.486,0.000,,0.4864864864864865
کتوسعه,تکنیکال-trendflow,58,0.483,0.000,,0.4838709677419355
کتوسعه,تکنیکال-psar,41,0.439,0.000,,0.4444444444444444
کتوسعه,تکنیکال-rsi,5,0.400,0.000,,0.4444444444444444
کتوسعه,تکنیکال-obv,26,0.423,0.000,,0.43333333333333335
کتوکا,تکنیکال-volbrk,33,0.545,0.000,,0.5405405405405406
کتوکا,تکنیکال-flow_bp,50,0.540,0.000,,0.5370370370370371
کتوکا,تکنیکال-fibo,13,0.538,0.000,,0.5294117647058824
کتوکا,تکنیکال-flow_net,66,0.530,0.000,,0.5285714285714286
کتوکا,تکنیکال-donch,29,0.517,0.000,,0.5151515151515151
کتوکا,تکنیکال-sma,20,0.500,0.000,,0.5
کتوکا,تکنیکال-super,27,0.481,0.000,,0.4838709677419355
کتوکا,تکنیکال-rsi,28,0.464,0.000,,0.46875
کتوکا,تکنیکال-adx,46,0.457,0.000,,0.46
کتوکا,تکنیکال-stoch,70,0.457,0.000,,0.4594594594594595
کتوکا,تکنیکال-psar,94,0.426,0.000,,0.42857142857142855
کتوکا,تکنیکال-ichi,32,0.406,0.000,,0.4166666666666667
کتوکا,تکنیکال-macd,73,0.411,0.000,,0.4155844155844156
کتوکا,تکنیکال-boll,45,0.400,0.000,,0.40816326530612246
کتوکا,تکنیکال-obv,70,0.386,0.000,,0.3918918918918919
کتوکا,تکنیکال-trendflow,40,0.375,0.000,,0.38636363636363635
کحافظ,تکنیکال-rsi,23,0.739,0.000,,0.7037037037037037
کحافظ,تکنیکال-fibo,16,0.562,0.000,,0.55
کحافظ,تکنیکال-boll,29,0.552,0.000,,0.5454545454545454
کحافظ,تکنیکال-volbrk,42,0.524,0.000,,0.5217391304347826
کحافظ,تکنیکال-flow_bp,82,0.500,0.000,,0.5
کحافظ,تکنیکال-super,26,0.500,0.000,,0.5
کحافظ,تکنیکال-macd,68,0.485,0.000,,0.4861111111111111
کحافظ,تکنیکال-flow_net,108,0.463,0.000,,0.4642857142857143
کحافظ,تکنیکال-stoch,54,0.426,0.000,,0.43103448275862066
کحافظ,تکنیکال-donch,36,0.417,0.000,,0.425
کحافظ,تکنیکال-ichi,37,0.405,0.000,,0.4146341463414634
کحافظ,تکنیکال-adx,69,0.406,0.000,,0.410958904109589
کحافظ,تکنیکال-psar,104,0.404,0.000,,0.4074074074074074
کحافظ,تکنیکال-obv,60,0.367,0.000,,0.375
کحافظ,تکنیکال-sma,26,0.346,0.000,,0.36666666666666664
کحافظ,تکنیکال-trendflow,62,0.355,0.000,,0.36363636363636365
کخاک,تکنیکال-ichi,26,0.692,0.000,,0.6666666666666666
کخاک,تکنیکال-volbrk,38,0.632,0.000,,0.6190476190476191
کخاک,تکنیکال-rsi,24,0.625,0.000,,0.6071428571428571
کخاک,تکنیکال-super,24,0.625,0.000,,0.6071428571428571
کخاک,تکنیکال-macd,60,0.600,0.000,,0.59375
کخاک,تکنیکال-donch,31,0.548,0.000,,0.5428571428571428
کخاک,تکنیکال-adx,59,0.525,0.000,,0.5238095238095238
کخاک,تکنیکال-flow_bp,75,0.520,0.000,,0.5189873417721519
کخاک,تکنیکال-boll,33,0.515,0.000,,0.5135135135135135
کخاک,تکنیکال-obv,43,0.512,0.000,,0.5106382978723404
کخاک,تکنیکال-fibo,2,0.500,0.000,,0.5
کخاک,تکنیکال-flow_net,114,0.500,0.000,,0.5
کخاک,تکنیکال-stoch,42,0.500,0.000,,0.5
کخاک,تکنیکال-trendflow,36,0.500,0.000,,0.5
کخاک,تکنیکال-sma,24,0.375,0.000,,0.39285714285714285
کخاک,تکنیکال-psar,110,0.373,0.000,,0.37719298245614036
کدما,تکنیکال-ichi,28,0.643,0.000,,0.625
کدما,تکنیکال-flow_bp,28,0.607,0.000,,0.59375
کدما,تکنیکال-volbrk,37,0.595,0.000,,0.5853658536585366
کدما,تکنیکال-donch,32,0.562,0.000,,0.5555555555555556
کدما,تکنیکال-super,31,0.548,0.000,,0.5428571428571428
کدما,تکنیکال-adx,52,0.519,0.000,,0.5178571428571429
کدما,تکنیکال-trendflow,33,0.515,0.000,,0.5135135135135135
کدما,تکنیکال-boll,29,0.483,0.000,,0.48484848484848486
کدما,تکنیکال-sma,23,0.478,0.000,,0.48148148148148145
کدما,تکنیکال-flow_net,26,0.462,0.000,,0.4666666666666667
کدما,تکنیکال-stoch,81,0.457,0.000,,0.4588235294117647
کدما,تکنیکال-psar,90,0.456,0.000,,0.4574468085106383
کدما,تکنیکال-obv,60,0.450,0.000,,0.453125
کدما,تکنیکال-macd,58,0.448,0.000,,0.45161290322580644
کدما,تکنیکال-rsi,39,0.436,0.000,,0.4418604651162791
کدما,تکنیکال-fibo,12,0.417,0.000,,0.4375
کرازی,تکنیکال-boll,32,0.750,0.000,,0.7222222222222222
کرازی,تکنیکال-stoch,62,0.597,0.000,,0.5909090909090909
کرازی,تکنیکال-rsi,24,0.542,0.000,,0.5357142857142857
کرازی,تکنیکال-psar,88,0.523,0.000,,0.5217391304347826
کرازی,تکنیکال-macd,71,0.493,0.000,,0.49333333333333335
کرازی,تکنیکال-sma,26,0.462,0.000,,0.4666666666666667
کرازی,تکنیکال-adx,47,0.447,0.000,,0.45098039215686275
کرازی,تکنیکال-fibo,12,0.417,0.000,,0.4375
کرازی,تکنیکال-flow_net,52,0.423,0.000,,0.42857142857142855
کرازی,تکنیکال-obv,85,0.412,0.000,,0.4157303370786517
کرازی,تکنیکال-flow_bp,54,0.407,0.000,,0.41379310344827586
کرازی,تکنیکال-trendflow,54,0.352,0.000,,0.3620689655172414
کرازی,تکنیکال-ichi,35,0.343,0.000,,0.358974358974359
کرازی,تکنیکال-super,35,0.343,0.000,,0.358974358974359
کرازی,تکنیکال-donch,40,0.325,0.000,,0.3409090909090909
کرازی,تکنیکال-volbrk,47,0.277,0.000,,0.29411764705882354
کربن,تکنیکال-trendflow,5,0.800,0.000,,0.6666666666666666
کربن,تکنیکال-adx,1,1.000,0.000,,0.6
کربن,تکنیکال-sma,1,1.000,0.000,,0.6
کربن,تکنیکال-stoch,1,1.000,0.000,,0.6
کربن,تکنیکال-flow_bp,15,0.600,0.000,,0.5789473684210527
کربن,تکنیکال-boll,2,0.500,0.000,,0.5
کربن,تکنیکال-donch,2,0.500,0.000,,0.5
کربن,تکنیکال-fibo,2,0.500,0.000,,0.5
کربن,تکنیکال-ichi,2,0.500,0.000,,0.5
کربن,تکنیکال-macd,6,0.500,0.000,,0.5
کربن,تکنیکال-obv,2,0.500,0.000,,0.5
کربن,تکنیکال-rsi,2,0.500,0.000,,0.5
کربن,تکنیکال-super,2,0.500,0.000,,0.5
کربن,تکنیکال-volbrk,2,0.500,0.000,,0.5
کربن,تکنیکال-psar,7,0.429,0.000,,0.45454545454545453
کربن,تکنیکال-flow_net,14,0.286,0.000,,0.3333333333333333
کرماشا,تکنیکال-stoch,52,0.635,0.000,,0.625
کرماشا,تکنیکال-rsi,26,0.615,0.000,,0.6
کرماشا,تکنیکال-boll,31,0.581,0.000,,0.5714285714285714
کرماشا,تکنیکال-fibo,7,0.571,0.000,,0.5454545454545454
کرماشا,تکنیکال-donch,32,0.531,0.000,,0.5277777777777778
کرماشا,تکنیکال-super,23,0.522,0.000,,0.5185185185185185
کرماشا,تکنیکال-flow_net,118,0.508,0.000,,0.5081967213114754
کرماشا,تکنیکال-flow_bp,67,0.478,0.000,,0.4788732394366197
کرماشا,تکنیکال-volbrk,47,0.468,0.000,,0.47058823529411764
کرماشا,تکنیکال-trendflow,43,0.442,0.000,,0.44680851063829785
کرماشا,تکنیکال-macd,65,0.431,0.000,,0.43478260869565216
کرماشا,تکنیکال-sma,24,0.417,0.000,,0.42857142857142855
کرماشا,تکنیکال-obv,50,0.420,0.000,,0.42592592592592593
کرماشا,تکنیکال-adx,57,0.404,0.000,,0.4098360655737705
کرماشا,تکنیکال-psar,91,0.385,0.000,,0.3894736842105263
کرماشا,تکنیکال-ichi,36,0.361,0.000,,0.375
کرمان,تکنیکال-flow_net,35,0.657,0.000,,0.6410256410256411
کرمان,تکنیکال-donch,32,0.594,0.000,,0.5833333333333334
کرمان,تکنیکال-ichi,27,0.556,0.000,,0.5483870967741935
کرمان,تکنیکال-volbrk,44,0.545,0.000,,0.5416666666666666
کرمان,تکنیکال-flow_bp,44,0.523,0.000,,0.5208333333333334
کرمان,تکنیکال-super,33,0.515,0.000,,0.5135135135135135
کرمان,تکنیکال-stoch,74,0.500,0.000,,0.5
کرمان,تکنیکال-adx,57,0.474,0.000,,0.47540983606557374
کرمان,تکنیکال-boll,36,0.472,0.000,,0.475
کرمان,تکنیکال-obv,68,0.471,0.000,,0.4722222222222222
کرمان,تکنیکال-trendflow,35,0.457,0.000,,0.46153846153846156
کرمان,تکنیکال-sma,21,0.381,0.000,,0.4
کرمان,تکنیکال-macd,66,0.379,0.000,,0.38571428571428573
کرمان,تکنیکال-psar,108,0.370,0.000,,0.375
کرمان,تکنیکال-rsi,31,0.355,0.000,,0.37142857142857144
کرمان,تکنیکال-fibo,17,0.235,0.000,,0.2857142857142857
کرومیت,تکنیکال-flow_bp,28,0.643,0.000,,0.625
کرومیت,تکنیکال-psar,22,0.636,0.000,,0.6153846153846154
کرومیت,تکنیکال-volbrk,9,0.667,0.000,,0.6153846153846154
کرومیت,تکنیکال-fibo,6,0.667,0.000,,0.6
کرومیت,تکنیکال-rsi,6,0.667,0.000,,0.6
کرومیت,تکنیکال-super,10,0.600,0.000,,0.5714285714285714
کرومیت,تکنیکال-macd,14,0.571,0.000,,0.5555555555555556
کرومیت,تکنیکال-stoch,21,0.524,0.000,,0.52
کرومیت,تکنیکال-boll,8,0.500,0.000,,0.5
کرومیت,تکنیکال-obv,13,0.462,0.000,,0.47058823529411764
کرومیت,تکنیکال-trendflow,13,0.462,0.000,,0.47058823529411764
کرومیت,تکنیکال-donch,9,0.444,0.000,,0.46153846153846156
کرومیت,تکنیکال-flow_net,22,0.455,0.000,,0.46153846153846156
کرومیت,تکنیکال-ichi,5,0.400,0.000,,0.4444444444444444
کرومیت,تکنیکال-sma,9,0.333,0.000,,0.38461538461538464
کرومیت,تکنیکال-adx,23,0.348,0.000,,0.37037037037037035
کزغال,تکنیکال-rsi,15,0.733,0.000,,0.6842105263157895
کزغال,تکنیکال-boll,28,0.607,0.000,,0.59375
کزغال,تکنیکال-flow_net,99,0.566,0.000,,0.5631067961165048
کزغال,تکنیکال-flow_bp,187,0.519,0.000,,0.518324607329843
کزغال,تکنیکال-donch,30,0.467,0.000,,0.47058823529411764
کزغال,تکنیکال-stoch,61,0.443,0.000,,0.4461538461538462
کزغال,تکنیکال-volbrk,33,0.424,0.000,,0.43243243243243246
کزغال,تکنیکال-macd,59,0.424,0.000,,0.42857142857142855
کزغال,تکنیکال-psar,86,0.407,0.000,,0.4111111111111111
کزغال,تکنیکال-trendflow,101,0.396,0.000,,0.4
کزغال,تکنیکال-adx,54,0.389,0.000,,0.39655172413793105
کزغال,تکنیکال-fibo,9,0.333,0.000,,0.38461538461538464
کزغال,تکنیکال-ichi,35,0.371,0.000,,0.38461538461538464
کزغال,تکنیکال-super,30,0.367,0.000,,0.38235294117647056
کزغال,تکنیکال-obv,59,0.373,0.000,,0.38095238095238093
کزغال,تکنیکال-sma,17,0.353,0.000,,0.38095238095238093
کساوه,تکنیکال-obv,44,0.568,0.000,,0.5625
کساوه,تکنیکال-flow_net,91,0.560,0.000,,0.5578947368421052
کساوه,تکنیکال-stoch,50,0.560,0.000,,0.5555555555555556
کساوه,تکنیکال-super,23,0.565,0.000,,0.5555555555555556
کساوه,تکنیکال-donch,31,0.548,0.000,,0.5428571428571428
کساوه,تکنیکال-ichi,26,0.538,0.000,,0.5333333333333333
کساوه,تکنیکال-volbrk,43,0.535,0.000,,0.5319148936170213
کساوه,تکنیکال-flow_bp,74,0.527,0.000,,0.5256410256410257
کساوه,تکنیکال-adx,52,0.519,0.000,,0.5178571428571429
کساوه,تکنیکال-boll,34,0.500,0.000,,0.5
کساوه,تکنیکال-rsi,22,0.500,0.000,,0.5
کساوه,تکنیکال-trendflow,58,0.500,0.000,,0.5
کساوه,تکنیکال-macd,66,0.470,0.000,,0.4714285714285714
کساوه,تکنیکال-fibo,9,0.444,0.000,,0.46153846153846156
کساوه,تکنیکال-sma,24,0.333,0.000,,0.35714285714285715
کساوه,تکنیکال-psar,96,0.344,0.000,,0.35
کساپا,تکنیکال-fibo,14,0.643,0.000,,0.6111111111111112
کساپا,تکنیکال-flow_net,29,0.586,0.000,,0.5757575757575758
کساپا,تکنیکال-boll,31,0.581,0.000,,0.5714285714285714
کساپا,تکنیکال-super,28,0.571,0.000,,0.5625
کساپا,تکنیکال-stoch,73,0.562,0.000,,0.5584415584415584
کساپا,تکنیکال-donch,29,0.552,0.000,,0.5454545454545454
کساپا,تکنیکال-sma,18,0.556,0.000,,0.5454545454545454
کساپا,تکنیکال-flow_bp,48,0.542,0.000,,0.5384615384615384
کساپا,تکنیکال-psar,85,0.518,0.000,,0.5168539325842697
کساپا,تکنیکال-rsi,27,0.519,0.000,,0.5161290322580645
کساپا,تکنیکال-ichi,23,0.478,0.000,,0.48148148148148145
کساپا,تکنیکال-obv,43,0.465,0.000,,0.46808510638297873
کساپا,تکنیکال-macd,63,0.460,0.000,,0.4626865671641791
کساپا,تکنیکال-volbrk,29,0.448,0.000,,0.45454545454545453
کساپا,تکنیکال-adx,50,0.440,0.000,,0.4444444444444444
کساپا,تکنیکال-trendflow,28,0.429,0.000,,0.4375
کسرا,تکنیکال-rsi,27,0.667,0.000,,0.6451612903225806
کسرا,تکنیکال-ichi,25,0.600,0.000,,0.5862068965517241
کسرا,تکنیکال-boll,46,0.587,0.000,,0.58
کسرا,تکنیکال-fibo,10,0.600,0.000,,0.5714285714285714
کسرا,تکنیکال-flow_bp,37,0.568,0.000,,0.5609756097560976
کسرا,تکنیکال-volbrk,34,0.559,0.000,,0.5526315789473685
کسرا,تکنیکال-trendflow,29,0.552,0.000,,0.5454545454545454
کسرا,تکنیکال-sma,24,0.542,0.000,,0.5357142857142857
کسرا,تکنیکال-stoch,77,0.532,0.000,,0.5308641975308642
کسرا,تکنیکال-flow_net,49,0.510,0.000,,0.5094339622641509
کسرا,تکنیکال-donch,34,0.500,0.000,,0.5
کسرا,تکنیکال-macd,68,0.485,0.000,,0.4861111111111111
کسرا,تکنیکال-psar,97,0.443,0.000,,0.44554455445544555
کسرا,تکنیکال-adx,56,0.429,0.000,,0.43333333333333335
کسرا,تکنیکال-super,38,0.421,0.000,,0.42857142857142855
کسرا,تکنیکال-obv,79,0.316,0.000,,0.3253012048192771
کسرام,تکنیکال-stoch,61,0.656,0.000,,0.6461538461538462
کسرام,تکنیکال-flow_net,47,0.638,0.000,,0.6274509803921569
کسرام,تکنیکال-flow_bp,42,0.595,0.000,,0.5869565217391305
کسرام,تکنیکال-fibo,18,0.500,0.000,,0.5
کسرام,تکنیکال-sma,16,0.500,0.000,,0.5
کسرام,تکنیکال-super,31,0.484,0.000,,0.4857142857142857
کسرام,تکنیکال-donch,32,0.469,0.000,,0.4722222222222222
کسرام,تکنیکال-ichi,20,0.450,0.000,,0.4583333333333333
کسرام,تکنیکال-boll,38,0.421,0.000,,0.42857142857142855
کسرام,تکنیکال-volbrk,36,0.389,0.000,,0.4
کسرام,تکنیکال-macd,72,0.389,0.000,,0.39473684210526316
کسرام,تکنیکال-psar,81,0.383,0.000,,0.38823529411764707
کسرام,تکنیکال-adx,43,0.372,0.000,,0.3829787234042553
کسرام,تکنیکال-trendflow,43,0.372,0.000,,0.3829787234042553
کسرام,تکنیکال-rsi,24,0.333,0.000,,0.35714285714285715
کسرام,تکنیکال-obv,52,0.327,0.000,,0.3392857142857143
کسعدی,تکنیکال-sma,14,0.571,0.000,,0.5555555555555556
کسعدی,تکنیکال-super,24,0.542,0.000,,0.5357142857142857
کسعدی,تکنیکال-fibo,13,0.538,0.000,,0.5294117647058824
کسعدی,تکنیکال-stoch,65,0.523,0.000,,0.5217391304347826
کسعدی,تکنیکال-rsi,23,0.522,0.000,,0.5185185185185185
کسعدی,تکنیکال-donch,31,0.516,0.000,,0.5142857142857142
کسعدی,تکنیکال-adx,41,0.512,0.000,,0.5111111111111111
کسعدی,تکنیکال-flow_bp,68,0.485,0.000,,0.4861111111111111
کسعدی,تکنیکال-ichi,33,0.455,0.000,,0.4594594594594595
کسعدی,تکنیکال-psar,100,0.430,0.000,,0.4326923076923077
کسعدی,تکنیکال-obv,45,0.422,0.000,,0.42857142857142855
کسعدی,تکنیکال-boll,37,0.405,0.000,,0.4146341463414634
کسعدی,تکنیکال-volbrk,50,0.400,0.000,,0.4074074074074074
کسعدی,تکنیکال-macd,68,0.397,0.000,,0.4027777777777778
کسعدی,تکنیکال-trendflow,68,0.397,0.000,,0.4027777777777778
کسعدی,تکنیکال-flow_net,70,0.371,0.000,,0.3783783783783784
کشرق,تکنیکال-stoch,40,0.675,0.000,,0.6590909090909091
کشرق,تکنیکال-fibo,10,0.700,0.000,,0.6428571428571429
کشرق,تکنیکال-boll,31,0.645,0.000,,0.6285714285714286
کشرق,تکنیکال-rsi,20,0.650,0.000,,0.625
کشرق,تکنیکال-donch,23,0.609,0.000,,0.5925925925925926
کشرق,تکنیکال-flow_bp,74,0.541,0.000,,0.5384615384615384
کشرق,تکنیکال-sma,23,0.478,0.000,,0.48148148148148145
کشرق,تکنیکال-flow_net,48,0.479,0.000,,0.4807692307692308
کشرق,تکنیکال-adx,46,0.478,0.000,,0.48
کشرق,تکنیکال-trendflow,55,0.473,0.000,,0.4745762711864407
کشرق,تکنیکال-ichi,32,0.469,0.000,,0.4722222222222222
کشرق,تکنیکال-volbrk,44,0.432,0.000,,0.4375
کشرق,تکنیکال-super,19,0.368,0.000,,0.391304347826087
کشرق,تکنیکال-macd,75,0.347,0.000,,0.35443037974683544
کشرق,تکنیکال-psar,113,0.319,0.000,,0.3247863247863248
کشرق,تکنیکال-obv,68,0.279,0.000,,0.2916666666666667
کصدف,تکنیکال-donch,23,0.696,0.000,,0.6666666666666666
کصدف,تکنیکال-sma,17,0.647,0.000,,0.6190476190476191
کصدف,تکنیکال-trendflow,53,0.623,0.000,,0.6140350877192983
کصدف,تکنیکال-flow_bp,65,0.615,0.000,,0.6086956521739131
کصدف,تکنیکال-volbrk,28,0.571,0.000,,0.5625
کصدف,تکنیکال-stoch,45,0.556,0.000,,0.5510204081632653
کصدف,تکنیکال-rsi,20,0.550,0.000,,0.5416666666666666
کصدف,تکنیکال-flow_net,37,0.541,0.000,,0.5365853658536586
کصدف,تکنیکال-ichi,27,0.519,0.000,,0.5161290322580645
کصدف,تکنیکال-adx,41,0.512,0.000,,0.5111111111111111
کصدف,تکنیکال-psar,73,0.507,0.000,,0.5064935064935064
کصدف,تکنیکال-macd,63,0.492,0.000,,0.4925373134328358
کصدف,تکنیکال-super,27,0.481,0.000,,0.4838709677419355
کصدف,تکنیکال-fibo,13,0.462,0.000,,0.47058823529411764
کصدف,تکنیکال-obv,52,0.462,0.000,,0.4642857142857143
کصدف,تکنیکال-boll,23,0.348,0.000,,0.37037037037037035
کطبس,تکنیکال-boll,46,0.630,0.000,,0.62
کطبس,تکنیکال-rsi,23,0.609,0.000,,0.5925925925925926
کطبس,تکنیکال-fibo,13,0.615,0.000,,0.5882352941176471
کطبس,تکنیکال-stoch,60,0.517,0.000,,0.515625
کطبس,تکنیکال-macd,61,0.508,0.000,,0.5076923076923077
کطبس,تکنیکال-sma,20,0.500,0.000,,0.5
کطبس,تکنیکال-trendflow,61,0.475,0.000,,0.47692307692307695
کطبس,تکنیکال-flow_net,126,0.468,0.000,,0.46923076923076923
کطبس,تکنیکال-ichi,27,0.444,0.000,,0.45161290322580644
کطبس,تکنیکال-volbrk,47,0.447,0.000,,0.45098039215686275
کطبس,تکنیکال-flow_bp,96,0.438,0.000,,0.44
کطبس,تکنیکال-psar,108,0.398,0.000,,0.4017857142857143
کطبس,تکنیکال-super,29,0.379,0.000,,0.3939393939393939
کطبس,تکنیکال-obv,63,0.381,0.000,,0.3880597014925373
کطبس,تکنیکال-donch,35,0.343,0.000,,0.358974358974359
کطبس,تکنیکال-adx,47,0.319,0.000,,0.3333333333333333
کفرآور,تکنیکال-donch,26,0.769,0.000,,0.7333333333333333
کفرآور,تکنیکال-super,24,0.750,0.000,,0.7142857142857143
کفرآور,تکنیکال-sma,14,0.714,0.000,,0.6666666666666666
کفرآور,تکنیکال-rsi,21,0.667,0.000,,0.64
کفرآور,تکنیکال-ichi,22,0.591,0.000,,0.5769230769230769
کفرآور,تکنیکال-volbrk,29,0.586,0.000,,0.5757575757575758
کفرآور,تکنیکال-obv,52,0.558,0.000,,0.5535714285714286
کفرآور,تکنیکال-trendflow,64,0.531,0.000,,0.5294117647058824
کفرآور,تکنیکال-macd,57,0.526,0.000,,0.5245901639344263
کفرآور,تکنیکال-adx,42,0.524,0.000,,0.5217391304347826
کفرآور,تکنیکال-psar,96,0.490,0.000,,0.49
کفرآور,تکنیکال-flow_net,83,0.470,0.000,,0.47126436781609193
کفرآور,تکنیکال-stoch,52,0.423,0.000,,0.42857142857142855
کفرآور,تکنیکال-flow_bp,82,0.415,0.000,,0.4186046511627907
کفرآور,تکنیکال-boll,33,0.394,0.000,,0.40540540540540543
کفرآور,تکنیکال-fibo,7,0.143,0.000,,0.2727272727272727
کفرا,تکنیکال-ichi,21,0.714,0.000,,0.68
کفرا,تکنیکال-volbrk,27,0.667,0.000,,0.6451612903225806
کفرا,تکنیکال-adx,36,0.611,0.000,,0.6
کفرا,تکنیکال-boll,26,0.615,0.000,,0.6
کفرا,تکنیکال-trendflow,26,0.615,0.000,,0.6
کفرا,تکنیکال-stoch,56,0.589,0.000,,0.5833333333333334
کفرا,تکنیکال-donch,27,0.593,0.000,,0.5806451612903226
کفرا,تکنیکال-super,27,0.593,0.000,,0.5806451612903226
کفرا,تکنیکال-flow_bp,42,0.571,0.000,,0.5652173913043478
کفرا,تکنیکال-flow_net,61,0.557,0.000,,0.5538461538461539
کفرا,تکنیکال-obv,42,0.548,0.000,,0.5434782608695652
کفرا,تکنیکال-macd,48,0.500,0.000,,0.5
کفرا,تکنیکال-rsi,24,0.500,0.000,,0.5
کفرا,تکنیکال-psar,76,0.487,0.000,,0.4875
کفرا,تکنیکال-sma,18,0.333,0.000,,0.36363636363636365
کفرا,تکنیکال-fibo,9,0.222,0.000,,0.3076923076923077
کفپارس,تکنیکال-flow_bp,59,0.559,0.000,,0.5555555555555556
کفپارس,تکنیکال-volbrk,40,0.550,0.000,,0.5454545454545454
کفپارس,تکنیکال-ichi,30,0.533,0.000,,0.5294117647058824
کفپارس,تکنیکال-donch,36,0.528,0.000,,0.525
کفپارس,تکنیکال-stoch,81,0.519,0.000,,0.5176470588235295
کفپارس,تکنیکال-adx,57,0.491,0.000,,0.4918032786885246
کفپارس,تکنیکال-super,33,0.485,0.000,,0.4864864864864865
کفپارس,تکنیکال-sma,23,0.478,0.000,,0.48148148148148145
کفپارس,تکنیکال-trendflow,45,0.467,0.000,,0.46938775510204084
کفپارس,تکنیکال-boll,39,0.462,0.000,,0.46511627906976744
کفپارس,تکنیکال-macd,75,0.440,0.000,,0.4430379746835443
کفپارس,تکنیکال-psar,99,0.434,0.000,,0.4368932038834951
کفپارس,تکنیکال-fibo,15,0.400,0.000,,0.42105263157894735
کفپارس,تکنیکال-flow_net,49,0.408,0.000,,0.41509433962264153
کفپارس,تکنیکال-obv,67,0.373,0.000,,0.38028169014084506
کفپارس,تکنیکال-rsi,29,0.345,0.000,,0.36363636363636365
کقزوی,تکنیکال-rsi,15,0.600,0.000,,0.5789473684210527
کقزوی,تکنیکال-sma,12,0.583,0.000,,0.5625
کقزوی,تکنیکال-ichi,14,0.571,0.000,,0.5555555555555556
کقزوی,تکنیکال-super,25,0.560,0.000,,0.5517241379310345
کقزوی,تکنیکال-flow_bp,44,0.545,0.000,,0.5416666666666666
کقزوی,تکنیکال-boll,27,0.519,0.000,,0.5161290322580645
کقزوی,تکنیکال-donch,29,0.517,0.000,,0.5151515151515151
کقزوی,تکنیکال-trendflow,38,0.500,0.000,,0.5
کقزوی,تکنیکال-psar,64,0.469,0.000,,0.47058823529411764
کقزوی,تکنیکال-volbrk,29,0.448,0.000,,0.45454545454545453
کقزوی,تکنیکال-adx,36,0.444,0.000,,0.45
کقزوی,تکنیکال-fibo,14,0.429,0.000,,0.4444444444444444
کقزوی,تکنیکال-flow_net,72,0.417,0.000,,0.42105263157894735
کقزوی,تکنیکال-macd,51,0.412,0.000,,0.41818181818181815
کقزوی,تکنیکال-obv,39,0.385,0.000,,0.3953488372093023
کقزوی,تکنیکال-stoch,52,0.346,0.000,,0.35714285714285715
کلر,تکنیکال-stoch,56,0.554,0.000,,0.55
کلر,تکنیکال-boll,34,0.500,0.000,,0.5
کلر,تکنیکال-rsi,16,0.500,0.000,,0.5
کلر,تکنیکال-trendflow,68,0.500,0.000,,0.5
کلر,تکنیکال-fibo,18,0.444,0.000,,0.45454545454545453
کلر,تکنیکال-super,33,0.424,0.000,,0.43243243243243246
کلر,تکنیکال-sma,24,0.417,0.000,,0.42857142857142855
کلر,تکنیکال-volbrk,39,0.410,0.000,,0.4186046511627907
کلر,تکنیکال-macd,78,0.410,0.000,,0.4146341463414634
کلر,تکنیکال-flow_net,89,0.404,0.000,,0.40860215053763443
کلر,تکنیکال-flow_bp,67,0.388,0.000,,0.39436619718309857
کلر,تکنیکال-psar,106,0.377,0.000,,0.38181818181818183
کلر,تکنیکال-adx,62,0.371,0.000,,0.3787878787878788
کلر,تکنیکال-ichi,51,0.353,0.000,,0.36363636363636365
کلر,تکنیکال-donch,42,0.310,0.000,,0.32608695652173914
کلر,تکنیکال-obv,79,0.304,0.000,,0.3132530120481928
کلوند,تکنیکال-rsi,13,0.615,0.000,,0.5882352941176471
کلوند,تکنیکال-boll,25,0.600,0.000,,0.5862068965517241
کلوند,تکنیکال-super,20,0.600,0.000,,0.5833333333333334
کلوند,تکنیکال-fibo,14,0.571,0.000,,0.5555555555555556
کلوند,تکنیکال-stoch,39,0.538,0.000,,0.5348837209302325
کلوند,تکنیکال-macd,64,0.453,0.000,,0.45588235294117646
کلوند,تکنیکال-obv,49,0.449,0.000,,0.4528301886792453
کلوند,تکنیکال-volbrk,37,0.432,0.000,,0.43902439024390244
کلوند,تکنیکال-psar,87,0.414,0.000,,0.4175824175824176
کلوند,تکنیکال-sma,23,0.391,0.000,,0.4074074074074074
کلوند,تکنیکال-flow_bp,64,0.391,0.000,,0.39705882352941174
کلوند,تکنیکال-adx,42,0.381,0.000,,0.391304347826087
کلوند,تکنیکال-flow_net,80,0.375,0.000,,0.38095238095238093
کلوند,تکنیکال-donch,28,0.357,0.000,,0.375
کلوند,تکنیکال-trendflow,58,0.362,0.000,,0.3709677419354839
کلوند,تکنیکال-ichi,43,0.326,0.000,,0.3404255319148936
کماسه,تکنیکال-volbrk,29,0.621,0.000,,0.6060606060606061
کماسه,تکنیکال-donch,31,0.613,0.000,,0.6
کماسه,تکنیکال-ichi,25,0.600,0.000,,0.5862068965517241
کماسه,تکنیکال-super,31,0.581,0.000,,0.5714285714285714
کماسه,تکنیکال-obv,47,0.574,0.000,,0.5686274509803921
کماسه,تکنیکال-macd,62,0.532,0.000,,0.5303030303030303
کماسه,تکنیکال-fibo,17,0.529,0.000,,0.5238095238095238
کماسه,تکنیکال-flow_bp,50,0.520,0.000,,0.5185185185185185
کماسه,تکنیکال-adx,46,0.500,0.000,,0.5
کماسه,تکنیکال-stoch,74,0.500,0.000,,0.5
کماسه,تکنیکال-trendflow,45,0.489,0.000,,0.4897959183673469
کماسه,تکنیکال-psar,97,0.485,0.000,,0.48514851485148514
کماسه,تکنیکال-boll,48,0.479,0.000,,0.4807692307692308
کماسه,تکنیکال-rsi,30,0.467,0.000,,0.47058823529411764
کماسه,تکنیکال-flow_net,47,0.447,0.000,,0.45098039215686275
کماسه,تکنیکال-sma,22,0.364,0.000,,0.38461538461538464
کمرجان,تکنیکال-trendflow,30,0.667,0.000,,0.6470588235294118
کمرجان,تکنیکال-rsi,24,0.667,0.000,,0.6428571428571429
کمرجان,تکنیکال-super,31,0.581,0.000,,0.5714285714285714
کمرجان,تکنیکال-donch,33,0.576,0.000,,0.5675675675675675
کمرجان,تکنیکال-macd,59,0.508,0.000,,0.5079365079365079
کمرجان,تکنیکال-obv,4,0.500,0.000,,0.5
کمرجان,تکنیکال-volbrk,39,0.487,0.000,,0.4883720930232558
کمرجان,تکنیکال-psar,94,0.479,0.000,,0.47959183673469385
کمرجان,تکنیکال-sma,19,0.474,0.000,,0.4782608695652174
کمرجان,تکنیکال-flow_bp,36,0.472,0.000,,0.475
کمرجان,تکنیکال-stoch,69,0.464,0.000,,0.4657534246575342
کمرجان,تکنیکال-ichi,31,0.452,0.000,,0.45714285714285713
کمرجان,تکنیکال-boll,43,0.442,0.000,,0.44680851063829785
کمرجان,تکنیکال-flow_net,44,0.409,0.000,,0.4166666666666667
کمرجان,تکنیکال-fibo,14,0.357,0.000,,0.3888888888888889
کمرجان,تکنیکال-adx,55,0.364,0.000,,0.3728813559322034
کمنگنز,تکنیکال-super,19,0.632,0.000,,0.6086956521739131
کمنگنز,تکنیکال-donch,28,0.571,0.000,,0.5625
کمنگنز,تکنیکال-sma,16,0.562,0.000,,0.55
کمنگنز,تکنیکال-ichi,29,0.517,0.000,,0.5151515151515151
کمنگنز,تکنیکال-volbrk,45,0.511,0.000,,0.5102040816326531
کمنگنز,تکنیکال-macd,65,0.477,0.000,,0.4782608695652174
کمنگنز,تکنیکال-adx,51,0.471,0.000,,0.4727272727272727
کمنگنز,تکنیکال-fibo,7,0.429,0.000,,0.45454545454545453
کمنگنز,تکنیکال-stoch,66,0.439,0.000,,0.44285714285714284
کمنگنز,تکنیکال-flow_bp,53,0.415,0.000,,0.42105263157894735
کمنگنز,تکنیکال-boll,35,0.400,0.000,,0.41025641025641024
کمنگنز,تکنیکال-psar,104,0.394,0.000,,0.39814814814814814
کمنگنز,تکنیکال-flow_net,99,0.394,0.000,,0.39805825242718446
کمنگنز,تکنیکال-obv,72,0.361,0.000,,0.3684210526315789
کمنگنز,تکنیکال-rsi,34,0.353,0.000,,0.3684210526315789
کمنگنز,تکنیکال-trendflow,56,0.286,0.000,,0.3
کمینا,تکنیکال-boll,24,0.667,0.000,,0.6428571428571429
کمینا,تکنیکال-ichi,25,0.600,0.000,,0.5862068965517241
کمینا,تکنیکال-trendflow,47,0.553,0.000,,0.5490196078431373
کمینا,تکنیکال-rsi,26,0.538,0.000,,0.5333333333333333
کمینا,تکنیکال-flow_bp,87,0.517,0.000,,0.5164835164835165
کمینا,تکنیکال-volbrk,29,0.517,0.000,,0.5151515151515151
کمینا,تکنیکال-flow_net,85,0.506,0.000,,0.5056179775280899
کمینا,تکنیکال-fibo,10,0.500,0.000,,0.5
کمینا,تکنیکال-stoch,59,0.492,0.000,,0.49206349206349204
کمینا,تکنیکال-super,31,0.484,0.000,,0.4857142857142857
کمینا,تکنیکال-sma,23,0.478,0.000,,0.48148148148148145
کمینا,تکنیکال-macd,61,0.475,0.000,,0.47692307692307695
کمینا,تکنیکال-adx,48,0.438,0.000,,0.4423076923076923
کمینا,تکنیکال-donch,31,0.419,0.000,,0.42857142857142855
کمینا,تکنیکال-psar,84,0.417,0.000,,0.42045454545454547
کمینا,تکنیکال-obv,52,0.346,0.000,,0.35714285714285715
کنور,تکنیکال-sma,14,0.643,0.000,,0.6111111111111112
کنور,تکنیکال-super,18,0.611,0.000,,0.5909090909090909
کنور,تکنیکال-flow_bp,66,0.561,0.000,,0.5571428571428572
کنور,تکنیکال-trendflow,54,0.556,0.000,,0.5517241379310345
کنور,تکنیکال-donch,16,0.562,0.000,,0.55
کنور,تکنیکال-stoch,38,0.553,0.000,,0.5476190476190477
کنور,تکنیکال-fibo,7,0.571,0.000,,0.5454545454545454
کنور,تکنیکال-flow_net,109,0.532,0.000,,0.5309734513274337
کنور,تکنیکال-adx,42,0.500,0.000,,0.5
کنور,تکنیکال-psar,108,0.491,0.000,,0.49107142857142855
کنور,تکنیکال-obv,48,0.479,0.000,,0.4807692307692308
کنور,تکنیکال-macd,58,0.431,0.000,,0.43548387096774194
کنور,تکنیکال-ichi,29,0.414,0.000,,0.42424242424242425
کنور,تکنیکال-boll,22,0.409,0.000,,0.4230769230769231
کنور,تکنیکال-volbrk,41,0.415,0.000,,0.4222222222222222
کنور,تکنیکال-rsi,20,0.400,0.000,,0.4166666666666667
کهرام,تکنیکال-volbrk,21,0.619,0.000,,0.6
کهرام,تکنیکال-rsi,23,0.609,0.000,,0.5925925925925926
کهرام,تکنیکال-stoch,39,0.590,0.000,,0.5813953488372093
کهرام,تکنیکال-super,22,0.591,0.000,,0.5769230769230769
کهرام,تکنیکال-adx,31,0.548,0.000,,0.5428571428571428
کهرام,تکنیکال-obv,28,0.536,0.000,,0.53125
کهرام,تکنیکال-boll,32,0.531,0.000,,0.5277777777777778
کهرام,تکنیکال-ichi,17,0.529,0.000,,0.5238095238095238
کهرام,تکنیکال-psar,61,0.525,0.000,,0.5230769230769231
کهرام,تکنیکال-flow_bp,79,0.506,0.000,,0.5060240963855421
کهرام,تکنیکال-flow_net,2,0.500,0.000,,0.5
کهرام,تکنیکال-macd,54,0.481,0.000,,0.4827586206896552
کهرام,تکنیکال-trendflow,25,0.480,0.000,,0.4827586206896552
کهرام,تکنیکال-fibo,7,0.429,0.000,,0.45454545454545453
کهرام,تکنیکال-donch,24,0.417,0.000,,0.42857142857142855
کهرام,تکنیکال-sma,17,0.412,0.000,,0.42857142857142855
کهمدا,تکنیکال-rsi,28,0.571,0.000,,0.5625
کهمدا,تکنیکال-flow_bp,67,0.552,0.000,,0.5492957746478874
کهمدا,تکنیکال-boll,42,0.548,0.000,,0.5434782608695652
کهمدا,تکنیکال-flow_net,79,0.468,0.000,,0.46987951807228917
کهمدا,تکنیکال-volbrk,50,0.460,0.000,,0.46296296296296297
کهمدا,تکنیکال-stoch,61,0.459,0.000,,0.46153846153846156
کهمدا,تکنیکال-sma,23,0.435,0.000,,0.4444444444444444
کهمدا,تکنیکال-adx,54,0.426,0.000,,0.43103448275862066
کهمدا,تکنیکال-trendflow,36,0.417,0.000,,0.425
کهمدا,تکنیکال-psar,97,0.402,0.000,,0.40594059405940597
کهمدا,تکنیکال-donch,37,0.378,0.000,,0.3902439024390244
کهمدا,تکنیکال-super,31,0.355,0.000,,0.37142857142857144
کهمدا,تکنیکال-macd,81,0.358,0.000,,0.36470588235294116
کهمدا,تکنیکال-ichi,35,0.343,0.000,,0.358974358974359
کهمدا,تکنیکال-obv,59,0.339,0.000,,0.3492063492063492
کهمدا,تکنیکال-fibo,11,0.091,0.000,,0.2
کوثر,تکنیکال-boll,34,0.706,0.000,,0.6842105263157895
کوثر,تکنیکال-volbrk,29,0.655,0.000,,0.6363636363636364
کوثر,تکنیکال-stoch,62,0.565,0.000,,0.5606060606060606
کوثر,تکنیکال-donch,25,0.520,0.000,,0.5172413793103449
کوثر,تکنیکال-rsi,25,0.520,0.000,,0.5172413793103449
کوثر,تکنیکال-flow_bp,62,0.516,0.000,,0.5151515151515151
کوثر,تکنیکال-fibo,13,0.462,0.000,,0.47058823529411764
کوثر,تکنیکال-macd,63,0.460,0.000,,0.4626865671641791
کوثر,تکنیکال-flow_net,77,0.455,0.000,,0.4567901234567901
کوثر,تکنیکال-ichi,33,0.424,0.000,,0.43243243243243246
کوثر,تکنیکال-trendflow,43,0.419,0.000,,0.425531914893617
کوثر,تکنیکال-super,33,0.394,0.000,,0.40540540540540543
کوثر,تکنیکال-psar,92,0.391,0.000,,0.3958333333333333
کوثر,تکنیکال-obv,73,0.384,0.000,,0.38961038961038963
کوثر,تکنیکال-adx,59,0.373,0.000,,0.38095238095238093
کوثر,تکنیکال-sma,25,0.200,0.000,,0.2413793103448276
کورز,تکنیکال-donch,11,0.727,0.000,,0.6666666666666666
کورز,تکنیکال-volbrk,17,0.647,0.000,,0.6190476190476191
کورز,تکنیکال-obv,17,0.588,0.000,,0.5714285714285714
کورز,تکنیکال-sma,5,0.600,0.000,,0.5555555555555556
کورز,تکنیکال-stoch,23,0.565,0.000,,0.5555555555555556
کورز,تکنیکال-super,9,0.556,0.000,,0.5384615384615384
کورز,تکنیکال-psar,45,0.533,0.000,,0.5306122448979592
کورز,تکنیکال-flow_bp,52,0.500,0.000,,0.5
کورز,تکنیکال-trendflow,23,0.478,0.000,,0.48148148148148145
کورز,تکنیکال-boll,19,0.474,0.000,,0.4782608695652174
کورز,تکنیکال-adx,23,0.435,0.000,,0.4444444444444444
کورز,تکنیکال-flow_net,3,0.333,0.000,,0.42857142857142855
کورز,تکنیکال-rsi,10,0.400,0.000,,0.42857142857142855
کورز,تکنیکال-macd,30,0.400,0.000,,0.4117647058823529
کورز,تکنیکال-fibo,1,0.000,0.000,,0.4
کورز,تکنیکال-ichi,17,0.294,0.000,,0.3333333333333333
کویر,تکنیکال-rsi,28,0.643,0.000,,0.625
کویر,تکنیکال-boll,38,0.632,0.000,,0.6190476190476191
کویر,تکنیکال-stoch,64,0.547,0.000,,0.5441176470588235
کویر,تکنیکال-fibo,11,0.545,0.000,,0.5333333333333333
کویر,تکنیکال-macd,64,0.516,0.000,,0.5147058823529411
کویر,تکنیکال-psar,95,0.505,0.000,,0.5050505050505051
کویر,تکنیکال-adx,57,0.491,0.000,,0.4918032786885246
کویر,تکنیکال-flow_net,88,0.489,0.000,,0.4891304347826087
کویر,تکنیکال-flow_bp,74,0.486,0.000,,0.48717948717948717
کویر,تکنیکال-volbrk,44,0.432,0.000,,0.4375
کویر,تکنیکال-sma,24,0.417,0.000,,0.42857142857142855
کویر,تکنیکال-super,32,0.406,0.000,,0.4166666666666667
کویر,تکنیکال-donch,35,0.400,0.000,,0.41025641025641024
کویر,تکنیکال-ichi,35,0.371,0.000,,0.38461538461538464
کویر,تکنیکال-trendflow,48,0.354,0.000,,0.36538461538461536
کویر,تکنیکال-obv,68,0.353,0.000,,0.3611111111111111
کپارس,تکنیکال-boll,36,0.667,0.000,,0.65
کپارس,تکنیکال-rsi,25,0.600,0.000,,0.5862068965517241
کپارس,تکنیکال-flow_net,68,0.588,0.000,,0.5833333333333334
کپارس,تکنیکال-donch,35,0.543,0.000,,0.5384615384615384
کپارس,تکنیکال-adx,43,0.512,0.000,,0.5106382978723404
کپارس,تکنیکال-stoch,51,0.510,0.000,,0.509090909090909
کپارس,تکنیکال-volbrk,44,0.500,0.000,,0.5
کپارس,تکنیکال-macd,81,0.494,0.000,,0.49411764705882355
کپارس,تکنیکال-flow_bp,51,0.490,0.000,,0.4909090909090909
کپارس,تکنیکال-psar,81,0.469,0.000,,0.47058823529411764
کپارس,تکنیکال-ichi,31,0.452,0.000,,0.45714285714285713
کپارس,تکنیکال-obv,63,0.444,0.000,,0.44776119402985076
کپارس,تکنیکال-trendflow,34,0.412,0.000,,0.42105263157894735
کپارس,تکنیکال-super,31,0.387,0.000,,0.4
کپارس,تکنیکال-sma,21,0.333,0.000,,0.36
کپارس,تکنیکال-fibo,6,0.167,0.000,,0.3
کپرور,تکنیکال-donch,30,0.600,0.000,,0.5882352941176471
کپرور,تکنیکال-stoch,65,0.585,0.000,,0.5797101449275363
کپرور,تکنیکال-trendflow,54,0.537,0.000,,0.5344827586206896
کپرور,تکنیکال-volbrk,40,0.525,0.000,,0.5227272727272727
کپرور,تکنیکال-boll,43,0.512,0.000,,0.5106382978723404
کپرور,تکنیکال-flow_bp,96,0.510,0.000,,0.51
کپرور,تکنیکال-flow_net,122,0.508,0.000,,0.5079365079365079
کپرور,تکنیکال-macd,69,0.420,0.000,,0.4246575342465753
کپرور,تکنیکال-super,32,0.406,0.000,,0.4166666666666667
کپرور,تکنیکال-ichi,30,0.400,0.000,,0.4117647058823529
کپرور,تکنیکال-rsi,28,0.393,0.000,,0.40625
کپرور,تکنیکال-obv,65,0.400,0.000,,0.4057971014492754
کپرور,تکنیکال-adx,59,0.390,0.000,,0.3968253968253968
کپرور,تکنیکال-sma,22,0.364,0.000,,0.38461538461538464
کپرور,تکنیکال-psar,111,0.351,0.000,,0.3565217391304348
کپرور,تکنیکال-fibo,16,0.250,0.000,,0.3
کپشیر,تکنیکال-volbrk,34,0.500,0.000,,0.5
کپشیر,تکنیکال-boll,35,0.486,0.000,,0.48717948717948717
کپشیر,تکنیکال-macd,62,0.484,0.000,,0.48484848484848486
کپشیر,تکنیکال-donch,30,0.467,0.000,,0.47058823529411764
کپشیر,تکنیکال-flow_bp,44,0.455,0.000,,0.4583333333333333
کپشیر,تکنیکال-flow_net,73,0.452,0.000,,0.45454545454545453
کپشیر,تکنیکال-sma,18,0.444,0.000,,0.45454545454545453
کپشیر,تکنیکال-stoch,54,0.444,0.000,,0.4482758620689655
کپشیر,تکنیکال-obv,52,0.442,0.000,,0.44642857142857145
کپشیر,تکنیکال-super,28,0.429,0.000,,0.4375
کپشیر,تکنیکال-rsi,24,0.417,0.000,,0.42857142857142855
کپشیر,تکنیکال-adx,41,0.415,0.000,,0.4222222222222222
کپشیر,تکنیکال-ichi,38,0.395,0.000,,0.40476190476190477
کپشیر,تکنیکال-trendflow,44,0.386,0.000,,0.3958333333333333
کپشیر,تکنیکال-psar,83,0.373,0.000,,0.3793103448275862
کپشیر,تکنیکال-fibo,4,0.250,0.000,,0.375
کچاد,تکنیکال-stoch,54,0.537,0.000,,0.5344827586206896
کچاد,تکنیکال-rsi,17,0.529,0.000,,0.5238095238095238
کچاد,تکنیکال-psar,95,0.516,0.000,,0.5151515151515151
کچاد,تکنیکال-boll,35,0.514,0.000,,0.5128205128205128
کچاد,تکنیکال-flow_bp,49,0.510,0.000,,0.5094339622641509
کچاد,تکنیکال-macd,53,0.509,0.000,,0.5087719298245614
کچاد,تکنیکال-obv,10,0.500,0.000,,0.5
کچاد,تکنیکال-flow_net,115,0.478,0.000,,0.4789915966386555
کچاد,تکنیکال-ichi,36,0.472,0.000,,0.475
کچاد,تکنیکال-sma,23,0.435,0.000,,0.4444444444444444
کچاد,تکنیکال-adx,46,0.435,0.000,,0.44
کچاد,تکنیکال-trendflow,24,0.417,0.000,,0.42857142857142855
کچاد,تکنیکال-donch,32,0.406,0.000,,0.4166666666666667
کچاد,تکنیکال-super,32,0.375,0.000,,0.3888888888888889
کچاد,تکنیکال-volbrk,43,0.326,0.000,,0.3404255319148936
کچاد,تکنیکال-fibo,12,0.167,0.000,,0.25
کگاز,تکنیکال-ichi,26,0.615,0.000,,0.6
کگاز,تکنیکال-sma,26,0.615,0.000,,0.6
کگاز,تکنیکال-flow_bp,95,0.568,0.000,,0.5656565656565656
کگاز,تکنیکال-donch,36,0.556,0.000,,0.55
کگاز,تکنیکال-obv,53,0.547,0.000,,0.543859649122807
کگاز,تکنیکال-psar,100,0.520,0.000,,0.5192307692307693
کگاز,تکنیکال-volbrk,43,0.512,0.000,,0.5106382978723404
کگاز,تکنیکال-stoch,65,0.508,0.000,,0.5072463768115942
کگاز,تکنیکال-macd,67,0.493,0.000,,0.49295774647887325
کگاز,تکنیکال-boll,39,0.487,0.000,,0.4883720930232558
کگاز,تکنیکال-rsi,33,0.485,0.000,,0.4864864864864865
کگاز,تکنیکال-super,33,0.485,0.000,,0.4864864864864865
کگاز,تکنیکال-flow_net,101,0.485,0.000,,0.4857142857142857
کگاز,تکنیکال-trendflow,56,0.446,0.000,,0.45
کگاز,تکنیکال-adx,54,0.444,0.000,,0.4482758620689655
کگاز,تکنیکال-fibo,18,0.389,0.000,,0.4090909090909091
کگل,تکنیکال-stoch,45,0.600,0.000,,0.5918367346938775
کگل,تکنیکال-boll,36,0.583,0.000,,0.575
کگل,تکنیکال-flow_bp,41,0.561,0.000,,0.5555555555555556
کگل,تکنیکال-rsi,22,0.500,0.000,,0.5
کگل,تکنیکال-super,22,0.500,0.000,,0.5
کگل,تکنیکال-adx,54,0.463,0.000,,0.46551724137931033
کگل,تکنیکال-fibo,9,0.444,0.000,,0.46153846153846156
کگل,تکنیکال-volbrk,34,0.441,0.000,,0.4473684210526316
کگل,تکنیکال-flow_net,92,0.435,0.000,,0.4375
کگل,تکنیکال-sma,20,0.400,0.000,,0.4166666666666667
کگل,تکنیکال-donch,28,0.393,0.000,,0.40625
کگل,تکنیکال-ichi,33,0.394,0.000,,0.40540540540540543
کگل,تکنیکال-psar,86,0.395,0.000,,0.4
کگل,تکنیکال-trendflow,31,0.387,0.000,,0.4
کگل,تکنیکال-macd,73,0.370,0.000,,0.37662337662337664
کگل,تکنیکال-obv,13,0.308,0.000,,0.35294117647058826
کگهر,تکنیکال-rsi,22,0.773,0.000,,0.7307692307692307
کگهر,تکنیکال-super,16,0.625,0.000,,0.6
کگهر,تکنیکال-macd,48,0.562,0.000,,0.5576923076923077
کگهر,تکنیکال-ichi,38,0.526,0.000,,0.5238095238095238
کگهر,تکنیکال-obv,38,0.526,0.000,,0.5238095238095238
کگهر,تکنیکال-flow_net,86,0.523,0.000,,0.5222222222222223
کگهر,تکنیکال-trendflow,42,0.500,0.000,,0.5
کگهر,تکنیکال-volbrk,38,0.500,0.000,,0.5
کگهر,تکنیکال-adx,49,0.469,0.000,,0.4716981132075472
کگهر,تکنیکال-boll,28,0.464,0.000,,0.46875
کگهر,تکنیکال-sma,22,0.455,0.000,,0.46153846153846156
کگهر,تکنیکال-psar,105,0.457,0.000,,0.45871559633027525
کگهر,تکنیکال-flow_bp,82,0.451,0.000,,0.45348837209302323
کگهر,تکنیکال-donch,21,0.381,0.000,,0.4
کگهر,تکنیکال-stoch,20,0.350,0.000,,0.375
کگهر,تکنیکال-fibo,5,0.200,0.000,,0.3333333333333333
کیا,تکنیکال-stoch,23,0.696,0.000,,0.6666666666666666
کیا,تکنیکال-fibo,10,0.500,0.000,,0.5
کیا,تکنیکال-sma,6,0.500,0.000,,0.5
کیا,تکنیکال-flow_bp,32,0.469,0.000,,0.4722222222222222
کیا,تکنیکال-flow_net,49,0.469,0.000,,0.4716981132075472
کیا,تکنیکال-macd,33,0.455,0.000,,0.4594594594594595
کیا,تکنیکال-psar,49,0.449,0.000,,0.4528301886792453
کیا,تکنیکال-adx,17,0.412,0.000,,0.42857142857142855
کیا,تکنیکال-donch,17,0.412,0.000,,0.42857142857142855
کیا,تکنیکال-volbrk,17,0.412,0.000,,0.42857142857142855
کیا,تکنیکال-boll,18,0.389,0.000,,0.4090909090909091
کیا,تکنیکال-ichi,11,0.364,0.000,,0.4
کیا,تکنیکال-obv,31,0.387,0.000,,0.4
کیا,تکنیکال-rsi,11,0.364,0.000,,0.4
کیا,تکنیکال-trendflow,27,0.370,0.000,,0.3870967741935484
کیا,تکنیکال-super,13,0.308,0.000,,0.35294117647058826
کیانا,تکنیکال-trendflow,3,1.000,0.000,,0.7142857142857143
کیانا,تکنیکال-donch,2,1.000,0.000,,0.6666666666666666
کیانا,تکنیکال-obv,2,1.000,0.000,,0.6666666666666666
کیانا,تکنیکال-super,2,1.000,0.000,,0.6666666666666666
کیانا,تکنیکال-volbrk,2,1.000,0.000,,0.6666666666666666
کیانا,تکنیکال-macd,4,0.750,0.000,,0.625
کیانا,تکنیکال-stoch,1,1.000,0.000,,0.6
کیانا,تکنیکال-flow_net,8,0.625,0.000,,0.5833333333333334
کیانا,تکنیکال-flow_bp,12,0.583,0.000,,0.5625
کیانا,تکنیکال-adx,2,0.500,0.000,,0.5
کیانا,تکنیکال-boll,0,,0.000,,0.5
کیانا,تکنیکال-fibo,0,,0.000,,0.5
کیانا,تکنیکال-ichi,2,0.500,0.000,,0.5
کیانا,تکنیکال-psar,4,0.500,0.000,,0.5
کیانا,تکنیکال-rsi,0,,0.000,,0.5
کیانا,تکنیکال-sma,0,,0.000,,0.5
کیبیسی,تکنیکال-donch,30,0.667,0.000,,0.6470588235294118
کیبیسی,تکنیکال-super,33,0.606,0.000,,0.5945945945945946
کیبیسی,تکنیکال-ichi,25,0.600,0.000,,0.5862068965517241
کیبیسی,تکنیکال-obv,60,0.583,0.000,,0.578125
کیبیسی,تکنیکال-rsi,26,0.577,0.000,,0.5666666666666667
کیبیسی,تکنیکال-volbrk,43,0.558,0.000,,0.5531914893617021
کیبیسی,تکنیکال-flow_bp,64,0.516,0.000,,0.5147058823529411
کیبیسی,تکنیکال-boll,33,0.515,0.000,,0.5135135135135135
کیبیسی,تکنیکال-adx,60,0.500,0.000,,0.5
کیبیسی,تکنیکال-psar,96,0.500,0.000,,0.5
کیبیسی,تکنیکال-macd,65,0.492,0.000,,0.4927536231884058
کیبیسی,تکنیکال-flow_net,112,0.491,0.000,,0.49137931034482757
کیبیسی,تکنیکال-stoch,68,0.485,0.000,,0.4861111111111111
کیبیسی,تکنیکال-fibo,16,0.438,0.000,,0.45
کیبیسی,تکنیکال-sma,22,0.409,0.000,,0.4230769230769231
کیبیسی,تکنیکال-trendflow,53,0.396,0.000,,0.40350877192982454
کیسون,تکنیکال-trendflow,4,1.000,0.000,,0.75
کیسون,تکنیکال-flow_bp,2,1.000,0.000,,0.6666666666666666
کیسون,تکنیکال-donch,31,0.645,0.000,,0.6285714285714286
کیسون,تکنیکال-volbrk,29,0.621,0.000,,0.6060606060606061
کیسون,تکنیکال-flow_net,16,0.625,0.000,,0.6
کیسون,تکنیکال-ichi,21,0.571,0.000,,0.56
کیسون,تکنیکال-boll,38,0.553,0.000,,0.5476190476190477
کیسون,تکنیکال-obv,46,0.500,0.000,,0.5
کیسون,تکنیکال-psar,79,0.494,0.000,,0.4939759036144578
کیسون,تکنیکال-macd,61,0.492,0.000,,0.49230769230769234
کیسون,تکنیکال-super,33,0.485,0.000,,0.4864864864864865
کیسون,تکنیکال-stoch,75,0.467,0.000,,0.46835443037974683
کیسون,تکنیکال-fibo,14,0.429,0.000,,0.4444444444444444
کیسون,تکنیکال-adx,45,0.422,0.000,,0.42857142857142855
کیسون,تکنیکال-rsi,27,0.407,0.000,,0.41935483870967744
کیسون,تکنیکال-sma,19,0.368,0.000,,0.391304347826087
کیمیا,تکنیکال-donch,27,0.704,0.000,,0.6774193548387096
کیمیا,تکنیکال-super,22,0.636,0.000,,0.6153846153846154
کیمیا,تکنیکال-flow_bp,48,0.583,0.000,,0.5769230769230769
کیمیا,تکنیکال-stoch,69,0.565,0.000,,0.5616438356164384
کیمیا,تکنیکال-sma,21,0.524,0.000,,0.52
کیمیا,تکنیکال-flow_net,60,0.517,0.000,,0.515625
کیمیا,تکنیکال-volbrk,33,0.515,0.000,,0.5135135135135135
کیمیا,تکنیکال-fibo,16,0.500,0.000,,0.5
کیمیا,تکنیکال-adx,48,0.479,0.000,,0.4807692307692308
کیمیا,تکنیکال-boll,42,0.476,0.000,,0.4782608695652174
کیمیا,تکنیکال-rsi,28,0.464,0.000,,0.46875
کیمیا,تکنیکال-ichi,26,0.462,0.000,,0.4666666666666667
کیمیا,تکنیکال-psar,88,0.455,0.000,,0.45652173913043476
کیمیا,تکنیکال-trendflow,21,0.429,0.000,,0.44
کیمیا,تکنیکال-obv,63,0.413,0.000,,0.417910447761194
کیمیا,تکنیکال-macd,71,0.408,0.000,,0.41333333333333333
کیمیاتک,تکنیکال-boll,13,0.615,0.000,,0.5882352941176471
کیمیاتک,تکنیکال-stoch,28,0.571,0.000,,0.5625
کیمیاتک,تکنیکال-sma,16,0.562,0.000,,0.55
کیمیاتک,تکنیکال-super,13,0.538,0.000,,0.5294117647058824
کیمیاتک,تکنیکال-adx,35,0.514,0.000,,0.5128205128205128
کیمیاتک,تکنیکال-flow_bp,187,0.481,0.000,,0.4816753926701571
کیمیاتک,تکنیکال-donch,19,0.474,0.000,,0.4782608695652174
کیمیاتک,تکنیکال-rsi,11,0.455,0.000,,0.4666666666666667
کیمیاتک,تکنیکال-fibo,7,0.429,0.000,,0.45454545454545453
کیمیاتک,تکنیکال-trendflow,118,0.449,0.000,,0.45081967213114754
کیمیاتک,تکنیکال-psar,85,0.447,0.000,,0.449438202247191
کیمیاتک,تکنیکال-flow_net,72,0.444,0.000,,0.4473684210526316
کیمیاتک,تکنیکال-macd,57,0.404,0.000,,0.4098360655737705
کیمیاتک,تکنیکال-ichi,33,0.394,0.000,,0.40540540540540543
کیمیاتک,تکنیکال-volbrk,37,0.378,0.000,,0.3902439024390244
کیمیاتک,تکنیکال-obv,45,0.267,0.000,,0.2857142857142857
گدنا,تکنیکال-boll,40,0.600,0.000,,0.5909090909090909
گدنا,تکنیکال-fibo,13,0.538,0.000,,0.5294117647058824
گدنا,تکنیکال-adx,47,0.511,0.000,,0.5098039215686274
گدنا,تکنیکال-stoch,69,0.493,0.000,,0.4931506849315068
گدنا,تکنیکال-volbrk,43,0.488,0.000,,0.48936170212765956
گدنا,تکنیکال-psar,95,0.474,0.000,,0.47474747474747475
گدنا,تکنیکال-donch,34,0.471,0.000,,0.47368421052631576
گدنا,تکنیکال-rsi,34,0.471,0.000,,0.47368421052631576
گدنا,تکنیکال-ichi,28,0.464,0.000,,0.46875
گدنا,تکنیکال-trendflow,74,0.459,0.000,,0.46153846153846156
گدنا,تکنیکال-macd,66,0.455,0.000,,0.45714285714285713
گدنا,تکنیکال-flow_net,36,0.444,0.000,,0.45
گدنا,تکنیکال-flow_bp,190,0.447,0.000,,0.4484536082474227
گدنا,تکنیکال-super,36,0.417,0.000,,0.425
گدنا,تکنیکال-sma,28,0.357,0.000,,0.375
گدنا,تکنیکال-obv,63,0.365,0.000,,0.373134328358209
گشان,تکنیکال-fibo,17,0.765,0.000,,0.7142857142857143
گشان,تکنیکال-donch,35,0.571,0.000,,0.5641025641025641
گشان,تکنیکال-stoch,72,0.542,0.000,,0.5394736842105263
گشان,تکنیکال-boll,28,0.536,0.000,,0.53125
گشان,تکنیکال-rsi,27,0.519,0.000,,0.5161290322580645
گشان,تکنیکال-macd,51,0.510,0.000,,0.509090909090909
گشان,تکنیکال-psar,76,0.487,0.000,,0.4875
گشان,تکنیکال-flow_bp,63,0.476,0.000,,0.47761194029850745
گشان,تکنیکال-obv,64,0.453,0.000,,0.45588235294117646
گشان,تکنیکال-super,36,0.444,0.000,,0.45
گشان,تکنیکال-trendflow,57,0.421,0.000,,0.4262295081967213
گشان,تکنیکال-flow_net,43,0.395,0.000,,0.40425531914893614
گشان,تکنیکال-adx,49,0.367,0.000,,0.37735849056603776
گشان,تکنیکال-volbrk,41,0.341,0.000,,0.35555555555555557
گشان,تکنیکال-ichi,29,0.310,0.000,,0.3333333333333333
گشان,تکنیکال-sma,18,0.167,0.000,,0.22727272727272727
گلدیرا,تکنیکال-boll,10,0.600,0.000,,0.5714285714285714
گلدیرا,تکنیکال-adx,18,0.556,0.000,,0.5454545454545454
گلدیرا,تکنیکال-macd,15,0.533,0.000,,0.5263157894736842
گلدیرا,تکنیکال-fibo,2,0.500,0.000,,0.5
گلدیرا,تکنیکال-ichi,4,0.500,0.000,,0.5
گلدیرا,تکنیکال-obv,22,0.500,0.000,,0.5
گلدیرا,تکنیکال-sma,6,0.500,0.000,,0.5
گلدیرا,تکنیکال-stoch,22,0.500,0.000,,0.5
گلدیرا,تکنیکال-psar,25,0.480,0.000,,0.4827586206896552
گلدیرا,تکنیکال-flow_bp,19,0.474,0.000,,0.4782608695652174
گلدیرا,تکنیکال-rsi,9,0.444,0.000,,0.46153846153846156
گلدیرا,تکنیکال-super,10,0.400,0.000,,0.42857142857142855
گلدیرا,تکنیکال-donch,8,0.375,0.000,,0.4166666666666667
گلدیرا,تکنیکال-trendflow,8,0.375,0.000,,0.4166666666666667
گلدیرا,تکنیکال-volbrk,8,0.375,0.000,,0.4166666666666667
گلدیرا,تکنیکال-flow_net,16,0.250,0.000,,0.3
گنگین,تکنیکال-rsi,15,0.800,0.000,,0.7368421052631579
گنگین,تکنیکال-fibo,15,0.733,0.000,,0.6842105263157895
گنگین,تکنیکال-volbrk,25,0.640,0.000,,0.6206896551724138
گنگین,تکنیکال-ichi,24,0.583,0.000,,0.5714285714285714
گنگین,تکنیکال-sma,15,0.533,0.000,,0.5263157894736842
گنگین,تکنیکال-macd,45,0.511,0.000,,0.5102040816326531
گنگین,تکنیکال-donch,18,0.500,0.000,,0.5
گنگین,تکنیکال-stoch,34,0.500,0.000,,0.5
گنگین,تکنیکال-flow_bp,78,0.487,0.000,,0.4878048780487805
گنگین,تکنیکال-adx,46,0.478,0.000,,0.48
گنگین,تکنیکال-flow_net,59,0.475,0.000,,0.47619047619047616
گنگین,تکنیکال-obv,37,0.459,0.000,,0.4634146341463415
گنگین,تکنیکال-psar,76,0.408,0.000,,0.4125
گنگین,تکنیکال-trendflow,53,0.340,0.000,,0.3508771929824561
گنگین,تکنیکال-super,17,0.294,0.000,,0.3333333333333333
گنگین,تکنیکال-boll,21,0.286,0.000,,0.32
گوهران,تکنیکال-fibo,10,0.700,0.000,,0.6428571428571429
گوهران,تکنیکال-rsi,14,0.643,0.000,,0.6111111111111112
گوهران,تکنیکال-super,14,0.643,0.000,,0.6111111111111112
گوهران,تکنیکال-sma,26,0.615,0.000,,0.6
گوهران,تکنیکال-stoch,29,0.552,0.000,,0.5454545454545454
گوهران,تکنیکال-macd,53,0.547,0.000,,0.543859649122807
گوهران,تکنیکال-donch,26,0.538,0.000,,0.5333333333333333
گوهران,تکنیکال-volbrk,43,0.488,0.000,,0.48936170212765956
گوهران,تکنیکال-boll,21,0.476,0.000,,0.48
گوهران,تکنیکال-flow_net,86,0.465,0.000,,0.4666666666666667
گوهران,تکنیکال-flow_bp,98,0.459,0.000,,0.46078431372549017
گوهران,تکنیکال-psar,100,0.430,0.000,,0.4326923076923077
گوهران,تکنیکال-ichi,39,0.410,0.000,,0.4186046511627907
گوهران,تکنیکال-trendflow,73,0.397,0.000,,0.4025974025974026
گوهران,تکنیکال-adx,57,0.351,0.000,,0.36065573770491804
گوهران,تکنیکال-obv,54,0.333,0.000,,0.3448275862068966
گپارس,تکنیکال-rsi,17,0.706,0.000,,0.6666666666666666
گپارس,تکنیکال-super,17,0.706,0.000,,0.6666666666666666
گپارس,تکنیکال-stoch,32,0.625,0.000,,0.6111111111111112
گپارس,تکنیکال-boll,28,0.607,0.000,,0.59375
گپارس,تکنیکال-donch,20,0.550,0.000,,0.5416666666666666
گپارس,تکنیکال-flow_bp,83,0.542,0.000,,0.5402298850574713
گپارس,تکنیکال-psar,73,0.521,0.000,,0.5194805194805194
گپارس,تکنیکال-fibo,8,0.500,0.000,,0.5
گپارس,تکنیکال-sma,18,0.500,0.000,,0.5
گپارس,تکنیکال-trendflow,47,0.489,0.000,,0.49019607843137253
گپارس,تکنیکال-macd,44,0.477,0.000,,0.4791666666666667
گپارس,تکنیکال-ichi,19,0.474,0.000,,0.4782608695652174
گپارس,تکنیکال-obv,32,0.438,0.000,,0.4444444444444444
گپارس,تکنیکال-adx,37,0.432,0.000,,0.43902439024390244
گپارس,تکنیکال-flow_net,31,0.419,0.000,,0.42857142857142855
گپارس,تکنیکال-volbrk,39,0.333,0.000,,0.3488372093023256
گکوثر,تکنیکال-stoch,54,0.611,0.000,,0.603448275862069
گکوثر,تکنیکال-fibo,13,0.615,0.000,,0.5882352941176471
گکوثر,تکنیکال-boll,31,0.581,0.000,,0.5714285714285714
گکوثر,تکنیکال-rsi,16,0.562,0.000,,0.55
گکوثر,تکنیکال-flow_bp,90,0.522,0.000,,0.5212765957446809
گکوثر,تکنیکال-flow_net,55,0.509,0.000,,0.5084745762711864
گکوثر,تکنیکال-sma,22,0.500,0.000,,0.5
گکوثر,تکنیکال-super,27,0.481,0.000,,0.4838709677419355
گکوثر,تکنیکال-psar,102,0.461,0.000,,0.46226415094339623
گکوثر,تکنیکال-donch,30,0.433,0.000,,0.4411764705882353
گکوثر,تکنیکال-ichi,33,0.424,0.000,,0.43243243243243246
گکوثر,تکنیکال-macd,68,0.412,0.000,,0.4166666666666667
گکوثر,تکنیکال-volbrk,40,0.400,0.000,,0.4090909090909091
گکوثر,تکنیکال-trendflow,72,0.403,0.000,,0.40789473684210525
گکوثر,تکنیکال-obv,64,0.391,0.000,,0.39705882352941174
گکوثر,تکنیکال-adx,48,0.375,0.000,,0.38461538461538464
گکیش,تکنیکال-flow_net,28,0.643,0.000,,0.625
گکیش,تکنیکال-donch,18,0.611,0.000,,0.5909090909090909
گکیش,تکنیکال-super,18,0.611,0.000,,0.5909090909090909
گکیش,تکنیکال-flow_bp,67,0.582,0.000,,0.5774647887323944
گکیش,تکنیکال-obv,35,0.571,0.000,,0.5641025641025641
گکیش,تکنیکال-fibo,7,0.571,0.000,,0.5454545454545454
گکیش,تکنیکال-volbrk,29,0.552,0.000,,0.5454545454545454
گکیش,تکنیکال-psar,81,0.543,0.000,,0.5411764705882353
گکیش,تکنیکال-rsi,30,0.533,0.000,,0.5294117647058824
گکیش,تکنیکال-boll,32,0.531,0.000,,0.5277777777777778
گکیش,تکنیکال-sma,15,0.533,0.000,,0.5263157894736842
گکیش,تکنیکال-adx,40,0.525,0.000,,0.5227272727272727
گکیش,تکنیکال-macd,46,0.522,0.000,,0.52
گکیش,تکنیکال-ichi,18,0.500,0.000,,0.5
گکیش,تکنیکال-trendflow,42,0.500,0.000,,0.5
گکیش,تکنیکال-stoch,54,0.481,0.000,,0.4827586206896552
