sym,date,n_long,buy_today,sell_today,m_sma,m_macd,m_rsi,m_boll,m_donch,m_ichi,m_super,m_psar,m_stoch,m_adx,m_fibo,m_flow_bp,m_flow_net,m_volbrk,m_trendflow,m_obv,divergence
فجر,2026-10-10,10,"donch,trendflow",boll,long,long,flat,sell_today,buy_today,long,long,long,flat,long,flat,flat,flat,long,buy_today,long,واگرایی منفی (سقف بالاتر قیمت): RSI، پول حقیقی
فجهان,2026-10-10,10,donch,boll,long,long,flat,sell_today,buy_today,long,long,long,flat,long,flat,flat,flat,long,long,long,واگرایی منفی (سقف بالاتر قیمت): RSI، MACD، پول حقیقی
فخاس,2026-10-10,12,"donch,flow_net,volbrk",,long,long,flat,flat,buy_today,long,long,long,flat,long,flat,long,buy_today,buy_today,long,long,واگرایی منفی (سقف بالاتر قیمت): RSI، MACD
فخوز,2026-10-10,9,,,long,flat,flat,flat,long,long,long,long,flat,long,flat,flat,flat,long,long,long,
فرآور,2026-10-10,10,"donch,trendflow",,long,long,flat,flat,buy_today,long,long,long,flat,long,flat,flat,flat,long,buy_today,long,
فرابورس,2026-10-10,8,"macd,ichi,trendflow",,long,buy_today,flat,flat,flat,buy_today,long,long,long,flat,flat,flat,flat,flat,buy_today,long,
فروی,2026-10-10,8,donch,boll,long,long,flat,sell_today,buy_today,flat,long,long,flat,long,flat,flat,flat,flat,long,long,واگرایی منفی (سقف بالاتر قیمت): RSI، MACD
فزرین,2026-10-10,6,"psar,obv",,long,flat,flat,flat,long,flat,flat,buy_today,long,long,flat,flat,flat,flat,flat,buy_today,
فسازان,2026-10-10,8,ichi,,long,flat,flat,flat,flat,buy_today,long,long,long,long,flat,flat,flat,flat,long,long,
فسرب,2026-10-10,5,obv,,long,flat,flat,flat,flat,long,flat,flat,long,long,flat,flat,flat,flat,flat,buy_today,
فسپا,2026-10-10,10,donch,,long,long,flat,flat,buy_today,long,long,long,flat,long,flat,flat,flat,long,long,long,
فصبا,2026-10-10,10,trendflow,,long,long,flat,flat,long,long,long,long,flat,long,flat,flat,flat,long,buy_today,long,واگرایی منفی (سقف بالاتر قیمت): RSI، پول حقیقی
فملی,2026-10-10,10,"donch,trendflow",boll,long,long,flat,sell_today,buy_today,long,long,long,flat,long,flat,flat,flat,long,buy_today,long,واگرایی منفی (سقف بالاتر قیمت): RSI، MACD
فنآوا,2026-10-10,8,,,long,flat,flat,flat,long,long,long,flat,flat,long,flat,flat,flat,long,long,long,
فولاد,2026-10-10,11,"donch,trendflow",boll,long,long,flat,sell_today,buy_today,long,long,long,flat,long,flat,long,flat,long,buy_today,long,
فولاژ,2026-10-10,8,,,long,flat,flat,flat,long,long,long,long,flat,long,flat,flat,flat,flat,long,long,
قاسم,2026-10-10,12,"donch,flow_bp,trendflow",boll,long,long,flat,sell_today,buy_today,long,long,long,long,long,flat,buy_today,flat,long,buy_today,long,
قچار,2026-10-10,10,,stoch,long,long,flat,flat,long,long,long,long,sell_today,long,flat,flat,flat,long,long,long,واگرایی منفی (سقف بالاتر قیمت): MACD، پول حقیقی
قشرین,2026-10-10,11,,rsi,long,long,sell_today,flat,long,long,long,long,flat,long,flat,long,flat,long,long,long,
قشهد,2026-10-10,1,,"ichi,adx,volbrk,trendflow,obv",long,flat,flat,flat,flat,sell_today,flat,flat,flat,sell_today,flat,flat,flat,sell_today,sell_today,sell_today,
قصفها,2026-10-10,4,obv,,long,flat,flat,flat,flat,flat,flat,long,flat,long,flat,flat,flat,flat,flat,buy_today,
کاذر,2026-10-10,10,,stoch,long,long,flat,flat,long,long,long,long,sell_today,long,flat,flat,flat,long,long,long,واگرایی منفی (سقف بالاتر قیمت): RSI، MACD
کالا,2026-10-10,10,donch,boll,long,long,flat,sell_today,buy_today,long,long,long,flat,long,flat,flat,flat,long,long,long,
کاما,2026-10-10,8,,,long,flat,flat,flat,flat,long,long,long,long,long,flat,flat,flat,flat,long,long,
کایزد,2026-10-10,9,"psar,trendflow",,long,flat,flat,flat,long,long,long,buy_today,flat,long,flat,flat,flat,long,buy_today,long,
کتوکا,2026-10-10,5,obv,rsi,long,flat,sell_today,flat,flat,long,flat,long,flat,long,flat,flat,flat,flat,flat,buy_today,واگرایی منفی (سقف بالاتر قیمت): RSI، MACD، OBV، پول حقیقی
کحافظ,2026-10-10,9,ichi,,long,long,flat,flat,flat,buy_today,long,long,long,long,flat,flat,flat,flat,long,long,واگرایی منفی (سقف بالاتر قیمت): RSI، MACD، پول حقیقی
کرازی,2026-10-10,9,donch,rsi,long,long,sell_today,flat,buy_today,long,long,long,flat,long,flat,flat,flat,flat,long,long,واگرایی منفی (سقف بالاتر قیمت): RSI، MACD
کرمان,2026-10-10,9,"macd,flow_net",,long,buy_today,flat,flat,flat,flat,long,long,long,long,flat,flat,buy_today,flat,long,long,
کرومیت,2026-10-10,8,"psar,trendflow",,long,flat,flat,flat,long,long,flat,buy_today,long,long,flat,flat,flat,flat,buy_today,long,
کزغال,2026-10-10,12,"donch,flow_bp,trendflow",rsi,long,long,sell_today,flat,buy_today,long,long,long,long,long,long,buy_today,flat,flat,buy_today,long,
کسرا,2026-10-10,11,,,long,long,flat,flat,long,long,long,long,flat,long,flat,flat,long,long,long,long,واگرایی منفی (سقف بالاتر قیمت): RSI، MACD
کماسه,2026-10-10,9,"super,flow_net,volbrk,trendflow",,long,flat,flat,flat,flat,long,buy_today,long,flat,long,flat,flat,buy_today,buy_today,buy_today,long,
کهمدا,2026-10-10,10,donch,boll,long,long,flat,sell_today,buy_today,flat,long,long,long,long,flat,flat,flat,long,long,long,واگرایی منفی (سقف بالاتر قیمت): RSI، MACD
کوثر,2026-10-10,10,psar,,long,flat,flat,flat,long,long,long,buy_today,flat,long,flat,long,long,flat,long,long,
کچاد,2026-10-10,10,volbrk,,long,long,flat,flat,flat,long,long,long,long,long,flat,flat,flat,buy_today,long,long,
کگل,2026-10-10,10,"donch,trendflow",fibo,long,long,flat,flat,buy_today,long,long,long,long,long,sell_today,flat,flat,flat,buy_today,long,واگرایی منفی (سقف بالاتر قیمت): RSI، MACD
کگهر,2026-10-10,9,"macd,super,flow_bp,trendflow",,long,buy_today,flat,flat,flat,flat,buy_today,long,long,long,flat,buy_today,flat,flat,buy_today,long,
سرود,2026-10-10,6,,"volbrk,trendflow",long,flat,flat,flat,long,flat,long,long,flat,long,flat,flat,flat,sell_today,sell_today,long,
سفارس,2026-10-10,10,donch,boll,long,long,flat,sell_today,buy_today,long,long,long,long,flat,flat,long,flat,flat,long,long,واگرایی منفی (سقف بالاتر قیمت): MACD، OBV
سلیم,2026-10-10,11,,,long,long,flat,flat,long,long,long,long,long,long,flat,long,flat,flat,long,long,واگرایی منفی (سقف بالاتر قیمت): MACD، پول حقیقی
سمگا,2026-10-10,9,,macd,long,sell_today,flat,flat,long,long,long,long,flat,long,flat,flat,flat,long,long,long,
سیسکو,2026-10-10,8,,,long,flat,flat,flat,long,long,long,long,flat,long,flat,flat,flat,flat,long,long,
سیمرغ,2026-10-10,4,psar,"ichi,volbrk,trendflow,obv",long,flat,flat,flat,flat,sell_today,flat,buy_today,long,long,flat,flat,flat,sell_today,sell_today,sell_today,
شاراک,2026-10-10,10,"macd,donch",boll,long,buy_today,flat,sell_today,buy_today,long,long,long,flat,long,flat,flat,flat,long,long,long,واگرایی منفی (سقف بالاتر قیمت): RSI، MACD، پول حقیقی
شبندر,2026-09-30,8,,,long,flat,flat,flat,long,long,long,flat,flat,long,flat,flat,flat,long,long,long,
شبهرن,2026-10-10,9,,,long,long,flat,flat,long,flat,long,long,flat,long,flat,flat,flat,long,long,long,
شتران,2026-09-30,7,,,long,flat,flat,flat,long,long,flat,flat,flat,long,flat,flat,flat,long,long,long,
شدوص,2026-10-10,11,"donch,trendflow",boll,long,long,flat,sell_today,buy_today,long,long,long,long,long,flat,flat,flat,long,buy_today,long,
شستا,2026-10-10,9,,boll,long,flat,flat,sell_today,long,long,long,long,flat,long,flat,flat,flat,long,long,long,واگرایی منفی (سقف بالاتر قیمت): RSI، MACD، پول حقیقی
شسپا,2026-10-10,10,"donch,trendflow",boll,long,long,flat,sell_today,buy_today,long,long,long,flat,long,flat,flat,flat,long,buy_today,long,
شفارس,2026-10-10,9,donch,,long,long,flat,flat,buy_today,flat,long,long,long,long,flat,flat,flat,flat,long,long,واگرایی منفی (سقف بالاتر قیمت): RSI، MACD، پول حقیقی
شلرد,2026-10-10,8,,,long,flat,flat,flat,long,long,long,flat,flat,long,flat,flat,flat,long,long,long,
شپاکسا,2026-10-10,8,,,long,flat,flat,flat,long,flat,long,long,flat,long,flat,flat,flat,long,long,long,
شپترو,2026-10-10,4,stoch,"volbrk,trendflow,obv",long,flat,flat,flat,flat,long,flat,flat,buy_today,long,flat,flat,flat,sell_today,sell_today,sell_today,
شپدیس,2026-10-10,4,,"ichi,volbrk,trendflow,obv",long,flat,flat,long,flat,sell_today,flat,flat,long,long,flat,flat,flat,sell_today,sell_today,sell_today,
شپنا,2026-09-30,5,obv,,long,flat,flat,flat,flat,flat,flat,long,long,long,flat,flat,flat,flat,flat,buy_today,
شکربن,2026-10-10,11,flow_net,stoch,long,long,flat,flat,long,long,long,long,sell_today,long,flat,flat,buy_today,long,long,long,
شلعاب,2026-10-10,10,"donch,trendflow",boll,long,long,flat,sell_today,buy_today,long,long,long,flat,long,flat,flat,flat,long,buy_today,long,
شمواد,2026-09-30,10,,stoch,long,long,flat,flat,long,long,long,long,sell_today,long,flat,flat,flat,long,long,long,
صبا,2026-10-10,10,"donch,trendflow",,long,long,flat,flat,buy_today,long,long,long,flat,long,flat,flat,flat,long,buy_today,long,
عالیس,2026-10-10,8,,ichi,long,flat,flat,flat,long,sell_today,long,long,long,long,flat,flat,long,flat,flat,long,
غدشت,2026-10-10,12,"donch,volbrk",boll,long,long,flat,sell_today,buy_today,long,long,long,long,long,flat,long,flat,buy_today,long,long,
غزر,2026-10-10,10,macd,rsi,long,buy_today,sell_today,flat,long,long,long,long,flat,long,flat,flat,flat,long,long,long,واگرایی منفی (سقف بالاتر قیمت): RSI، MACD، پول حقیقی
غشهداب,2026-10-10,8,"donch,trendflow",boll,long,flat,flat,sell_today,buy_today,long,long,long,flat,long,flat,flat,flat,flat,buy_today,long,واگرایی منفی (سقف بالاتر قیمت): RSI، MACD، OBV، پول حقیقی
غصینو,2026-10-10,9,,,long,long,flat,flat,flat,long,long,long,flat,long,flat,flat,flat,long,long,long,
غمارگ,2026-10-10,2,,"donch,ichi,adx,volbrk,trendflow,obv",long,flat,flat,flat,sell_today,sell_today,flat,flat,long,sell_today,flat,flat,flat,sell_today,sell_today,sell_today,
غناب,2026-10-10,3,stoch,"ichi,volbrk,trendflow",long,flat,flat,flat,long,sell_today,flat,flat,buy_today,flat,flat,flat,flat,sell_today,sell_today,flat,
غپاک,2026-10-10,10,donch,,long,long,flat,flat,buy_today,long,long,long,long,long,flat,flat,flat,flat,long,long,واگرایی منفی (سقف بالاتر قیمت): RSI، MACD
غپینو,2026-10-10,5,,"volbrk,trendflow",long,flat,flat,flat,long,flat,flat,long,flat,long,flat,flat,flat,sell_today,sell_today,long,
غچین,2026-10-10,9,,stoch,long,long,flat,flat,long,long,long,long,sell_today,long,flat,flat,flat,flat,long,long,واگرایی منفی (سقف بالاتر قیمت): RSI، MACD، پول حقیقی
غکورش,2026-10-10,9,,macd,long,sell_today,flat,flat,long,long,long,long,flat,long,flat,flat,flat,long,long,long,واگرایی منفی (سقف بالاتر قیمت): RSI، MACD، پول حقیقی
فاذر,2026-10-10,10,"donch,trendflow",boll,long,long,flat,sell_today,buy_today,long,long,long,flat,long,flat,flat,flat,long,buy_today,long,
فاراک,2026-10-10,13,"macd,donch,volbrk",,long,buy_today,flat,flat,buy_today,long,long,long,long,long,flat,long,long,buy_today,long,long,واگرایی منفی (سقف بالاتر قیمت): RSI، MACD، پول حقیقی
فارس,2026-10-10,9,donch,"rsi,boll",long,flat,sell_today,sell_today,buy_today,long,long,long,flat,long,flat,flat,flat,long,long,long,واگرایی منفی (سقف بالاتر قیمت): RSI، MACD، OBV، پول حقیقی
فالوم,2026-10-10,6,,,long,flat,flat,flat,flat,long,flat,flat,flat,long,flat,flat,flat,long,long,long,
فایرا,2026-10-10,9,,,long,long,flat,flat,long,long,long,long,flat,long,flat,flat,flat,flat,long,long,واگرایی منفی (سقف بالاتر قیمت): RSI، MACD
فباهنر,2026-10-10,6,,,long,flat,flat,flat,flat,flat,flat,long,long,long,flat,flat,flat,flat,long,long,
وسدید,2026-10-10,8,,,long,flat,flat,long,long,long,flat,flat,flat,long,flat,flat,flat,long,long,long,
وسرمد,2026-10-10,7,,,long,long,flat,long,flat,flat,flat,long,long,long,flat,flat,flat,flat,long,flat,
وسینا,2026-10-10,5,"psar,trendflow,obv",,long,flat,flat,flat,flat,flat,long,buy_today,flat,flat,flat,flat,flat,flat,buy_today,buy_today,
وغدیر,2026-10-10,9,"flow_net,volbrk,trendflow",,long,flat,flat,flat,long,flat,long,long,flat,long,flat,flat,buy_today,buy_today,buy_today,long,واگرایی منفی (سقف بالاتر قیمت): RSI، MACD
ولبهمن,2026-10-10,11,,stoch,long,long,flat,flat,long,long,long,long,sell_today,long,flat,flat,long,long,long,long,واگرایی منفی (سقف بالاتر قیمت): RSI، MACD
ولساپا,2026-10-10,11,"donch,flow_bp,trendflow",,long,long,flat,flat,buy_today,long,long,long,flat,long,flat,buy_today,flat,long,buy_today,long,
ومعادن,2026-10-10,11,"macd,donch,flow_net,volbrk",boll,long,buy_today,flat,sell_today,buy_today,long,long,long,flat,long,flat,flat,buy_today,buy_today,long,long,واگرایی منفی (سقف بالاتر قیمت): RSI، MACD
ومهان,2026-10-10,6,super,,long,flat,flat,flat,flat,flat,buy_today,long,long,long,flat,flat,flat,flat,flat,long,
ونوین,2026-10-10,8,"flow_bp,flow_net,trendflow",,long,flat,flat,flat,long,flat,long,flat,flat,long,flat,buy_today,buy_today,flat,buy_today,long,
ونیرو,2026-10-10,8,,psar,long,flat,flat,flat,long,long,long,sell_today,flat,long,flat,flat,flat,long,long,long,
ونیکی,2026-10-10,9,,,long,flat,flat,flat,long,long,long,long,flat,long,flat,flat,flat,long,long,long,
وهور,2026-10-10,12,"donch,flow_net,trendflow",boll,long,long,flat,sell_today,buy_today,long,long,long,flat,long,flat,long,buy_today,long,buy_today,long,
وکادو,2026-10-10,11,"donch,volbrk",,long,long,flat,flat,buy_today,long,long,long,flat,long,flat,long,flat,buy_today,long,long,
وکار,2026-10-10,11,"macd,donch,trendflow",boll,long,buy_today,flat,sell_today,buy_today,long,long,long,long,long,flat,long,flat,flat,buy_today,long,واگرایی منفی (سقف بالاتر قیمت): RSI، MACD، پول حقیقی
وکغدیر,2026-10-10,10,"donch,trendflow",boll,long,long,flat,sell_today,buy_today,long,long,long,flat,long,flat,flat,flat,long,buy_today,long,
وگردش,2026-10-10,9,ichi,stoch,long,long,flat,flat,long,buy_today,long,long,sell_today,flat,flat,flat,flat,long,long,long,
آواک,2026-10-10,3,,"ichi,adx,volbrk,trendflow,obv",long,flat,flat,flat,flat,sell_today,flat,flat,long,sell_today,long,flat,flat,sell_today,sell_today,sell_today,
الکتروماد,2026-10-10,11,flow_net,stoch,long,long,flat,flat,long,long,long,long,sell_today,long,flat,flat,buy_today,long,long,long,واگرایی منفی (سقف بالاتر قیمت): RSI، MACD
انتخاب,2026-10-07,8,donch,"rsi,boll",long,flat,sell_today,sell_today,buy_today,long,long,long,flat,long,flat,flat,flat,flat,long,long,واگرایی منفی (سقف بالاتر قیمت): RSI، MACD، OBV، پول حقیقی
بترانس,2026-10-10,10,"donch,volbrk",boll,long,long,flat,sell_today,buy_today,long,long,long,flat,long,flat,flat,flat,buy_today,long,long,
بتهران,2026-10-10,10,donch,stoch,long,long,flat,flat,buy_today,long,long,long,sell_today,long,flat,flat,flat,long,long,long,
بجهرم,2026-10-10,6,"psar,adx","ichi,volbrk,trendflow,obv",long,flat,flat,flat,flat,sell_today,flat,buy_today,long,buy_today,long,flat,long,sell_today,sell_today,sell_today,
برکت,2026-10-10,7,,,long,flat,flat,flat,flat,long,long,long,long,long,flat,flat,flat,flat,flat,long,
بفجر,2026-10-10,6,,,flat,long,long,flat,flat,flat,flat,long,long,long,flat,flat,flat,flat,flat,long,
بنو,2026-10-10,11,"macd,ichi,super",,long,buy_today,flat,long,flat,buy_today,buy_today,long,long,long,long,flat,flat,flat,long,long,
بورس,2026-10-10,7,"ichi,trendflow",boll,long,flat,flat,sell_today,flat,buy_today,long,long,flat,long,flat,flat,flat,flat,buy_today,long,
بکام,2026-10-10,5,"psar,obv",,long,flat,flat,flat,flat,flat,flat,buy_today,long,long,flat,flat,flat,flat,flat,buy_today,
پارس,2026-10-10,10,"donch,trendflow",,long,long,flat,flat,buy_today,long,long,long,flat,long,flat,flat,flat,long,buy_today,long,
پاسا,2026-10-10,10,,,long,long,flat,flat,long,long,long,long,flat,long,flat,flat,flat,long,long,long,واگرایی منفی (سقف بالاتر قیمت): MACD، پول حقیقی
پتایر,2026-10-10,9,macd,,long,buy_today,flat,flat,flat,long,long,long,long,long,flat,flat,flat,flat,long,long,
پترول,2026-10-10,6,"psar,trendflow,obv",,long,flat,flat,flat,flat,flat,flat,buy_today,long,long,flat,flat,flat,flat,buy_today,buy_today,
پخش,2026-10-10,10,flow_net,macd,long,sell_today,flat,flat,long,long,long,long,flat,long,flat,flat,buy_today,long,long,long,
پلاست,2026-10-10,5,,"ichi,adx,volbrk,trendflow,obv",flat,long,long,long,flat,sell_today,flat,long,long,sell_today,flat,flat,flat,sell_today,sell_today,sell_today,
پکویر,2026-10-10,2,,"ichi,adx,volbrk,trendflow",long,flat,flat,flat,flat,sell_today,flat,flat,long,sell_today,flat,flat,flat,sell_today,sell_today,flat,
پیپاد,2026-10-10,6,"trendflow,obv",ichi,long,flat,flat,flat,flat,sell_today,flat,flat,long,long,flat,long,flat,flat,buy_today,buy_today,
پیزد,2026-10-10,10,donch,boll,long,long,flat,sell_today,buy_today,long,long,long,flat,long,flat,flat,flat,long,long,long,واگرایی منفی (سقف بالاتر قیمت): RSI، MACD، پول حقیقی
آریا,2026-10-10,10,donch,,long,long,flat,flat,buy_today,long,long,long,flat,long,flat,flat,flat,long,long,long,
آسیا,2026-10-10,9,donch,,long,long,flat,flat,buy_today,long,long,long,flat,long,flat,flat,flat,flat,long,long,واگرایی منفی (سقف بالاتر قیمت): RSI، MACD
اخابر,2026-10-10,9,macd,,long,buy_today,flat,flat,flat,flat,flat,long,long,long,flat,long,long,flat,long,long,
ارفع,2026-10-10,10,"donch,trendflow",,long,long,flat,flat,buy_today,long,long,long,flat,long,flat,flat,flat,long,buy_today,long,
اسیاتک,2026-10-10,11,"donch,flow_net,volbrk,trendflow","boll,stoch",long,long,flat,sell_today,buy_today,long,long,long,sell_today,long,flat,flat,buy_today,buy_today,buy_today,long,واگرایی منفی (سقف بالاتر قیمت): RSI، MACD، پول حقیقی
تاپیکو,2026-10-10,10,"donch,psar",,long,long,flat,flat,buy_today,long,long,buy_today,flat,long,flat,flat,flat,long,long,long,واگرایی منفی (سقف بالاتر قیمت): RSI، پول حقیقی
تجلی,2026-10-10,7,"stoch,flow_bp,trendflow,obv",,long,flat,flat,flat,flat,flat,long,flat,buy_today,long,flat,buy_today,flat,flat,buy_today,buy_today,
توسن,2026-10-10,9,"donch,trendflow",boll,long,long,flat,sell_today,buy_today,long,long,long,flat,long,flat,flat,flat,flat,buy_today,long,واگرایی منفی (سقف بالاتر قیمت): RSI، پول حقیقی
تپکو,2026-10-10,6,trendflow,,long,flat,flat,flat,flat,flat,flat,long,long,long,flat,flat,flat,flat,buy_today,long,
تکنو,2026-10-10,5,,"donch,ichi,adx,volbrk,trendflow,obv",flat,long,long,long,sell_today,sell_today,flat,flat,long,sell_today,long,flat,flat,sell_today,sell_today,sell_today,واگرایی مثبت (کف پایین‌تر قیمت): RSI، MACD
ثاخت,2026-10-10,10,"donch,trendflow",rsi,long,long,sell_today,flat,buy_today,long,long,long,flat,long,flat,flat,flat,long,buy_today,long,
ثامید,2026-10-10,9,trendflow,,long,long,flat,flat,flat,long,long,long,long,long,flat,flat,flat,flat,buy_today,long,
ثبهساز,2026-10-10,10,,,long,long,flat,flat,long,long,long,long,flat,long,flat,flat,flat,long,long,long,
ثشرق,2026-10-07,8,donch,,flat,long,flat,flat,buy_today,flat,long,long,long,long,flat,flat,flat,long,flat,long,
ثفارس,2026-10-10,3,,"ichi,adx,volbrk,trendflow,obv",long,flat,flat,flat,flat,sell_today,flat,flat,long,sell_today,long,flat,flat,sell_today,sell_today,sell_today,
ثمسکن,2026-10-10,9,macd,,long,buy_today,flat,flat,long,long,long,long,flat,long,flat,flat,flat,flat,long,long,
چدن,2026-10-10,10,donch,boll,long,long,flat,sell_today,buy_today,long,long,long,flat,long,flat,flat,flat,long,long,long,واگرایی منفی (سقف بالاتر قیمت): RSI، پول حقیقی
لوتوس,2026-10-10,10,"donch,psar,trendflow",boll,long,flat,flat,sell_today,buy_today,flat,long,buy_today,flat,long,flat,long,long,long,buy_today,long,واگرایی منفی (سقف بالاتر قیمت): RSI، MACD، OBV، پول حقیقی
لکما,2026-10-10,11,,psar,long,long,flat,flat,long,long,long,sell_today,flat,long,flat,long,long,long,long,long,
مادیرا,2026-10-10,9,,stoch,long,long,flat,flat,long,long,long,long,sell_today,long,flat,flat,flat,flat,long,long,واگرایی منفی (سقف بالاتر قیمت): RSI، MACD
مبین,2026-10-10,3,,"ichi,adx,volbrk,trendflow,obv",flat,flat,long,long,flat,sell_today,flat,flat,long,sell_today,flat,flat,flat,sell_today,sell_today,sell_today,
مهر,2026-10-10,10,"donch,trendflow",,long,flat,flat,flat,buy_today,long,long,long,flat,long,flat,long,flat,long,buy_today,long,واگرایی منفی (سقف بالاتر قیمت): RSI، MACD
مهرمام,2026-10-10,9,"donch,trendflow",,long,long,flat,flat,buy_today,flat,long,long,flat,long,flat,flat,flat,long,buy_today,long,
مهرگان,2026-10-10,8,,macd,long,sell_today,flat,flat,long,long,long,flat,flat,long,flat,flat,flat,long,long,long,
میدکو,2026-10-10,3,,"ichi,adx,volbrk,trendflow,obv",flat,flat,flat,long,flat,sell_today,flat,flat,long,sell_today,long,flat,flat,sell_today,sell_today,sell_today,
میهن,2026-10-10,3,,"ichi,psar,adx,volbrk,trendflow,obv",long,flat,flat,flat,flat,sell_today,flat,sell_today,long,sell_today,long,flat,flat,sell_today,sell_today,sell_today,
نان,2026-10-10,5,,"ichi,adx,volbrk,trendflow,obv",long,flat,flat,flat,flat,sell_today,flat,long,long,sell_today,long,flat,long,sell_today,sell_today,sell_today,
نطرین,2026-10-10,9,,stoch,long,flat,flat,flat,long,long,long,long,sell_today,long,flat,flat,flat,long,long,long,واگرایی منفی (سقف بالاتر قیمت): RSI، MACD، پول حقیقی
نوری,2026-10-10,8,,,long,flat,flat,flat,long,long,long,flat,flat,long,flat,flat,flat,long,long,long,
هایوب,2026-10-10,7,"ichi,obv",,long,flat,flat,flat,flat,buy_today,long,long,long,long,flat,flat,flat,flat,flat,buy_today,
هرمز,2026-10-10,7,,,long,flat,flat,flat,flat,long,flat,long,flat,long,long,flat,flat,flat,long,long,
واحیا,2026-10-10,12,"donch,flow_net,volbrk,obv",,long,long,flat,flat,buy_today,long,long,long,flat,long,flat,long,buy_today,buy_today,long,buy_today,
کویر,2026-10-10,9,,,long,flat,flat,flat,long,long,long,long,flat,long,flat,flat,flat,long,long,long,
کیسون,2026-10-10,3,psar,"ichi,volbrk,trendflow",long,flat,flat,flat,flat,sell_today,flat,buy_today,long,flat,flat,flat,flat,sell_today,sell_today,flat,
والبر,2026-10-10,9,,,long,long,flat,flat,long,long,long,long,flat,long,flat,flat,flat,flat,long,long,
والماس,2026-10-10,7,psar,,long,flat,flat,flat,long,long,flat,buy_today,long,long,flat,flat,flat,flat,flat,long,
وبانک,2026-10-10,10,donch,,long,long,flat,flat,buy_today,flat,long,long,flat,long,flat,flat,long,long,long,long,
وبصادر,2026-10-10,6,"psar,flow_net","ichi,adx,volbrk,trendflow",long,flat,flat,long,flat,sell_today,flat,buy_today,long,sell_today,flat,long,buy_today,sell_today,sell_today,flat,
وبملت,2026-10-10,6,,,long,flat,flat,flat,flat,flat,long,long,long,flat,flat,flat,flat,flat,long,long,
وبهمن,2026-10-10,5,,ichi,long,flat,flat,flat,flat,sell_today,flat,long,long,long,flat,flat,flat,flat,flat,long,
وبوعلی,2026-10-10,8,,,long,flat,flat,flat,long,flat,long,long,flat,long,flat,flat,flat,long,long,long,
وتجارت,2026-10-10,5,obv,ichi,long,flat,flat,long,flat,sell_today,flat,flat,long,long,flat,flat,flat,flat,flat,buy_today,
وتوکا,2026-10-10,10,"donch,trendflow","rsi,boll",long,long,sell_today,sell_today,buy_today,long,long,long,long,long,flat,flat,flat,flat,buy_today,long,واگرایی منفی (سقف بالاتر قیمت): RSI، MACD، پول حقیقی
وحکمت,2026-10-10,6,trendflow,,long,flat,flat,flat,long,flat,long,flat,flat,long,flat,flat,flat,flat,buy_today,long,
وخارزم,2026-10-10,10,"donch,trendflow",boll,long,long,flat,sell_today,buy_today,long,long,long,flat,long,flat,flat,flat,long,buy_today,long,
وخاور,2026-10-10,8,"donch,trendflow",,long,long,flat,flat,buy_today,flat,long,long,flat,long,flat,flat,flat,flat,buy_today,long,
ورازی,2026-10-10,11,"donch,flow_net,trendflow",boll,long,long,flat,sell_today,buy_today,long,long,long,flat,long,flat,flat,buy_today,long,buy_today,long,
ورنا,2026-10-10,7,trendflow,,long,flat,flat,flat,flat,flat,long,long,long,long,flat,flat,flat,flat,buy_today,long,
وساخت,2026-10-10,6,,"volbrk,trendflow",long,flat,flat,flat,flat,long,flat,long,flat,long,long,flat,flat,sell_today,sell_today,long,
وساپا,2026-10-10,5,stoch,,long,flat,flat,long,flat,flat,long,flat,buy_today,long,flat,flat,flat,flat,flat,flat,
وسپه,2026-10-10,9,,,long,flat,flat,flat,long,long,long,long,flat,long,flat,flat,flat,long,long,long,
وپارس,2026-10-10,5,stoch,"volbrk,trendflow",long,flat,flat,long,flat,long,flat,flat,buy_today,long,flat,flat,flat,sell_today,sell_today,flat,
وپاسار,2026-10-10,5,,"ichi,adx,volbrk,trendflow,obv",flat,flat,long,long,flat,sell_today,flat,long,long,sell_today,flat,long,flat,sell_today,sell_today,sell_today,
وپست,2026-10-10,7,,,long,flat,flat,flat,long,flat,long,long,long,flat,flat,flat,flat,flat,long,long,
حآفرین,2026-10-10,6,,,long,flat,flat,flat,flat,flat,flat,long,long,long,flat,flat,flat,flat,long,long,
حسیر,2026-10-10,10,,,long,long,flat,flat,long,long,long,long,flat,long,flat,flat,flat,long,long,long,
حشکوه,2026-10-10,6,,"ichi,volbrk,trendflow,obv",long,flat,flat,long,flat,sell_today,flat,long,long,long,long,flat,flat,sell_today,sell_today,sell_today,
حفاری,2026-10-10,7,"psar,flow_bp,trendflow","ichi,volbrk",long,flat,flat,flat,flat,sell_today,flat,buy_today,long,long,long,buy_today,flat,sell_today,buy_today,flat,
خاذین,2026-10-10,7,,,long,flat,flat,flat,flat,long,long,long,flat,long,flat,flat,flat,flat,long,long,
خاور,2026-10-10,9,ichi,,long,long,flat,long,flat,buy_today,flat,long,long,long,flat,flat,flat,flat,long,long,
خبرنا,2026-10-10,7,,,long,flat,flat,flat,flat,long,long,long,flat,long,flat,flat,flat,flat,long,long,
خبنیان,2026-10-10,6,trendflow,,long,flat,flat,long,flat,flat,flat,long,long,long,flat,flat,flat,flat,buy_today,flat,
خبهمن,2026-10-10,4,,"ichi,volbrk,trendflow,obv",long,flat,flat,long,flat,sell_today,flat,flat,long,long,flat,flat,flat,sell_today,sell_today,sell_today,
ختراک,2026-10-10,6,macd,ichi,long,buy_today,flat,flat,flat,sell_today,flat,long,long,flat,long,flat,flat,flat,flat,long,
خدیزل,2026-10-07,7,,"ichi,volbrk,trendflow",long,flat,flat,flat,flat,sell_today,long,long,long,long,flat,flat,long,sell_today,sell_today,long,
خریخت,2026-10-10,10,,,long,long,flat,flat,long,long,long,long,flat,long,flat,flat,flat,long,long,long,
خزامیا,2026-10-10,7,"donch,psar",boll,long,flat,flat,sell_today,buy_today,flat,long,buy_today,flat,long,flat,flat,flat,flat,long,long,واگرایی منفی (سقف بالاتر قیمت): RSI، MACD، OBV، پول حقیقی
خزر,2026-10-10,4,,"ichi,volbrk,trendflow",long,flat,flat,flat,flat,sell_today,flat,long,long,long,flat,flat,flat,sell_today,sell_today,flat,
خساپا,2026-10-10,5,"adx,obv",ichi,long,flat,flat,flat,flat,sell_today,flat,long,long,buy_today,flat,flat,flat,flat,flat,buy_today,
خفنر,2026-10-10,4,,ichi,long,flat,flat,flat,flat,sell_today,flat,flat,long,long,long,flat,flat,flat,flat,flat,
خپارس,2026-10-10,5,trendflow,volbrk,long,flat,flat,flat,flat,long,flat,flat,flat,long,flat,flat,flat,sell_today,buy_today,long,
خکار,2026-10-10,13,"donch,ichi,flow_bp,flow_net,volbrk,trendflow",boll,long,long,flat,sell_today,buy_today,buy_today,long,long,long,long,flat,buy_today,buy_today,buy_today,buy_today,long,
خکاوه,2026-10-10,5,,"ichi,volbrk,trendflow,obv",long,flat,flat,long,flat,sell_today,flat,long,long,long,flat,flat,flat,sell_today,sell_today,sell_today,
چکاپا,2026-10-10,10,"donch,trendflow",,long,long,flat,flat,buy_today,long,long,long,flat,long,flat,flat,flat,long,buy_today,long,
خلنت,2026-10-10,10,,stoch,long,long,flat,flat,long,long,long,long,sell_today,long,flat,flat,flat,long,long,long,
خمهر,2026-10-10,10,donch,boll,long,long,flat,sell_today,buy_today,long,long,long,flat,long,flat,long,flat,flat,long,long,واگرایی منفی (سقف بالاتر قیمت): RSI، MACD، OBV، پول حقیقی
خموتور,2026-10-10,11,,,long,long,flat,flat,long,long,long,long,flat,long,flat,flat,long,long,long,long,
خودرو,2026-10-10,9,super,,long,long,flat,long,flat,flat,buy_today,long,long,long,long,flat,flat,flat,flat,long,
خکمک,2026-10-10,9,,,long,long,flat,flat,flat,long,long,long,long,long,flat,flat,flat,flat,long,long,
خگستر,2026-10-10,12,"donch,ichi,trendflow",rsi,long,long,sell_today,long,buy_today,buy_today,long,long,long,long,flat,flat,long,flat,buy_today,long,واگرایی منفی (سقف بالاتر قیمت): RSI، MACD
خیمن,2026-10-10,10,,,long,long,flat,flat,long,long,long,long,flat,long,flat,flat,flat,long,long,long,واگرایی منفی (سقف بالاتر قیمت): RSI، MACD
درازک,2026-10-10,11,"donch,volbrk",boll,long,long,flat,sell_today,buy_today,long,long,long,long,long,flat,flat,flat,buy_today,long,long,واگرایی منفی (سقف بالاتر قیمت): RSI، MACD
دسانکو,2026-10-10,9,"macd,trendflow",,long,buy_today,flat,flat,flat,long,long,long,long,long,flat,flat,flat,flat,buy_today,long,
دلقما,2026-10-10,6,,,long,flat,flat,flat,long,flat,long,long,flat,long,flat,flat,flat,flat,long,flat,
ذوب,2026-10-10,4,,"ichi,volbrk,trendflow",long,flat,flat,long,flat,sell_today,flat,flat,long,long,flat,flat,flat,sell_today,sell_today,flat,
رتاپ,2026-10-10,9,,stoch,long,long,flat,flat,long,long,long,long,sell_today,long,flat,flat,flat,flat,long,long,واگرایی منفی (سقف بالاتر قیمت): MACD، OBV، پول حقیقی
زفکا,2026-10-10,4,,"ichi,adx,volbrk,trendflow,obv",long,flat,flat,flat,flat,sell_today,flat,flat,long,sell_today,long,flat,long,sell_today,sell_today,sell_today,
زملارد,2026-10-10,7,,,long,flat,flat,flat,flat,long,flat,long,flat,long,flat,flat,flat,long,long,long,
ساینا,2026-10-06,9,,stoch,long,long,flat,flat,long,flat,long,long,sell_today,long,flat,flat,flat,long,long,long,
سخزر,2026-10-10,9,donch,rsi,long,long,sell_today,flat,buy_today,long,long,long,flat,long,flat,flat,flat,flat,long,long,واگرایی منفی (سقف بالاتر قیمت): RSI، MACD، پول حقیقی
سرچشمه,2026-10-10,10,"donch,flow_net",boll,long,flat,flat,sell_today,buy_today,long,long,long,flat,long,flat,flat,buy_today,long,long,long,واگرایی منفی (سقف بالاتر قیمت): RSI، MACD
پارسان,2026-10-10,10,donch,"rsi,boll",long,long,sell_today,sell_today,buy_today,long,long,long,long,long,flat,flat,flat,flat,long,long,واگرایی منفی (سقف بالاتر قیمت): RSI، MACD، OBV
پارسیان,2026-10-10,7,,,long,flat,flat,flat,long,long,long,long,flat,long,flat,flat,flat,flat,flat,long,
پاکشو,2026-10-10,9,,,long,long,flat,flat,long,flat,long,long,flat,long,flat,flat,flat,long,long,long,
پتوسعه,2026-10-10,8,"flow_bp,flow_net,trendflow,obv",ichi,long,flat,flat,flat,flat,sell_today,flat,flat,long,long,long,buy_today,buy_today,flat,buy_today,buy_today,
پدرخش,2026-10-10,5,,,long,flat,flat,flat,flat,flat,flat,long,long,long,flat,flat,flat,flat,long,flat,
پرداخت,2026-10-10,4,,"ichi,volbrk,trendflow,obv",long,flat,flat,flat,flat,sell_today,flat,flat,long,long,long,flat,flat,sell_today,sell_today,sell_today,
پردیس,2026-10-10,10,donch,"rsi,boll",long,long,sell_today,sell_today,buy_today,flat,long,long,flat,long,flat,long,flat,long,long,long,واگرایی منفی (سقف بالاتر قیمت): RSI، MACD، پول حقیقی
پسهند,2026-10-06,8,,,long,flat,flat,flat,long,long,long,long,flat,long,flat,flat,flat,flat,long,long,
پشاهن,2026-10-10,12,"donch,flow_bp,trendflow",,long,long,flat,long,buy_today,long,long,long,flat,long,flat,buy_today,flat,long,buy_today,long,
پلاسک,2026-10-10,9,"macd,flow_bp,flow_net,trendflow",,long,buy_today,flat,flat,flat,flat,flat,long,long,long,flat,buy_today,buy_today,flat,buy_today,long,
پکرمان,2026-10-10,8,donch,boll,long,long,flat,sell_today,buy_today,flat,long,long,flat,long,flat,flat,flat,flat,long,long,واگرایی منفی (سقف بالاتر قیمت): RSI، پول حقیقی
داراب,2026-10-10,10,"donch,trendflow","rsi,boll",long,flat,sell_today,sell_today,buy_today,long,long,long,flat,long,flat,long,flat,long,buy_today,long,واگرایی منفی (سقف بالاتر قیمت): RSI، MACD، OBV
دارو,2026-10-10,10,,stoch,long,long,flat,flat,long,long,long,long,sell_today,long,flat,flat,flat,long,long,long,
داسوه,2026-10-10,12,"donch,flow_net,volbrk",,long,long,flat,flat,buy_today,long,long,long,long,long,flat,flat,buy_today,buy_today,long,long,واگرایی منفی (سقف بالاتر قیمت): RSI، MACD
دالبر,2026-10-10,8,"donch,trendflow",fibo,long,flat,flat,flat,buy_today,long,long,long,flat,long,sell_today,flat,flat,flat,buy_today,long,
دامین,2026-10-10,10,,stoch,long,long,flat,flat,long,long,long,long,sell_today,long,flat,flat,flat,long,long,long,
دانا,2026-10-03,4,,"ichi,adx,volbrk,trendflow",long,flat,flat,long,flat,sell_today,flat,flat,long,sell_today,flat,long,flat,sell_today,sell_today,flat,
داوه,2026-10-10,10,"donch,trendflow",boll,long,long,flat,sell_today,buy_today,long,long,long,flat,long,flat,flat,flat,long,buy_today,long,
دبالک,2026-10-10,7,,stoch,long,flat,flat,flat,flat,long,long,long,sell_today,long,flat,flat,flat,flat,long,long,
دتماد,2026-10-10,3,,"ichi,psar,volbrk,trendflow,obv",long,flat,flat,flat,flat,sell_today,long,sell_today,flat,long,flat,flat,flat,sell_today,sell_today,sell_today,
دتوزیع,2026-10-10,10,"donch,volbrk","boll,stoch",long,long,flat,sell_today,buy_today,long,long,long,sell_today,long,flat,flat,flat,buy_today,long,long,
دتولید,2026-10-10,10,"donch,trendflow",boll,long,long,flat,sell_today,buy_today,long,long,long,flat,long,flat,flat,flat,long,buy_today,long,واگرایی منفی (سقف بالاتر قیمت): RSI، MACD، پول حقیقی
دجابر,2026-10-10,10,"donch,volbrk",,long,long,flat,flat,buy_today,long,long,long,flat,long,flat,flat,flat,buy_today,long,long,واگرایی منفی (سقف بالاتر قیمت): MACD، پول حقیقی
دحاوی,2026-10-10,10,"donch,volbrk",,long,long,flat,flat,buy_today,long,long,long,flat,long,flat,flat,flat,buy_today,long,long,
ددام,2026-10-10,3,,"ichi,volbrk,trendflow",long,flat,flat,flat,flat,sell_today,flat,flat,long,long,flat,flat,flat,sell_today,sell_today,flat,
ددانا,2026-10-10,11,,,long,long,flat,flat,long,long,long,long,flat,long,flat,flat,long,long,long,long,
درازی,2026-09-30,11,"donch,flow_net",,long,long,flat,flat,buy_today,long,long,long,flat,long,flat,flat,buy_today,long,long,long,
دپارس,2026-10-10,4,,"ichi,adx,volbrk,trendflow,obv",long,flat,flat,long,flat,sell_today,flat,long,long,sell_today,flat,flat,flat,sell_today,sell_today,sell_today,
دماوند,2026-10-10,5,,,long,flat,flat,flat,flat,flat,long,long,flat,flat,flat,flat,flat,flat,long,long,
دهدشت,2026-10-10,11,,,long,long,flat,flat,long,long,long,long,flat,long,flat,flat,long,long,long,long,
دی,2026-10-10,10,,,long,long,flat,flat,long,long,long,long,flat,long,flat,flat,flat,long,long,long,
دیران,2026-10-10,11,"donch,flow_bp,trendflow",,long,long,flat,flat,buy_today,long,long,long,flat,long,flat,buy_today,flat,long,buy_today,long,واگرایی منفی (سقف بالاتر قیمت): RSI، MACD، OBV
رافزا,2026-10-10,8,trendflow,,long,flat,flat,flat,flat,long,long,long,long,long,flat,flat,flat,flat,buy_today,long,
رانفور,2026-10-10,4,macd,ichi,flat,buy_today,flat,flat,long,sell_today,flat,long,long,flat,flat,flat,flat,flat,flat,flat,
رتکو,2026-10-10,9,trendflow,psar,long,long,flat,flat,long,long,long,sell_today,flat,long,flat,flat,flat,long,buy_today,long,
رفاه,2026-10-10,11,"donch,trendflow",,long,long,flat,flat,buy_today,long,long,long,flat,long,long,flat,flat,long,buy_today,long,
رمپنا,2026-10-10,9,,macd,long,sell_today,flat,flat,long,long,long,long,flat,long,flat,flat,flat,long,long,long,واگرایی منفی (سقف بالاتر قیمت): RSI، MACD، پول حقیقی
رنیک,2026-10-10,8,,ichi,long,long,flat,flat,long,sell_today,flat,long,long,long,flat,flat,flat,flat,long,long,
رپویا,2026-10-10,11,ichi,stoch,long,long,flat,flat,long,buy_today,long,long,sell_today,long,flat,long,flat,long,long,long,
رکیش,2026-10-10,6,,ichi,long,flat,flat,flat,flat,sell_today,flat,long,long,long,flat,flat,flat,flat,long,long,
ریشمک,2026-10-10,10,"donch,trendflow",boll,long,long,flat,sell_today,buy_today,flat,long,long,long,long,flat,long,flat,flat,buy_today,long,واگرایی منفی (سقف بالاتر قیمت): RSI، MACD، پول حقیقی
زاگرس,2026-10-10,6,stoch,"volbrk,trendflow,obv",long,flat,flat,flat,long,long,long,flat,buy_today,long,flat,flat,flat,sell_today,sell_today,sell_today,
بالاس,2026-10-10,5,,"ichi,psar,volbrk,trendflow,obv",long,flat,flat,flat,long,sell_today,flat,sell_today,long,long,long,flat,flat,sell_today,sell_today,sell_today,
بالبر,2026-10-10,5,,"ichi,volbrk,trendflow",long,flat,flat,flat,long,sell_today,long,flat,flat,long,flat,flat,flat,sell_today,sell_today,long,
بایکا,2026-10-10,9,flow_net,,long,flat,flat,flat,long,long,long,flat,flat,long,flat,flat,buy_today,long,long,long,
بتک,2026-10-10,10,"donch,volbrk",,long,long,flat,flat,buy_today,long,long,long,flat,long,flat,flat,flat,buy_today,long,long,
بخاور,2026-10-10,12,"donch,flow_bp,trendflow",boll,long,long,flat,sell_today,buy_today,long,long,long,flat,long,flat,buy_today,long,long,buy_today,long,
بزاگرس,2026-10-10,9,"psar,flow_net,trendflow,obv",ichi,long,flat,flat,flat,flat,sell_today,flat,buy_today,long,long,long,long,buy_today,flat,buy_today,buy_today,
بزندگی,2026-10-10,11,"donch,flow_bp,volbrk,trendflow",stoch,long,long,flat,flat,buy_today,long,long,long,sell_today,long,flat,buy_today,flat,buy_today,buy_today,long,
بساما,2026-10-10,8,,,long,flat,flat,flat,long,long,long,flat,flat,long,flat,flat,flat,long,long,long,
بسویچ,2026-10-10,5,,"ichi,volbrk,trendflow",long,flat,flat,flat,flat,sell_today,flat,long,long,long,flat,flat,flat,sell_today,sell_today,long,
بپاس,2026-10-10,10,donch,boll,long,long,flat,sell_today,buy_today,long,long,long,flat,flat,flat,flat,long,long,long,long,واگرایی منفی (سقف بالاتر قیمت): RSI، MACD، پول حقیقی
بپردیس,2026-10-10,7,,,long,flat,flat,flat,flat,long,long,long,flat,long,flat,flat,flat,flat,long,long,
بپویا,2026-10-10,7,trendflow,"ichi,volbrk",long,long,flat,flat,flat,sell_today,flat,long,long,flat,long,flat,flat,sell_today,buy_today,long,
بپیوند,2026-10-10,5,trendflow,adx,long,flat,flat,flat,flat,long,flat,long,flat,sell_today,flat,flat,flat,flat,buy_today,long,
ساراب,2026-10-10,7,"psar,trendflow,obv",ichi,long,flat,flat,flat,flat,sell_today,flat,buy_today,long,long,long,flat,flat,flat,buy_today,buy_today,
ساربیل,2026-10-10,6,,,long,long,flat,flat,flat,flat,flat,long,long,flat,long,flat,flat,flat,flat,long,
ساروج,2026-10-10,7,obv,ichi,long,flat,flat,flat,long,sell_today,long,long,flat,flat,long,flat,long,flat,flat,buy_today,
ساروم,2026-10-10,9,"trendflow,obv",boll,long,long,flat,sell_today,long,long,long,long,flat,long,flat,flat,flat,flat,buy_today,buy_today,واگرایی منفی (سقف بالاتر قیمت): RSI، OBV، پول حقیقی
سامان,2026-10-10,7,,,long,long,flat,flat,long,flat,long,long,flat,long,flat,flat,flat,flat,flat,long,
ساوه,2026-10-10,11,"donch,flow_bp,trendflow",,long,long,flat,flat,buy_today,flat,long,long,long,long,long,buy_today,flat,flat,buy_today,long,واگرایی منفی (سقف بالاتر قیمت): MACD، پول حقیقی
سباقر,2026-10-10,8,obv,,long,flat,flat,flat,long,long,long,long,flat,long,flat,flat,flat,flat,long,buy_today,
سبجنو,2026-10-10,11,"donch,flow_bp,trendflow",boll,long,long,flat,sell_today,buy_today,flat,long,long,long,long,flat,buy_today,flat,long,buy_today,long,
سبزوا,2026-10-10,9,"donch,psar,trendflow",,long,flat,flat,flat,buy_today,long,long,buy_today,flat,long,flat,flat,flat,long,buy_today,long,واگرایی منفی (سقف بالاتر قیمت): RSI، MACD، OBV، پول حقیقی
سبهان,2026-10-10,5,"psar,obv",,long,flat,flat,flat,flat,flat,flat,buy_today,long,flat,long,flat,flat,flat,flat,buy_today,
ستران,2026-10-10,10,"donch,trendflow",boll,long,long,flat,sell_today,buy_today,long,long,long,long,long,flat,flat,flat,flat,buy_today,long,واگرایی منفی (سقف بالاتر قیمت): RSI، MACD، OBV، پول حقیقی
سجام,2026-10-10,8,,,long,flat,flat,flat,long,long,long,long,flat,long,flat,flat,flat,flat,long,long,
سخاش,2026-10-10,4,psar,,long,flat,flat,flat,flat,flat,flat,buy_today,long,flat,long,flat,flat,flat,flat,flat,
سخواف,2026-10-10,6,adx,"volbrk,trendflow",long,flat,flat,flat,long,long,long,flat,flat,buy_today,flat,long,flat,sell_today,sell_today,flat,
سپ,2026-10-10,5,,"ichi,adx,volbrk,trendflow",long,flat,flat,flat,flat,sell_today,long,long,long,sell_today,flat,flat,flat,sell_today,sell_today,long,
سپاها,2026-10-10,9,"donch,trendflow",,long,long,flat,flat,buy_today,long,long,long,flat,long,flat,flat,flat,flat,buy_today,long,واگرایی منفی (سقف بالاتر قیمت): RSI، MACD، پول حقیقی
سپید,2026-10-10,4,,ichi,long,flat,flat,flat,flat,sell_today,flat,long,long,long,flat,flat,flat,flat,flat,flat,
سپیدار,2026-10-10,10,trendflow,,long,long,flat,flat,long,long,long,long,flat,long,flat,flat,flat,long,buy_today,long,واگرایی منفی (سقف بالاتر قیمت): RSI، MACD، OBV، پول حقیقی
تلیسه,2026-10-10,5,flow_net,"ichi,psar,volbrk,trendflow,obv",long,flat,flat,flat,long,sell_today,long,sell_today,flat,long,flat,flat,buy_today,sell_today,sell_today,sell_today,
تماوند,2026-10-10,13,,,long,long,long,flat,long,long,long,long,flat,long,flat,long,long,long,long,long,
تمحرکه,2026-10-10,8,"super,flow_bp,trendflow,obv",,long,flat,flat,flat,flat,flat,buy_today,long,long,long,flat,buy_today,flat,flat,buy_today,buy_today,
تملت,2026-10-10,7,,psar,long,flat,flat,flat,long,long,long,sell_today,flat,long,flat,flat,flat,flat,long,long,
تنوین,2026-10-10,9,,,long,long,flat,flat,long,flat,long,long,flat,long,flat,flat,flat,long,long,long,
توریل,2026-10-10,11,"donch,flow_net,volbrk",boll,long,long,flat,sell_today,buy_today,long,long,long,flat,long,flat,flat,buy_today,buy_today,long,long,واگرایی منفی (سقف بالاتر قیمت): RSI، MACD
تکاردان,2026-10-10,11,"donch,flow_bp,trendflow",boll,long,long,flat,sell_today,buy_today,long,long,long,flat,long,flat,buy_today,long,flat,buy_today,long,واگرایی منفی (سقف بالاتر قیمت): MACD، OBV، پول حقیقی
تکشا,2026-10-10,4,,"ichi,adx,volbrk,trendflow,obv",long,flat,long,flat,flat,sell_today,flat,long,long,sell_today,flat,flat,flat,sell_today,sell_today,sell_today,
تکمبا,2026-10-10,5,psar,"volbrk,trendflow",long,flat,flat,flat,flat,flat,flat,buy_today,long,long,flat,flat,flat,sell_today,sell_today,long,
تکنار,2026-10-04,11,"donch,trendflow",,long,long,flat,flat,buy_today,long,long,long,flat,long,flat,long,flat,long,buy_today,long,
تکیمیا,2026-10-10,10,"donch,trendflow",boll,long,long,flat,sell_today,buy_today,long,long,long,flat,long,flat,flat,flat,long,buy_today,long,واگرایی منفی (سقف بالاتر قیمت): RSI، MACD
تیپیکو,2026-10-10,9,,,long,long,flat,flat,long,long,long,long,flat,long,flat,flat,flat,flat,long,long,
ثاصفا,2026-10-10,5,"trendflow,obv",,long,flat,flat,flat,flat,long,flat,flat,flat,long,flat,flat,flat,flat,buy_today,buy_today,
ثالوند,2026-10-05,11,"donch,trendflow",,long,long,flat,flat,buy_today,long,long,long,flat,long,flat,long,flat,long,buy_today,long,
ثامان,2026-10-10,5,,"ichi,adx,volbrk,trendflow,obv",flat,flat,long,long,flat,sell_today,flat,long,long,sell_today,long,flat,flat,sell_today,sell_today,sell_today,
ثباغ,2026-10-10,12,"donch,flow_net,volbrk","boll,stoch",long,long,flat,sell_today,buy_today,long,long,long,sell_today,long,flat,long,buy_today,buy_today,long,long,
فاسمین,2026-10-10,9,"flow_net,trendflow",,long,flat,flat,flat,flat,long,long,long,flat,long,flat,flat,buy_today,long,buy_today,long,
فافزا,2026-10-10,6,obv,,long,flat,flat,flat,flat,flat,flat,flat,long,long,flat,long,flat,flat,long,buy_today,
فافق,2026-10-10,12,"donch,flow_net,volbrk",boll,long,long,flat,sell_today,buy_today,long,long,long,flat,long,flat,long,buy_today,buy_today,long,long,واگرایی منفی (سقف بالاتر قیمت): RSI، MACD
فاما,2026-10-10,10,"flow_net,volbrk",,long,long,flat,flat,long,flat,long,long,flat,long,flat,flat,buy_today,buy_today,long,long,واگرایی منفی (سقف بالاتر قیمت): RSI، MACD
فاهواز,2026-10-10,8,"donch,trendflow","boll,stoch",long,long,flat,sell_today,buy_today,long,long,long,sell_today,long,flat,flat,flat,flat,buy_today,flat,واگرایی منفی (سقف بالاتر قیمت): RSI، MACD، OBV، پول حقیقی
فبستم,2026-10-10,5,,"ichi,adx,volbrk,trendflow",long,flat,flat,flat,flat,sell_today,flat,long,long,sell_today,long,flat,long,sell_today,sell_today,flat,
فبیرا,2026-10-10,7,"psar,trendflow",,long,flat,flat,flat,flat,flat,flat,buy_today,long,long,long,flat,flat,flat,buy_today,long,
فتوسا,2026-10-10,11,"donch,trendflow",boll,long,long,flat,sell_today,buy_today,long,long,long,flat,long,flat,long,flat,long,buy_today,long,واگرایی منفی (سقف بالاتر قیمت): RSI، MACD، پول حقیقی
فجام,2026-10-10,8,,macd,long,sell_today,flat,flat,long,flat,long,long,flat,long,flat,flat,flat,long,long,long,
فجوش,2026-10-10,10,"macd,donch,volbrk",,long,buy_today,flat,flat,buy_today,long,long,long,flat,long,flat,flat,flat,buy_today,long,long,واگرایی منفی (سقف بالاتر قیمت): MACD، پول حقیقی
فپنتا,2026-10-10,7,,"macd,stoch",long,sell_today,flat,flat,flat,long,long,long,sell_today,long,flat,flat,flat,flat,long,long,واگرایی منفی (سقف بالاتر قیمت): RSI، MACD
ناما,2026-10-10,13,"donch,volbrk",boll,long,long,flat,sell_today,buy_today,long,long,long,long,long,flat,long,long,buy_today,long,long,
نبابک,2026-10-10,14,"donch,ichi,flow_bp,flow_net,volbrk,trendflow",,long,long,flat,long,buy_today,buy_today,long,long,long,long,flat,buy_today,buy_today,buy_today,buy_today,long,واگرایی منفی (سقف بالاتر قیمت): RSI، MACD، پول حقیقی
نتوس,2026-10-10,10,trendflow,,long,flat,flat,flat,long,long,long,long,flat,long,flat,long,flat,long,buy_today,long,
نخریس,2026-10-10,11,trendflow,,long,long,flat,flat,long,long,long,long,flat,long,flat,long,flat,long,buy_today,long,
نمرینو,2026-10-10,10,,,long,long,flat,flat,long,long,long,long,flat,long,flat,flat,flat,long,long,long,
نوین,2026-10-10,3,,"ichi,adx,volbrk,trendflow,obv",long,flat,flat,flat,flat,sell_today,flat,flat,long,sell_today,long,flat,flat,sell_today,sell_today,sell_today,
نیان,2026-10-10,10,"donch,flow_bp,trendflow","rsi,boll",long,long,sell_today,sell_today,buy_today,long,long,long,flat,long,flat,buy_today,flat,flat,buy_today,long,
نیرو,2026-10-10,11,"macd,donch","rsi,boll",long,buy_today,sell_today,sell_today,buy_today,long,long,long,long,long,flat,long,flat,flat,long,long,واگرایی منفی (سقف بالاتر قیمت): RSI، MACD، OBV
درهآور,2026-10-10,4,,"ichi,adx,volbrk,trendflow,obv",long,flat,flat,long,flat,sell_today,flat,flat,long,sell_today,long,flat,flat,sell_today,sell_today,sell_today,
دروز,2026-10-10,10,"donch,trendflow",,long,long,flat,flat,buy_today,long,long,long,flat,long,flat,flat,flat,long,buy_today,long,
دزاگرس,2026-10-10,10,"donch,volbrk",stoch,long,long,flat,flat,buy_today,long,long,long,sell_today,long,flat,flat,flat,buy_today,long,long,
دزهراوی,2026-10-10,9,donch,boll,long,long,flat,sell_today,buy_today,flat,long,long,flat,long,flat,flat,flat,long,long,long,
دسبحا,2026-10-10,10,"donch,trendflow",,long,long,flat,flat,buy_today,long,long,long,flat,long,flat,flat,flat,long,buy_today,long,واگرایی منفی (سقف بالاتر قیمت): RSI، MACD
دسبحان,2026-10-10,10,"donch,trendflow",,long,long,flat,flat,buy_today,long,long,long,flat,long,flat,flat,flat,long,buy_today,long,واگرایی منفی (سقف بالاتر قیمت): RSI، پول حقیقی
دسینا,2026-10-10,10,,,long,long,flat,flat,long,long,long,long,flat,long,flat,flat,flat,long,long,long,
دشیری,2026-10-10,10,,psar,long,long,flat,flat,long,long,long,sell_today,flat,long,flat,flat,long,long,long,long,
دشیمی,2026-10-10,3,,"ichi,adx,volbrk,trendflow,obv",long,flat,flat,long,flat,sell_today,flat,flat,long,sell_today,flat,flat,flat,sell_today,sell_today,sell_today,
دعبید,2026-10-10,10,,,long,long,flat,flat,long,long,long,long,flat,long,flat,flat,flat,long,long,long,
دفارا,2026-10-10,7,,"ichi,psar",long,flat,flat,flat,long,sell_today,long,sell_today,flat,long,flat,flat,long,flat,long,long,
دفرا,2026-10-10,4,,,flat,long,flat,long,flat,flat,long,long,flat,flat,flat,flat,flat,flat,flat,flat,
دقاضی,2026-10-10,11,"donch,flow_net",,long,long,flat,flat,buy_today,long,long,long,flat,long,flat,flat,buy_today,long,long,long,
دلر,2026-10-10,9,,,long,long,flat,flat,long,long,long,long,flat,long,flat,flat,flat,flat,long,long,
دکوثر,2026-10-10,2,,"ichi,adx,volbrk,trendflow,obv",long,flat,flat,flat,long,sell_today,flat,flat,flat,sell_today,flat,flat,flat,sell_today,sell_today,sell_today,
دکپسول,2026-10-10,2,,"ichi,adx,volbrk,trendflow,obv",long,flat,flat,flat,flat,sell_today,long,flat,flat,sell_today,flat,flat,flat,sell_today,sell_today,sell_today,
دکیمی,2026-10-10,11,"donch,flow_net,volbrk",boll,long,long,flat,sell_today,buy_today,long,long,long,flat,long,flat,flat,buy_today,buy_today,long,long,
وفردا,2026-10-10,12,"flow_bp,flow_net,trendflow",stoch,long,long,flat,flat,long,long,long,long,sell_today,long,long,buy_today,buy_today,long,buy_today,flat,
ولانا,2026-10-10,3,,,long,flat,flat,flat,flat,flat,flat,flat,long,long,flat,flat,flat,flat,flat,flat,
ولتجار,2026-10-10,2,stoch,"ichi,adx,volbrk,trendflow",long,flat,flat,flat,flat,sell_today,flat,flat,buy_today,sell_today,flat,flat,flat,sell_today,sell_today,flat,
ولراز,2026-10-10,10,"donch,trendflow",,long,long,flat,flat,buy_today,long,long,long,flat,long,flat,flat,flat,long,buy_today,long,
ولشرق,2026-10-10,12,"donch,flow_bp,flow_net,volbrk,trendflow",,long,long,flat,flat,buy_today,long,long,long,flat,long,flat,buy_today,buy_today,buy_today,buy_today,long,
ولصنم,2026-10-10,9,,,long,flat,flat,flat,long,flat,long,long,long,long,flat,long,flat,flat,long,long,
ولغدر,2026-10-10,12,"donch,flow_bp,flow_net,trendflow",boll,long,long,flat,sell_today,buy_today,long,long,long,flat,long,flat,buy_today,buy_today,long,buy_today,long,
ولقمان,2026-10-06,10,,,long,long,flat,flat,long,long,long,long,flat,long,flat,flat,flat,long,long,long,واگرایی منفی (سقف بالاتر قیمت): RSI، پول حقیقی
ولپارس,2026-10-10,12,"donch,flow_bp,flow_net,trendflow",boll,long,long,flat,sell_today,buy_today,long,long,long,flat,long,flat,buy_today,buy_today,long,buy_today,long,واگرایی منفی (سقف بالاتر قیمت): RSI، MACD
ولکار,2026-10-10,13,"donch,ichi,super,flow_bp,flow_net,volbrk,trendflow",boll,long,long,flat,sell_today,buy_today,buy_today,buy_today,long,long,long,flat,buy_today,buy_today,buy_today,buy_today,long,
وکبهمن,2026-10-10,11,"donch,trendflow",boll,long,long,flat,sell_today,buy_today,long,long,long,flat,long,flat,long,flat,long,buy_today,long,
وگستر,2026-10-10,5,,"super,volbrk,trendflow",long,flat,flat,flat,long,long,sell_today,flat,flat,long,flat,flat,flat,sell_today,sell_today,long,
نیشکر,2026-10-10,7,trendflow,"ichi,volbrk",long,flat,flat,flat,flat,sell_today,flat,long,long,long,long,flat,flat,sell_today,buy_today,long,
هجرت,2026-10-10,9,,,long,long,flat,flat,long,long,long,long,flat,long,flat,flat,flat,flat,long,long,واگرایی منفی (سقف بالاتر قیمت): MACD، پول حقیقی
همراه,2026-10-10,9,"ichi,super",,long,flat,flat,long,flat,buy_today,buy_today,long,long,long,flat,flat,flat,flat,long,long,
وآتوس,2026-10-06,3,,,long,flat,flat,flat,flat,flat,flat,flat,flat,long,flat,flat,flat,flat,flat,long,
وآذر,2026-10-10,10,donch,"rsi,boll",long,long,sell_today,sell_today,buy_today,long,long,long,flat,long,flat,long,flat,flat,long,long,واگرایی منفی (سقف بالاتر قیمت): RSI، MACD، OBV، پول حقیقی
وآرین,2026-10-10,8,,,long,flat,flat,flat,long,long,flat,long,flat,long,flat,long,flat,flat,long,long,
وآفر,2026-10-10,8,,"macd,stoch",long,sell_today,flat,flat,long,long,long,long,sell_today,long,flat,flat,flat,flat,long,long,واگرایی منفی (سقف بالاتر قیمت): RSI، MACD
وآفری,2026-10-10,2,,"donch,ichi,volbrk,trendflow,obv",long,flat,flat,flat,sell_today,sell_today,flat,flat,flat,long,flat,flat,flat,sell_today,sell_today,sell_today,
واتی,2026-10-10,7,,,long,flat,flat,long,long,flat,long,flat,flat,long,flat,flat,long,flat,flat,long,
واحصا,2026-10-10,12,,stoch,long,long,flat,flat,long,long,long,long,sell_today,long,flat,long,long,long,long,long,
وارس,2026-10-10,2,,"ichi,adx,volbrk,trendflow,obv",flat,flat,flat,long,flat,sell_today,flat,flat,long,sell_today,flat,flat,flat,sell_today,sell_today,sell_today,واگرایی مثبت (کف پایین‌تر قیمت): RSI، OBV
واعتبار,2026-10-10,11,"flow_bp,flow_net,trendflow",,long,flat,flat,flat,long,long,long,long,flat,long,flat,buy_today,buy_today,long,buy_today,long,واگرایی منفی (سقف بالاتر قیمت): RSI، MACD، OBV، پول حقیقی
وامید,2026-10-10,5,obv,,long,flat,flat,flat,long,flat,long,flat,flat,long,flat,flat,flat,flat,flat,buy_today,
آلومینا,2026-10-10,11,"donch,trendflow",boll,long,long,flat,sell_today,buy_today,long,long,long,long,long,flat,flat,flat,long,buy_today,long,واگرایی منفی (سقف بالاتر قیمت): RSI، MACD، OBV، پول حقیقی
آواپارس,2026-10-10,11,"donch,volbrk","boll,stoch",long,long,flat,sell_today,buy_today,long,long,long,sell_today,long,flat,long,flat,buy_today,long,long,
آینده,2026-10-10,12,"donch,trendflow",,long,long,flat,long,buy_today,long,long,long,flat,long,flat,long,flat,long,buy_today,long,
استقلال,2026-10-10,10,"donch,trendflow",,long,long,flat,flat,buy_today,long,long,long,flat,long,flat,flat,flat,long,buy_today,long,
اعتلا,2026-10-10,7,"flow_bp,trendflow,obv",adx,long,flat,flat,flat,flat,flat,long,long,long,sell_today,flat,buy_today,flat,flat,buy_today,buy_today,
افرا,2026-10-10,3,,"ichi,adx",flat,long,long,flat,flat,sell_today,flat,flat,long,sell_today,flat,flat,flat,flat,flat,flat,
افق,2026-10-10,11,"donch,volbrk","boll,stoch",long,long,flat,sell_today,buy_today,long,long,long,sell_today,long,flat,flat,long,buy_today,long,long,
البرز,2026-10-10,12,"donch,volbrk",stoch,long,long,flat,flat,buy_today,long,long,long,sell_today,long,flat,long,long,buy_today,long,long,
امید,2026-10-10,9,"macd,psar,flow_bp,trendflow",,long,buy_today,flat,long,flat,flat,flat,buy_today,long,flat,long,buy_today,flat,flat,buy_today,long,
امین,2026-10-10,12,"flow_bp,flow_net,volbrk,trendflow",,long,long,flat,flat,long,long,long,long,flat,long,flat,buy_today,buy_today,buy_today,buy_today,long,
انرژی,2026-10-10,7,"adx,trendflow",,long,flat,flat,long,flat,flat,flat,long,long,buy_today,long,flat,flat,flat,buy_today,flat,
اوان,2026-10-10,6,,ichi,long,flat,flat,flat,flat,sell_today,flat,long,long,long,flat,flat,flat,flat,long,long,
باران,2026-10-10,11,"donch,trendflow",stoch,long,long,flat,flat,buy_today,long,long,long,sell_today,long,flat,long,flat,long,buy_today,long,
بازرگام,2026-10-10,9,"donch,volbrk",stoch,long,long,flat,flat,buy_today,flat,long,long,sell_today,long,flat,flat,flat,buy_today,long,long,
وشهر,2026-10-07,10,"donch,trendflow",boll,long,long,flat,sell_today,buy_today,long,long,long,flat,long,flat,flat,flat,long,buy_today,long,
وصنا,2026-10-10,10,,,long,long,flat,flat,long,long,long,long,flat,long,flat,flat,flat,long,long,long,واگرایی منفی (سقف بالاتر قیمت): RSI، MACD، OBV، پول حقیقی
وصندوق,2026-10-10,10,,,long,long,flat,flat,long,long,long,long,flat,long,flat,flat,flat,long,long,long,
وصنعت,2026-10-10,8,,,long,flat,flat,flat,long,long,long,long,flat,long,flat,flat,flat,flat,long,long,
وطوبی,2026-10-10,12,,,long,flat,flat,long,long,long,long,long,flat,long,flat,long,long,long,long,long,واگرایی منفی (سقف بالاتر قیمت): RSI، MACD، OBV، پول حقیقی
وفتخار,2026-10-10,9,,macd,long,sell_today,flat,flat,long,long,long,long,flat,long,flat,flat,flat,long,long,long,
ولملت,2026-10-05,10,donch,,long,long,flat,flat,buy_today,long,long,long,flat,long,flat,flat,flat,long,long,long,
ولنوین,2026-10-10,10,"flow_bp,trendflow",,long,long,flat,flat,long,long,long,long,flat,long,flat,buy_today,flat,flat,buy_today,long,واگرایی منفی (سقف بالاتر قیمت): MACD، OBV، پول حقیقی
ولیز,2026-10-10,10,"donch,psar,trendflow",,long,flat,flat,flat,buy_today,long,long,buy_today,flat,long,flat,long,flat,long,buy_today,long,
ومدیر,2026-10-10,11,"donch,flow_bp,volbrk,trendflow",boll,long,long,flat,sell_today,buy_today,flat,long,long,flat,long,flat,buy_today,long,buy_today,buy_today,long,واگرایی منفی (سقف بالاتر قیمت): RSI، MACD، پول حقیقی
ومشان,2026-10-10,11,donch,,long,long,flat,flat,buy_today,long,long,long,flat,long,flat,long,flat,long,long,long,
ومعلم,2026-10-10,8,obv,,long,flat,flat,flat,long,flat,long,long,flat,long,flat,long,long,flat,flat,buy_today,
وملت,2026-10-10,11,"donch,flow_bp,trendflow",,long,long,flat,flat,buy_today,long,long,long,flat,long,flat,buy_today,flat,long,buy_today,long,
وملی,2026-10-10,3,psar,,long,flat,flat,flat,flat,flat,flat,buy_today,flat,long,flat,flat,flat,flat,flat,flat,
ومپنا,2026-10-10,7,trendflow,,long,flat,flat,flat,long,long,flat,long,flat,long,flat,flat,flat,flat,buy_today,long,
ونفت,2026-10-10,3,stoch,"ichi,volbrk,trendflow,obv",long,flat,flat,flat,flat,sell_today,flat,flat,buy_today,long,flat,flat,flat,sell_today,sell_today,sell_today,
وهامون,2026-10-10,5,"adx,trendflow",,long,flat,flat,flat,flat,flat,long,long,flat,buy_today,flat,flat,flat,flat,buy_today,flat,
وهنر,2026-10-10,10,,stoch,long,long,flat,flat,long,flat,long,long,sell_today,long,flat,long,long,flat,long,long,
ویسا,2026-10-10,10,"donch,trendflow",boll,long,long,flat,sell_today,buy_today,long,long,long,flat,long,flat,flat,flat,long,buy_today,long,واگرایی منفی (سقف بالاتر قیمت): RSI، MACD
تاتمس,2026-10-10,1,stoch,"sma,donch,ichi,adx,volbrk,trendflow,obv",sell_today,flat,flat,flat,sell_today,sell_today,flat,flat,buy_today,sell_today,flat,flat,flat,sell_today,sell_today,sell_today,
تاصیکو,2026-10-10,10,trendflow,ichi,long,long,flat,flat,long,sell_today,flat,flat,long,long,flat,long,long,long,buy_today,long,
تاپکیش,2026-10-10,5,,stoch,flat,long,flat,flat,flat,flat,long,long,sell_today,flat,flat,flat,flat,flat,long,long,
تایرا,2026-10-10,10,,,long,long,flat,flat,long,long,long,long,flat,long,flat,flat,flat,long,long,long,
تبرک,2026-10-10,11,donch,,long,long,flat,flat,buy_today,long,long,long,long,long,flat,flat,flat,long,long,long,واگرایی منفی (سقف بالاتر قیمت): RSI، MACD
تشتاد,2026-10-10,7,trendflow,,long,flat,flat,flat,long,long,flat,flat,flat,long,flat,flat,flat,long,buy_today,long,
تفارس,2026-10-10,8,trendflow,boll,long,flat,flat,sell_today,flat,flat,flat,long,long,long,flat,long,long,flat,buy_today,long,
تفیرو,2026-10-10,10,"donch,flow_bp,trendflow",,flat,long,flat,flat,buy_today,long,long,long,flat,long,flat,buy_today,flat,long,buy_today,long,
تپسی,2026-10-10,10,"donch,trendflow",,long,long,flat,flat,buy_today,long,long,long,flat,long,flat,flat,flat,long,buy_today,long,
تپولا,2026-10-10,2,,"psar,volbrk,trendflow,obv",long,flat,flat,flat,flat,flat,flat,sell_today,flat,long,flat,flat,flat,sell_today,sell_today,sell_today,
پلوله,2026-10-03,10,"donch,trendflow",,long,long,flat,flat,buy_today,long,long,long,flat,long,flat,flat,flat,long,buy_today,long,
غشوکو,2026-10-10,9,,"boll,stoch",long,long,flat,sell_today,long,long,long,long,sell_today,long,flat,flat,flat,flat,long,long,
غفارس,2026-10-10,10,donch,stoch,long,long,flat,flat,buy_today,long,long,long,sell_today,long,flat,flat,flat,long,long,long,واگرایی منفی (سقف بالاتر قیمت): RSI، پول حقیقی
غمایه,2026-10-10,11,"donch,flow_bp,flow_net,volbrk,trendflow",boll,long,long,flat,sell_today,buy_today,flat,long,long,flat,long,flat,buy_today,buy_today,buy_today,buy_today,long,واگرایی منفی (سقف بالاتر قیمت): RSI، MACD
غمهرا,2026-10-10,9,donch,"rsi,boll",long,long,sell_today,sell_today,buy_today,flat,long,long,flat,long,flat,flat,flat,long,long,long,واگرایی منفی (سقف بالاتر قیمت): RSI، OBV، پول حقیقی
غمینو,2026-10-10,9,,,long,long,flat,flat,long,flat,long,long,flat,long,flat,flat,flat,long,long,long,
غنوش,2026-10-10,8,,,long,long,flat,flat,long,long,long,long,flat,long,flat,flat,flat,flat,flat,long,
غنیلی,2026-10-10,6,trendflow,,long,flat,flat,flat,flat,flat,flat,flat,long,long,long,flat,flat,flat,buy_today,long,
غویتا,2026-10-10,10,donch,boll,long,long,flat,sell_today,buy_today,long,long,long,flat,long,flat,flat,flat,long,long,long,واگرایی منفی (سقف بالاتر قیمت): RSI، OBV، پول حقیقی
غگرجی,2026-10-10,7,,stoch,flat,long,flat,long,flat,flat,long,long,sell_today,long,flat,flat,flat,flat,long,long,
غگز,2026-10-10,6,,"ichi,adx,volbrk,trendflow,obv",flat,long,long,flat,flat,sell_today,flat,long,long,sell_today,long,flat,long,sell_today,sell_today,sell_today,
غگل,2026-10-10,12,"donch,trendflow","rsi,boll",long,long,sell_today,sell_today,buy_today,long,long,long,long,long,flat,flat,long,long,buy_today,long,
غگلستا,2026-10-10,9,donch,boll,long,long,flat,sell_today,buy_today,flat,long,long,long,long,flat,flat,flat,flat,long,long,واگرایی منفی (سقف بالاتر قیمت): RSI، MACD
غگلپا,2026-10-10,10,,,long,long,flat,flat,long,long,long,long,flat,long,flat,flat,flat,long,long,long,واگرایی منفی (سقف بالاتر قیمت): RSI، پول حقیقی
غگیلا,2026-10-10,11,,,long,long,flat,flat,long,long,long,long,flat,long,flat,long,flat,long,long,long,
شاروم,2026-10-10,8,trendflow,"volbrk,obv",long,flat,flat,flat,long,long,flat,long,long,long,long,flat,flat,sell_today,buy_today,sell_today,
شاملا,2026-10-10,10,"donch,volbrk",boll,long,long,flat,sell_today,buy_today,flat,long,long,flat,long,flat,long,flat,buy_today,long,long,واگرایی منفی (سقف بالاتر قیمت): MACD، پول حقیقی
شاوان,2026-09-30,9,,,long,flat,flat,flat,long,long,long,long,flat,long,flat,flat,flat,long,long,long,
شبریز,2026-09-30,7,"flow_bp,flow_net,trendflow",volbrk,long,flat,flat,flat,flat,flat,flat,flat,long,long,flat,buy_today,buy_today,sell_today,buy_today,long,
شبصیر,2026-10-10,9,trendflow,rsi,long,flat,sell_today,flat,long,long,long,long,flat,long,flat,flat,flat,long,buy_today,long,واگرایی منفی (سقف بالاتر قیمت): RSI، MACD، OBV
شتوکا,2026-10-10,10,trendflow,,long,long,flat,flat,long,long,long,long,flat,long,flat,flat,flat,long,buy_today,long,
شجم,2026-10-10,11,"donch,volbrk","boll,stoch",long,long,flat,sell_today,buy_today,long,long,long,sell_today,long,flat,long,flat,buy_today,long,long,
شپارس,2026-10-10,11,"donch,volbrk",boll,long,long,flat,sell_today,buy_today,long,long,long,long,long,flat,flat,flat,buy_today,long,long,واگرایی منفی (سقف بالاتر قیمت): RSI، MACD، پول حقیقی
شپاس,2026-10-10,11,"donch,flow_bp,flow_net,volbrk,trendflow",rsi,long,long,sell_today,flat,buy_today,flat,long,long,flat,long,flat,buy_today,buy_today,buy_today,buy_today,long,واگرایی منفی (سقف بالاتر قیمت): RSI، MACD
شپلی,2026-10-10,2,,"ichi,adx,volbrk,trendflow,obv",long,flat,flat,flat,flat,sell_today,flat,flat,long,sell_today,flat,flat,flat,sell_today,sell_today,sell_today,
کخاک,2026-10-10,10,"donch,trendflow",,long,long,flat,flat,buy_today,long,long,long,flat,long,flat,flat,flat,long,buy_today,long,
کدما,2026-10-10,5,psar,,long,flat,flat,flat,flat,flat,flat,buy_today,long,long,flat,flat,flat,flat,flat,long,
کربن,2026-10-10,9,"super,psar,flow_bp,flow_net,trendflow,obv",,long,flat,flat,flat,flat,flat,buy_today,buy_today,long,long,flat,buy_today,buy_today,flat,buy_today,buy_today,واگرایی منفی (سقف بالاتر قیمت): MACD، پول حقیقی
کرماشا,2026-10-10,4,psar,"ichi,volbrk,trendflow",long,flat,flat,flat,flat,sell_today,flat,buy_today,long,long,flat,flat,flat,sell_today,sell_today,flat,
کساوه,2026-10-10,11,,stoch,long,long,flat,flat,long,long,long,long,sell_today,long,flat,flat,long,long,long,long,
کساپا,2026-10-10,6,"trendflow,obv",,long,flat,flat,flat,flat,flat,flat,long,long,flat,long,flat,flat,flat,buy_today,buy_today,
کسرام,2026-10-10,8,donch,,long,long,flat,flat,buy_today,flat,long,long,flat,long,flat,flat,flat,flat,long,long,
کسعدی,2026-10-05,10,"donch,trendflow",,long,long,flat,flat,buy_today,long,long,long,flat,long,flat,flat,flat,long,buy_today,long,
کشرق,2026-10-10,9,donch,boll,flat,long,flat,sell_today,buy_today,flat,long,long,long,long,long,flat,flat,flat,long,long,
کصدف,2026-10-10,7,,ichi,long,flat,flat,flat,flat,sell_today,long,long,long,long,long,flat,flat,flat,flat,long,
کطبس,2026-10-10,11,"donch,flow_net,volbrk","boll,stoch",long,long,flat,sell_today,buy_today,long,long,long,sell_today,long,flat,flat,buy_today,buy_today,long,long,
کفرا,2026-10-10,10,"macd,donch,trendflow",rsi,long,buy_today,sell_today,flat,buy_today,long,long,long,long,long,flat,flat,flat,flat,buy_today,long,
کفپارس,2026-10-10,9,"donch,trendflow",boll,long,long,flat,sell_today,buy_today,flat,long,long,long,long,flat,flat,flat,flat,buy_today,long,واگرایی منفی (سقف بالاتر قیمت): RSI، MACD، OBV، پول حقیقی
حتاید,2026-10-10,5,,"ichi,volbrk,trendflow,obv",long,flat,flat,long,flat,sell_today,flat,flat,long,long,long,flat,flat,sell_today,sell_today,sell_today,
حتوکا,2026-10-10,7,,,long,flat,flat,flat,long,flat,long,long,flat,long,flat,flat,flat,flat,long,long,
حخزر,2026-10-10,11,,,long,long,flat,flat,long,long,long,long,flat,long,flat,flat,long,long,long,long,
حرهشا,2026-10-10,1,,"donch,ichi,adx,volbrk,trendflow,obv",long,flat,flat,flat,sell_today,sell_today,flat,flat,flat,sell_today,flat,flat,flat,sell_today,sell_today,sell_today,
حریل,2026-10-10,7,"psar,trendflow","ichi,volbrk",long,flat,flat,flat,flat,sell_today,flat,buy_today,long,long,long,flat,flat,sell_today,buy_today,long,
حسینا,2026-10-10,5,flow_net,"ichi,volbrk,trendflow,obv",long,flat,flat,flat,long,sell_today,long,flat,flat,long,flat,flat,buy_today,sell_today,sell_today,sell_today,
حفارس,2026-10-10,9,,macd,long,sell_today,flat,flat,long,long,long,long,flat,long,flat,flat,flat,long,long,long,واگرایی منفی (سقف بالاتر قیمت): RSI، MACD، پول حقیقی
حکشتی,2026-10-10,5,"psar,adx","ichi,volbrk,trendflow",long,flat,flat,flat,flat,sell_today,flat,buy_today,long,buy_today,long,flat,flat,sell_today,sell_today,flat,
حگردش,2026-10-10,5,"psar,trendflow",,long,flat,flat,flat,flat,flat,long,buy_today,flat,flat,flat,flat,flat,flat,buy_today,long,
حگهر,2026-10-10,5,"psar,flow_bp,trendflow,obv","sma,ichi,adx",sell_today,flat,flat,flat,flat,sell_today,flat,buy_today,long,sell_today,flat,buy_today,flat,flat,buy_today,buy_today,
خبازرس,2026-10-10,11,"donch,flow_bp,volbrk,trendflow",boll,long,long,flat,sell_today,buy_today,long,long,long,flat,long,flat,buy_today,flat,buy_today,buy_today,long,واگرایی منفی (سقف بالاتر قیمت): RSI، MACD، OBV، پول حقیقی
فرود,2026-10-10,12,"donch,flow_net,volbrk",boll,long,long,flat,sell_today,buy_today,flat,long,long,long,long,flat,long,buy_today,buy_today,long,long,واگرایی منفی (سقف بالاتر قیمت): RSI، MACD
فروس,2026-10-07,3,,"ichi,volbrk,trendflow",long,flat,flat,flat,flat,sell_today,flat,flat,long,long,flat,flat,flat,sell_today,sell_today,flat,
فروسیل,2026-10-07,10,"macd,donch,trendflow",rsi,long,buy_today,sell_today,flat,buy_today,long,long,long,long,long,flat,flat,flat,flat,buy_today,long,واگرایی منفی (سقف بالاتر قیمت): RSI، MACD، OBV
فروژ,2026-10-10,8,"flow_bp,trendflow,obv",,long,flat,flat,flat,long,long,flat,flat,flat,long,flat,buy_today,flat,long,buy_today,buy_today,
فزر,2026-10-10,9,donch,"boll,stoch",long,long,flat,sell_today,buy_today,flat,long,long,sell_today,long,flat,flat,flat,long,long,long,
فسا,2026-10-10,11,"donch,trendflow",,long,long,flat,flat,buy_today,long,long,long,flat,long,flat,long,flat,long,buy_today,long,
فسبزوار,2026-10-10,10,"donch,trendflow",boll,long,long,flat,sell_today,buy_today,long,long,long,flat,long,flat,flat,flat,long,buy_today,long,
فسدید,2026-10-10,6,,donch,long,flat,flat,flat,sell_today,long,flat,flat,flat,long,flat,flat,flat,long,long,long,
فسوژ,2026-10-10,10,donch,boll,long,long,flat,sell_today,buy_today,long,long,long,flat,long,flat,flat,flat,long,long,long,واگرایی منفی (سقف بالاتر قیمت): RSI، MACD، پول حقیقی
فغدیر,2026-10-10,12,"donch,trendflow",,long,long,flat,flat,buy_today,long,long,long,flat,long,flat,long,long,long,buy_today,long,
فکمند,2026-10-10,5,,"ichi,adx,volbrk,trendflow,obv",long,flat,flat,flat,flat,sell_today,long,long,long,sell_today,long,flat,flat,sell_today,sell_today,sell_today,
ختور,2026-10-10,9,,,long,long,flat,flat,long,flat,long,long,flat,long,flat,flat,flat,long,long,long,
ختوقا,2026-10-10,12,,,long,long,flat,long,long,long,long,long,long,long,flat,long,flat,flat,long,long,
خراسان,2026-10-10,6,obv,ichi,long,flat,flat,flat,flat,sell_today,flat,long,long,flat,long,long,flat,flat,flat,buy_today,
خرینگ,2026-10-10,10,"donch,volbrk","boll,stoch",long,long,flat,sell_today,buy_today,long,long,long,sell_today,long,flat,flat,flat,buy_today,long,long,
خشرق,2026-10-10,9,,stoch,long,long,flat,flat,long,long,long,long,sell_today,long,flat,flat,flat,flat,long,long,واگرایی منفی (سقف بالاتر قیمت): RSI، MACD
خصدرا,2026-10-05,10,,,long,long,flat,flat,long,long,long,long,flat,long,flat,flat,flat,long,long,long,
خعمرا,2026-10-10,2,,"donch,ichi,volbrk,trendflow,obv",long,flat,flat,flat,sell_today,sell_today,flat,flat,flat,long,flat,flat,flat,sell_today,sell_today,sell_today,
خفناور,2026-10-10,8,,,long,flat,flat,flat,flat,long,flat,long,long,long,flat,flat,long,flat,long,long,
خفولا,2026-10-10,6,"psar,obv",,long,flat,flat,flat,flat,flat,flat,buy_today,long,long,flat,long,flat,flat,flat,buy_today,
خپویش,2026-10-10,10,,,long,long,flat,flat,long,long,long,long,flat,long,flat,flat,flat,long,long,long,
خچرخش,2026-10-10,12,,,long,long,flat,flat,long,long,long,long,flat,long,flat,long,long,long,long,long,
لخانه,2026-10-10,11,"donch,flow_net,volbrk",,long,long,flat,flat,buy_today,long,long,long,flat,long,flat,flat,buy_today,buy_today,long,long,
لخزر,2026-10-10,4,,"ichi,volbrk,trendflow,obv",long,flat,flat,flat,long,sell_today,long,flat,flat,long,flat,flat,flat,sell_today,sell_today,sell_today,
لسرما,2026-10-10,3,,"ichi,volbrk,trendflow,obv",long,flat,flat,flat,flat,sell_today,flat,flat,long,long,flat,flat,flat,sell_today,sell_today,sell_today,
لطیف,2026-10-10,10,"donch,trendflow",boll,long,long,flat,sell_today,buy_today,long,long,long,long,long,flat,flat,flat,flat,buy_today,long,واگرایی منفی (سقف بالاتر قیمت): RSI، MACD، OBV، پول حقیقی
ما,2026-10-10,8,,,long,flat,flat,flat,flat,flat,long,long,long,long,flat,long,flat,flat,long,long,
مارون,2026-10-10,9,,,long,long,flat,flat,long,long,long,flat,flat,long,flat,flat,flat,long,long,long,
محتشم,2026-10-10,11,"donch,volbrk",,long,long,flat,flat,buy_today,long,long,long,flat,long,flat,long,flat,buy_today,long,long,
مداران,2026-10-10,7,,,long,flat,flat,flat,long,long,flat,flat,flat,long,flat,flat,flat,long,long,long,
مدیریت,2026-10-10,8,"flow_bp,trendflow",,long,long,flat,flat,flat,flat,long,long,flat,long,flat,buy_today,flat,flat,buy_today,long,واگرایی منفی (سقف بالاتر قیمت): RSI، MACD
معیار,2026-10-07,10,,stoch,long,long,flat,flat,long,long,long,long,sell_today,long,flat,flat,flat,long,long,long,
معین,2026-10-10,12,"flow_bp,trendflow",,long,long,flat,flat,long,long,long,long,flat,long,flat,buy_today,long,long,buy_today,long,
مفاخر,2026-10-10,11,"donch,trendflow",,long,long,flat,flat,buy_today,long,long,long,flat,long,flat,long,flat,long,buy_today,long,
ملت,2026-10-10,11,"donch,trendflow",,long,long,flat,flat,buy_today,long,long,long,flat,long,flat,long,flat,long,buy_today,long,
ممسنی,2026-10-10,10,,stoch,long,long,flat,flat,long,long,long,long,sell_today,long,flat,flat,flat,long,long,long,
ثتران,2026-10-10,12,"donch,flow_bp,trendflow",boll,long,long,flat,sell_today,buy_today,long,long,long,long,long,flat,buy_today,flat,long,buy_today,long,
ثتوسا,2026-10-10,4,,"ichi,adx,volbrk,trendflow,obv",long,flat,flat,flat,flat,sell_today,flat,long,long,sell_today,long,flat,flat,sell_today,sell_today,sell_today,
ثجنوب,2026-10-10,6,trendflow,,long,flat,flat,flat,long,long,long,flat,flat,flat,flat,flat,flat,flat,buy_today,long,
ثجوان,2026-10-10,4,,"donch,ichi,volbrk,trendflow",long,flat,flat,flat,sell_today,sell_today,long,flat,flat,long,flat,flat,flat,sell_today,sell_today,long,
ثرود,2026-10-10,5,"trendflow,obv",,long,flat,flat,flat,flat,flat,flat,flat,long,long,flat,flat,flat,flat,buy_today,buy_today,
ثزاگرس,2026-10-10,5,,"macd,ichi,adx,volbrk,trendflow,obv",long,sell_today,long,flat,long,sell_today,flat,flat,long,sell_today,long,flat,flat,sell_today,sell_today,sell_today,
ثشاهد,2026-10-10,6,trendflow,,long,flat,flat,flat,flat,flat,flat,long,long,long,flat,flat,flat,flat,buy_today,long,
ثعتما,2026-10-10,8,trendflow,macd,long,sell_today,flat,flat,long,long,long,flat,flat,long,flat,flat,flat,long,buy_today,long,
ثعمرا,2026-10-10,5,,"volbrk,trendflow,obv",long,flat,flat,long,flat,flat,long,flat,long,long,flat,flat,flat,sell_today,sell_today,sell_today,
ثغرب,2026-10-05,11,"donch,trendflow",,long,long,flat,flat,buy_today,long,long,long,flat,long,flat,long,flat,long,buy_today,long,
ثقزوی,2026-10-10,4,trendflow,"ichi,volbrk,obv",long,flat,flat,flat,flat,sell_today,flat,flat,long,long,flat,flat,flat,sell_today,buy_today,sell_today,
ثنام,2026-10-10,11,"donch,trendflow",boll,long,long,flat,sell_today,buy_today,long,long,long,flat,long,flat,flat,long,long,buy_today,long,
ثنظام,2026-10-10,9,donch,boll,flat,long,flat,sell_today,buy_today,long,long,long,long,long,flat,flat,flat,long,flat,long,
ثنور,2026-10-10,9,"donch,super,trendflow",boll,long,flat,flat,sell_today,buy_today,long,buy_today,long,flat,long,flat,long,flat,flat,buy_today,long,واگرایی منفی (سقف بالاتر قیمت): RSI، MACD، OBV
ثپردیس,2026-10-10,3,,"volbrk,trendflow",long,flat,flat,flat,flat,flat,flat,flat,long,long,flat,flat,flat,sell_today,sell_today,flat,
خلیبل,2026-10-10,4,,"ichi,psar,adx,volbrk,trendflow,obv",long,flat,flat,long,flat,sell_today,flat,sell_today,long,sell_today,long,flat,flat,sell_today,sell_today,sell_today,
خمحرکه,2026-10-10,9,"macd,super,trendflow",,long,buy_today,flat,long,flat,flat,buy_today,long,long,long,flat,flat,flat,flat,buy_today,long,
خمحور,2026-10-10,8,"macd,donch",boll,long,buy_today,flat,sell_today,buy_today,long,long,long,flat,flat,flat,flat,flat,flat,long,long,واگرایی منفی (سقف بالاتر قیمت): RSI، MACD، OBV
خنصیر,2026-10-10,9,,,long,long,flat,flat,flat,long,long,long,long,long,flat,flat,flat,flat,long,long,
خنور,2026-10-10,12,"flow_bp,volbrk,trendflow",,long,long,flat,long,flat,flat,long,long,long,long,long,buy_today,flat,buy_today,buy_today,long,
خودکفا,2026-10-10,11,ichi,stoch,long,long,flat,flat,long,buy_today,long,long,sell_today,long,flat,flat,long,long,long,long,واگرایی منفی (سقف بالاتر قیمت): RSI، MACD، پول حقیقی
خوساز,2026-10-10,10,,,long,long,flat,flat,flat,long,long,long,long,long,flat,flat,long,flat,long,long,واگرایی منفی (سقف بالاتر قیمت): RSI، MACD، پول حقیقی
خکرمان,2026-10-10,9,,,long,flat,flat,flat,long,long,long,long,flat,long,flat,flat,flat,long,long,long,واگرایی منفی (سقف بالاتر قیمت): RSI، MACD
دابور,2026-10-10,9,,,long,flat,flat,flat,long,long,long,long,flat,long,flat,flat,flat,long,long,long,
داتام,2026-10-10,9,"flow_bp,flow_net,volbrk,trendflow",,long,flat,flat,flat,flat,flat,long,long,flat,long,flat,buy_today,buy_today,buy_today,buy_today,long,
زبینا,2026-10-10,10,,,long,long,flat,flat,long,long,long,long,flat,long,flat,flat,flat,long,long,long,
زدشت,2026-10-10,6,,"ichi,volbrk,trendflow,obv",long,flat,flat,flat,long,sell_today,long,long,long,long,flat,flat,flat,sell_today,sell_today,sell_today,
زشریف,2026-10-10,5,,,long,flat,flat,flat,flat,flat,long,long,flat,long,flat,flat,flat,flat,flat,long,
زشگزا,2026-10-10,10,,,long,long,flat,flat,long,long,long,long,flat,long,flat,flat,flat,long,long,long,
زفارس,2026-10-10,10,"macd,ichi,trendflow",,long,buy_today,flat,flat,flat,buy_today,long,long,long,long,flat,flat,long,flat,buy_today,long,
زفجر,2026-10-10,9,,,long,long,flat,flat,long,flat,long,long,flat,long,flat,flat,flat,long,long,long,
زقیام,2026-10-10,2,flow_net,"donch,ichi,super,psar,adx,volbrk,trendflow,obv",long,flat,flat,flat,sell_today,sell_today,sell_today,sell_today,flat,sell_today,flat,flat,buy_today,sell_today,sell_today,sell_today,
زماهان,2026-10-10,4,,"ichi,volbrk,trendflow,obv",long,flat,flat,flat,flat,sell_today,flat,long,long,long,flat,flat,flat,sell_today,sell_today,sell_today,
زمگسا,2026-10-10,10,donch,,long,long,flat,flat,buy_today,long,long,long,flat,long,flat,flat,flat,long,long,long,
زنجان,2026-10-10,12,"donch,flow_bp,flow_net,trendflow",,long,long,flat,flat,buy_today,long,long,long,flat,long,flat,buy_today,buy_today,long,buy_today,long,
زنگان,2026-10-10,10,"donch,flow_bp,volbrk,trendflow",,long,long,flat,flat,buy_today,flat,long,long,flat,long,flat,buy_today,flat,buy_today,buy_today,long,
زپارس,2026-10-10,10,,,long,long,flat,flat,long,long,long,long,flat,long,flat,flat,flat,long,long,long,
زکشت,2026-10-10,11,,,long,long,flat,flat,long,long,long,long,flat,long,flat,flat,long,long,long,long,
زکوثر,2026-10-10,11,donch,boll,long,long,flat,sell_today,buy_today,long,long,long,flat,long,flat,long,flat,long,long,long,واگرایی منفی (سقف بالاتر قیمت): RSI، MACD، پول حقیقی
زگلدشت,2026-10-10,9,,,long,long,flat,flat,long,long,long,long,flat,long,flat,flat,flat,flat,long,long,
سآبیک,2026-10-10,11,"donch,flow_bp,trendflow","rsi,boll",long,long,sell_today,sell_today,buy_today,long,long,long,long,long,flat,buy_today,flat,flat,buy_today,long,واگرایی منفی (سقف بالاتر قیمت): MACD، پول حقیقی
ساذری,2026-10-10,8,,,flat,long,long,long,long,flat,long,long,flat,long,flat,flat,flat,flat,flat,long,
وتعاون,2026-10-10,11,volbrk,,long,long,flat,flat,long,long,long,long,flat,long,flat,flat,long,buy_today,long,long,
وتوس,2026-10-10,6,"psar,flow_bp,flow_net","ichi,volbrk,trendflow",long,flat,flat,flat,flat,sell_today,flat,buy_today,long,flat,long,buy_today,buy_today,sell_today,sell_today,flat,
وتوسم,2026-10-10,7,psar,,long,flat,flat,flat,flat,long,long,buy_today,long,long,flat,flat,flat,flat,flat,long,
وتوسکا,2026-10-10,10,trendflow,,long,flat,flat,flat,long,long,flat,long,flat,long,long,long,long,flat,buy_today,long,
وتوشه,2026-10-10,6,,,long,flat,flat,flat,long,flat,long,flat,flat,long,flat,flat,flat,flat,long,long,
وتوصا,2026-10-10,5,psar,,long,flat,flat,flat,flat,flat,long,buy_today,flat,long,flat,flat,flat,flat,flat,long,
وثخوز,2026-10-10,6,obv,,long,long,long,flat,flat,flat,flat,flat,long,flat,long,flat,flat,flat,flat,buy_today,
وثنو,2026-10-10,7,trendflow,,long,flat,flat,flat,long,long,flat,flat,flat,long,flat,long,flat,flat,buy_today,long,
وثوق,2026-10-10,9,"donch,trendflow",,long,long,flat,flat,buy_today,flat,long,long,flat,long,flat,long,flat,flat,buy_today,long,
وجامی,2026-10-10,7,trendflow,,long,flat,flat,flat,long,long,long,flat,flat,long,flat,flat,flat,flat,buy_today,long,
وحافظ,2026-10-10,8,"donch,ichi",boll,long,long,long,sell_today,buy_today,buy_today,long,long,flat,flat,flat,flat,flat,flat,flat,long,
ودانا,2026-10-10,11,donch,boll,long,long,flat,sell_today,buy_today,long,long,long,flat,long,flat,long,flat,long,long,long,واگرایی منفی (سقف بالاتر قیمت): RSI، MACD
ودی,2026-10-10,10,"donch,trendflow",,long,long,flat,flat,buy_today,long,long,long,flat,long,flat,long,flat,flat,buy_today,long,
ثنوسا,2026-10-10,4,,"donch,ichi,adx,volbrk,trendflow,obv",long,flat,flat,long,sell_today,sell_today,flat,flat,long,sell_today,long,flat,flat,sell_today,sell_today,sell_today,
جمپیلن,2026-10-10,11,"donch,volbrk",boll,long,long,flat,sell_today,buy_today,long,long,long,flat,long,flat,long,flat,buy_today,long,long,
جم,2026-10-10,10,,,long,long,flat,flat,long,long,long,long,flat,long,flat,flat,flat,long,long,long,
جهرم,2026-10-10,7,donch,"boll,fibo",flat,long,flat,sell_today,buy_today,flat,long,long,long,flat,sell_today,long,flat,flat,flat,long,
جوین,2026-10-10,9,"flow_bp,trendflow",,long,flat,flat,flat,long,flat,long,long,flat,long,flat,buy_today,flat,long,buy_today,long,
حآسا,2026-10-10,3,,"ichi,adx,volbrk,trendflow,obv",long,flat,flat,flat,flat,sell_today,flat,long,long,sell_today,flat,flat,flat,sell_today,sell_today,sell_today,
حبندر,2026-10-10,10,donch,"boll,stoch",long,long,flat,sell_today,buy_today,long,long,long,sell_today,long,flat,flat,flat,long,long,long,
حپارسا,2026-10-10,8,,macd,long,sell_today,flat,flat,long,flat,long,long,flat,long,flat,flat,flat,long,long,long,
حپترو,2026-10-10,8,"macd,trendflow",,long,buy_today,flat,long,flat,flat,flat,long,long,long,flat,flat,flat,flat,buy_today,long,
حپرتو,2026-10-10,8,,psar,long,flat,flat,flat,long,long,long,sell_today,flat,long,flat,flat,flat,long,long,long,
چافست,2026-10-10,10,"donch,trendflow",boll,long,long,flat,sell_today,buy_today,long,long,long,long,long,flat,flat,flat,flat,buy_today,long,
چخزر,2026-10-10,10,"donch,trendflow",boll,long,long,flat,sell_today,buy_today,long,long,long,long,long,flat,flat,flat,flat,buy_today,long,
چفیبر,2026-10-10,5,,"sma,ichi,adx,volbrk,trendflow,obv",sell_today,flat,long,long,flat,sell_today,flat,long,long,sell_today,long,flat,flat,sell_today,sell_today,sell_today,
چنوپا,2026-10-10,7,,macd,long,sell_today,flat,flat,flat,flat,long,long,flat,long,long,flat,flat,flat,long,long,
چکارن,2026-10-10,11,,,long,long,flat,flat,long,long,long,long,long,long,flat,long,flat,flat,long,long,واگرایی منفی (سقف بالاتر قیمت): RSI، MACD
چکاوه,2026-10-10,10,"donch,trendflow",,long,long,flat,flat,buy_today,long,long,long,flat,long,flat,flat,flat,long,buy_today,long,
کارام,2026-10-10,10,"donch,trendflow",boll,long,long,flat,sell_today,buy_today,long,long,long,flat,long,flat,long,flat,flat,buy_today,long,
کاریز,2026-10-10,9,psar,macd,long,sell_today,flat,flat,long,long,long,buy_today,flat,long,flat,flat,flat,long,long,long,
کازرو,2026-10-10,10,,stoch,long,long,flat,flat,long,long,long,long,sell_today,long,flat,flat,flat,long,long,long,
کاسپین,2026-10-10,10,flow_net,,long,long,flat,flat,long,flat,long,long,flat,long,flat,flat,buy_today,long,long,long,واگرایی منفی (سقف بالاتر قیمت): RSI، MACD
کانسار,2026-10-10,9,"macd,ichi,flow_bp,trendflow",,long,buy_today,flat,flat,long,buy_today,flat,long,flat,flat,long,buy_today,flat,flat,buy_today,long,واگرایی منفی (سقف بالاتر قیمت): MACD، OBV، پول حقیقی
کاوه,2026-10-10,8,,,long,flat,flat,flat,long,long,long,flat,flat,long,flat,flat,flat,long,long,long,
کایتا,2026-10-10,11,"macd,ichi,flow_bp,trendflow",,long,buy_today,flat,flat,long,buy_today,long,long,flat,long,flat,buy_today,long,flat,buy_today,long,
کباده,2026-10-10,6,,"adx,volbrk,trendflow",long,flat,flat,flat,long,long,long,long,flat,sell_today,flat,flat,flat,sell_today,sell_today,long,
کبافق,2026-10-10,9,"donch,trendflow",boll,long,long,flat,sell_today,buy_today,long,long,long,flat,long,flat,flat,flat,flat,buy_today,long,واگرایی منفی (سقف بالاتر قیمت): RSI، MACD، پول حقیقی
کترام,2026-10-10,11,"donch,ichi,flow_bp,trendflow","rsi,boll",long,long,sell_today,sell_today,buy_today,buy_today,long,long,long,long,flat,buy_today,flat,flat,buy_today,long,واگرایی منفی (سقف بالاتر قیمت): RSI، MACD
کتوسعه,2026-10-10,7,"flow_bp,trendflow,obv",,long,flat,flat,flat,flat,flat,flat,long,long,long,flat,buy_today,flat,flat,buy_today,buy_today,
کپارس,2026-10-10,9,macd,,long,buy_today,flat,flat,long,long,long,long,flat,long,flat,flat,flat,flat,long,long,واگرایی منفی (سقف بالاتر قیمت): RSI، MACD، OBV، پول حقیقی
کپرور,2026-10-10,9,"donch,trendflow",boll,long,long,flat,sell_today,buy_today,flat,long,long,flat,long,flat,flat,flat,long,buy_today,long,
کپشیر,2026-10-10,10,donch,boll,long,long,flat,sell_today,buy_today,long,long,long,flat,long,flat,flat,flat,long,long,long,
لابسا,2026-10-10,9,"donch,volbrk","boll,stoch",long,long,flat,sell_today,buy_today,flat,long,long,sell_today,long,flat,flat,flat,buy_today,long,long,
لازما,2026-10-10,9,donch,"boll,stoch",long,long,flat,sell_today,buy_today,flat,long,long,sell_today,long,flat,flat,flat,long,long,long,واگرایی منفی (سقف بالاتر قیمت): RSI، MACD، پول حقیقی
لبوتان,2026-10-10,11,"flow_net,trendflow",,long,long,flat,flat,long,long,long,long,flat,long,flat,flat,buy_today,long,buy_today,long,
لپارس,2026-10-10,12,,,long,long,flat,flat,long,long,long,long,flat,long,flat,long,long,long,long,long,
لپیام,2026-10-10,10,donch,"boll,stoch",long,long,flat,sell_today,buy_today,long,long,long,sell_today,long,flat,flat,flat,long,long,long,واگرایی منفی (سقف بالاتر قیمت): RSI، MACD، پول حقیقی
کیا,2026-10-10,10,,,long,long,flat,flat,long,long,long,long,flat,long,flat,flat,flat,long,long,long,
کیانا,2026-10-10,5,trendflow,ichi,long,flat,flat,flat,flat,sell_today,flat,long,long,long,flat,flat,flat,flat,buy_today,flat,
کیمیا,2026-10-10,6,,,long,flat,flat,flat,long,long,flat,long,flat,long,flat,flat,flat,flat,flat,long,
کیمیاتک,2026-10-10,12,,,long,long,flat,flat,long,long,long,long,flat,long,flat,long,long,long,long,long,واگرایی منفی (سقف بالاتر قیمت): RSI، MACD
گدنا,2026-10-10,7,"flow_bp,trendflow",ichi,long,flat,flat,flat,flat,sell_today,flat,long,long,long,flat,buy_today,flat,flat,buy_today,long,
گشان,2026-10-10,9,"flow_bp,trendflow,obv",,long,flat,flat,long,flat,flat,flat,long,long,long,long,buy_today,flat,flat,buy_today,buy_today,
گنگین,2026-10-10,8,trendflow,,long,flat,flat,flat,long,flat,long,flat,flat,long,flat,flat,long,long,buy_today,long,
گوهران,2026-10-10,10,,,long,long,flat,flat,long,long,long,long,flat,long,flat,flat,flat,long,long,long,
گپارس,2026-10-10,8,,adx,long,flat,flat,flat,long,long,long,flat,flat,sell_today,flat,long,flat,long,long,long,
گکوثر,2026-10-10,10,"donch,volbrk",,long,long,flat,flat,buy_today,long,long,long,flat,long,flat,flat,flat,buy_today,long,long,
گکیش,2026-10-10,5,trendflow,,long,flat,flat,flat,flat,flat,long,flat,long,long,flat,flat,flat,flat,buy_today,flat,
بشهاب,2026-10-10,10,"donch,volbrk",,long,long,flat,flat,buy_today,flat,long,long,long,long,flat,flat,flat,buy_today,long,long,واگرایی منفی (سقف بالاتر قیمت): RSI، MACD
بموتو,2026-10-10,8,donch,,long,long,flat,flat,buy_today,long,long,long,flat,long,flat,flat,flat,flat,flat,long,واگرایی منفی (سقف بالاتر قیمت): RSI، MACD، OBV، پول حقیقی
بمولد,2026-10-10,6,trendflow,"ichi,adx,volbrk",long,flat,flat,long,flat,sell_today,flat,flat,long,sell_today,flat,long,flat,sell_today,buy_today,long,
بمپنا,2026-10-10,5,,"ichi,adx,volbrk,trendflow,obv",long,flat,flat,flat,flat,sell_today,flat,flat,long,sell_today,long,long,long,sell_today,sell_today,sell_today,
بمیلا,2026-10-10,4,,"ichi,volbrk,trendflow",long,flat,flat,flat,flat,sell_today,flat,flat,long,long,flat,flat,flat,sell_today,sell_today,long,
بنیرو,2026-10-10,7,"donch,trendflow,obv",boll,long,long,flat,sell_today,buy_today,flat,long,long,flat,flat,flat,flat,flat,flat,buy_today,buy_today,واگرایی منفی (سقف بالاتر قیمت): MACD، OBV، پول حقیقی
بهامرز,2026-10-10,9,donch,,long,long,flat,flat,buy_today,flat,long,long,flat,long,flat,flat,flat,long,long,long,
بهپاک,2026-10-10,3,stoch,"ichi,volbrk,trendflow,obv",long,flat,flat,flat,flat,sell_today,flat,flat,buy_today,flat,long,flat,flat,sell_today,sell_today,sell_today,
بهیر,2026-10-10,10,,,long,long,flat,flat,long,long,long,long,flat,long,flat,flat,flat,long,long,long,
بوعلی,2026-10-10,9,"donch,psar",,long,flat,flat,flat,buy_today,long,long,buy_today,flat,long,flat,flat,flat,long,long,long,واگرایی منفی (سقف بالاتر قیمت): RSI، MACD، OBV، پول حقیقی
بکاب,2026-10-10,8,flow_net,,long,flat,flat,flat,flat,flat,flat,long,long,long,long,flat,buy_today,flat,long,long,
بکابل,2026-10-10,7,,ichi,long,flat,flat,flat,long,sell_today,flat,long,long,long,flat,flat,flat,flat,long,long,
بکهنوج,2026-09-30,5,trendflow,"ichi,volbrk",long,flat,flat,long,flat,sell_today,flat,flat,long,long,flat,flat,flat,sell_today,buy_today,flat,
بگیلان,2026-10-10,5,trendflow,"ichi,volbrk,obv",long,flat,flat,flat,flat,sell_today,long,long,flat,flat,flat,long,flat,sell_today,buy_today,sell_today,
بیوتیک,2026-10-10,4,,"ichi,volbrk,trendflow,obv",long,flat,flat,flat,flat,sell_today,flat,long,long,long,flat,flat,flat,sell_today,sell_today,sell_today,
پارتا,2026-10-10,4,,"volbrk,trendflow,obv",long,flat,flat,flat,flat,long,long,flat,flat,long,flat,flat,flat,sell_today,sell_today,sell_today,
فلامی,2026-10-10,10,donch,"boll,stoch",long,long,flat,sell_today,buy_today,long,long,long,sell_today,long,flat,flat,flat,long,long,long,
فلوله,2026-10-10,7,"macd,flow_net,obv",ichi,flat,buy_today,flat,long,flat,sell_today,flat,long,long,flat,long,flat,buy_today,flat,flat,buy_today,
فماک,2026-10-10,6,,,long,flat,flat,flat,long,flat,long,flat,flat,long,flat,flat,flat,flat,long,long,
فمراد,2026-10-10,9,"macd,donch,volbrk",boll,long,buy_today,flat,sell_today,buy_today,flat,long,long,flat,long,flat,flat,flat,buy_today,long,long,واگرایی منفی (سقف بالاتر قیمت): RSI، MACD، OBV
فنافزار,2026-10-10,4,,"ichi,volbrk,trendflow,obv",long,flat,flat,flat,flat,sell_today,flat,flat,flat,long,flat,long,long,sell_today,sell_today,sell_today,
فنر,2026-10-10,10,,,long,long,flat,flat,long,long,long,long,flat,long,flat,flat,flat,long,long,long,
فنفت,2026-10-10,9,donch,"rsi,boll,stoch",long,long,sell_today,sell_today,buy_today,long,long,long,sell_today,long,flat,flat,flat,flat,long,long,واگرایی منفی (سقف بالاتر قیمت): MACD، پول حقیقی
فنوال,2026-10-10,12,"donch,flow_bp,trendflow","boll,stoch",long,long,flat,sell_today,buy_today,long,long,long,sell_today,long,flat,buy_today,long,long,buy_today,long,
فنورد,2026-10-10,8,,,long,flat,flat,flat,long,long,long,long,flat,long,flat,flat,flat,flat,long,long,
فولای,2026-10-10,10,,,long,long,flat,flat,long,long,long,long,flat,long,flat,flat,flat,long,long,long,
فوکا,2026-10-10,11,"donch,volbrk","boll,stoch",long,long,flat,sell_today,buy_today,long,long,long,sell_today,long,flat,long,flat,buy_today,long,long,واگرایی منفی (سقف بالاتر قیمت): RSI، MACD، پول حقیقی
فگستر,2026-10-07,10,"macd,donch,trendflow",,long,buy_today,flat,flat,buy_today,long,long,long,flat,long,flat,flat,flat,long,buy_today,long,واگرایی منفی (سقف بالاتر قیمت): RSI، MACD، OBV
قاروم,2026-10-07,10,"macd,donch,trendflow",boll,long,buy_today,flat,sell_today,buy_today,long,long,long,flat,long,flat,flat,flat,long,buy_today,long,
آسپ,2026-10-10,1,,"donch,ichi,adx,volbrk,trendflow,obv",long,flat,flat,flat,sell_today,sell_today,flat,flat,flat,sell_today,flat,flat,flat,sell_today,sell_today,sell_today,
آباد,2026-10-10,13,"donch,flow_bp,flow_net,trendflow",boll,long,long,flat,sell_today,buy_today,long,long,long,long,long,flat,buy_today,buy_today,long,buy_today,long,واگرایی منفی (سقف بالاتر قیمت): RSI، MACD، OBV
آبادا,2026-10-10,6,"psar,trendflow",,long,flat,flat,flat,flat,flat,long,buy_today,flat,flat,flat,long,flat,flat,buy_today,long,
آبین,2026-10-07,11,"donch,trendflow",,long,long,flat,flat,buy_today,long,long,long,flat,long,flat,long,flat,long,buy_today,long,
آردینه,2026-10-10,10,donch,boll,long,long,flat,sell_today,buy_today,long,long,long,flat,long,flat,long,flat,flat,long,long,واگرایی منفی (سقف بالاتر قیمت): RSI، MACD، OBV، پول حقیقی
آرمان,2026-10-10,10,"donch,trendflow",boll,long,long,flat,sell_today,buy_today,long,long,long,flat,long,flat,flat,flat,long,buy_today,long,واگرایی منفی (سقف بالاتر قیمت): RSI، پول حقیقی
آریان,2026-10-10,9,,,long,flat,flat,flat,long,long,long,long,flat,long,flat,flat,flat,long,long,long,واگرایی منفی (سقف بالاتر قیمت): RSI، MACD، پول حقیقی
آپ,2026-10-10,6,,"ichi,adx,volbrk,trendflow",flat,flat,long,long,flat,sell_today,flat,long,long,sell_today,long,flat,long,sell_today,sell_today,flat,
اتکاسا,2026-10-10,5,trendflow,"volbrk,obv",long,flat,flat,flat,flat,long,flat,flat,long,long,flat,flat,flat,sell_today,buy_today,sell_today,
اتکام,2026-10-10,4,rsi,"ichi,adx,volbrk,trendflow",long,flat,buy_today,flat,flat,sell_today,flat,flat,flat,sell_today,flat,long,long,sell_today,sell_today,flat,
اتکای,2026-10-10,9,,"macd,stoch",long,sell_today,flat,flat,long,long,long,long,sell_today,long,flat,flat,flat,long,long,long,
اخشان,2026-10-10,6,"flow_bp,trendflow","ichi,volbrk",long,flat,flat,flat,flat,sell_today,flat,flat,long,flat,long,buy_today,flat,sell_today,buy_today,long,
اردستان,2026-10-10,4,,,long,flat,flat,flat,long,flat,flat,flat,flat,long,flat,flat,flat,flat,long,flat,
اپال,2026-10-10,11,"macd,super,flow_bp,trendflow",,long,buy_today,flat,flat,flat,flat,buy_today,long,long,long,long,buy_today,long,flat,buy_today,long,
اپرداز,2026-10-10,7,obv,ichi,long,flat,flat,flat,flat,sell_today,flat,long,long,long,long,flat,flat,flat,long,buy_today,
غانیزان,2026-10-10,11,"donch,flow_net,volbrk",boll,long,long,flat,sell_today,buy_today,long,long,long,flat,long,flat,flat,buy_today,buy_today,long,long,واگرایی منفی (سقف بالاتر قیمت): RSI، MACD، OBV
غبشهر,2026-10-10,9,flow_net,,long,flat,flat,flat,flat,long,long,long,flat,long,flat,flat,buy_today,long,long,long,واگرایی منفی (سقف بالاتر قیمت): RSI، MACD، OBV، پول حقیقی
غبهار,2026-10-10,13,"donch,flow_bp,flow_net,volbrk,trendflow",boll,long,long,flat,sell_today,buy_today,long,long,long,long,long,flat,buy_today,buy_today,buy_today,buy_today,long,واگرایی منفی (سقف بالاتر قیمت): RSI، MACD، OBV، پول حقیقی
غبهنوش,2026-10-10,10,donch,,long,long,flat,flat,buy_today,long,long,long,flat,long,flat,flat,flat,long,long,long,
غدانه,2026-10-10,9,,,long,long,flat,flat,long,flat,long,long,flat,long,flat,flat,flat,long,long,long,
غدیس,2026-10-10,10,"donch,volbrk","boll,stoch",long,long,flat,sell_today,buy_today,long,long,long,sell_today,long,flat,flat,flat,buy_today,long,long,
غسالم,2026-10-10,10,"ichi,flow_bp,flow_net,trendflow",fibo,long,long,flat,flat,flat,buy_today,long,long,long,flat,sell_today,buy_today,buy_today,flat,buy_today,long,
غشاذر,2026-10-10,9,"donch,trendflow",boll,long,long,flat,sell_today,buy_today,flat,long,long,flat,long,flat,flat,flat,long,buy_today,long,
غشان,2026-10-10,10,"donch,volbrk",stoch,long,long,flat,flat,buy_today,long,long,long,sell_today,long,flat,flat,flat,buy_today,long,long,
غشصفا,2026-10-10,9,,,long,flat,flat,flat,long,long,long,long,flat,long,flat,flat,flat,long,long,long,
غشهد,2026-10-10,4,,"volbrk,trendflow,obv",long,flat,flat,flat,flat,long,flat,long,flat,long,flat,flat,flat,sell_today,sell_today,sell_today,
غپآذر,2026-10-10,10,donch,boll,long,long,flat,sell_today,buy_today,long,long,long,flat,long,flat,flat,flat,long,long,long,واگرایی منفی (سقف بالاتر قیمت): RSI، پول حقیقی
غپونه,2026-10-10,7,ichi,,long,flat,flat,flat,flat,buy_today,flat,long,long,long,long,flat,flat,flat,flat,long,
سخوز,2026-10-10,6,"trendflow,obv",,long,flat,flat,flat,flat,flat,flat,long,long,flat,long,flat,flat,flat,buy_today,buy_today,
سدبیر,2026-10-10,6,,"ichi,volbrk,trendflow,obv",long,flat,flat,flat,long,sell_today,long,long,long,long,flat,flat,flat,sell_today,sell_today,sell_today,
سدشت,2026-10-10,6,,"ichi,volbrk,trendflow",long,flat,flat,flat,flat,sell_today,flat,long,long,flat,long,long,long,sell_today,sell_today,flat,
سدور,2026-10-10,9,"macd,donch",boll,long,buy_today,flat,sell_today,buy_today,long,long,long,flat,long,flat,flat,flat,flat,long,long,واگرایی منفی (سقف بالاتر قیمت): RSI، MACD، OBV، پول حقیقی
سشرق,2026-10-10,10,donch,"rsi,boll",long,long,sell_today,sell_today,buy_today,long,long,long,flat,long,flat,flat,flat,long,long,long,واگرایی منفی (سقف بالاتر قیمت): RSI، MACD، OBV، پول حقیقی
سشمال,2026-10-10,11,"donch,trendflow",boll,long,long,flat,sell_today,buy_today,long,long,long,flat,long,flat,long,flat,long,buy_today,long,واگرایی منفی (سقف بالاتر قیمت): RSI، MACD، OBV، پول حقیقی
سصفها,2026-10-10,2,,"ichi,adx,volbrk,trendflow,obv",long,flat,flat,flat,flat,sell_today,flat,flat,flat,sell_today,flat,flat,long,sell_today,sell_today,sell_today,
سصوفی,2026-10-10,8,"macd,psar,trendflow",,long,buy_today,flat,flat,flat,flat,long,buy_today,long,flat,long,flat,flat,flat,buy_today,long,
سغدیر,2026-10-10,10,"macd,ichi,super",,long,buy_today,flat,flat,flat,buy_today,buy_today,long,long,long,long,flat,flat,flat,long,long,
سغرب,2026-10-10,11,volbrk,,long,long,flat,flat,flat,long,long,long,long,long,long,flat,flat,buy_today,long,long,
سفار,2026-10-10,6,"trendflow,obv",ichi,long,flat,flat,flat,flat,sell_today,flat,flat,long,long,long,flat,flat,flat,buy_today,buy_today,
سفارود,2026-10-10,11,"donch,flow_bp,trendflow",,long,long,flat,flat,buy_today,long,long,long,flat,long,flat,buy_today,flat,long,buy_today,long,
سفاسی,2026-10-10,10,,stoch,long,long,flat,flat,long,long,long,long,sell_today,long,flat,long,flat,flat,long,long,واگرایی منفی (سقف بالاتر قیمت): RSI، MACD
سفانو,2026-10-10,10,"donch,ichi",boll,long,long,flat,sell_today,buy_today,buy_today,long,long,long,long,flat,flat,flat,long,flat,long,واگرایی منفی (سقف بالاتر قیمت): RSI، MACD، پول حقیقی
سقاین,2026-10-10,8,,,long,flat,flat,flat,flat,long,long,long,flat,long,flat,flat,flat,long,long,long,واگرایی منفی (سقف بالاتر قیمت): RSI، MACD، OBV، پول حقیقی
سکارون,2026-10-10,8,,psar,long,long,flat,flat,long,long,long,sell_today,flat,flat,long,flat,flat,long,flat,long,
سکرد,2026-10-10,5,psar,"volbrk,trendflow,obv",long,flat,flat,flat,long,flat,flat,buy_today,flat,long,long,flat,flat,sell_today,sell_today,sell_today,
قتربت,2026-10-10,5,,"ichi,adx,volbrk,trendflow,obv",flat,long,long,long,flat,sell_today,flat,long,long,sell_today,flat,flat,flat,sell_today,sell_today,sell_today,
قثابت,2026-10-10,12,"donch,trendflow",boll,long,long,flat,sell_today,buy_today,long,long,long,long,long,flat,flat,long,long,buy_today,long,
قجام,2026-10-06,6,trendflow,,long,flat,flat,flat,long,long,long,flat,flat,long,flat,flat,flat,flat,buy_today,flat,
قرن,2026-10-10,6,,,long,flat,flat,flat,long,long,long,long,flat,long,flat,flat,flat,flat,flat,flat,
قزوین,2026-10-10,3,,"volbrk,trendflow,obv",long,flat,flat,flat,flat,flat,flat,flat,flat,long,long,flat,flat,sell_today,sell_today,sell_today,
قشکر,2026-10-10,6,"trendflow,obv",ichi,long,flat,flat,flat,flat,sell_today,flat,long,long,long,flat,flat,flat,flat,buy_today,buy_today,
قشیر,2026-10-10,4,,"ichi,volbrk,trendflow,obv",long,flat,flat,flat,flat,sell_today,flat,long,long,long,flat,flat,flat,sell_today,sell_today,sell_today,
قلرست,2026-10-10,3,,"ichi,adx,volbrk,trendflow",long,flat,flat,flat,flat,sell_today,flat,flat,long,sell_today,flat,flat,long,sell_today,sell_today,flat,
قمرو,2026-10-10,3,,"ichi,volbrk,trendflow,obv",long,flat,flat,flat,flat,sell_today,flat,flat,long,flat,long,flat,flat,sell_today,sell_today,sell_today,
قنقش,2026-10-10,5,trendflow,"adx,volbrk",long,flat,flat,flat,flat,flat,long,long,flat,sell_today,flat,flat,flat,sell_today,buy_today,long,
قنیشا,2026-10-10,10,"donch,psar,flow_bp,volbrk,trendflow,obv",boll,long,flat,flat,sell_today,buy_today,long,long,buy_today,flat,long,flat,buy_today,flat,buy_today,buy_today,buy_today,واگرایی منفی (سقف بالاتر قیمت): RSI، MACD، OBV، پول حقیقی
قهکمت,2026-10-10,10,ichi,,long,long,flat,flat,long,buy_today,long,long,flat,long,flat,flat,flat,long,long,long,واگرایی منفی (سقف بالاتر قیمت): RSI، MACD، پول حقیقی
قپیرا,2026-10-10,5,,"volbrk,trendflow",long,flat,flat,flat,flat,long,flat,flat,long,long,flat,flat,flat,sell_today,sell_today,long,
قیستو,2026-10-10,2,,"ichi,volbrk,trendflow,obv",long,flat,flat,flat,flat,sell_today,flat,flat,flat,long,flat,flat,flat,sell_today,sell_today,sell_today,
کابگن,2026-10-10,10,"donch,trendflow",,long,long,flat,flat,buy_today,long,long,long,flat,long,flat,flat,flat,long,buy_today,long,
کفرآور,2026-10-10,9,"super,psar,trendflow",,long,flat,flat,flat,flat,flat,buy_today,buy_today,long,long,flat,long,long,flat,buy_today,long,
کقزوی,2026-10-10,5,"psar,adx,obv",ichi,long,flat,flat,flat,flat,sell_today,flat,buy_today,long,buy_today,flat,flat,flat,flat,flat,buy_today,
کلر,2026-10-10,12,donch,boll,long,long,flat,sell_today,buy_today,long,long,long,long,long,flat,flat,long,long,long,long,
کلوند,2026-10-10,10,"donch,volbrk",,long,long,flat,flat,buy_today,long,long,long,flat,long,flat,flat,flat,buy_today,long,long,
کمرجان,2026-10-10,7,,macd,long,sell_today,flat,flat,flat,long,flat,long,flat,long,long,flat,flat,flat,long,long,
کمنگنز,2026-10-10,9,"donch,trendflow",,long,long,flat,flat,buy_today,long,long,long,flat,long,flat,flat,flat,flat,buy_today,long,
کمینا,2026-10-10,12,"donch,flow_net,volbrk,trendflow",,long,long,flat,flat,buy_today,long,long,long,flat,long,flat,long,buy_today,buy_today,buy_today,long,
کنور,2026-10-06,12,"flow_bp,flow_net,volbrk,trendflow",boll,long,long,flat,sell_today,long,long,long,long,flat,long,flat,buy_today,buy_today,buy_today,buy_today,long,واگرایی منفی (سقف بالاتر قیمت): RSI، MACD، OBV، پول حقیقی
کهرام,2026-10-10,9,,,long,flat,flat,flat,long,long,long,flat,flat,long,flat,long,flat,long,long,long,
کورز,2026-10-10,5,,"donch,volbrk,trendflow",long,flat,flat,flat,sell_today,long,long,flat,flat,long,flat,flat,flat,sell_today,sell_today,long,
کگاز,2026-10-10,6,,,long,flat,flat,flat,flat,flat,flat,long,long,long,flat,flat,flat,flat,long,long,
کیبیسی,2026-10-10,9,,stoch,long,long,flat,flat,long,flat,long,long,sell_today,long,flat,flat,flat,long,long,long,واگرایی منفی (سقف بالاتر قیمت): RSI، MACD، پول حقیقی
وسالت,2026-10-06,10,,,long,long,flat,flat,flat,flat,long,long,long,long,long,flat,long,flat,long,long,
وسبحان,2026-10-05,12,"donch,flow_net,volbrk",boll,long,long,flat,sell_today,buy_today,long,long,long,flat,long,flat,long,buy_today,buy_today,long,long,
وسپهر,2026-10-10,11,"macd,ichi,flow_bp,flow_net,trendflow",,long,buy_today,flat,flat,flat,buy_today,long,long,long,long,flat,buy_today,buy_today,flat,buy_today,long,
شلیا,2026-10-10,10,,stoch,long,long,flat,flat,long,long,long,long,sell_today,long,flat,flat,flat,long,long,long,
شمس,2026-10-10,10,"flow_bp,trendflow",,long,long,flat,flat,flat,flat,long,long,long,long,flat,buy_today,long,flat,buy_today,long,
شملی,2026-10-10,10,donch,boll,long,long,flat,sell_today,buy_today,long,long,long,flat,long,flat,flat,flat,long,long,long,
شنفت,2026-10-10,10,"macd,donch",boll,long,buy_today,flat,sell_today,buy_today,long,long,long,flat,long,flat,flat,flat,long,long,long,واگرایی منفی (سقف بالاتر قیمت): RSI، MACD، OBV، پول حقیقی
شهر,2026-10-10,11,"donch,trendflow",boll,long,long,flat,sell_today,buy_today,long,long,long,flat,long,flat,long,flat,long,buy_today,long,
شوینده,2026-10-10,8,donch,boll,long,long,flat,sell_today,buy_today,flat,long,long,flat,long,flat,flat,flat,flat,long,long,واگرایی منفی (سقف بالاتر قیمت): RSI، پول حقیقی
شگامرن,2026-10-10,9,volbrk,,long,flat,flat,flat,long,long,long,long,flat,long,flat,flat,flat,buy_today,long,long,واگرایی منفی (سقف بالاتر قیمت): RSI، MACD، پول حقیقی
شگستر,2026-10-10,10,"donch,trendflow",,long,long,flat,flat,buy_today,long,long,long,flat,long,flat,flat,flat,long,buy_today,long,
شگل,2026-10-10,7,flow_net,,long,flat,flat,flat,flat,flat,long,long,flat,long,flat,flat,buy_today,flat,long,long,
شگویا,2026-10-10,10,donch,,long,long,flat,flat,buy_today,long,long,long,flat,long,flat,flat,flat,long,long,long,
شیراز,2026-10-10,5,,"ichi,volbrk,trendflow",long,flat,flat,flat,flat,sell_today,flat,long,long,flat,long,flat,flat,sell_today,sell_today,long,
شیران,2026-10-10,11,"flow_bp,flow_net,trendflow",,long,long,flat,long,long,long,long,long,flat,flat,flat,buy_today,buy_today,flat,buy_today,long,
غاذر,2026-10-10,9,,,long,long,flat,flat,long,flat,long,long,flat,long,flat,flat,flat,long,long,long,واگرایی منفی (سقف بالاتر قیمت): RSI، MACD، OBV، پول حقیقی
غالبر,2026-10-10,3,,,long,flat,flat,flat,flat,flat,flat,flat,flat,long,flat,flat,flat,flat,flat,long,
شراز,2026-09-30,4,,"ichi,volbrk,trendflow,obv",long,flat,flat,flat,flat,sell_today,flat,long,long,long,flat,flat,flat,sell_today,sell_today,sell_today,
شرانل,2026-10-10,11,"macd,super,flow_net",,long,buy_today,flat,flat,long,flat,buy_today,long,long,long,flat,long,buy_today,flat,long,long,
شرنگی,2026-10-10,7,"ichi,psar",boll,long,flat,flat,sell_today,long,buy_today,long,buy_today,flat,long,flat,flat,flat,flat,flat,long,واگرایی منفی (سقف بالاتر قیمت): MACD، پول حقیقی
شساخت,2026-10-10,10,"donch,trendflow",,long,long,flat,flat,buy_today,long,long,long,flat,long,flat,flat,flat,long,buy_today,long,
شستان,2026-10-10,10,"donch,trendflow",,long,long,flat,flat,buy_today,long,long,long,long,long,flat,flat,flat,flat,buy_today,long,واگرایی منفی (سقف بالاتر قیمت): RSI، MACD
شسینا,2026-10-10,4,,"ichi,volbrk,trendflow,obv",long,flat,flat,flat,flat,sell_today,flat,long,long,long,flat,flat,flat,sell_today,sell_today,sell_today,
شصدف,2026-10-10,5,"flow_bp,trendflow","ichi,volbrk",long,flat,flat,flat,flat,sell_today,flat,flat,long,long,flat,buy_today,flat,sell_today,buy_today,flat,
شصفها,2026-09-30,10,"donch,trendflow",,long,flat,flat,flat,buy_today,long,long,long,flat,long,flat,flat,long,long,buy_today,long,
شغدیر,2026-10-10,10,psar,,long,long,flat,flat,long,long,long,buy_today,flat,long,flat,flat,flat,long,long,long,واگرایی منفی (سقف بالاتر قیمت): RSI، MACD
شفا,2026-10-10,10,"donch,volbrk",stoch,long,long,flat,flat,buy_today,long,long,long,sell_today,long,flat,flat,flat,buy_today,long,long,واگرایی منفی (سقف بالاتر قیمت): RSI، MACD، OBV، پول حقیقی
شفارا,2026-10-10,10,"donch,volbrk","boll,stoch",long,long,flat,sell_today,buy_today,long,long,long,sell_today,long,flat,flat,flat,buy_today,long,long,
شفام,2026-10-10,13,"donch,ichi,flow_bp,trendflow",boll,long,long,flat,sell_today,buy_today,buy_today,long,long,long,long,flat,buy_today,long,long,buy_today,long,
شفن,2026-10-10,11,"macd,donch,flow_bp,trendflow",,long,buy_today,flat,flat,buy_today,long,long,long,flat,long,flat,buy_today,flat,long,buy_today,long,
شکام,2026-10-10,10,donch,boll,long,long,flat,sell_today,buy_today,long,long,long,flat,long,flat,flat,flat,long,long,long,واگرایی منفی (سقف بالاتر قیمت): MACD، OBV، پول حقیقی
شکبیر,2026-10-10,11,"donch,flow_bp,trendflow",rsi,long,long,sell_today,flat,buy_today,long,long,long,flat,long,flat,buy_today,flat,long,buy_today,long,واگرایی منفی (سقف بالاتر قیمت): RSI، MACD
شکلر,2026-10-10,10,"donch,volbrk",,long,long,flat,flat,buy_today,long,long,long,flat,long,flat,flat,flat,buy_today,long,long,واگرایی منفی (سقف بالاتر قیمت): RSI، پول حقیقی
وسنا,2026-10-10,8,,,long,flat,flat,flat,long,long,long,flat,flat,long,flat,flat,flat,long,long,long,
وسکاب,2026-10-10,7,,,flat,long,flat,flat,flat,flat,flat,long,long,flat,long,long,long,flat,flat,long,
وآوا,2026-10-10,4,,"donch,psar,volbrk,trendflow",long,flat,flat,flat,sell_today,long,flat,sell_today,flat,long,flat,flat,flat,sell_today,sell_today,long,
وامیر,2026-10-10,9,donch,boll,long,flat,flat,sell_today,buy_today,long,long,long,flat,long,flat,flat,flat,long,long,long,واگرایی منفی (سقف بالاتر قیمت): RSI، MACD، پول حقیقی
وامین,2026-10-10,8,,,long,flat,flat,flat,long,long,long,flat,flat,long,flat,flat,flat,long,long,long,
وایرا,2026-10-10,7,trendflow,,long,flat,flat,flat,long,flat,long,long,flat,long,flat,flat,flat,flat,buy_today,long,
وایران,2026-10-10,5,adx,"sma,ichi",sell_today,flat,flat,long,flat,sell_today,flat,long,long,buy_today,long,flat,flat,flat,flat,flat,
وبرق,2026-10-10,6,"psar,trendflow","ichi,volbrk",long,flat,flat,flat,flat,sell_today,flat,buy_today,long,long,flat,flat,flat,sell_today,buy_today,long,
وبشهر,2026-10-10,11,,,long,long,flat,flat,long,long,long,long,flat,long,flat,flat,long,long,long,long,واگرایی منفی (سقف بالاتر قیمت): RSI، MACD
وبیمه,2026-10-10,4,"adx,trendflow","ichi,volbrk,obv",long,flat,flat,flat,flat,sell_today,flat,flat,long,buy_today,flat,flat,flat,sell_today,buy_today,sell_today,
وپایا,2026-10-10,10,"donch,volbrk,trendflow",boll,long,long,flat,sell_today,buy_today,long,long,long,flat,long,flat,flat,flat,buy_today,buy_today,long,
وپترو,2026-10-10,4,adx,"ichi,volbrk,trendflow,obv",long,flat,flat,long,flat,sell_today,flat,flat,long,buy_today,flat,flat,flat,sell_today,sell_today,sell_today,
وپخش,2026-10-10,11,,stoch,long,long,flat,flat,long,long,long,long,sell_today,long,flat,flat,long,long,long,long,
وپسا,2026-10-10,2,,"donch,ichi,adx,volbrk,trendflow,obv",long,flat,flat,flat,sell_today,sell_today,flat,flat,flat,sell_today,long,flat,flat,sell_today,sell_today,sell_today,
سلار,2026-10-10,6,,"ichi,adx",long,flat,flat,long,flat,sell_today,flat,long,long,sell_today,long,long,flat,flat,flat,flat,
سمازن,2026-10-10,11,"donch,trendflow",boll,long,long,flat,sell_today,buy_today,long,long,long,long,long,flat,long,flat,flat,buy_today,long,واگرایی منفی (سقف بالاتر قیمت): MACD، OBV، پول حقیقی
سمایه,2026-10-10,10,,,long,long,flat,flat,long,long,long,long,flat,long,flat,long,flat,flat,long,long,
سمتاز,2026-10-10,10,macd,boll,long,buy_today,flat,sell_today,long,long,long,long,flat,long,flat,long,flat,flat,long,long,
سنوین,2026-10-10,8,,,long,flat,flat,flat,long,long,long,long,flat,long,flat,flat,flat,flat,long,long,
سنیر,2026-10-10,6,macd,,flat,buy_today,flat,long,flat,flat,flat,long,long,flat,long,flat,flat,flat,flat,long,
سهرمز,2026-10-10,6,obv,sma,sell_today,long,flat,long,flat,flat,flat,long,long,flat,long,flat,flat,flat,flat,buy_today,
سهگمت,2026-10-10,10,"donch,trendflow",boll,long,long,flat,sell_today,buy_today,flat,long,long,flat,long,long,flat,flat,long,buy_today,long,
سکرما,2026-10-10,8,,,long,flat,flat,flat,long,long,long,long,flat,long,long,flat,flat,flat,flat,long,
سیتا,2026-10-10,10,"donch,trendflow",boll,long,long,flat,sell_today,buy_today,flat,long,long,flat,long,flat,long,flat,long,buy_today,long,واگرایی منفی (سقف بالاتر قیمت): RSI، MACD، پول حقیقی
سیدکو,2026-10-10,10,"donch,volbrk",boll,long,long,flat,sell_today,buy_today,long,long,long,flat,long,flat,flat,flat,buy_today,long,long,واگرایی منفی (سقف بالاتر قیمت): RSI، MACD
سیستم,2026-10-10,13,"donch,volbrk",boll,long,long,flat,sell_today,buy_today,long,long,long,long,long,flat,long,long,buy_today,long,long,واگرایی منفی (سقف بالاتر قیمت): RSI، MACD، پول حقیقی
سیلام,2026-10-10,8,"donch,super,flow_bp,trendflow",fibo,long,flat,flat,flat,buy_today,long,buy_today,long,flat,flat,sell_today,buy_today,flat,flat,buy_today,long,
شارپیلن,2026-10-10,12,"donch,flow_net,volbrk",boll,long,long,flat,sell_today,buy_today,long,long,long,long,long,flat,flat,buy_today,buy_today,long,long,
موج,2026-10-10,10,donch,boll,long,long,flat,sell_today,buy_today,long,long,long,flat,long,flat,flat,flat,long,long,long,واگرایی منفی (سقف بالاتر قیمت): RSI، MACD، OBV، پول حقیقی
دوایکس,2026-10-10,11,"donch,flow_net",boll,long,long,flat,sell_today,buy_today,long,long,long,flat,long,flat,flat,buy_today,long,long,long,
نارنجاهرم,2026-10-10,8,donch,rsi,long,long,sell_today,flat,buy_today,flat,long,long,flat,long,flat,flat,flat,flat,long,long,واگرایی منفی (سقف بالاتر قیمت): RSI، MACD
اهرم,2026-10-10,9,"macd,donch",,long,buy_today,flat,flat,buy_today,long,long,long,flat,long,flat,flat,flat,flat,long,long,واگرایی منفی (سقف بالاتر قیمت): RSI، MACD، پول حقیقی
